b0x, b0y, b0vx, b0vy,b1x, b1y, b1vx, b1vy,b2x, b2y, b2vx, b2vy
0.41920555,4.775078,-0.26728833,-0.9311425,5.9475985,0.5090657,0.25258374,0.29186532,-3.3711379,1.5720106,0.4717056,-0.10041571
0.416957,4.7659316,-0.26750863,-0.9319169,5.9501348,0.51217866,0.25205573,0.29366788,-3.3658733,1.571567,0.4724722,-0.100921586
0.41470727,4.7567763,-0.26773328,-0.932704,5.952663,0.51530874,0.25150874,0.29545063,-3.360605,1.5711174,0.4732625,-0.10139592
0.41245636,4.7476125,-0.2679621,-0.93350357,5.955183,0.5184557,0.2509431,0.29721317,-3.3553329,1.5706621,0.47407582,-0.101838544
0.4102042,4.7384396,-0.26819485,-0.9343155,5.9576945,0.5216193,0.25035918,0.29895517,-3.3500564,1.5702015,0.47491157,-0.10224931
0.4079508,4.729258,-0.26843137,-0.93513954,5.9601974,0.5247994,0.24975738,0.30067626,-3.3447754,1.569736,0.4757691,-0.10262806
0.4056961,4.7200675,-0.2686714,-0.9359755,5.9626913,0.5279957,0.24913807,0.3023761,-3.33949,1.5692658,0.47664773,-0.10297466
0.40344006,4.7108674,-0.26891473,-0.9368231,5.965176,0.531208,0.24850163,0.30405432,-3.3341994,1.5687915,0.4775468,-0.10328898
0.40118268,4.7016582,-0.26916113,-0.9376822,5.967652,0.534436,0.24784845,0.30571055,-3.328904,1.5683134,0.47846568,-0.10357089
0.39892393,4.6924396,-0.2694104,-0.93855256,5.9701185,0.5376795,0.24717891,0.30734447,-3.3236032,1.5678318,0.47940364,-0.10382029
0.3966638,4.6832113,-0.26966226,-0.9394339,5.9725757,0.5409382,0.2464934,0.3089557,-3.3182967,1.567347,0.48036003,-0.10403705
0.39440227,4.6739736,-0.26991653,-0.940326,5.975023,0.54421186,0.2457923,0.31054392,-3.3129845,1.5668596,0.48133418,-0.104221076
0.3921393,4.664726,-0.27017295,-0.94122857,5.9774604,0.5475003,0.245076,0.31210876,-3.3076665,1.5663698,0.4823254,-0.10437228
0.38987485,4.655468,-0.27043128,-0.9421414,5.979888,0.5508032,0.2443449,0.31364986,-3.3023424,1.5658779,0.483333,-0.10449057
0.38760895,4.6462007,-0.27069125,-0.9430643,5.9823055,0.55412024,0.2435994,0.3151669,-3.297012,1.5653845,0.48435628,-0.10457588
0.38534155,4.636923,-0.27095264,-0.94399685,5.9847126,0.55745125,0.24283987,0.3166595,-3.2916753,1.5648898,0.48539457,-0.10462814
0.38307267,4.627635,-0.2712152,-0.94493884,5.987109,0.5607959,0.24206673,0.31812736,-3.286332,1.5643942,0.48644713,-0.10464728
0.3808023,4.618337,-0.27147913,-0.9458901,5.9894958,0.56415397,0.24128054,0.31957,-3.2809815,1.5638981,0.48751357,-0.104633085
0.3785304,4.6090293,-0.27174753,-0.94685113,5.991872,0.5675251,0.24048305,0.3209862,-3.2756243,1.5634016,0.4885954,-0.104584314
0.376257,4.5997114,-0.27202022,-0.94782156,5.9942374,0.57090896,0.2396747,0.32237563,-3.2702596,1.5629051,0.48969194,-0.10450089
0.37398198,4.5903835,-0.27229702,-0.9488011,5.9965925,0.5743053,0.23885599,0.32373783,-3.2648876,1.5624089,0.4908025,-0.10438275
0.37170532,4.581046,-0.27257943,-0.94978976,5.998937,0.57771426,0.23802723,0.32507497,-3.259508,1.5619137,0.49192762,-0.104232185
0.36942697,4.5716987,-0.27286732,-0.9507872,6.001271,0.5811355,0.23718886,0.32638675,-3.25412,1.5614198,0.4930667,-0.1040492
0.36714685,4.5623417,-0.27316055,-0.95179313,6.0035934,0.58456886,0.23634133,0.3276729,-3.2487242,1.5609276,0.49421906,-0.10383381
0.36486492,4.5529747,-0.27345896,-0.95280737,6.0059056,0.58801395,0.23548505,0.3289331,-3.2433202,1.5604373,0.4953841,-0.103586026
0.3625811,4.5435977,-0.2737624,-0.9538295,6.008207,0.59147054,0.23462047,0.33016708,-3.237908,1.5599494,0.49656114,-0.10330588
0.36029536,4.5342107,-0.2740707,-0.9548594,6.010497,0.59493834,0.23374802,0.33137456,-3.232487,1.5594642,0.49774954,-0.102993414
0.35800764,4.5248137,-0.27438372,-0.95589656,6.012776,0.5984171,0.23286813,0.33255523,-3.2270575,1.5589821,0.49894863,-0.10264866
0.35571793,4.515407,-0.27470088,-0.95694405,6.015044,0.6019064,0.23197873,0.33370632,-3.2216191,1.5585033,0.50015986,-0.102265954
0.35342616,4.5059905,-0.2750221,-0.958003,6.0173016,0.6054059,0.23107935,0.33482635,-3.216172,1.558028,0.50138336,-0.10184281
0.3511323,4.496564,-0.2753471,-0.95907307,6.019548,0.60891527,0.23017047,0.33591497,-3.210716,1.5575567,0.50261843,-0.10137922
0.34883612,4.487128,-0.27567223,-0.9601533,6.0217834,0.6124341,0.22924916,0.3369696,-3.2052507,1.5570899,0.503864,-0.100873634
0.34653753,4.4776816,-0.2759962,-0.96124315,6.0240083,0.6159619,0.22831492,0.33798918,-3.1997764,1.5566281,0.50511914,-0.10032556
0.34423652,4.468226,-0.27631894,-0.9623423,6.0262218,0.61949843,0.2273683,0.3389733,-3.1942925,1.5561718,0.5063832,-0.099734955
0.34193313,4.4587603,-0.27664024,-0.9634505,6.0284243,0.62304324,0.22640984,0.3399216,-3.1887994,1.5557213,0.5076553,-0.099101774
0.33962736,4.4492846,-0.27696,-0.9645673,6.030616,0.6265959,0.22544011,0.34083363,-3.1832964,1.5552772,0.5089348,-0.09842602
0.3373192,4.439799,-0.27727804,-0.9656924,6.032796,0.6301561,0.22445968,0.34170905,-3.177784,1.55484,0.5102209,-0.09770768
0.33500868,4.430303,-0.27759647,-0.96682847,6.0349646,0.63372344,0.22346957,0.3425521,-3.1722617,1.55441,0.51151454,-0.09694836
0.3326958,4.4207973,-0.27791908,-0.9679807,6.037122,0.6372978,0.22247106,0.34337056,-3.1667295,1.553988,0.51281816,-0.09615087
0.3303806,4.4112816,-0.27824572,-0.9691489,6.039267,0.6408789,0.22146454,0.34416434,-3.1611872,1.5535743,0.5141312,-0.09531524
0.32806292,4.4017553,-0.2785762,-0.970333,6.0414004,0.6444665,0.2204504,0.3449334,-3.1556346,1.5531694,0.515453,-0.09444155
0.32574278,4.3922186,-0.2789104,-0.97153294,6.043522,0.6480603,0.21942903,0.34567764,-3.1500719,1.5527736,0.51678294,-0.09352985
0.32342014,4.3826714,-0.27924818,-0.9727486,6.0456314,0.6516601,0.2184008,0.34639704,-3.1444988,1.5523875,0.51812047,-0.09258023
0.32109493,4.3731136,-0.27958935,-0.97397983,6.047729,0.6552655,0.21736611,0.34709153,-3.1389153,1.5520114,0.51946497,-0.09159276
0.31876713,4.363545,-0.2799338,-0.9752266,6.0498147,0.6588763,0.21632534,0.34776106,-3.1333213,1.5516456,0.52081585,-0.09056753
0.31643668,4.3539653,-0.28028136,-0.9764887,6.0518885,0.6624922,0.21527888,0.3484056,-3.1277165,1.5512908,0.5221725,-0.08950464
0.31410354,4.3443747,-0.28063184,-0.97776604,6.05395,0.666113,0.21422711,0.34902507,-3.122101,1.5509471,0.5235343,-0.08840419
0.3117677,4.334773,-0.28098512,-0.9790585,6.0559993,0.6697384,0.21317042,0.34961948,-3.1164749,1.5506151,0.5249007,-0.08726631
0.30942908,4.32516,-0.28134102,-0.980366,6.0580363,0.6733681,0.2121092,0.35018876,-3.110838,1.5502951,0.526271,-0.0860911
0.3070877,4.3155355,-0.28169936,-0.9816884,6.0600615,0.6770018,0.2110438,0.3507329,-3.1051903,1.5499877,0.52764463,-0.0848787
0.30474347,4.3058996,-0.28206,-0.9830255,6.062074,0.68063927,0.20997465,0.35125187,-3.0995317,1.5496931,0.52902097,-0.083629236
0.3023964,4.296252,-0.28242275,-0.9843772,6.0640745,0.6842802,0.20890209,0.35174567,-3.093862,1.5494119,0.53039944,-0.082342856
0.3000464,4.2865925,-0.28278747,-0.9857434,6.066063,0.6879244,0.20782652,0.35221425,-3.0881815,1.5491443,0.5317794,-0.081019714
0.2976935,4.2769213,-0.28315413,-0.98712367,6.068039,0.6915714,0.20674883,0.35265753,-3.08249,1.5488907,0.53316003,-0.07965995
0.29533744,4.2672377,-0.28352293,-0.9885173,6.0700026,0.695221,0.20567076,0.35307518,-3.0767875,1.5486515,0.5345399,-0.07826374
0.29297823,4.257542,-0.2838937,-0.989924,6.0719543,0.6988728,0.20459267,0.35346723,-3.0710738,1.548427,0.53591835,-0.07683128
0.29061586,4.247834,-0.28426623,-0.99134374,6.073894,0.70252657,0.20351496,0.35383368,-3.065349,1.5482175,0.53729486,-0.07536279
0.28825027,4.238114,-0.28464034,-0.9927763,6.0758214,0.706182,0.20243801,0.35417455,-3.0596135,1.5480236,0.53866875,-0.07385849
0.28588143,4.228381,-0.28501585,-0.99422145,6.077737,0.70983887,0.20136216,0.35448992,-3.0538669,1.5478455,0.5400394,-0.072318606
0.2835093,4.2186356,-0.28539255,-0.9956791,6.0796404,0.71349686,0.2002878,0.35477978,-3.0481093,1.5476837,0.5414063,-0.07074337
0.2811339,4.2088776,-0.28577027,-0.997149,6.081532,0.7171557,0.1992153,0.3550442,-3.0423408,1.5475385,0.54276866,-0.06913303
0.2787545,4.199107,-0.28614512,-0.9986261,6.083411,0.72081506,0.19814293,0.3552845,-3.0365624,1.54741,0.5441243,-0.06749396
0.2763711,4.1893234,-0.2865197,-1.000107,6.085278,0.7244751,0.19706759,0.35550177,-3.0307748,1.5472978,0.54547787,-0.065830156
0.27398363,4.1795263,-0.28689444,-1.0015912,6.0871325,0.7281355,0.19598901,0.35569614,-3.0249782,1.5472021,0.5468298,-0.06414243
0.2715923,4.1697164,-0.2872521,-1.003056,6.0889745,0.7317959,0.19488855,0.35584795,-3.019173,1.5471233,0.548182,-0.062433716
0.2691973,4.1598935,-0.28758872,-1.0044957,6.090804,0.73545575,0.19376212,0.35595194,-3.013359,1.5470617,0.5495346,-0.060704693
0.26679882,4.1500583,-0.28790477,-1.0059099,6.0926213,0.7391145,0.19261047,0.3560076,-3.0075366,1.5470175,0.55088735,-0.058955316
0.26439714,4.140211,-0.2882007,-1.0072981,6.0944257,0.7427718,0.19143435,0.35601452,-3.0017054,1.5469909,0.5522399,-0.057185546
0.26199242,4.130352,-0.28847697,-1.0086601,6.0962167,0.746427,0.19023453,0.35597226,-2.9958656,1.546982,0.55359185,-0.055395376
0.25958484,4.120481,-0.28873402,-1.0099953,6.0979943,0.7500797,0.18901177,0.3558804,-2.9900172,1.5469912,0.5549429,-0.053584807
0.2571746,4.110599,-0.2889723,-1.0113035,6.0997586,0.7537293,0.18776688,0.35573858,-2.98416,1.5470186,0.55629265,-0.051753853
0.25476193,4.1007056,-0.28919223,-1.0125843,6.101509,0.7573753,0.18650065,0.3555464,-2.9782941,1.5470644,0.55764073,-0.04990255
0.25234696,4.0908017,-0.28939432,-1.0138373,6.1032457,0.76101726,0.18521391,0.35530353,-2.9724195,1.5471288,0.5589867,-0.048030943
0.24992989,4.0808873,-0.28957894,-1.0150621,6.1049685,0.76465464,0.18390745,0.35500962,-2.9665363,1.5472119,0.5603302,-0.046139102
0.24751088,4.0709624,-0.28974658,-1.0162584,6.106677,0.7682869,0.18258213,0.35466436,-2.9606445,1.5473139,0.5616707,-0.0442271
0.24509008,4.0610275,-0.28989768,-1.0174258,6.108371,0.77191347,0.18123877,0.35426745,-2.9547439,1.5474352,0.5630079,-0.042295042
0.24266768,4.051083,-0.29003268,-1.018564,6.11005,0.77553385,0.17987825,0.3538186,-2.9488347,1.5475757,0.56434125,-0.040343028
0.24024382,4.0411296,-0.290152,-1.0196726,6.111715,0.77914757,0.17850143,0.35331756,-2.9429166,1.5477358,0.5656703,-0.038371194
0.23781866,4.031167,-0.29025608,-1.0207514,6.1133647,0.782754,0.17710915,0.3527641,-2.93699,1.5479157,0.5669946,-0.03637968
0.23539233,4.021196,-0.29034537,-1.0217998,6.1149993,0.7863527,0.17570233,0.352158,-2.9310548,1.5481155,0.56831366,-0.034368645
0.23296498,4.011216,-0.29042026,-1.0228176,6.116619,0.7899431,0.17428185,0.35149908,-2.925111,1.5483354,0.569627,-0.032338265
0.23053674,4.0012283,-0.29048142,-1.0238048,6.1182237,0.7935246,0.17284884,0.3507872,-2.9191587,1.5485758,0.57093406,-0.030288491
0.22810785,3.9912322,-0.29053596,-1.0247711,6.1198125,0.7970971,0.17141229,0.3500241,-2.9131975,1.5488372,0.57223266,-0.028211106
0.22567835,3.9812276,-0.29058412,-1.0257163,6.121386,0.80065995,0.16997303,0.3492098,-2.9072275,1.54912,0.5735222,-0.026106518
0.22324827,3.9712152,-0.29062608,-1.0266399,6.1229444,0.8042127,0.1685319,0.34834427,-2.9012487,1.5494243,0.574802,-0.023975138
0.22081767,3.9611952,-0.29066208,-1.0275418,6.124487,0.80775476,0.16708973,0.3474276,-2.8952613,1.5497506,0.5760713,-0.0218174
0.21838649,3.9511676,-0.29069236,-1.028422,6.126014,0.8112857,0.1656486,0.3464587,-2.8892655,1.5500989,0.5773285,-0.019631956
0.21595445,3.9411323,-0.29071733,-1.0292822,6.1275253,0.8148052,0.16421258,0.34543458,-2.8832624,1.5504692,0.57856995,-0.017414575
0.2135216,3.9310896,-0.29073715,-1.030122,6.12902,0.8183127,0.16278271,0.3443553,-2.877252,1.5508617,0.57979476,-0.015165696
0.21108794,3.9210396,-0.290752,-1.0309412,6.1304994,0.8218077,0.16136,0.34322092,-2.8712347,1.5512769,0.5810021,-0.012885773
0.20865302,3.9109821,-0.29075873,-1.0317394,6.1319633,0.82528967,0.15993886,0.3420341,-2.8652108,1.5517145,0.58219475,-0.010577862
0.20621589,3.9009166,-0.29074693,-1.032517,6.133414,0.8287588,0.15849891,0.34080184,-2.8591821,1.552174,0.583384,-0.008248292
0.20377845,3.8908424,-0.29072475,-1.0332792,6.1348524,0.83221424,0.15704039,0.33952472,-2.853149,1.5526567,0.5845776,-0.005892556
0.20134147,3.88076,-0.29068986,-1.0340276,6.1362786,0.8356559,0.15555893,0.3381973,-2.847111,1.5531629,0.5857774,-0.0035032865
0.19890507,3.8706694,-0.29064274,-1.0347674,6.137692,0.8390836,0.15405636,0.33681554,-2.841068,1.5536929,0.58698183,-0.0010714729
0.19646934,3.8605707,-0.2905834,-1.0354984,6.1390924,0.84249675,0.15253304,0.3353791,-2.83502,1.554247,0.58819044,0.0014029522
0.19403438,3.8504639,-0.29051182,-1.0362202,6.14048,0.8458948,0.15098934,0.33388767,-2.828967,1.5548257,0.5894028,0.003920029
0.1916003,3.8403492,-0.290428,-1.0369327,6.141855,0.84927726,0.14942564,0.33234093,-2.822909,1.5554293,0.5906185,0.0064797984
0.18916719,3.8302267,-0.29033196,-1.0376357,6.143216,0.85264355,0.14784235,0.33073857,-2.8168461,1.5560584,0.59183705,0.009082299
0.18673515,3.8200965,-0.29022366,-1.0383289,6.144564,0.8559931,0.14623985,0.32908028,-2.8107781,1.5567133,0.593058,0.011727546
0.1843043,3.8099587,-0.2901031,-1.0390121,6.1458983,0.85932535,0.14461857,0.3273658,-2.8047051,1.5573945,0.59428084,0.014415558
0.1818747,3.7998133,-0.2899703,-1.039685,6.147219,0.8626398,0.14297894,0.32559478,-2.7986271,1.5581023,0.5955052,0.017146338
0.17944649,3.7896602,-0.28982526,-1.0403475,6.148526,0.8659358,0.14132138,0.323767,-2.7925441,1.558837,0.59673053,0.019919872
0.17701975,3.7794998,-0.28966796,-1.0409992,6.1498194,0.86921287,0.13964634,0.3218822,-2.786456,1.5595994,0.59795636,0.022736147
0.17459457,3.7693322,-0.28949845,-1.0416399,6.1510983,0.8724704,0.13795426,0.3199401,-2.780363,1.5603896,0.5991822,0.025595136
0.17217106,3.7591574,-0.28931668,-1.0422695,6.1523633,0.8757078,0.13624564,0.31794047,-2.774265,1.5612082,0.6004075,0.028496802
0.1697493,3.7489755,-0.2891227,-1.0428876,6.153614,0.87892455,0.13452092,0.3158831,-2.7681623,1.5620556,0.60163176,0.031441092
0.1673294,3.7387867,-0.28891653,-1.043494,6.1548505,0.88212,0.13278061,0.31376773,-2.7620544,1.5629321,0.6028545,0.03442795
0.16491145,3.728591,-0.28869817,-1.0440885,6.1560726,0.88529366,0.13102521,0.3115942,-2.7559419,1.5638382,0.60407513,0.03745729
0.16249554,3.7183883,-0.28846765,-1.0446708,6.1572804,0.88844484,0.1292552,0.30936226,-2.7498245,1.5647744,0.60529315,0.040529057
0.16008176,3.708179,-0.28822497,-1.0452408,6.1584735,0.891573,0.12747113,0.30707175,-2.7437024,1.565741,0.606508,0.04364314
0.1576702,3.697963,-0.28797016,-1.0457981,6.1596518,0.89467764,0.12567352,0.3047225,-2.7375758,1.5667384,0.6077192,0.04679944
0.15526024,3.6877408,-0.2877059,-1.0463499,6.160816,0.8977577,0.12387209,0.30232197,-2.7314441,1.5677669,0.60892004,0.049997363
0.15285164,3.6775124,-0.28743324,-1.046899,6.1619673,0.9008126,0.12207113,0.2998733,-2.7253075,1.5688269,0.6101075,0.053236544
0.15044445,3.6672778,-0.28715214,-1.0474452,6.163105,0.90384185,0.12027122,0.2973765,-2.719166,1.5699188,0.61128086,0.05651677
0.14803872,3.657037,-0.28686258,-1.0479884,6.1642294,0.90684485,0.11847293,0.2948317,-2.7130198,1.5710429,0.6124395,0.05983782
0.14563449,3.64679,-0.2865645,-1.0485286,6.1653404,0.9098212,0.11667683,0.29223895,-2.7068691,1.5721997,0.6135828,0.06319947
0.1432318,3.636537,-0.286258,-1.0490654,6.1664386,0.9127704,0.11488387,0.28959826,-2.700714,1.5733896,0.61470985,0.06660147
0.14083055,3.626278,-0.28594396,-1.0495993,6.167524,0.9156916,0.113096915,0.28690985,-2.6945548,1.5746127,0.6158191,0.07004471
0.13843128,3.6160126,-0.2856231,-1.0501393,6.1685963,0.918584,0.11131508,0.2841771,-2.6883903,1.575869,0.6169123,0.073534176
0.13603404,3.605741,-0.28529537,-1.0506853,6.169656,0.92144704,0.109538935,0.2814001,-2.6822207,1.5771589,0.6179888,0.07706969
0.13363886,3.595464,-0.28495765,-1.0512267,6.170702,0.9242819,0.10776473,0.2785733,-2.676046,1.5784824,0.6190493,0.08064693
0.13124579,3.585182,-0.28460875,-1.0517592,6.171735,0.9270887,0.10599138,0.27569446,-2.6698658,1.5798395,0.62009364,0.08426401
0.12885493,3.574895,-0.2842487,-1.0522827,6.1727543,0.92986685,0.10421952,0.27276358,-2.6636808,1.5812305,0.6211212,0.087920666
0.12646638,3.5646029,-0.28387785,-1.0527971,6.1737604,0.9326158,0.10245028,0.2697819,-2.657491,1.582656,0.62213117,0.09161556
0.12408086,3.5543065,-0.28350845,-1.0533087,6.1747537,0.93533456,0.100692764,0.26676562,-2.651296,1.5841162,0.62312704,0.09533843
0.12169832,3.5440059,-0.28314042,-1.0538175,6.1757345,0.9380228,0.09894751,0.26371503,-2.6450958,1.5856113,0.6241082,0.099088944
0.119318716,3.5337012,-0.2827737,-1.0543233,6.176703,0.94068015,0.09721507,0.26063037,-2.638891,1.5871418,0.625074,0.102866784
0.116942,3.5233922,-0.28240824,-1.054826,6.177659,0.9433063,0.09549599,0.25751185,-2.6326814,1.5887077,0.6260239,0.10667161
0.11456799,3.51308,-0.28204814,-1.0553257,6.1786036,0.9459007,0.09379419,0.2543658,-2.6264675,1.5903084,0.6269583,0.11049698
0.1121966,3.502765,-0.28169775,-1.0558172,6.1795387,0.94846386,0.09212022,0.25120205,-2.620248,1.5919418,0.62787104,0.114326894
0.10982772,3.4924476,-0.281357,-1.0563004,6.180464,0.9509957,0.09047465,0.24802104,-2.6140234,1.5936079,0.6287615,0.1181608
0.10746131,3.482128,-0.28102428,-1.0567783,6.18138,0.95349604,0.088855825,0.24482451,-2.6077938,1.5953068,0.62962973,0.12200038
0.105097584,3.4718058,-0.2806929,-1.0572653,6.1822863,0.9559651,0.08725568,0.24161792,-2.601559,1.5970387,0.6304776,0.12585528
0.10273631,3.4614813,-0.28035763,-1.0577711,6.1831837,0.9584031,0.085674316,0.23840152,-2.5953188,1.5988041,0.6312993,0.12973522
0.10037749,3.4511542,-0.28001833,-1.0582958,6.184072,0.96080995,0.0841121,0.23517574,-2.589074,1.6006031,0.63209444,0.13363984
0.09802114,3.4408245,-0.2796749,-1.0588396,6.184952,0.96318555,0.0825694,0.23194103,-2.5828242,1.6024358,0.6328625,0.13756879
0.095667265,3.430492,-0.27932724,-1.0594022,6.185823,0.96552986,0.081046574,0.22869779,-2.57657,1.6043026,0.633603,0.14152168
0.09331586,3.4201562,-0.2789753,-1.0599838,6.186686,0.96784276,0.07954399,0.22544648,-2.5703118,1.6062037,0.63431543,0.14549813
0.09096695,3.4098172,-0.278619,-1.0605845,6.187541,0.9701242,0.07806202,0.22218752,-2.5640497,1.6081392,0.6349994,0.14949776
0.08862053,3.3994749,-0.2782582,-1.0612043,6.1883883,0.9723741,0.07660101,0.21892135,-2.557784,1.6101092,0.6356544,0.15352018
0.08627661,3.389129,-0.2778929,-1.0618433,6.189228,0.9745924,0.07516132,0.21564841,-2.551515,1.6121142,0.63628,0.15756501
0.08393521,3.3787794,-0.27752292,-1.0625013,6.19006,0.976779,0.07374332,0.21236916,-2.545243,1.6141542,0.63687575,0.16163184
0.08159632,3.3684258,-0.27714825,-1.0631784,6.190885,0.9789339,0.07234735,0.20908403,-2.5389683,1.6162295,0.63744116,0.16572025
0.07925997,3.3580682,-0.27676877,-1.0638747,6.1917033,0.981057,0.07097377,0.20579349,-2.5326912,1.6183403,0.6379758,0.16982986
0.076926164,3.3477063,-0.27638444,-1.0645902,6.192515,0.9831483,0.06962294,0.20249796,-2.526412,1.6204866,0.6384793,0.17396025
0.074595325,3.3373396,-0.27599367,-1.0653219,6.1933208,0.9852073,0.06829892,0.19920325,-2.5201313,1.6226697,0.63894606,0.17810276
0.07226788,3.3269675,-0.275595,-1.0660669,6.1941214,0.9872338,0.06700567,0.19591504,-2.5138502,1.6248904,0.6393708,0.18224889
0.06994388,3.3165896,-0.27518868,-1.0668252,6.194917,0.98922783,0.065743685,0.19263367,-2.5075693,1.6271489,0.63975334,0.18639837
0.06762339,3.3062055,-0.27477708,-1.0675977,6.195709,0.99118984,0.06451473,0.18935813,-2.5012891,1.629445,0.64009506,0.19055337
0.065306425,3.295815,-0.27436015,-1.0683845,6.196498,0.9931199,0.06331912,0.186089,-2.4950101,1.6317788,0.6403955,0.19471322
0.062993,3.2854183,-0.2739378,-1.0691854,6.1972833,0.99501806,0.062157188,0.18282683,-2.4887326,1.6341505,0.6406544,0.19887729
0.06068361,3.2750149,-0.27351466,-1.0699992,6.1980658,0.99688435,0.06103005,0.17956892,-2.4824564,1.6365597,0.64087516,0.20304744
0.058378503,3.2646048,-0.27309442,-1.070827,6.1988454,0.99871886,0.05993575,0.17631431,-2.4761817,1.6390063,0.64106333,0.2072258
0.056077667,3.2541878,-0.27268168,-1.0716748,6.1996226,1.0005223,0.05886483,0.17306423,-2.4699092,1.6414894,0.641233,0.21141715
0.053781014,3.2437637,-0.27227634,-1.0725428,6.2003975,1.0022945,0.057817508,0.16981918,-2.463639,1.6440094,0.64138377,0.2156211
0.051488154,3.233332,-0.27187786,-1.0734339,6.2011704,1.0040356,0.056794003,0.16658165,-2.4573712,1.646566,0.6415149,0.21983841
0.049198724,3.222892,-0.27148554,-1.0743508,6.2019415,1.0057454,0.055794314,0.16335386,-2.4511056,1.6491596,0.64162564,0.22406986
0.046912275,3.212444,-0.2710947,-1.0752951,6.2027106,1.0074238,0.054815114,0.16013539,-2.4448423,1.6517892,0.6417148,0.22831792
0.04462904,3.2019885,-0.2706834,-1.0762618,6.203478,1.0090706,0.05384734,0.15694727,-2.4385817,1.6544544,0.6417696,0.2325567
0.042349394,3.1915252,-0.27024508,-1.0772499,6.2042427,1.010686,0.052887425,0.15379588,-2.4323235,1.6571548,0.64178723,0.23677915
0.040073566,3.181054,-0.26978022,-1.0782595,6.2050056,1.0122702,0.05193544,0.15068108,-2.4260683,1.6598903,0.64176816,0.2409854
0.037801776,3.170575,-0.26928937,-1.0792904,6.205766,1.0138235,0.050991457,0.14760272,-2.4198165,1.6626608,0.6417129,0.24517559
0.03553381,3.1600862,-0.26876488,-1.0803424,6.2065234,1.0153478,0.05005362,0.1445749,-2.4135675,1.6654658,0.64161575,0.2493349
0.033269748,3.149587,-0.26820666,-1.0814147,6.2072773,1.0168443,0.04912809,0.1415992,-2.4073222,1.6683049,0.6414705,0.2534606
0.031009885,3.1390767,-0.2676154,-1.0825073,6.208028,1.0183132,0.048214763,0.1386753,-2.4010808,1.6711776,0.6412781,0.25755292
0.028754503,3.1285553,-0.26699188,-1.0836198,6.208775,1.0197551,0.047313534,0.13580291,-2.394844,1.6740836,0.6410394,0.26161215
0.026503883,3.1180227,-0.26633677,-1.0847523,6.209519,1.0211705,0.046424285,0.13298169,-2.388612,1.6770226,0.6407552,0.26563853
0.024258295,3.1074786,-0.26565078,-1.0859046,6.21026,1.0225598,0.045546897,0.13021132,-2.3823855,1.6799942,0.6404264,0.26963234
0.022018008,3.0969229,-0.26493463,-1.0870765,6.2109976,1.0239234,0.044681255,0.12749149,-2.376165,1.6829982,0.6400539,0.27359384
0.019783279,3.0863552,-0.26418898,-1.088268,6.2117324,1.0252619,0.043827232,0.12482189,-2.3699505,1.6860341,0.6396386,0.27752328
0.017554365,3.0757756,-0.26341447,-1.089479,6.2124643,1.0265756,0.04298471,0.122202195,-2.3637428,1.6891017,0.6391812,0.28142092
0.015331512,3.0651836,-0.2626118,-1.0907092,6.213193,1.0278649,0.042153556,0.11963209,-2.3575423,1.6922007,0.6386826,0.28528702
0.013114966,3.0545793,-0.26178163,-1.0919586,6.2139187,1.0291305,0.041333646,0.117111266,-2.3513494,1.6953306,0.63814366,0.28912187
0.010904963,3.0439622,-0.26092458,-1.093227,6.2146416,1.0303726,0.040524848,0.1146394,-2.3451645,1.6984912,0.6375652,0.2929257
0.00870194,3.0333328,-0.26004317,-1.0945156,6.2153616,1.0315918,0.039724678,0.112214044,-2.338988,1.7016823,0.63695234,0.2967022
0.0065072295,3.0226903,-0.25913703,-1.0958215,6.216079,1.0327892,0.038929358,0.10984319,-2.3328211,1.7049041,0.6363086,0.3004408
0.0043212897,3.012034,-0.25820613,-1.0971439,6.216794,1.0339658,0.038138278,0.10752897,-2.326664,1.708156,0.6356346,0.30413827
0.0021439225,3.0013635,-0.25724941,-1.0984801,6.217506,1.0351214,0.037349284,0.1052708,-2.3205168,1.7114377,0.63493115,0.30779284
-2.4653506e-05,2.9906788,-0.25626737,-1.0998298,6.218215,1.0362566,0.03656201,0.10306832,-2.31438,1.7147489,0.63419914,0.31140456
-0.0021841899,2.9799795,-0.25526062,-1.1011928,6.2189207,1.0373716,0.035776246,0.10092119,-2.3082538,1.718089,0.6334395,0.31497368
-0.004334443,2.9692657,-0.25422978,-1.1025691,6.2196236,1.0384672,0.034991764,0.098829046,-2.3021386,1.7214577,0.63265306,0.31850043
-0.006475175,2.958537,-0.25317547,-1.1039585,6.220323,1.0395437,0.034208335,0.096791536,-2.2960346,1.7248546,0.63184077,0.32198507
-0.008606154,2.9477935,-0.25209826,-1.1053607,6.2210197,1.0406018,0.033425733,0.0948083,-2.289942,1.7282792,0.6310035,0.32542783
-0.010727151,2.9370348,-0.2509988,-1.1067758,6.221713,1.0416421,0.032643728,0.092879,-2.2838612,1.7317312,0.63014215,0.328829
-0.012837947,2.9262612,-0.24987763,-1.1082034,6.222403,1.0426649,0.03186208,0.09100325,-2.2777925,1.7352101,0.6292576,0.3321888
-0.014938325,2.9154723,-0.24873535,-1.1096436,6.2230897,1.0436707,0.031080548,0.089180686,-2.271736,1.7387155,0.62835073,0.33550754
-0.017028073,2.9046679,-0.24757253,-1.111096,6.2237735,1.04466,0.030298892,0.08741094,-2.2656918,1.7422472,0.62742233,0.33878547
-0.019106986,2.893848,-0.2463897,-1.1125607,6.2244534,1.0456334,0.029516866,0.08569365,-2.2596605,1.7458047,0.62647325,0.34202287
-0.02117486,2.8830123,-0.24518745,-1.1140375,6.22513,1.0465914,0.028734218,0.08402842,-2.253642,1.7493875,0.6255044,0.34522
-0.023231499,2.872161,-0.24396628,-1.1155262,6.2258034,1.0475343,0.027950699,0.082414895,-2.2476368,1.7529954,0.62451655,0.34837717
-0.025276713,2.8612936,-0.24272674,-1.1170267,6.2264733,1.0484627,0.027166052,0.08085269,-2.2416449,1.7566279,0.6235106,0.35149467
-0.027310314,2.8504102,-0.24146937,-1.118539,6.2271395,1.0493772,0.026380017,0.07934142,-2.2356665,1.7602847,0.62248737,0.35457277
-0.029332118,2.8395107,-0.24019466,-1.1200628,6.2278023,1.0502781,0.025592336,0.077880695,-2.229702,1.7639652,0.6214477,0.35761178
-0.031341948,2.828595,-0.23890314,-1.1215981,6.2284613,1.0511659,0.024802737,0.07647014,-2.2237513,1.7676694,0.6203923,0.360612
-0.03333963,2.8176627,-0.23759528,-1.1231447,6.2291164,1.0520412,0.024010954,0.07510935,-2.2178147,1.7713968,0.6193221,0.36357373
-0.035325,2.806714,-0.23627158,-1.1247026,6.229768,1.0529042,0.023216717,0.07379795,-2.2118924,1.7751468,0.61823785,0.36649728
-0.037297882,2.795749,-0.23493253,-1.1262716,6.2304153,1.0537556,0.022419747,0.07253554,-2.2059846,1.7789193,0.61714035,0.36938295
-0.039258122,2.7847672,-0.23357859,-1.1278516,6.231059,1.0545958,0.021619769,0.071321726,-2.2000914,1.782714,0.6160304,0.37223107
-0.041205697,2.7737682,-0.23220867,-1.1294415,6.231699,1.0554252,0.020812858,0.070152745,-2.1942132,1.7865306,0.61491084,0.37504408
-0.04314043,2.762752,-0.23082322,-1.1310412,6.2323346,1.056244,0.019998807,0.0690283,-2.18835,1.7903688,0.6137824,0.37782225
-0.045062155,2.7517188,-0.22942273,-1.1326505,6.232966,1.0570529,0.019177482,0.06794815,-2.182502,1.7942282,0.6126458,0.3805658
-0.046970706,2.740668,-0.22800767,-1.1342695,6.233593,1.0578521,0.01834874,0.066912025,-2.1766694,1.7981085,0.61150163,0.3832749
-0.04886592,2.7296,-0.22657852,-1.1358981,6.2342157,1.0586423,0.017512443,0.06591969,-2.170852,1.8020093,0.61035055,0.38594985
-0.050747644,2.7185144,-0.22513574,-1.1375363,6.234834,1.0594236,0.016668439,0.06497089,-2.16505,1.8059305,0.6091932,0.3885908
-0.05261572,2.7074113,-0.2236798,-1.139184,6.235448,1.0601965,0.015816588,0.064065374,-2.1592636,1.8098716,0.6080302,0.39119804
-0.054470003,2.6962905,-0.22221111,-1.1408411,6.236057,1.0609615,0.014956729,0.06320289,-2.153493,1.8138323,0.6068622,0.39377177
-0.056310344,2.6851518,-0.22073014,-1.1425077,6.236661,1.061719,0.014088714,0.062383164,-2.1477377,1.8178122,0.6056898,0.3963122
-0.058136158,2.673995,-0.21922588,-1.1441787,6.2372603,1.0624689,0.013207658,0.061606515,-2.1419976,1.8218106,0.6045068,0.39881402
-0.059947144,2.66282,-0.2176974,-1.1458536,6.237855,1.0632118,0.012312837,0.060872767,-2.1362724,1.8258269,0.60331285,0.40127665
-0.061743047,2.6516268,-0.21614516,-1.1475322,6.2384443,1.063948,0.0114041185,0.06018166,-2.1305625,1.8298608,0.60210866,0.40370023
-0.06352405,2.640415,-0.21456991,-1.1492156,6.239027,1.0646784,0.0104753,0.05952596,-2.1248674,1.8339117,0.6009012,0.4060935
-0.06529015,2.6291842,-0.2129722,-1.1509042,6.2396026,1.0654036,0.009522966,0.058901705,-2.119187,1.837979,0.5996944,0.40846118
-0.06704111,2.6179347,-0.21135233,-1.1525979,6.2401705,1.0661238,0.0085469885,0.058308758,-2.1135216,1.8420625,0.59848875,0.41080335
-0.068776675,2.606666,-0.20971069,-1.1542969,6.2407303,1.0668393,0.0075472505,0.057746977,-2.1078706,1.8461618,0.5972848,0.41312006
-0.07049661,2.5953784,-0.20804758,-1.1560009,6.241282,1.0675505,0.0065236227,0.057216223,-2.1022344,1.850277,0.596083,0.4154114
-0.07220054,2.5840719,-0.20636107,-1.1577091,6.241825,1.0682577,0.0054772664,0.056718245,-2.096613,1.8544074,0.59488034,0.4176757
-0.073888175,2.5727465,-0.20465115,-1.1594216,6.2423596,1.0689611,0.004408256,0.056253195,-2.0910063,1.858553,0.59367687,0.41991276
-0.07555927,2.561402,-0.20291816,-1.161138,6.2428856,1.0696611,0.0033164779,0.05582094,-2.0854142,1.8627135,0.59247303,0.4221226
-0.07721358,2.5500388,-0.20116243,-1.1628585,6.2434025,1.070358,0.0022018221,0.055421345,-2.0798368,1.8668884,0.5912693,0.4243053
-0.07885085,2.5386565,-0.1993843,-1.1645828,6.24391,1.0710521,0.001064169,0.05505428,-2.0742743,1.8710777,0.5900662,0.42646086
-0.080470845,2.527255,-0.19758411,-1.1663109,6.2444077,1.0717436,-9.659608e-05,0.054719605,-2.0687265,1.8752809,0.5888642,0.4285894
-0.082073316,2.5158346,-0.19576216,-1.1680428,6.244896,1.0724329,-0.0012805915,0.054417174,-2.0631936,1.8794978,0.58766377,0.43069097
-0.08365803,2.504395,-0.1939188,-1.1697782,6.245374,1.0731202,-0.0024879365,0.054146852,-2.0576754,1.883728,0.5864654,0.43276563
-0.085224755,2.4929361,-0.19205433,-1.1715173,6.2458425,1.0738059,-0.003718748,0.05390849,-2.052172,1.8879715,0.5852696,0.43481347
-0.086773254,2.4814582,-0.19016908,-1.1732597,6.2463,1.0744903,-0.004973152,0.05370194,-2.0466833,1.8922279,0.58407676,0.43683454
-0.0883033,2.4699612,-0.18826336,-1.1750057,6.246747,1.0751736,-0.0062512695,0.053527057,-2.0412095,1.8964969,0.5828874,0.43882892
-0.08981466,2.4584448,-0.18633749,-1.176755,6.2471833,1.0758561,-0.007553226,0.05338369,-2.0357502,1.9007782,0.581702,0.44079667
-0.09130642,2.446909,-0.18438753,-1.1785079,6.247609,1.0765381,-0.008884209,0.053272944,-2.0303051,1.9050723,0.580522,0.44273767
-0.09277827,2.4353535,-0.1824137,-1.1802646,6.248024,1.0772198,-0.010244532,0.053194717,-2.0248742,1.9093791,0.5793479,0.44465196
-0.094229974,2.4237783,-0.18041632,-1.1820248,6.248428,1.0779016,-0.0116343135,0.05314884,-2.0194573,1.9136983,0.57818025,0.44653964
-0.09566126,2.4121835,-0.17839572,-1.1837885,6.248821,1.0785837,-0.013053677,0.053135153,-2.0140545,1.9180295,0.5770196,0.4484008
-0.09707158,2.400569,-0.17635034,-1.1855545,6.2492023,1.0792667,-0.01450306,0.05315266,-2.008666,1.9223726,0.5758647,0.45023495
-0.0984583,2.388933,-0.17426291,-1.1873093,6.24957,1.0799515,-0.015985066,0.053196415,-2.0032918,1.9267279,0.5747005,0.45203272
-0.09982069,2.3772755,-0.1721307,-1.1890454,6.249923,1.0806386,-0.017501926,0.05326389,-1.9979322,1.9310956,0.5735265,0.45378932
-0.101158276,2.3655968,-0.169954,-1.1907625,6.2502613,1.081328,-0.019053593,0.05335487,-1.9925871,1.9354752,0.5723431,0.45550448
-0.10247058,2.3538969,-0.16773309,-1.1924601,6.250584,1.08202,-0.020639988,0.053469174,-1.9872568,1.9398664,0.5711506,0.45717788
-0.10375713,2.342176,-0.16546823,-1.1941376,6.250891,1.0827149,-0.022261024,0.053606614,-1.9819412,1.9442686,0.5699492,0.45880926
-0.10501745,2.3304343,-0.16315973,-1.1957946,6.2511826,1.0834128,-0.023916615,0.05376701,-1.9766406,1.9486814,0.5687393,0.46039835
-0.10625109,2.318672,-0.16080786,-1.1974306,6.2514577,1.0841138,-0.025606664,0.053950176,-1.971355,1.9531043,0.56752104,0.46194488
-0.10745757,2.306889,-0.15841293,-1.1990453,6.2517157,1.0848182,-0.027331077,0.05415592,-1.9660845,1.9575369,0.5662948,0.46344858
-0.10863632,2.2950857,-0.15597597,-1.20064,6.2519565,1.085526,-0.02909182,0.054384477,-1.9608293,1.9619792,0.5650634,0.46491042
-0.10978655,2.2832618,-0.15349948,-1.2022192,6.252179,1.086236,-0.030895066,0.05463693,-1.9555897,1.9664315,0.56383497,0.46633387
-0.11090784,2.2714174,-0.1509835,-1.2037826,6.252383,1.0869486,-0.032741368,0.054912515,-1.9503657,1.9708936,0.5626101,0.46771905
-0.11199991,2.2595522,-0.14842662,-1.2053285,6.2525682,1.0876639,-0.03463487,0.055207133,-1.9451575,1.9753654,0.5613916,0.46906832
-0.113062315,2.2476666,-0.14582898,-1.2068565,6.2527337,1.088382,-0.036575824,0.055520345,-1.9399654,1.9798464,0.56017995,0.47038165
-0.11409462,2.2357605,-0.14319068,-1.2083662,6.252879,1.0891031,-0.038564477,0.055851698,-1.9347891,1.9843361,0.55897564,0.471659
-0.11509645,2.2238343,-0.14051183,-1.2098572,6.253004,1.0898274,-0.040601395,0.056201257,-1.9296285,1.9888344,0.55777943,0.47289997
-0.11606757,2.211888,-0.13779534,-1.2113358,6.2531075,1.0905554,-0.042689662,0.056569614,-1.9244831,1.9933408,0.5565974,0.4741099
-0.11700828,2.1999216,-0.13504808,-1.2128086,6.2531886,1.0912871,-0.044826586,0.05695443,-1.9193522,1.9978552,0.5554345,0.47529975
-0.1179182,2.187935,-0.1322685,-1.2142744,6.2532473,1.0920228,-0.047014177,0.05734665,-1.9142357,2.0023775,0.5542921,0.47647747
-0.11879698,2.1759286,-0.12945656,-1.215733,6.2532825,1.0927624,-0.049252916,0.057745684,-1.9091337,2.006908,0.5531705,0.4776435
-0.11964428,2.163902,-0.12661226,-1.2171845,6.253294,1.0935059,-0.051543146,0.058151316,-1.9040458,2.0114462,0.5520702,0.4787978
-0.12045973,2.1518555,-0.12373559,-1.2186286,6.253281,1.0942534,-0.053885207,0.058563333,-1.8989719,2.0159922,0.55099154,0.47994047
-0.121242985,2.139789,-0.120826565,-1.2200652,6.253244,1.0950052,-0.056279443,0.058981515,-1.8939118,2.0205455,0.5499349,0.48107153
-0.12199369,2.1277027,-0.11788518,-1.2214942,6.2531815,1.095761,-0.058726195,0.059405655,-1.8888654,2.0251064,0.5489007,0.48219106
-0.122711495,2.1155965,-0.11491144,-1.2229154,6.2530932,1.0965209,-0.061225813,0.059835542,-1.8838322,2.0296745,0.5478893,0.48329908
-0.12339495,2.10347,-0.11190375,-1.2243218,6.2529793,1.0972848,-0.06377578,0.060269203,-1.8788121,2.0342493,0.5468965,0.48439154
-0.12404365,2.0913236,-0.10886206,-1.225713,6.2528386,1.0980527,-0.06637625,0.060706362,-1.8738047,2.0388308,0.5459225,0.48546827
-0.12465721,2.0791574,-0.10578635,-1.2270887,6.2526712,1.0988246,-0.069027446,0.061146785,-1.8688099,2.0434184,0.5449676,0.4865292
-0.12523526,2.0669713,-0.10267665,-1.2284486,6.2524767,1.0996004,-0.071729615,0.06159025,-1.8638276,2.0480123,0.54403204,0.48757428
-0.1257774,2.0547655,-0.099532954,-1.2297925,6.252254,1.1003803,-0.07448298,0.062036537,-1.8588574,2.052612,0.5431161,0.48860344
-0.12628326,2.04254,-0.09635527,-1.2311201,6.252003,1.1011641,-0.07728777,0.062485427,-1.8538994,2.0572176,0.54222006,0.4896166
-0.12675245,2.0302951,-0.09314359,-1.2324312,6.251724,1.1019518,-0.08014422,0.062936686,-1.8489531,2.0618289,0.5413442,0.49061376
-0.1271846,2.0180306,-0.089897916,-1.2337255,6.2514153,1.1027436,-0.08305257,0.063390106,-1.8440186,2.0664456,0.54048884,0.49159482
-0.12757933,2.0057468,-0.08661827,-1.2350029,6.2510767,1.1035393,-0.08601304,0.06384546,-1.8390956,2.0710676,0.5396542,0.49255973
-0.12793626,1.993444,-0.083304636,-1.2362629,6.250708,1.1043391,-0.08902586,0.06430254,-1.8341839,2.0756946,0.5388406,0.49350846
-0.128255,1.981122,-0.07995703,-1.2375056,6.250309,1.1051428,-0.09209127,0.064761125,-1.8292834,2.0803266,0.53804827,0.4944409
-0.12853517,1.968781,-0.07657546,-1.2387304,6.249879,1.1059505,-0.095209494,0.065221,-1.8243936,2.084963,0.5372775,0.49535707
-0.12877639,1.9564211,-0.073159926,-1.2399373,6.249417,1.106762,-0.09838076,0.06568194,-1.8195146,2.0896041,0.5365286,0.4962569
-0.12897828,1.9440426,-0.06971043,-1.2411261,6.248923,1.1075776,-0.1016053,0.06614374,-1.8146461,2.0942495,0.5358018,0.4971403
-0.12914053,1.9316454,-0.06622721,-1.2422959,6.2483964,1.1083971,-0.10488274,0.06660508,-1.809788,2.0988991,0.53509706,0.49800777
-0.1292636,1.9192306,-0.06271718,-1.2434393,6.247837,1.1092223,-0.10820357,0.067050114,-1.8049409,2.1035533,0.53441244,0.498867
-0.12934755,1.9067982,-0.05918771,-1.2445563,6.247244,1.1100526,-0.11156596,0.06747878,-1.8001044,2.1082122,0.5337543,0.4997175
-0.12939216,1.8943487,-0.055638883,-1.2456468,6.2466164,1.1108878,-0.11496991,0.06789089,-1.7952782,2.112876,0.5331228,0.50055933
-0.12939724,1.8818822,-0.052070793,-1.2467107,6.2459545,1.1117277,-0.11841537,0.068286225,-1.7904621,2.1175442,0.5325179,0.5013925
-0.12936258,1.8693988,-0.048483517,-1.2477478,6.245258,1.1125723,-0.12190233,0.068664595,-1.7856559,2.122217,0.53193986,0.50221705
-0.12928797,1.8568989,-0.04487715,-1.2487581,6.244526,1.1134214,-0.12543076,0.0690258,-1.7808591,2.1268942,0.53138864,0.5030331
-0.12917337,1.8443826,-0.041232873,-1.2497547,6.243758,1.1142747,-0.12904875,0.06941383,-1.7760718,2.1315746,0.53089416,0.5038088
-0.12901874,1.8318503,-0.037552685,-1.2507216,6.2429543,1.1151319,-0.13275474,0.06983154,-1.7712929,2.1362572,0.5304577,0.5045249
-0.12882346,1.8193023,-0.033836752,-1.2516576,6.2421136,1.115992,-0.1365469,0.0702755,-1.7665219,2.1409416,0.53007764,0.505183
-0.12858689,1.806739,-0.030083967,-1.2525594,6.2412353,1.116855,-0.1404215,0.07073914,-1.7617583,2.1456277,0.52974916,0.5057869
-0.12830858,1.7941606,-0.026294587,-1.2534262,6.240319,1.1177212,-0.1443787,0.07122171,-1.7570016,2.1503148,0.52947277,0.5063365
-0.12798814,1.7815676,-0.022468388,-1.2542573,6.239363,1.1185906,-0.1484185,0.071722224,-1.7522513,2.1550024,0.52924836,0.506832
-0.12762634,1.7689608,-0.018594721,-1.2550524,6.2383676,1.1194619,-0.1525368,0.0722351,-1.7475051,2.1596901,0.5290608,0.50727856
-0.12722263,1.7563407,-0.014673743,-1.2558107,6.237332,1.1203351,-0.15673381,0.072759725,-1.7427627,2.164378,0.52891046,0.50767595
-0.12677649,1.7437077,-0.01070562,-1.2565315,6.2362547,1.1212102,-0.16100973,0.0732955,-1.7380239,2.1690648,0.5287979,0.50802386
-0.12628748,1.731062,-0.0066772248,-1.2572088,6.2351356,1.1220871,-0.1653772,0.07383137,-1.7332879,2.1737504,0.5287224,0.5083284
-0.12575506,1.7184049,-0.0025714617,-1.2578349,6.233972,1.1229655,-0.16985014,0.07436237,-1.7285541,2.1784341,0.5286807,0.50858784
-0.12517682,1.7057372,0.0016269381,-1.2584083,6.232763,1.1238456,-0.17444727,0.07491072,-1.7238215,2.1831164,0.5286762,0.5087802
-0.124551095,1.6930593,0.0059181144,-1.2589281,6.2315073,1.1247278,-0.17916869,0.07547671,-1.7190897,2.1877959,0.5287098,0.508904
-0.123876415,1.6803714,0.010302443,-1.2593932,6.2302046,1.1256123,-0.18401486,0.07606026,-1.7143582,2.1924713,0.52878237,0.5089581
-0.123151764,1.667674,0.014780963,-1.259802,6.2288537,1.1264989,-0.18898739,0.07666033,-1.7096266,2.1971416,0.52889454,0.50894177
-0.12237613,1.6549674,0.019354722,-1.2601526,6.227453,1.127388,-0.1940879,0.077275865,-1.7048944,2.2018063,0.52904713,0.50885427
-0.121548474,1.6422523,0.024024785,-1.2604432,6.226002,1.1282796,-0.19931799,0.077905804,-1.7001615,2.2064645,0.52924085,0.5086949
-0.120667756,1.6295291,0.028792217,-1.2606721,6.224499,1.1291735,-0.20467934,0.078549065,-1.6954273,2.2111156,0.5294764,0.5084629
-0.119732924,1.6167984,0.033658095,-1.2608374,6.222943,1.13007,-0.21017359,0.07920457,-1.6906915,2.2157588,0.5297546,0.5081576
-0.11874252,1.6040603,0.03862289,-1.2609428,6.221332,1.1309687,-0.21579976,0.0798729,-1.6859533,2.220394,0.5300744,0.5077818
-0.11769534,1.5913152,0.04368749,-1.2609885,6.2196655,1.1318697,-0.22155859,0.08055361,-1.6812123,2.2250202,0.53043604,0.5073361
-0.11659029,1.5785635,0.04885299,-1.2609726,6.2179418,1.1327729,-0.22745171,0.08124567,-1.6764681,2.229637,0.53084016,0.5068197
-0.115426436,1.5658054,0.054119296,-1.2608948,6.2161603,1.133679,-0.23348258,0.08194944,-1.6717205,2.2342443,0.5312911,0.5062319
-0.114202805,1.5530412,0.059486393,-1.2607542,6.2143197,1.1345886,-0.23965457,0.082665175,-1.6669692,2.2388422,0.531793,0.50557166
-0.11291831,1.5402713,0.06495535,-1.2605493,6.2124186,1.1355017,-0.24596955,0.08339182,-1.6622136,2.24343,0.5323468,0.50483847
-0.11157185,1.5274961,0.07052723,-1.2602783,6.210456,1.1364186,-0.2524294,0.08412831,-1.6574533,2.2480068,0.53295356,0.5040317
-0.1101623,1.5147163,0.07620314,-1.2599397,6.2084303,1.137339,-0.25903603,0.08487358,-1.6526879,2.252572,0.53361434,0.50315076
-0.10868854,1.5019324,0.08198415,-1.2595316,6.2063403,1.1382631,-0.2657914,0.085626535,-1.6479168,2.2571251,0.5343302,0.502195
-0.10714962,1.4891453,0.08788204,-1.2590593,6.204184,1.1391892,-0.272694,0.08638802,-1.6431395,2.2616658,0.5350869,0.5011693
-0.10554385,1.4763557,0.09390438,-1.2585156,6.2019596,1.1401169,-0.27974638,0.0871563,-1.6383559,2.2661936,0.5358793,0.50006753
-0.10386617,1.4635636,0.10002992,-1.257926,6.199662,1.1410482,-0.28694373,0.087952256,-1.6335657,2.2707088,0.5367229,0.49889663
-0.10211415,1.4507691,0.10625285,-1.2572926,6.19729,1.1419836,-0.2942868,0.08878563,-1.6287681,2.2752104,0.5376241,0.49764997
-0.10028687,1.4379722,0.11256882,-1.2566131,6.1948414,1.1429229,-0.30177397,0.08965116,-1.6239628,2.2796981,0.53858596,0.49633062
-0.098383486,1.4251734,0.11897521,-1.2558852,6.192315,1.1438658,-0.30940562,0.09054541,-1.6191492,2.284171,0.5396114,0.49493968
-0.09640306,1.4123731,0.12547179,-1.255107,6.18971,1.1448128,-0.31718385,0.09146713,-1.6143267,2.2886288,0.5407027,0.4934764
-0.09434453,1.3995717,0.1320593,-1.2542771,6.1870246,1.1457639,-0.3251104,0.092415586,-1.6094947,2.2930706,0.5418611,0.49194
-0.09220679,1.3867695,0.13873853,-1.253394,6.1842575,1.1467193,-0.33318716,0.09339005,-1.6046525,2.2974958,0.54308784,0.4903298
-0.08998875,1.3739672,0.14551023,-1.2524562,6.181407,1.1476793,-0.34141594,0.09438977,-1.5997994,2.3019037,0.5443842,0.48864505
-0.08768964,1.3611655,0.15238345,-1.2514606,6.1784716,1.1486439,-0.3498046,0.09541468,-1.5949343,2.306293,0.54574805,0.486883
-0.08530813,1.348369,0.15936738,-1.2504021,6.175451,1.1496124,-0.3583555,0.096461624,-1.5900553,2.3106616,0.54716915,0.4850398
-0.0828429,1.3355781,0.166463,-1.2492791,6.172343,1.1505852,-0.36707044,0.09752984,-1.5851618,2.3150082,0.5486485,0.48311436
-0.08029276,1.3227934,0.17366827,-1.2480875,6.169145,1.1515621,-0.37595448,0.09861911,-1.5802529,2.3193326,0.5501927,0.4811021
-0.07765563,1.3100144,0.18097863,-1.2468417,6.165855,1.1525415,-0.38501146,0.099749394,-1.575328,2.3236334,0.5518103,0.47899753
-0.07493122,1.2972395,0.18837135,-1.2455498,6.162471,1.1535218,-0.39424983,0.10091215,-1.5703865,2.3279088,0.5535325,0.47681797
-0.072121084,1.2844684,0.19583169,-1.2442172,6.158992,1.1545036,-0.40367964,0.10210022,-1.5654253,2.3321593,0.55538344,0.4745755
-0.06922458,1.2717011,0.20336281,-1.2428393,6.155416,1.1554874,-0.41330343,0.103313506,-1.560443,2.3363848,0.5573627,0.47226545
-0.06623978,1.2589374,0.21096474,-1.2414037,6.151742,1.1564727,-0.42312852,0.10456552,-1.5554366,2.3405833,0.5594779,0.46986175
-0.06316503,1.2461779,0.21863346,-1.2398764,6.147969,1.1574591,-0.43316108,0.10586376,-1.5503995,2.3447535,0.5617395,0.46732202
-0.059998177,1.2334269,0.22638693,-1.2382177,6.144091,1.1584457,-0.44345266,0.10715969,-1.5453291,2.3488927,0.56418234,0.4646537
-0.056737557,1.2206848,0.23422466,-1.2364398,6.1401076,1.159433,-0.454007,0.10843428,-1.5402218,2.3530006,0.56681055,0.4618896
-0.05338107,1.2079536,0.24214928,-1.2345358,6.136017,1.1604178,-0.46482468,0.1096672,-1.5350738,2.3570771,0.569622,0.4590435
-0.04992891,1.1952356,0.250155,-1.2324916,6.131815,1.1613983,-0.47590435,0.110847384,-1.5298817,2.3611214,0.57261956,0.4561125
-0.046381876,1.1825322,0.25826147,-1.2303326,6.1274996,1.1623732,-0.4872678,0.11198584,-1.5246447,2.365135,0.57580596,0.45311168
-0.042740233,1.1698455,0.266495,-1.2280931,6.123068,1.1633412,-0.4989448,0.11309596,-1.5193622,2.3691206,0.5791863,0.4500622
-0.039002433,1.1571761,0.27485725,-1.2257714,6.118517,1.1643015,-0.51094145,0.114175186,-1.5140319,2.3730779,0.58276516,0.4469646
-0.035166908,1.144525,0.28335002,-1.2233655,6.1138434,1.1652538,-0.5232641,0.115220904,-1.5086516,2.3770065,0.5865471,0.44381952
-0.031232059,1.1318929,0.29197505,-1.2208736,6.109044,1.1661972,-0.53591913,0.116230465,-1.503219,2.3809063,0.5905367,0.44062757
-0.02719627,1.1192806,0.30073413,-1.2182938,6.104116,1.167131,-0.54891294,0.11720119,-1.4977317,2.384777,0.59473884,0.43738943
-0.02305914,1.1066889,0.30962485,-1.215633,6.099056,1.1680552,-0.56224227,0.11813247,-1.4921873,2.3886201,0.5991526,0.434113
-0.018824704,1.0941179,0.31862888,-1.2129304,6.0938625,1.1689725,-0.57586735,0.11903324,-1.486583,2.3924437,0.6037566,0.43083054
-0.014491251,1.0815697,0.32773998,-1.2101674,6.0885334,1.1698829,-0.58978873,0.11987987,-1.4809167,2.3962474,0.60855764,0.42754504
-0.010057198,1.0690459,0.3369582,-1.2073355,6.083065,1.1707858,-0.6040126,0.12065233,-1.4751866,2.4000318,0.6135624,0.4242666
-0.0055209957,1.0565479,0.3462885,-1.2044336,6.077454,1.1716806,-0.61854994,0.12133276,-1.4693907,2.403798,0.6187778,0.42101136
-0.0008812798,1.0440763,0.35573256,-1.2014612,6.071697,1.1725659,-0.6334063,0.12191753,-1.4635268,2.4075468,0.6242078,0.41778222
0.0038629747,1.0316336,0.3652543,-1.1983466,6.0657926,1.1734428,-0.6485582,0.1223642,-1.4575915,2.41128,0.62986434,0.41455013
0.008709742,1.0192211,0.3748184,-1.1950685,6.0597405,1.1743094,-0.6639737,0.12267653,-1.4515882,2.4149961,0.6357513,0.41129124
0.013656905,1.0068395,0.38443986,-1.1916165,6.0535393,1.1751672,-0.67966026,0.12285439,-1.4455178,2.4186969,0.6418591,0.40799433
0.018705284,0.9944912,0.39412606,-1.1879904,6.047186,1.1760159,-0.69562685,0.12289328,-1.4393799,2.4223812,0.6481882,0.4046611
0.02385614,0.9821768,0.40385774,-1.1842188,6.040672,1.1768559,-0.71184844,0.12282289,-1.4331694,2.4260478,0.6547332,0.40129048
0.02910939,0.9698965,0.4136033,-1.1803334,6.0339885,1.1776881,-0.72830623,0.122672416,-1.4268768,2.4296944,0.6615067,0.3978831
0.034463402,0.957652,0.42333028,-1.1763259,6.0271344,1.1785139,-0.7450083,0.12249562,-1.4204996,2.4333196,0.66855115,0.3943779
0.039914273,0.94544405,0.432996,-1.1721939,6.020107,1.1793358,-0.7619231,0.12227103,-1.4140364,2.4369233,0.67587763,0.39079306
0.045462247,0.9332737,0.44259295,-1.1679341,6.0129023,1.1801547,-0.7790512,0.121978134,-1.407484,2.4405057,0.6834947,0.38714546
0.051108837,0.921141,0.45212254,-1.1635501,6.005517,1.1809729,-0.7963868,0.12157075,-1.4008391,2.4440699,0.6913966,0.38348544
0.056853563,0.909046,0.46154103,-1.1590463,5.997952,1.1817929,-0.8138524,0.12108196,-1.3940946,2.4476185,0.6995494,0.37978414
0.06269554,0.89698946,0.47084588,-1.154427,5.9902067,1.1826147,-0.83143795,0.12051819,-1.3872472,2.4511504,0.70794606,0.37603956
0.068633616,0.88497275,0.48003483,-1.149692,5.98228,1.1834377,-0.84914154,0.119872905,-1.3802946,2.4546657,0.71658695,0.3722574
0.07466526,0.8729991,0.48912477,-1.1448226,5.974178,1.1842598,-0.86697614,0.119121894,-1.3732355,2.4581676,0.7254677,0.36843544
0.080789395,0.86107063,0.49811962,-1.139803,5.9659023,1.1850786,-0.88494873,0.118242405,-1.3660679,2.4616585,0.73459053,0.36457896
0.08700525,0.84918904,0.5069859,-1.1346744,5.957451,1.1858944,-0.9030509,0.117290266,-1.3587888,2.4651394,0.7439806,0.3606718
0.09330947,0.8373565,0.51571995,-1.1294669,5.948819,1.1867055,-0.92129976,0.11629937,-1.3513937,2.46861,0.7536584,0.35671222
0.09968975,0.8255724,0.5243225,-1.1241902,5.9400153,1.1875074,-0.93966967,0.115175836,-1.3438839,2.4720669,0.7635887,0.35280895
0.10613958,0.8138385,0.53281265,-1.1188098,5.9310455,1.1882983,-0.9581444,0.11392232,-1.3362591,2.4755096,0.77373683,0.3489365
0.11265747,0.8021591,0.541198,-1.1132829,5.921912,1.1890777,-0.9767073,0.112539865,-1.3285197,2.4789398,0.78407735,0.34504664
0.11924194,0.7905344,0.54946625,-1.1076169,5.912615,1.1898439,-0.9953448,0.1110203,-1.3206636,2.4823573,0.79460865,0.34115428
0.1258934,0.77896583,0.55760837,-1.101842,5.9031544,1.1905978,-1.0140524,0.10934803,-1.3126873,2.4857626,0.80532306,0.33729866
0.13261274,0.76745725,0.5656592,-1.0959457,5.893529,1.1913376,-1.03285,0.10753359,-1.3045887,2.4891562,0.81620574,0.3334562
0.13940035,0.7560117,0.5736404,-1.08992,5.883737,1.1920618,-1.0517502,0.105582625,-1.2963657,2.4925385,0.82724726,0.3296128
0.14625564,0.7446313,0.58155483,-1.083762,5.8737774,1.1927698,-1.0707415,0.103487946,-1.2880173,2.49591,0.83843225,0.3257721
0.15317716,0.733318,0.589441,-1.0774368,5.863652,1.1934633,-1.0897397,0.10121406,-1.2795422,2.4992707,0.84963655,0.3219347
0.1601632,0.7220727,0.59730065,-1.0709414,5.853361,1.1941401,-1.1087391,0.09876614,-1.2709403,2.5026193,0.86085397,0.31809092
0.16721267,0.7108937,0.60514534,-1.0642916,5.842905,1.194797,-1.1277523,0.096145935,-1.2622129,2.5059533,0.87208706,0.31425118
0.17432344,0.69977975,0.6129934,-1.0575763,5.8322845,1.1954292,-1.1467905,0.09337469,-1.2533637,2.5092738,0.88333124,0.3104872
0.18149471,0.6887308,0.62084436,-1.0508215,5.8214974,1.1960325,-1.1658422,0.09046792,-1.2443968,2.512584,0.89457667,0.30681255
0.18873127,0.6777523,0.6286696,-1.0439595,5.8105383,1.1966039,-1.1848601,0.08737335,-1.2353159,2.5158885,0.9058034,0.3032131
0.19603308,0.66684556,0.63646764,-1.0369909,5.7994075,1.1971415,-1.2038423,0.08409054,-1.2261213,2.519188,0.9170106,0.2996898
0.2033976,0.656012,0.64422524,-1.0299405,5.788105,1.1976439,-1.2227763,0.0806311,-1.2168119,2.522483,0.92819697,0.2962556
0.21081696,0.6452503,0.65190333,-1.0228896,5.7766314,1.1981043,-1.2416538,0.076997705,-1.2073866,2.5257745,0.9393882,0.2929894
0.218292,0.6345582,0.65952826,-1.0158468,5.764988,1.1985208,-1.2604976,0.07320103,-1.1978467,2.529062,0.9505811,0.28988954
0.22582723,0.6239327,0.66716915,-1.0088112,5.7531757,1.1988871,-1.2793814,0.069254175,-1.1881992,2.532346,0.96177906,0.28694725
0.2334232,0.61337394,0.6748267,-1.0017841,5.7411942,1.1992016,-1.2983066,0.06515767,-1.1784439,2.5356278,0.9729825,0.28416315
0.24108046,0.6028817,0.6825023,-0.9947654,5.7290425,1.1994629,-1.3172725,0.060912598,-1.168581,2.5389092,0.9841891,0.281536
0.24879578,0.59245634,0.6901997,-0.9877441,5.7167215,1.1996629,-1.3362764,0.05652578,-1.1586136,2.5421906,0.9953897,0.27904588
0.25656724,0.58209807,0.6979117,-0.98073316,5.7042346,1.1997944,-1.3553096,0.05202634,-1.1485459,2.5454736,1.0065827,0.27667424
0.2643951,0.5718109,0.70553666,-0.97390544,5.691575,1.1998619,-1.3743966,0.047496643,-1.1383785,2.5487542,1.0179006,0.2745092
0.27227974,0.5616005,0.7131018,-0.96721894,5.6787376,1.1998649,-1.3935467,0.042893477,-1.1281102,2.552032,1.0293342,0.2725534
0.28022447,0.55146706,0.7205774,-0.9606027,5.665716,1.1998018,-1.4127421,0.03814584,-1.1177402,2.555313,1.0408977,0.27080873
0.2882292,0.5414101,0.7279603,-0.95405585,5.6525097,1.1996709,-1.4319824,0.033245012,-1.1072671,2.5586,1.0525938,0.26928267
0.2962949,0.5314305,0.7352397,-0.94758105,5.6391177,1.1994714,-1.4512666,0.028191658,-1.0966908,2.561892,1.06443,0.26797542
0.30442068,0.52152836,0.7423884,-0.94117296,5.625539,1.1992003,-1.4705861,0.022980867,-1.0860106,2.5651867,1.076423,0.26688525
0.3126032,0.51170486,0.74942505,-0.9347935,5.6117706,1.198854,-1.4899482,0.0176142,-1.0752215,2.5684855,1.0885618,0.2659744
0.3208425,0.5019579,0.7563537,-0.92845714,5.597814,1.1984311,-1.5093651,0.012098348,-1.0643219,2.571789,1.1008545,0.2652513
0.3291406,0.4922869,0.76323485,-0.92212677,5.583673,1.1979332,-1.5288564,0.006407747,-1.0533067,2.5750947,1.1132615,0.26470742
0.337499,0.48269784,0.7700532,-0.91563064,5.5693426,1.1973604,-1.5483853,0.0004503103,-1.0421743,2.578403,1.1257653,0.2642612
0.3459197,0.47319666,0.77678496,-0.90884906,5.5548205,1.1967125,-1.5679269,-0.005845222,-1.0309243,2.5817125,1.138368,0.26386303
0.3544035,0.46378702,0.7834002,-0.9017945,5.540105,1.1959872,-1.5874538,-0.012462929,-1.0195544,2.5850215,1.1510732,0.26350996
0.3629512,0.4544738,0.7898601,-0.8944735,5.525193,1.195184,-1.6069245,-0.019394118,-1.0080608,2.5883274,1.1638798,0.26320136
0.3715616,0.44525975,0.7961616,-0.8868869,5.5100856,1.1943,-1.6263359,-0.02664213,-0.9964429,2.5916305,1.1767879,0.26294133
0.380234,0.43615124,0.8023039,-0.8790557,5.4947834,1.1933345,-1.6456736,-0.034237746,-0.9847068,2.5949285,1.1897838,0.2627906
0.38896838,0.42715275,0.8083364,-0.87096125,5.479286,1.1922852,-1.6649423,-0.042168666,-0.97285193,2.5982206,1.2028224,0.26271662
0.39775944,0.41826755,0.81425685,-0.8626096,5.4635954,1.1911519,-1.6841521,-0.05041079,-0.9608779,2.601507,1.2159152,0.26270038
0.40660173,0.40949807,0.8200686,-0.8539925,5.447705,1.1899276,-1.703315,-0.058947314,-0.948787,2.6047823,1.2290798,0.26272473
0.4154927,0.40084746,0.8257616,-0.8450751,5.4316125,1.1886115,-1.7224214,-0.06779835,-0.93658227,2.608045,1.2423218,0.2627775
0.42443287,0.39232382,0.8313567,-0.83573854,5.41532,1.1872146,-1.741477,-0.07700428,-0.92426604,2.6112978,1.2556312,0.2627712
0.43342137,0.38393202,0.83684236,-0.825985,5.398827,1.185734,-1.7604748,-0.08657636,-0.9118373,2.6145394,1.2690128,0.26271895
0.44245887,0.37567914,0.84217185,-0.8158226,5.3821335,1.1841655,-1.7793713,-0.09653665,-0.8992935,2.61777,1.2824706,0.26265126
0.45155036,0.36757275,0.8473542,-0.8052212,5.3652368,1.1825044,-1.798082,-0.10682569,-0.88663834,2.6209927,1.2959144,0.26248002
0.46069497,0.35961667,0.852389,-0.7942268,5.3481393,1.1807499,-1.8165275,-0.11738061,-0.87387544,2.624209,1.3092675,0.2621886
0.46989238,0.3518138,0.8571906,-0.782952,5.330842,1.178893,-1.8346753,-0.1281524,-0.8610023,2.6274216,1.3225738,0.26183677
0.47914058,0.34416535,0.86167216,-0.7715207,5.3133483,1.1769252,-1.8524544,-0.13912587,-0.84801424,2.6306326,1.3358371,0.26152787
0.48842865,0.33666483,0.8658345,-0.7600493,5.295665,1.1748422,-1.8698214,-0.150355,-0.8349052,2.6338418,1.349005,0.26143667
0.49774966,0.32931888,0.8697136,-0.7485415,5.2777905,1.1726366,-1.8867285,-0.16180447,-0.8216758,2.6370494,1.361993,0.26152667
0.50710297,0.3221233,0.8733037,-0.73712295,5.259732,1.1703018,-1.9031036,-0.17330459,-0.8083296,2.6402614,1.3747375,0.26175275
0.516489,0.3150747,0.8766037,-0.7257906,5.2414885,1.1678345,-1.9190997,-0.18482246,-0.79486626,2.643471,1.3873943,0.262076
0.52590823,0.30817088,0.8796786,-0.7146362,5.2230597,1.1652305,-1.9348269,-0.19630095,-0.7812872,2.6466713,1.4000087,0.26253062
0.5353526,0.3014058,0.8825634,-0.70367265,5.20445,1.1624935,-1.9502449,-0.20776162,-0.76759696,2.6498692,1.412511,0.2631345
0.544821,0.29475904,0.88538504,-0.6929679,5.185676,1.1596324,-1.9652562,-0.21928819,-0.7537956,2.653072,1.4246756,0.26403695
0.5543148,0.28822502,0.888188,-0.6825806,5.1667485,1.1566588,-1.9799125,-0.23088656,-0.73989344,2.6562836,1.4365077,0.26529416
0.5638339,0.28180036,0.8909654,-0.67251015,5.1476717,1.1535718,-1.9942076,-0.24255398,-0.7258934,2.659507,1.4480076,0.2669028
0.57337826,0.27548167,0.8937105,-0.66275585,5.1284494,1.1503712,-2.0081353,-0.2542877,-0.71179837,2.6627455,1.4591757,0.26885962
0.582949,0.26926687,0.8964329,-0.65332425,5.1090856,1.1470572,-2.0216959,-0.26608163,-0.697613,2.6660028,1.4700013,0.27116343
0.59254754,0.26315448,0.89915407,-0.6442186,5.089585,1.1436301,-2.0349019,-0.27792758,-0.6833432,2.669282,1.480473,0.27380657
0.6021732,0.25713626,0.9018319,-0.63536066,5.069954,1.1400802,-2.0478275,-0.28986043,-0.66898745,2.672589,1.4907032,0.27674586
0.6118295,0.25121114,0.9044727,-0.62673753,5.0501924,1.1364038,-2.06048,-0.30191976,-0.6545493,2.6759274,1.5006918,0.2800071
0.6215185,0.24537498,0.90705556,-0.6183824,5.0303016,1.1326008,-2.0728228,-0.31410643,-0.6400299,2.6793015,1.5104212,0.28362438
0.63123894,0.23962313,0.9095959,-0.61031854,5.0102854,1.1286724,-2.0848906,-0.32640436,-0.62542886,2.6827142,1.5199107,0.28760654
0.6409899,0.23395121,0.9121166,-0.6025586,4.990147,1.1246196,-2.0967233,-0.33879682,-0.61074615,2.6861684,1.5291771,0.29195076
0.65077144,0.2283562,0.9146115,-0.5951033,4.9698896,1.1204417,-2.1083126,-0.35127842,-0.595984,2.6896675,1.538218,0.29665238
0.66058356,0.22283508,0.91707456,-0.58795345,4.9495153,1.1161379,-2.1196506,-0.36384368,-0.5811445,2.693215,1.5470316,0.30170664
0.670426,0.21738479,0.91949934,-0.5811091,4.929027,1.1117073,-2.1307282,-0.37648746,-0.56622994,2.696814,1.5556153,0.3071089
0.6802954,0.21200156,0.9218691,-0.5745532,4.908431,1.1071465,-2.141499,-0.38921297,-0.55124146,2.7004642,1.5639453,0.3128547
0.69019085,0.20668438,0.9241905,-0.56829906,4.887728,1.1024568,-2.1519742,-0.4020145,-0.53618395,2.7041712,1.5720264,0.3189531
0.7001121,0.20143029,0.9264579,-0.562348,4.866922,1.0976377,-2.162147,-0.41488624,-0.5210599,2.7079382,1.5798575,0.32539946
0.7100588,0.19623631,0.92866457,-0.5567,4.846015,1.0926886,-2.17201,-0.4278229,-0.50587153,2.7117686,1.5874373,0.3321881
0.7200251,0.1911014,0.9307961,-0.5513333,4.8250103,1.0876129,-2.1815434,-0.4408316,-0.4906216,2.7156625,1.5947644,0.33930096
0.7300099,0.18602312,0.9328421,-0.5462463,4.803912,1.08241,-2.1907408,-0.45390946,-0.47531223,2.7196226,1.6018419,0.3467325
0.7400124,0.18099897,0.93485063,-0.54146403,4.7827253,1.0770818,-2.199612,-0.46698603,-0.45994723,2.7236521,1.6086318,0.35443962
0.7500313,0.17602536,0.93681264,-0.5368971,4.761456,1.0716312,-2.2081594,-0.48003894,-0.44453058,2.7277534,1.615147,0.362317
0.76006705,0.17110042,0.9387137,-0.5325449,4.740107,1.0660594,-2.2163622,-0.49305677,-0.42906502,2.7319293,1.6213797,0.3703531
0.77011925,0.16622193,0.940537,-0.5284028,4.718682,1.0603676,-2.2241995,-0.5060373,-0.4135524,2.7361825,1.6273263,0.37854165
0.7801838,0.16138269,0.9422276,-0.52443796,4.6971846,1.0545595,-2.2316012,-0.51900816,-0.39799282,2.7405176,1.632972,0.38688114
0.79025954,0.15658084,0.9437816,-0.5206485,4.67562,1.0486354,-2.2385643,-0.5319654,-0.3823891,2.7449362,1.6383183,0.3953657
0.80034536,0.1518147,0.94519454,-0.5170326,4.653992,1.0425955,-2.245086,-0.54490566,-0.3667439,2.7494392,1.6433667,0.40399015
0.81043994,0.14708143,0.9464858,-0.5136338,4.6323037,1.0364385,-2.251158,-0.5578411,-0.3510573,2.7540312,1.6480889,0.41281086
0.8205423,0.1423785,0.947661,-0.5104632,4.6105585,1.0301634,-2.256771,-0.57076937,-0.33533126,2.758715,1.65247,0.42183667
0.83065176,0.13770427,0.94871664,-0.5074901,4.5887604,1.0237701,-2.261916,-0.58366805,-0.31956962,2.76349,1.6565021,0.431013
0.84076893,0.1330596,0.94964534,-0.50467634,4.566913,1.0172595,-2.2666357,-0.59653693,-0.30377585,2.768354,1.6602336,0.44030023
0.85089284,0.12844303,0.9504435,-0.5020199,4.545021,1.010632,-2.2709286,-0.6093731,-0.2879526,2.7733076,1.6636664,0.4496935
0.86102235,0.12385308,0.9511077,-0.49951875,4.5230885,1.0038882,-2.2747934,-0.62217385,-0.27210245,2.7783515,1.6668024,0.45918798
0.87115645,0.11928831,0.9516344,-0.49717098,4.5011196,0.9970286,-2.2782288,-0.63493645,-0.25622797,2.7834866,1.6696436,0.46877894
0.88129395,0.1147473,0.95202035,-0.49497464,4.479119,0.9900537,-2.2812335,-0.6476582,-0.24033172,2.7887135,1.6721922,0.47846165
0.8914337,0.11022864,0.95226216,-0.49292785,4.4570904,0.9829641,-2.2838068,-0.66033655,-0.22441624,2.7940326,1.6744504,0.48823157
0.90157527,0.105731726,0.95235753,-0.49102846,4.435038,0.97576094,-2.285949,-0.67296684,-0.20848434,2.7994437,1.6764197,0.49808156
0.9117238,0.10125834,0.9523399,-0.48929015,4.4129686,0.96844923,-2.2877195,-0.6855166,-0.19253796,2.8049436,1.6781205,0.50799364
0.92187965,0.09680682,0.9522301,-0.4877261,4.390886,0.9610296,-2.2891636,-0.6979722,-0.17657785,2.810532,1.6795765,0.5179693
0.932042,0.09237548,0.952035,-0.4863439,4.3687935,0.9535014,-2.290306,-0.71031046,-0.16060427,2.8162093,1.6808059,0.5279938
0.9422097,0.08796212,0.9517446,-0.485138,4.346695,0.945866,-2.2911372,-0.7224939,-0.14461744,2.8219755,1.6818078,0.5380235
0.9523821,0.08356515,0.95135707,-0.48410556,4.324593,0.938125,-2.291657,-0.7345207,-0.12861945,2.8278303,1.6825837,0.5480537
0.9625575,0.07918453,0.950883,-0.4832131,4.3024898,0.93028307,-2.2918618,-0.74641526,-0.11261138,2.8337727,1.6831181,0.5580762
0.97273517,0.07481941,0.9503219,-0.4824497,4.2803874,0.92234284,-2.2917533,-0.7581841,-0.096594945,2.839802,1.6834121,0.5680872
0.98291445,0.07046862,0.9496721,-0.48181215,4.2582893,0.9143057,-2.2913313,-0.76982546,-0.080572315,2.845918,1.683467,0.57808185
0.9930946,0.06613103,0.94893193,-0.4812972,4.2361984,0.90617305,-2.2905958,-0.78133786,-0.06454566,2.8521202,1.6832845,0.5880553
1.003275,0.06180554,0.94809973,-0.48090163,4.214118,0.8979464,-2.289547,-0.7927198,-0.048517127,2.8584085,1.6828661,0.5980029
1.0134548,0.05749105,0.9471739,-0.48062226,4.192051,0.8896272,-2.2881851,-0.8039697,-0.032488845,2.864782,1.6822134,0.60791993
1.0236332,0.053186223,0.9461499,-0.48046046,4.17,0.88121706,-2.286507,-0.81508535,-0.016462782,2.871241,1.6813275,0.6178056
1.0338091,0.048888817,0.94501084,-0.48045433,4.147968,0.8727192,-2.2844837,-0.8260308,-0.0004415065,2.877785,1.6801963,0.6276603
1.0439808,0.04459805,0.9437563,-0.48060775,4.1259565,0.86413604,-2.282113,-0.8367887,0.015571659,2.8844128,1.678818,0.6374688
1.0541472,0.040312745,0.94234407,-0.4808979,4.1039696,0.85546976,-2.279394,-0.84732634,0.03157937,2.8911195,1.6772339,0.6471749
1.0643048,0.036030956,0.94075364,-0.4813462,4.0820103,0.846723,-2.2763088,-0.85766506,0.047581717,2.897902,1.675448,0.65682
1.0744526,0.031750545,0.93898183,-0.48194999,4.060082,0.83789563,-2.2728589,-0.8678054,0.06357457,2.9047594,1.6734637,0.6664043
1.0845907,0.027469294,0.93702376,-0.48271415,4.038191,0.8289854,-2.2690375,-0.8777784,0.07955301,2.9116933,1.6712781,0.67596674
1.0947193,0.023185289,0.9348906,-0.48362756,4.016346,0.81999,-2.2648451,-0.8876499,0.09551266,2.9187076,1.6688781,0.68556374
1.1048377,0.018895948,0.9325796,-0.48468643,3.9945514,0.8109105,-2.260268,-0.89742285,0.1114519,2.925803,1.6662529,0.6951947
1.1149449,0.014598443,0.93008757,-0.4858861,3.9728112,0.8017482,-2.2552886,-0.90710104,0.12736908,2.93298,1.6633892,0.70485896
1.1250391,0.010290172,0.9274183,-0.48721623,3.9511292,0.79250294,-2.2499075,-0.9166782,0.14326082,2.9402375,1.6602856,0.7145374
1.1351182,0.0059690224,0.92457384,-0.48866916,3.929509,0.78317505,-2.2441254,-0.9261501,0.15912417,2.947574,1.6569415,0.7242163
1.14518,0.0016339002,0.9215526,-0.49024388,3.9079547,0.77376646,-2.237942,-0.9355157,0.17495611,2.9549882,1.6533592,0.7338936
1.1552197,-0.00271611,0.9183489,-0.4919393,3.8864722,0.76427674,-2.2313569,-0.94477683,0.19075389,2.9624805,1.6495434,0.7435698
1.1652353,-0.0070822597,0.91496074,-0.49375093,3.8650658,0.75470656,-2.2243707,-0.95393926,0.20651549,2.9700506,1.645497,0.75324637
1.175226,-0.011462888,0.9113711,-0.49566013,3.8437374,0.74505633,-2.2170188,-0.9630748,0.22223713,2.977698,1.6412742,0.7629822
1.1851901,-0.015858538,0.9075755,-0.49766815,3.8224902,0.73532635,-2.2093027,-0.97218513,0.23791711,2.9854236,1.6368809,0.7727805
1.1951257,-0.020270037,0.9035707,-0.49977568,3.801328,0.7255168,-2.2012215,-0.9812703,0.25355396,2.993227,1.6323195,0.782642
1.2050301,-0.024697384,0.8993603,-0.50197846,3.7802541,0.7156293,-2.1927824,-0.9903249,0.26914603,3.0011075,1.6275903,0.7925568
1.2149,-0.029140046,0.8949563,-0.50428027,3.7592707,0.7056636,-2.1839972,-0.99935085,0.2846921,3.009062,1.6226932,0.80253243
1.2247335,-0.03359855,0.8903591,-0.5066827,3.7383804,0.69561994,-2.174868,-1.0083487,0.3001908,3.0170903,1.6176299,0.81257135
1.2345289,-0.038073704,0.8855661,-0.5091864,3.717587,0.68549854,-2.1653953,-1.0173185,0.31564066,3.0251927,1.6124027,0.8226742
1.2442844,-0.042566326,0.8805745,-0.511792,3.6968937,0.6752996,-2.1555784,-1.02626,0.33104023,3.033369,1.6070138,0.83284163
1.2539984,-0.04707704,0.87538296,-0.5144998,3.6763039,0.6650232,-2.1454203,-1.0351723,0.34638792,3.0416198,1.601468,0.84307295
1.2636708,-0.05160521,0.8699957,-0.5173034,3.6558194,0.65466833,-2.1349394,-1.0440521,0.36168078,3.0499442,1.5957817,0.85336006
1.273301,-0.05615207,0.8643938,-0.5202124,3.6354449,0.6442341,-2.1241288,-1.0528862,0.37691715,3.0583417,1.5899663,0.8636988
1.2828866,-0.060719237,0.85856456,-0.52324504,3.615184,0.6337204,-2.1129804,-1.0616537,0.39209637,3.066812,1.5840263,0.8740861
1.2924228,-0.06530808,0.8525053,-0.5264126,3.5950415,0.62312776,-2.1014805,-1.0703466,0.4072189,3.0753543,1.5779519,0.8845248
1.3019091,-0.06992421,0.84621906,-0.5297923,3.5750227,0.6124552,-2.0895967,-1.0788652,0.4222833,3.0839727,1.5717068,0.8949923
1.3113438,-0.074578516,0.83977336,-0.53343326,3.5551367,0.6016992,-2.0773394,-1.0871011,0.43728378,3.0926747,1.5652301,0.9054265
1.3207266,-0.07927342,0.83318436,-0.537353,3.5353868,0.59086275,-2.0647168,-1.0950345,0.45221835,3.1014607,1.5585145,0.91582936
1.3300565,-0.08401283,0.82649654,-0.541588,3.5157707,0.57995,-2.051803,-1.1026736,0.46708655,3.11033,1.5515903,0.92625046
1.3393312,-0.08879954,0.8197199,-0.5461224,3.496287,0.5689629,-2.038623,-1.1100384,0.4818874,3.1192822,1.5444708,0.93669415
1.3485485,-0.093634285,0.81281537,-0.5509464,3.4769397,0.5579001,-2.0251203,-1.1170889,0.4966197,3.1283185,1.5371388,0.94711035
1.3577089,-0.098519586,0.80578905,-0.55607563,3.4577308,0.54676324,-2.011305,-1.12382,0.5112808,3.137438,1.529598,0.9575104
1.3668141,-0.10345337,0.7986575,-0.5615568,3.4386582,0.53555125,-1.9972085,-1.1302145,0.5258679,3.1466367,1.521864,0.96792465
1.3758601,-0.10843525,0.7914772,-0.56733733,3.4197283,0.5242607,-1.9828695,-1.1362534,0.5403824,3.1559124,1.5139204,0.9782762
1.3848464,-0.11346812,0.78425604,-0.57342,3.400943,0.5128951,-1.968296,-1.1419326,0.5548218,3.1652644,1.5057666,0.9885644
1.3937733,-0.11855498,0.7769971,-0.57981026,3.3823044,0.50145805,-1.9534935,-1.1472471,0.5691839,3.1746924,1.4974046,0.9987897
1.4026412,-0.12369788,0.7697252,-0.58649147,3.3638134,0.4899537,-1.9384844,-1.1521951,0.5834678,3.1841946,1.4888331,1.0089359
1.4114552,-0.12889123,0.76252985,-0.59339064,3.3454635,0.4783934,-1.9233161,-1.156796,0.5976767,3.193768,1.4800096,1.0189538
1.420215,-0.1341343,0.75552016,-0.6004498,3.3272517,0.46678331,-1.9080484,-1.1610771,0.6118055,3.2034206,1.4708819,1.0288141
1.428922,-0.13943228,0.7487133,-0.6076599,3.3091786,0.45512944,-1.8927082,-1.1650546,0.62584877,3.2131555,1.4614596,1.0385245
1.4375784,-0.14478746,0.74210715,-0.61501807,3.291245,0.4434353,-1.8773037,-1.1687305,0.6398038,3.2229717,1.4517534,1.0480849
1.4461862,-0.15020186,0.7357034,-0.6225199,3.2734513,0.43170467,-1.8618394,-1.1721026,0.65366787,3.2328677,1.4417659,1.0574883
1.4547477,-0.15567733,0.7295043,-0.6301639,3.2557983,0.4199413,-1.8463155,-1.175166,0.6674378,3.2428424,1.4314954,1.0667293
1.4632679,-0.16121402,0.723521,-0.6379941,3.238285,0.40814933,-1.8306707,-1.177882,0.6811081,3.2528934,1.4208704,1.075816
1.4717491,-0.16681443,0.7177559,-0.64600456,3.2209127,0.39633304,-1.8149116,-1.1802477,0.6946753,3.2630196,1.4098953,1.0847402
1.4801935,-0.17248099,0.71221125,-0.6541892,3.2036824,0.38449678,-1.799045,-1.1822605,0.7081359,3.2732196,1.3985746,1.0934935
1.4886034,-0.1782172,0.7069136,-0.6625586,3.1865957,0.37264392,-1.7830993,-1.1838948,0.7214861,3.2834911,1.3869097,1.1020614
1.4969808,-0.18402717,0.70189923,-0.67112935,3.1696544,0.3607777,-1.7671121,-1.1851155,0.73472196,3.2938316,1.3749013,1.1104269
1.5053233,-0.18991895,0.6971878,-0.6799549,3.1528587,0.3489025,-1.7511088,-1.1858561,0.74783754,3.3042433,1.3625561,1.1185743
1.5136286,-0.19589499,0.69279987,-0.68916994,3.1362038,0.33702463,-1.7351632,-1.1860496,0.76082927,3.3147316,1.3499334,1.1265689
1.5218985,-0.20195353,0.68875736,-0.69884354,3.1196828,0.3251485,-1.719352,-1.1856703,0.7736981,3.325293,1.3370899,1.1344568
1.5301371,-0.20809972,0.6850629,-0.7089713,3.1032946,0.31328103,-1.7036837,-1.1847179,0.7864415,3.335927,1.3240316,1.142233
1.5383481,-0.21433863,0.68171877,-0.7195487,3.0870378,0.30142918,-1.6881669,-1.1831925,0.7990572,3.3466327,1.3107647,1.1498929
1.5465363,-0.22067396,0.6786726,-0.7304707,3.0709105,0.28959876,-1.6727586,-1.181163,0.8115417,3.35741,1.2973026,1.157398
1.5547034,-0.22710903,0.67588466,-0.7416652,3.054914,0.27779514,-1.6574265,-1.1786736,0.8238908,3.368258,1.2836529,1.1647184
1.5628507,-0.23364706,0.67335874,-0.75313026,3.039048,0.26602507,-1.6421793,-1.175722,0.83610123,3.3791747,1.2698221,1.1718496
1.5709779,-0.24029444,0.6711003,-0.7648863,3.0233128,0.25429267,-1.6269921,-1.1723148,0.84816945,3.3901582,1.2557819,1.1788193
1.5790875,-0.24705578,0.6691139,-0.7769391,3.0077083,0.24260244,-1.6118623,-1.1684538,0.8600933,3.401207,1.2415254,1.1856356
1.5871828,-0.2539362,0.6673244,-0.78939664,2.9922295,0.23096493,-1.5967791,-1.1639754,0.8718708,3.4123235,1.2271172,1.1922395
1.595266,-0.26094085,0.66573167,-0.802277,2.9768736,0.2193891,-1.5817542,-1.1588582,0.88349956,3.4235077,1.2125697,1.1986272
1.60334,-0.26807427,0.66434306,-0.8155849,2.9616394,0.20788291,-1.5668027,-1.1530986,0.8949776,3.4347584,1.1978911,1.2047997
1.6114106,-0.2753424,0.6630314,-0.8291162,2.9465249,0.1964501,-1.5520854,-1.1467309,0.90630776,3.4460692,1.1833742,1.2105867
1.6194764,-0.28275305,0.66176796,-0.8427565,2.9315324,0.18508786,-1.5376214,-1.1398644,0.91749036,3.457432,1.1690763,1.2159964
1.6275396,-0.29030725,0.6605395,-0.856483,2.916659,0.17380103,-1.5234281,-1.1325287,0.9285292,3.4688425,1.1550288,1.2210357
1.6356026,-0.29800525,0.65933496,-0.8702742,2.9019017,0.16259426,-1.5095209,-1.1247568,0.9394292,3.480296,1.1412588,1.2257171
1.643666,-0.3058478,0.65820843,-0.8841535,2.8872585,0.15146796,-1.4959469,-1.1165689,0.95019513,3.4917898,1.127762,1.2300874
1.6517311,-0.31383592,0.65716326,-0.89811844,2.8727262,0.14042583,-1.4827211,-1.1079763,0.96083,3.5033212,1.1145504,1.2341563
1.6597995,-0.32197103,0.6561974,-0.912171,2.8583014,0.12947202,-1.4698485,-1.0989943,0.9713365,3.5148878,1.1016304,1.2379417
1.6678723,-0.33025444,0.655309,-0.92631286,2.8439808,0.11861057,-1.4573336,-1.0896373,0.9817175,3.5264874,1.0890082,1.2414608
1.6759518,-0.33868706,0.654499,-0.94054335,2.82976,0.107843935,-1.4451783,-1.0799252,0.9919758,3.5381186,1.0766841,1.2447325
1.6840395,-0.3472695,0.6537877,-0.95484304,2.815636,0.097171724,-1.4333938,-1.0698963,1.002114,3.5497808,1.064648,1.247775
1.6921365,-0.356003,0.65316516,-0.96921134,2.8016047,0.086597465,-1.4219806,-1.0595676,1.0121355,3.561472,1.0529108,1.2506046
1.700245,-0.36489037,0.6526745,-0.9836794,2.7876623,0.07612385,-1.410967,-1.0489476,1.022046,3.5731902,1.041462,1.2532583
1.7083693,-0.37393463,0.65249103,-0.99814665,2.7738073,0.065751284,-1.4004574,-1.0380706,1.031846,3.5849307,1.0302294,1.2556652
1.7165117,-0.3831349,0.6526168,-1.0125932,2.7600367,0.055482388,-1.3904598,-1.0269525,1.0415361,3.5966923,1.0192187,1.2578197
1.7246724,-0.39249513,0.65304875,-1.0269989,2.746347,0.045322325,-1.3809965,-1.015583,1.0511221,3.608472,1.0084528,1.2596898
1.7328557,-0.40202165,0.6537745,-1.0413545,2.7327342,0.035269834,-1.3721474,-1.0040327,1.0606037,3.6202688,0.9980249,1.2613392
1.741066,-0.4117145,0.65480435,-1.0556537,2.719194,0.025324687,-1.363918,-0.9923273,1.0699883,3.6320822,0.9879237,1.2627882
1.7493063,-0.42157304,0.65612745,-1.0698963,2.7057202,0.015489486,-1.3562937,-0.9804717,1.0792785,3.6439106,0.97814554,1.2640426
1.7575788,-0.43159366,0.6577452,-1.0841143,2.6923034,0.0057622595,-1.3492569,-0.96844196,1.0884748,3.6557512,0.9686729,1.2651099
1.765886,-0.4417735,0.659658,-1.0983349,2.6789348,-0.0038581518,-1.3427918,-0.9562177,1.0975776,3.6676009,0.9594908,1.2659968
1.7742307,-0.45211267,0.66185653,-1.1125576,2.6656086,-0.013368774,-1.3368871,-0.9438037,1.1065896,3.6794581,0.9505972,1.2667083
1.7826161,-0.46261123,0.66433156,-1.1267823,2.65232,-0.022766706,-1.3315318,-0.93120474,1.1155134,3.6913211,0.9419903,1.2672493
1.7910452,-0.47326925,0.66707397,-1.1410085,2.6390636,-0.032049116,-1.3267149,-0.9184253,1.1243519,3.7031884,0.93366796,1.267625
1.7995206,-0.48408678,0.67007494,-1.155236,2.6258347,-0.041213244,-1.3224256,-0.90547013,1.1331075,3.7150586,0.9256282,1.2678401
1.8080453,-0.49506536,0.67333084,-1.1694508,2.6126282,-0.050256085,-1.3186663,-0.89237994,1.1417837,3.72693,0.91787744,1.2679231
1.816623,-0.5062037,0.6768243,-1.1836524,2.5994394,-0.059173692,-1.3154562,-0.87919676,1.1503855,3.7388046,0.9104484,1.2679156
1.8252529,-0.5175009,0.6805296,-1.197834,2.586269,-0.06796384,-1.3127414,-0.86593854,1.1589187,3.750683,0.9033121,1.2678351
1.8339398,-0.5289616,0.6843376,-1.2120134,2.5731204,-0.07661739,-1.3105145,-0.85256636,1.167378,3.7625659,0.8965749,1.2676694
1.8426846,-0.5405851,0.6882148,-1.2261862,2.5599914,-0.085132174,-1.308768,-0.83908087,1.1757652,3.7744532,0.8902644,1.2674129
1.851488,-0.5523705,0.692159,-1.2403514,2.5468783,-0.09350647,-1.3074923,-0.8254895,1.1840847,3.786344,0.8843725,1.2670712
1.860351,-0.5643165,0.6961753,-1.254506,2.5337775,-0.10173843,-1.306672,-0.81179255,1.1923405,3.7982378,0.878879,1.2666446
1.8692744,-0.5764225,0.7002611,-1.2686487,2.5206845,-0.109826416,-1.3062968,-0.7979963,1.2005367,3.8101335,0.87377566,1.2661386
1.8782588,-0.5886878,0.7044134,-1.2827791,2.5075958,-0.11776888,-1.3063568,-0.78410745,1.2086772,3.82203,0.86905533,1.2655591
1.8873056,-0.60111356,0.70860535,-1.296929,2.4945095,-0.12556219,-1.3068068,-0.7700786,1.2167673,3.833929,0.8646978,1.2648888
1.8964148,-0.6136999,0.7128175,-1.3111062,2.481423,-0.13320401,-1.3076264,-0.7559078,1.2248126,3.8458297,0.86070174,1.2641327
1.9055848,-0.62644553,0.71702754,-1.3253015,2.4683323,-0.14069344,-1.3088093,-0.7416297,1.2328197,3.8577294,0.85708344,1.2633162
1.914816,-0.6393501,0.72123456,-1.3395143,2.4552345,-0.14802897,-1.3103485,-0.7272505,1.2407923,3.869628,0.8538366,1.2624445
1.9241077,-0.6524119,0.7254386,-1.3537356,2.4421253,-0.15520915,-1.3122383,-0.71278477,1.2487336,3.8815255,0.85095495,1.2615243
1.9334569,-0.6656271,0.7296675,-1.367946,2.4289994,-0.16223325,-1.3145038,-0.6982669,1.2566441,3.8934271,0.8484349,1.2605721
1.9428642,-0.67899483,0.7339182,-1.382137,2.415853,-0.16910067,-1.3171374,-0.68371505,1.264527,3.905332,0.8462714,1.2595966
1.9523305,-0.69251573,0.7381431,-1.3963275,2.4026828,-0.17580923,-1.3200719,-0.66910166,1.272383,3.9172378,0.8444428,1.2585915
1.9618541,-0.70618796,0.7423001,-1.4105165,2.389486,-0.18236113,-1.3232405,-0.6543872,1.2802151,3.929143,0.8429225,1.2575151
1.9714292,-0.72000456,0.7463993,-1.424563,2.3762584,-0.1887632,-1.3266958,-0.63962626,1.2880368,3.9410436,0.8417502,1.2562724
1.9810525,-0.73396295,0.7504335,-1.4384836,2.3629968,-0.1950127,-1.3304111,-0.6248062,1.2958527,3.95294,0.8409024,1.2548676
1.9907173,-0.7480558,0.7543662,-1.4522779,2.3496957,-0.20111626,-1.3342364,-0.610037,1.303672,3.9648361,0.84026426,1.2534015
2.0004199,-0.7622788,0.7581902,-1.4659505,2.3363528,-0.20707658,-1.3381351,-0.59535253,1.3114982,3.9767327,0.839805,1.2519099
2.0101564,-0.7766289,0.7619365,-1.4795036,2.3229668,-0.212898,-1.3420936,-0.5807753,1.3193363,3.9886296,0.8394783,1.2504175
2.0199225,-0.79110384,0.7656479,-1.4929444,2.3095362,-0.2185862,-1.3461056,-0.5663214,1.3271912,4.0005264,0.8392332,1.2489482
2.0297198,-0.80570376,0.76933414,-1.5062745,2.2960606,-0.22414373,-1.3501838,-0.5519664,1.335063,4.0124216,0.83907354,1.2474808
2.0395448,-0.82042986,0.7730047,-1.5194921,2.2825422,-0.22957523,-1.3543364,-0.5377286,1.3429502,4.024317,0.838996,1.2460319
2.0493999,-0.83528566,0.77674717,-1.5325627,2.2689872,-0.23488143,-1.3586248,-0.52361065,1.3508474,4.0362144,0.8389751,1.2445673
2.0592856,-0.8502696,0.7805609,-1.5454867,2.2553942,-0.24006335,-1.3630449,-0.509613,1.3587548,4.048114,0.839007,1.243088
2.069203,-0.8653804,0.7844479,-1.5582621,2.241762,-0.24512225,-1.3675946,-0.49574104,1.3666723,4.060015,0.8390881,1.2415977
2.0791526,-0.8806176,0.7884229,-1.570875,2.2280886,-0.25006056,-1.372284,-0.4820252,1.3745986,4.07192,0.83921456,1.2401117
2.0891352,-0.89597946,0.7924873,-1.5833211,2.2143729,-0.2548801,-1.3771108,-0.4684663,1.3825343,4.0838275,0.83938247,1.2386266
2.0991488,-0.91146374,0.7966278,-1.5955874,2.2006123,-0.2595828,-1.3820609,-0.4550856,1.3904798,4.095738,0.8395911,1.2371494
2.1091917,-0.92706865,0.8008131,-1.6076777,2.1868048,-0.26416883,-1.3871043,-0.44191483,1.3984337,4.107652,0.83984166,1.2357141
2.1192658,-0.9427949,0.8050629,-1.6196107,2.1729515,-0.2686413,-1.3921984,-0.4289695,1.4063956,4.1195726,0.8400714,1.2343562
2.1293714,-0.9586433,0.809392,-1.6314133,2.1590514,-0.2730043,-1.3973382,-0.41625407,1.4143628,4.131498,0.8402639,1.2331114
2.1395078,-0.9746122,0.81380314,-1.6430377,2.1451035,-0.2772593,-1.4025573,-0.40374973,1.4223336,4.1434274,0.84045255,1.2319173
2.14968,-0.9906992,0.8183114,-1.6544303,2.1311057,-0.28140563,-1.4079146,-0.39148173,1.4303054,4.155361,0.8406826,1.2307447
2.1598892,-1.0069019,0.8229367,-1.6655799,2.1170564,-0.28544536,-1.413434,-0.37947425,1.4382786,4.1672993,0.8409567,1.2296077
2.1701372,-1.0232171,0.82768184,-1.6764892,2.1029541,-0.2893805,-1.419117,-0.3677287,1.4462533,4.179242,0.8412723,1.2285105
2.1804233,-1.039641,0.832536,-1.6871793,2.0887983,-0.2932142,-1.4249448,-0.35624108,1.4542278,4.191191,0.84162086,1.2274683
2.1907477,-1.0561713,0.8374942,-1.6976576,2.0745888,-0.29695013,-1.4309038,-0.34501135,1.4622012,4.203146,0.8419946,1.2264875
2.201112,-1.0728054,0.84255415,-1.7079248,2.0603242,-0.3005906,-1.4369887,-0.33403528,1.4701736,4.2151074,0.84239024,1.2255648
2.2115173,-1.0895411,0.8477135,-1.7179819,2.0460036,-0.3041379,-1.4431943,-0.3233087,1.4781448,4.2270756,0.8428048,1.2246968
2.2219622,-1.1063795,0.85296607,-1.7278643,2.0316248,-0.30759597,-1.4495237,-0.31277615,1.486113,4.239052,0.843248,1.2238647
2.2324505,-1.1233151,0.85832393,-1.7375691,2.0171828,-0.31096694,-1.4559885,-0.3023961,1.4940797,4.251035,0.84372175,1.2230241
2.2429867,-1.1403455,0.8638145,-1.7471164,2.0026739,-0.31425297,-1.4626031,-0.29215276,1.502045,4.2630267,0.844214,1.2221822
2.2535722,-1.1574692,0.86944085,-1.7565172,1.9880967,-0.31745514,-1.4693714,-0.28204012,1.5100089,4.2750263,0.84472597,1.2213446
2.264208,-1.1746844,0.87519443,-1.7657663,1.9734501,-0.32057467,-1.4762827,-0.27205473,1.5179716,4.287034,0.8452551,1.2205031
2.2748933,-1.1919893,0.88105947,-1.7748607,1.9587343,-0.32361254,-1.4833299,-0.2622327,1.5259364,4.2990494,0.84581083,1.2196907
2.2856264,-1.209382,0.88705,-1.7838103,1.943948,-0.32657003,-1.4905033,-0.2525813,1.5339053,4.31107,0.8463685,1.2189198
2.296409,-1.2268612,0.8931637,-1.7926157,1.9290904,-0.32944867,-1.4977999,-0.24309827,1.5418781,4.3230963,0.8469272,1.2181889
2.3072417,-1.2444255,0.8993983,-1.8012778,1.9141604,-0.33224994,-1.5052167,-0.23378138,1.5498544,4.3351283,0.8474862,1.2174968
2.3181262,-1.2620734,0.9057538,-1.8097966,1.8991574,-0.33497554,-1.5127518,-0.22462961,1.5578344,4.347167,0.8480428,1.2168424
2.3290644,-1.2798022,0.912226,-1.8181567,1.8840809,-0.33762357,-1.5204197,-0.21566585,1.565821,4.359211,0.84861106,1.2162373
2.3400574,-1.2976105,0.9188126,-1.8263595,1.8689299,-0.3401957,-1.528217,-0.2068874,1.573814,4.371261,0.8491897,1.21568
2.3511062,-1.3154968,0.92550486,-1.8343952,1.8537037,-0.3426925,-1.536133,-0.19830193,1.581814,4.383316,0.8497769,1.2151681
2.3622115,-1.3334599,0.93228066,-1.8422898,1.8384025,-0.34511623,-1.5441656,-0.18991104,1.5898236,4.395378,0.8503943,1.2147307
2.373374,-1.351498,0.93912715,-1.8500314,1.8230255,-0.34746853,-1.5523027,-0.1817247,1.5978427,4.4074473,0.85104257,1.2143656
2.3845947,-1.3696094,0.94602543,-1.8576261,1.8075731,-0.34975278,-1.5605345,-0.17373161,1.6058716,4.419525,0.85172987,1.2140682
2.395874,-1.3877938,0.9529902,-1.8650676,1.7920464,-0.35197017,-1.5688695,-0.16593114,1.6139097,4.4316125,0.85244983,1.2138318
2.4072127,-1.4060508,0.9600296,-1.8723457,1.776445,-0.35412228,-1.5773059,-0.15831625,1.6219567,4.44371,0.85319203,1.2136388
2.4186115,-1.424379,0.967141,-1.8794563,1.7607682,-0.35621095,-1.5858358,-0.15088059,1.630012,4.455817,0.8539509,1.2134784
2.4300709,-1.4427766,0.9743218,-1.886401,1.7450153,-0.3582377,-1.5944548,-0.14362201,1.6380755,4.4679356,0.8547245,1.2133503
2.4415917,-1.461242,0.9815695,-1.8931817,1.7291856,-0.3602041,-1.6031586,-0.13653839,1.6461469,4.480065,0.85551095,1.2132539
2.4531744,-1.4797734,0.9888817,-1.8997998,1.7132787,-0.36211163,-1.611943,-0.1296276,1.654226,4.492205,0.85630834,1.2131886
2.464819,-1.4983675,0.9962636,-1.9062483,1.6972924,-0.3639627,-1.6208079,-0.12290416,1.6623127,4.5043554,0.85711133,1.2131618
2.4765258,-1.5170194,1.0036726,-1.9124365,1.6812258,-0.3657628,-1.6297003,-0.11644163,1.670405,4.5165157,0.857912,1.2131513
2.488295,-1.5357262,1.0111015,-1.9183608,1.6650785,-0.3675141,-1.6386111,-0.11024092,1.6785023,4.528686,0.85870844,1.2131544
2.5001273,-1.5544853,1.0185461,-1.9240241,1.6488507,-0.36921877,-1.6475339,-0.104298934,1.6866041,4.540867,0.85949844,1.2131705
2.5120225,-1.5732942,1.0260025,-1.9294288,1.6325425,-0.37087888,-1.6564628,-0.09861251,1.6947103,4.553058,0.86027974,1.2131989
2.5239809,-1.5921501,1.0334667,-1.9345776,1.616154,-0.37249652,-1.6653916,-0.09317848,1.7028201,4.56526,0.8610502,1.2132388
2.5360024,-1.6110507,1.0409347,-1.9394733,1.5996853,-0.37407374,-1.6743144,-0.08799367,1.7109332,4.577472,0.86180764,1.2132899
2.5480874,-1.6299934,1.0484027,-1.9441186,1.5831368,-0.3756126,-1.6832254,-0.08305484,1.7190493,4.5896955,0.86255,1.2133514
2.5602357,-1.6489757,1.0558668,-1.9485165,1.5665088,-0.377115,-1.6921189,-0.07835879,1.727168,4.6019297,0.86327535,1.2134228
2.5724478,-1.6679952,1.0633234,-1.9526697,1.5498015,-0.378583,-1.7009892,-0.07390226,1.7352885,4.614175,0.8639816,1.2135035
2.5847232,-1.6870494,1.0707687,-1.9565812,1.5330153,-0.3800185,-1.709831,-0.069681965,1.7434106,4.626431,0.8646668,1.2135931
2.597062,-1.706136,1.0781991,-1.9602541,1.5161506,-0.38142338,-1.7186387,-0.06569461,1.7515337,4.638698,0.86532915,1.2136912
2.6094644,-1.7252526,1.0856099,-1.96369,1.4992079,-0.3827996,-1.7274064,-0.061938033,1.7596575,4.650976,0.8659674,1.2137972
2.6219304,-1.7443957,1.0929792,-1.9668914,1.4821882,-0.38414824,-1.7361152,-0.058411133,1.7677807,4.6632643,0.8665835,1.2139108
2.63446,-1.7635627,1.1002864,-1.9698728,1.4650928,-0.38547,-1.7447423,-0.055096067,1.7759025,4.675562,0.8671745,1.2140282
2.6470516,-1.7827516,1.1075052,-1.9726351,1.4479218,-0.38676703,-1.7532842,-0.051992577,1.7840223,4.687869,0.8677637,1.2141503
2.6597047,-1.8019602,1.1146333,-1.9751822,1.4306761,-0.38804096,-1.7617373,-0.049098283,1.79214,4.7001863,0.86834997,1.2142781
2.6724186,-1.8211864,1.1216682,-1.9775175,1.4133567,-0.38929343,-1.7700982,-0.046410754,1.8002553,4.712513,0.8689321,1.2144128
2.6851923,-1.8404281,1.1286076,-1.979645,1.3959644,-0.3905261,-1.7783633,-0.043927502,1.8083681,4.7248497,0.86950904,1.2145555
2.6980252,-1.8596833,1.1354492,-1.9815687,1.3785002,-0.3917405,-1.7865294,-0.041645996,1.8164781,4.737196,0.8700796,1.2147074
2.7109163,-1.8789494,1.1421907,-1.9832928,1.3609649,-0.39293817,-1.7945938,-0.039562583,1.8245854,4.749552,0.8706434,1.2148687
2.7238648,-1.8982232,1.1488459,-1.9848353,1.343358,-0.39411932,-1.8025848,-0.037657995,1.8326908,4.7619157,0.87121606,1.2150369
2.7368696,-1.9175023,1.155413,-1.9862008,1.3256805,-0.39528543,-1.8105075,-0.035929542,1.8407943,4.774287,0.8718042,1.2152133
2.7499297,-1.9367849,1.161888,-1.9873921,1.3079332,-0.3964379,-1.8183597,-0.034376338,1.8488959,4.786667,0.8724088,1.2153994
2.763044,-1.9560691,1.1682702,-1.988414,1.2901169,-0.39757794,-1.8261436,-0.032996625,1.8569959,4.799054,0.87303275,1.215598
2.7762105,-1.9753522,1.1745678,-1.9892752,1.2722309,-0.39870653,-1.833887,-0.03179246,1.8650954,4.81145,0.873698,1.2158211
2.789427,-1.994632,1.1807823,-1.9899848,1.2542734,-0.39982614,-1.8415892,-0.030761246,1.873194,4.823853,0.8744054,1.2160778
2.8026931,-2.0139072,1.1869128,-1.9905453,1.2362453,-0.40093803,-1.8492451,-0.029906051,1.8812919,4.8362637,0.87515086,1.2163734
2.816008,-2.0331762,1.1929588,-1.9909575,1.2181472,-0.40204352,-1.8568493,-0.029231325,1.8893888,4.848682,0.8759297,1.2167133
2.8293712,-2.0524375,1.1989188,-1.9912257,1.1999794,-0.40314406,-1.8643996,-0.028734183,1.897485,4.861108,0.8767413,1.2170986
2.8427818,-2.0716896,1.2047889,-1.9913489,1.1817425,-0.40424109,-1.8718894,-0.028409239,1.9055806,4.873542,0.8775825,1.2175232
2.8562388,-2.0909307,1.210563,-1.9913361,1.1634369,-0.40533623,-1.8793159,-0.028252136,1.913676,4.885984,0.87845683,1.2179918
2.8697402,-2.1101594,1.216204,-1.991251,1.1450622,-0.40643284,-1.8866838,-0.028253391,1.9217727,4.898436,0.8794077,1.2185585
2.883285,-2.1293752,1.221711,-1.9911,1.126619,-0.4075321,-1.8939915,-0.02840906,1.9298712,4.9108987,0.88043445,1.2192258
2.8968718,-2.1485786,1.2271032,-1.9909005,1.108108,-0.40863538,-1.9012585,-0.028691415,1.9379717,4.9233713,0.88153756,1.2199837
2.9104993,-2.1677701,1.2323911,-1.9906644,1.0895301,-0.40974376,-1.9084951,-0.029084003,1.9460746,4.935854,0.88271713,1.2208278
2.9241672,-2.1869493,1.2375675,-1.9903833,1.0708855,-0.410857,-1.915692,-0.029594393,1.9541813,4.948346,0.88397104,1.2217574
2.9378743,-2.2061157,1.2426311,-1.9900612,1.0521748,-0.41197583,-1.9228469,-0.030220639,1.9622926,4.960849,0.8852985,1.2227744
2.9516206,-2.2252686,1.2475817,-1.9896983,1.0333977,-0.41310155,-1.9299566,-0.03096091,1.9704086,4.9733624,0.88669616,1.2238773
2.9654062,-2.244407,1.2524203,-1.9892924,1.0145539,-0.41423574,-1.9370167,-0.031813875,1.9785298,4.985888,0.8881592,1.2250628
2.9792304,-2.2635303,1.2571459,-1.988848,0.9956438,-0.41537917,-1.9440258,-0.03277694,1.9866567,4.998426,0.88968706,1.2263329
2.9930923,-2.2826374,1.2617482,-1.9883702,0.9766683,-0.4165319,-1.9509679,-0.033835735,1.9947902,5.0109777,0.8912737,1.2276787
3.0069907,-2.301727,1.2662205,-1.987864,0.95762825,-0.41769406,-1.9578326,-0.03497999,2.002931,5.0235443,0.8929149,1.2290949
3.020924,-2.3208003,1.2705534,-1.9873292,0.9385239,-0.41886684,-1.9646069,-0.036206145,2.0110793,5.0361257,0.8946067,1.2305772
3.0348907,-2.3398573,1.2747251,-1.9867331,0.91935724,-0.4200511,-1.9712795,-0.03753083,2.0192368,5.048721,0.8963589,1.2321067
3.0488892,-2.358898,1.278735,-1.9860808,0.9001291,-0.42124742,-1.9778491,-0.038951103,2.027404,5.0613303,0.89817065,1.2336856
3.0629184,-2.3779213,1.2825828,-1.9853776,0.8808403,-0.42245635,-1.9843144,-0.04046399,2.0355818,5.073954,0.900041,1.2353163
3.076977,-2.396927,1.2862679,-1.9846288,0.8614917,-0.42367843,-1.9906743,-0.04206649,2.0437706,5.0865927,0.9019691,1.237001
3.0910637,-2.4159148,1.2897902,-1.98384,0.84208417,-0.42491412,-1.9969275,-0.043755587,2.0519707,5.099246,0.903954,1.2387421
3.1051772,-2.4348838,1.2931494,-1.9830166,0.82261854,-0.4261639,-2.0030732,-0.045528248,2.060183,5.1119146,0.905995,1.2405423
3.1193163,-2.453834,1.2963454,-1.9821641,0.80309576,-0.42742825,-2.0091102,-0.047381405,2.068408,5.124599,0.9080912,1.2424039
3.1334798,-2.4727652,1.299378,-1.9812882,0.78351665,-0.42870754,-2.0150378,-0.049311984,2.076646,5.1372995,0.9102418,1.2443293
3.1476667,-2.4916766,1.302251,-1.9803919,0.76388186,-0.43000227,-2.0208576,-0.051315542,2.0848982,5.1500163,0.9124447,1.2463173
3.1618772,-2.5105667,1.304984,-1.979466,0.7441912,-0.4313132,-2.0265813,-0.053381823,2.093165,5.16275,0.9146923,1.248348
3.1761103,-2.5294352,1.307577,-1.9785151,0.7244455,-0.43264058,-2.0322084,-0.05550835,2.1014469,5.1755,0.91698384,1.2504237
3.190365,-2.5482817,1.3100302,-1.977544,0.7046455,-0.43398476,-2.0377386,-0.057692636,2.1097445,5.188267,0.9193187,1.2525463
3.2046404,-2.5671062,1.3123437,-1.976557,0.684792,-0.43534595,-2.043171,-0.05993218,2.1180582,5.2010517,0.9216962,1.2547181
3.218935,-2.5859084,1.3145179,-1.9755673,0.6648857,-0.4367243,-2.0485039,-0.06221677,2.1263883,5.2138534,0.9241138,1.2569416
3.2332478,-2.604688,1.3165532,-1.9745905,0.64492744,-0.4381198,-2.053735,-0.06453399,2.1347349,5.226672,0.92656845,1.2592198
3.2475781,-2.623446,1.3184656,-1.9736314,0.62491876,-0.43953246,-2.0588686,-0.06688396,2.143098,5.239508,0.9290484,1.2615577
3.261927,-2.6421864,1.3202835,-1.9726977,0.6048628,-0.44096324,-2.0638502,-0.06928095,2.151478,5.2523603,0.93147105,1.2639781
3.2762933,-2.6609094,1.3220022,-1.9717903,0.5847609,-0.4424125,-2.068668,-0.07172071,2.1598742,5.265228,0.9338294,1.2664772
3.2906766,-2.6796148,1.3236033,-1.9709247,0.5646158,-0.44388214,-2.07332,-0.0741879,2.168287,5.278113,0.9361392,1.2690552
3.305076,-2.6983042,1.3250849,-1.9701309,0.5444291,-0.44537205,-2.077814,-0.076679915,2.1767163,5.291016,0.93841016,1.2717391
3.31949,-2.7169785,1.3264313,-1.9694283,0.5242017,-0.44688243,-2.082155,-0.079193205,2.185162,5.303939,0.9406627,1.274545
3.333918,-2.735639,1.3276403,-1.9688244,0.5039346,-0.44841328,-2.086344,-0.08172467,2.1936243,5.3168826,0.94290066,1.277477
3.3483593,-2.7542872,1.3287143,-1.9683257,0.48362893,-0.44996446,-2.0903845,-0.08426577,2.2021031,5.3298483,0.9451253,1.2805332
3.362813,-2.7729256,1.3296592,-1.96794,0.46328554,-0.4515357,-2.0942838,-0.08679822,2.210599,5.3428354,0.9473388,1.2837021
3.3772783,-2.7915556,1.330474,-1.9676733,0.44290555,-0.4531266,-2.098042,-0.08931768,2.219112,5.355845,0.94954234,1.2869858
3.3917549,-2.8101788,1.3311394,-1.9675417,0.42249012,-0.4547359,-2.1016445,-0.09180219,2.2276418,5.368878,0.95173955,1.290378
3.4062414,-2.8287964,1.3316561,-1.9675506,0.40204048,-0.45636302,-2.1050928,-0.09424911,2.236189,5.3819346,0.9539315,1.2938817
3.4207368,-2.84741,1.3320228,-1.9677045,0.38155785,-0.4580075,-2.1083865,-0.09665471,2.2447534,5.395016,0.9561189,1.2974973
3.4352388,-2.866019,1.3322155,-1.9679939,0.3610439,-0.4596714,-2.1114974,-0.09899944,2.2533364,5.4081244,0.9582967,1.3011951
3.4497461,-2.884625,1.3322349,-1.9684237,0.3405001,-0.46135384,-2.1144269,-0.1012808,2.2619383,5.4212594,0.96046615,1.3049777
3.4642572,-2.9032292,1.3320816,-1.968999,0.3199278,-0.46305397,-2.117177,-0.103496306,2.2705595,5.434422,0.96262825,1.3088473
3.4787707,-2.9218333,1.3317561,-1.9697249,0.29932848,-0.46477094,-2.1197498,-0.105643526,2.2792,5.4476132,0.9647842,1.3128066
3.4932852,-2.9404387,1.3312595,-1.9706063,0.27870345,-0.46650383,-2.122147,-0.10772007,2.2878606,5.4608335,0.9669351,1.3168579
3.5077991,-2.959047,1.3305924,-1.9716483,0.25805408,-0.46825173,-2.124371,-0.1097236,2.2965415,5.4740834,0.9690822,1.321004
3.5223112,-2.97766,1.3297555,-1.9728559,0.23738173,-0.4700137,-2.1264238,-0.111651786,2.3052428,5.4873643,0.97122663,1.3252474
3.5368202,-2.996279,1.3287499,-1.9742341,0.21668768,-0.47178876,-2.1283076,-0.11350235,2.313965,5.5006766,0.9733697,1.3295907
3.5513246,-3.0149062,1.3275764,-1.975788,0.19597325,-0.47357595,-2.1300247,-0.11527308,2.3227086,5.514021,0.9755127,1.3340367
3.565823,-3.033543,1.326236,-1.9775226,0.17523968,-0.47537425,-2.1315775,-0.11696176,2.331474,5.5273986,0.9776568,1.3385881
3.5803142,-3.0521915,1.3247298,-1.979443,0.15448824,-0.47718263,-2.1329684,-0.11856623,2.3402617,5.54081,0.9798034,1.3432477
3.5947967,-3.0708535,1.3230588,-1.9815522,0.13372011,-0.47900006,-2.134199,-0.12008784,2.3490717,5.554257,0.98195237,1.3480198
3.609269,-3.0895321,1.3212258,-1.983836,0.11293649,-0.4808255,-2.1352582,-0.121560805,2.3579028,5.5677395,0.98409,1.3529245
3.6237295,-3.1082294,1.3192314,-1.9862999,0.09213865,-0.48265824,-2.136148,-0.1229826,2.366755,5.5812593,0.9862173,1.3579644
3.6381774,-3.126947,1.3170764,-1.9889494,0.07132787,-0.48449752,-2.1368706,-0.12435071,2.375629,5.5948176,0.9883355,1.3631427
3.6526113,-3.1456869,1.3147619,-1.9917902,0.050505407,-0.48634258,-2.137428,-0.12566264,2.3845246,5.6084156,0.9904456,1.3684623
3.6670299,-3.164451,1.3122885,-1.9948279,0.029672489,-0.48819265,-2.1378224,-0.12691592,2.3934424,5.6220546,0.9925489,1.3739263
3.681432,-3.1832411,1.3096573,-1.9980681,0.008830324,-0.49004692,-2.138056,-0.12810816,2.4023826,5.6357355,0.9946465,1.3795377
3.6958165,-3.2020597,1.3068694,-2.0015163,-0.01201991,-0.49190456,-2.1381314,-0.12923695,2.4113457,5.64946,0.9967396,1.3852998
3.7101822,-3.2209086,1.3039256,-2.0051785,-0.03287705,-0.4937647,-2.1380508,-0.13029993,2.4203317,5.663229,0.9988296,1.3912157
3.7245278,-3.23979,1.3008273,-2.0090601,-0.053739958,-0.49562648,-2.1378167,-0.13129474,2.4293413,5.6770444,1.0009178,1.3972887
3.7388523,-3.258706,1.2975754,-2.0131671,-0.07460753,-0.49748898,-2.1374319,-0.1322191,2.4383748,5.6909075,1.0030054,1.403522
3.7531521,-3.2776597,1.2941703,-2.0174632,-0.09547736,-0.49934813,-2.1368828,-0.1331023,2.4474318,5.7048225,1.0050776,1.4099096
3.7674258,-3.2966528,1.2906125,-2.0219395,-0.11634775,-0.50120217,-2.1361659,-0.13395259,2.4565127,5.718793,1.0071298,1.4164511
3.7816715,-3.315687,1.2869031,-2.0265987,-0.13721748,-0.5030508,-2.135281,-0.13477084,2.4656174,5.7328196,1.0091608,1.4231495
3.7958875,-3.334762,1.283043,-2.031417,-0.15808547,-0.5048964,-2.1342115,-0.13556558,2.4747443,5.746903,1.0111518,1.4299861
3.8100722,-3.35388,1.2790322,-2.0363948,-0.17895025,-0.5067385,-2.1329565,-0.13633402,2.4838936,5.761044,1.0131016,1.4369584
3.8242245,-3.3730419,1.2748713,-2.0415356,-0.19981039,-0.5085765,-2.1315167,-0.1370745,2.4930649,5.7752447,1.0150102,1.444068
3.8383431,-3.3922498,1.2705611,-2.0468426,-0.22066444,-0.5104099,-2.129893,-0.1377854,2.5022583,5.789506,1.0168779,1.4513164
3.8524268,-3.4115052,1.2661023,-2.0523193,-0.24151099,-0.512238,-2.1280868,-0.13846515,2.5114737,5.803829,1.0187048,1.4587052
3.8664744,-3.43081,1.2614956,-2.0579689,-0.2623486,-0.5140604,-2.1260989,-0.13911214,2.520711,5.8182154,1.020491,1.466236
3.8804848,-3.4501657,1.2567416,-2.0637949,-0.28317586,-0.5158763,-2.1239302,-0.13972482,2.5299702,5.832666,1.022237,1.4739105
3.8944566,-3.4695742,1.2518413,-2.0698004,-0.30399138,-0.5176852,-2.1215823,-0.14030163,2.5392513,5.8471828,1.0239428,1.4817302
3.9083889,-3.4890373,1.2467954,-2.075989,-0.3247938,-0.5194864,-2.1190565,-0.14084105,2.5485542,5.861767,1.025609,1.4896969
3.922279,-3.5085566,1.2415926,-2.08237,-0.34558237,-0.5212769,-2.1163678,-0.14131887,2.557879,5.87642,1.0272627,1.4977946
3.9361255,-3.528134,1.2362374,-2.0889554,-0.36635613,-0.52305514,-2.1135268,-0.14171994,2.5672252,5.8911443,1.0289102,1.5060191
3.9499278,-3.5477717,1.2307376,-2.0957553,-0.3871141,-0.52482015,-2.1105418,-0.14203371,2.5765924,5.9059405,1.030552,1.5143696
3.9636846,-3.5674713,1.2250944,-2.1027708,-0.40785474,-0.5265709,-2.107415,-0.14226067,2.585981,5.92081,1.0321896,1.5228472
3.9773953,-3.5872343,1.2193081,-2.109995,-0.42857465,-0.5283069,-2.1041472,-0.1424069,2.5953903,5.9357553,1.0338266,1.5314496
3.9910593,-3.607063,1.2133925,-2.1174567,-0.44927356,-0.5300266,-2.1007588,-0.14246103,2.6048217,5.9507775,1.03547,1.5401962
4.004676,-3.6269603,1.2073535,-2.1251678,-0.46995077,-0.5317287,-2.0972583,-0.14241885,2.6142755,5.965879,1.037123,1.549095
4.018244,-3.6469283,1.2011932,-2.1331315,-0.4906055,-0.533412,-2.093649,-0.1422796,2.6237519,5.981061,1.038786,1.5581484
4.0317626,-3.6669698,1.1949139,-2.141351,-0.51123697,-0.53507537,-2.0899336,-0.14204255,2.6332514,5.9963245,1.0404602,1.5673584
4.045231,-3.687087,1.1885176,-2.1498294,-0.53184444,-0.53671765,-2.0861154,-0.14170703,2.6427746,6.0116715,1.0421463,1.5767274
4.058648,-3.7072828,1.1820064,-2.1585696,-0.5524272,-0.53833765,-2.0821974,-0.14127232,2.6523216,6.027104,1.0438453,1.5862576
4.0720134,-3.7275593,1.1753826,-2.167575,-0.57298446,-0.53993416,-2.0781832,-0.14073779,2.661893,6.0426226,1.0455579,1.5959513
4.0853257,-3.7479188,1.1686246,-2.1768262,-0.59351504,-0.54150546,-2.0740504,-0.14012495,2.671491,6.058228,1.0472815,1.6058078
4.0985847,-3.7683632,1.1617217,-2.1863031,-0.61401814,-0.54305035,-2.0697832,-0.13945112,2.6811173,6.073921,1.0490087,1.61582
4.1117887,-3.7888944,1.1546751,-2.1960082,-0.6344928,-0.54456794,-2.0653834,-0.13871539,2.6907725,6.089703,1.0507398,1.6259899
4.124937,-3.8095152,1.1474829,-2.2059505,-0.65493697,-0.5460567,-2.060849,-0.13791552,2.7004566,6.105575,1.0524755,1.6363236
4.1380286,-3.8302288,1.140137,-2.2161539,-0.67534643,-0.5475138,-2.0561702,-0.13704312,2.7101681,6.121538,1.0542163,1.6468365
4.151062,-3.8510377,1.1326385,-2.2266226,-0.69572,-0.5489381,-2.0513484,-0.13609679,2.7199075,6.137594,1.0559624,1.6575313
4.1640363,-3.8719444,1.1249886,-2.237361,-0.7160566,-0.5503286,-2.0463853,-0.13507518,2.729675,6.1537447,1.0577142,1.6684103
4.17695,-3.892952,1.1171874,-2.2483797,-0.7363549,-0.55168414,-2.0412853,-0.13397542,2.7394712,6.169991,1.0594759,1.6794814
4.189802,-3.9140642,1.1092323,-2.2597048,-0.7566134,-0.5530034,-2.0360594,-0.13279136,2.7492964,6.186335,1.0612607,1.6907637
4.2025914,-3.9352841,1.1011246,-2.271342,-0.7768311,-0.5542851,-2.0307097,-0.13152142,2.7591512,6.2027793,1.0630695,1.7022609
4.215317,-3.956615,1.0928657,-2.2832968,-0.79700696,-0.5555281,-2.0252385,-0.13016409,2.769036,6.219325,1.0649029,1.7139767
4.2279773,-3.9780598,1.0844568,-2.2955751,-0.8171401,-0.55673116,-2.0196483,-0.12871782,2.7789514,6.235975,1.066762,1.7259151
4.240575,-3.99962,1.0759014,-2.308161,-0.8372308,-0.55789536,-2.0139306,-0.12718818,2.7888973,6.2527313,1.0686355,1.7380664
4.2531066,-4.0213,1.0671974,-2.3210928,-0.8572768,-0.5590179,-2.0080607,-0.12555107,2.7988746,6.2696033,1.0704998,1.7504466
4.265567,-4.0431104,1.0582674,-2.3343918,-0.8772722,-0.5600951,-2.0019467,-0.12376551,2.8088856,6.286607,1.0723381,1.7630378
4.2779536,-4.0650554,1.0491158,-2.3480585,-0.89721507,-0.561125,-1.9955946,-0.12183305,2.8189301,6.303745,1.074152,1.7758418
4.2902656,-4.087139,1.0397722,-2.362056,-0.9171046,-0.5621055,-1.9890397,-0.11979419,2.8290088,6.3210196,1.0759465,1.7888618
4.302501,-4.1093645,1.0302361,-2.3763907,-0.936939,-0.5630351,-1.9822814,-0.11764674,2.8391218,6.338434,1.0777214,1.802101
4.31466,-4.131734,1.0205227,-2.3910568,-0.95671767,-0.5639126,-1.9753323,-0.11538123,2.8492696,6.355991,1.079474,1.8155441
4.3267426,-4.1542487,1.0106593,-2.4060419,-0.97644025,-0.56473684,-1.9682117,-0.11297998,2.859453,6.3736916,1.0811963,1.8291607
4.3387494,-4.1769104,1.0006753,-2.4213228,-0.9961068,-0.56550807,-1.9609365,-0.1104498,2.8696728,6.391537,1.0828751,1.8429339
4.3506827,-4.1997166,0.9905871,-2.436843,-1.0157199,-0.5662299,-1.9535257,-0.10787136,2.8799314,6.40953,1.0845114,1.8568875
4.362542,-4.2226696,0.9803953,-2.4526052,-1.0352786,-0.56690156,-1.9459798,-0.10524291,2.8902292,6.4276724,1.0861052,1.8710223
4.3743267,-4.245775,0.9701715,-2.468586,-1.0547833,-0.56752545,-1.9383641,-0.10262937,2.900561,6.4459686,1.0876533,1.8853781
4.3860364,-4.269036,0.959918,-2.48478,-1.0742337,-0.56810075,-1.9306775,-0.10004415,2.9109237,6.4644227,1.0891533,1.8999647
4.397665,-4.292448,0.9495086,-2.5009775,-1.0936254,-0.56862473,-1.9228345,-0.097492866,2.9213173,6.4830317,1.0906444,1.9145797
4.4092097,-4.316011,0.93892753,-2.5171285,-1.1129562,-0.5690961,-1.9148216,-0.094978385,2.931742,6.5017943,1.0921291,1.9291756
4.4206696,-4.3397217,0.9281284,-2.5331142,-1.1322228,-0.56951493,-1.9065989,-0.09259981,2.9421964,6.5207105,1.0936173,1.9437281
4.4320354,-4.3635755,0.917059,-2.5489008,-1.151419,-0.5698843,-1.8981614,-0.09043077,2.9526808,6.539781,1.0951545,1.9582726
4.443301,-4.38757,0.9057047,-2.564492,-1.1705406,-0.57020897,-1.889502,-0.08847281,2.9631958,6.559007,1.096747,1.9728143
4.4544644,-4.4117036,0.89404994,-2.5798967,-1.1895854,-0.5704907,-1.8806174,-0.08672092,2.9737418,6.5783887,1.0984064,1.9873573
4.465522,-4.435973,0.8820844,-2.5951285,-1.208552,-0.57073045,-1.8714986,-0.08516662,2.9843187,6.5979276,1.1001319,2.0019052
4.47647,-4.4603767,0.8698017,-2.610189,-1.2274379,-0.57092965,-1.862137,-0.08380994,2.9949276,6.6176233,1.101921,2.0164597
4.4873066,-4.4849124,0.8571954,-2.6250794,-1.2462406,-0.57108986,-1.8525237,-0.082650974,3.005569,6.6374764,1.103771,2.0310216
4.4980288,-4.5095787,0.8442589,-2.6398013,-1.2649577,-0.5712126,-1.8426502,-0.08168987,3.0162437,6.6574874,1.1056795,2.0455923
4.508633,-4.5343738,0.8309857,-2.6543558,-1.2835865,-0.5712993,-1.8325076,-0.08092685,3.0269525,6.677656,1.1076441,2.0601728
4.5191154,-4.5592966,0.8173442,-2.6687057,-1.302123,-0.5713519,-1.8220785,-0.080380045,3.0376978,6.697982,1.1096776,2.074741
4.529471,-4.5843425,0.8033285,-2.682842,-1.3205632,-0.571374,-1.8113536,-0.08006047,3.0484784,6.7184625,1.1117764,2.0892956
4.539694,-4.6095047,0.7889525,-2.6967757,-1.3389022,-0.57137316,-1.800328,-0.079973914,3.0592897,6.7390957,1.1139237,2.1038494
4.549782,-4.634782,0.7742161,-2.710511,-1.3571385,-0.5713506,-1.7889959,-0.080107234,3.0701325,6.7598825,1.1161144,2.118392
4.559734,-4.6601734,0.7591208,-2.7240489,-1.3752695,-0.57131046,-1.777371,-0.08040906,3.081007,6.78082,1.1183624,2.132874
4.5695467,-4.685677,0.74366176,-2.7373888,-1.3932923,-0.5712543,-1.7654474,-0.0808762,3.091914,6.801907,1.1206664,2.147291
4.5792174,-4.711291,0.72783375,-2.7505298,-1.4112041,-0.5711834,-1.7532172,-0.08150846,3.1028538,6.8231435,1.1230237,2.1616411
4.5887423,-4.737011,0.71165866,-2.7633932,-1.4290001,-0.5710997,-1.7407039,-0.0823199,3.1138341,6.844527,1.1254351,2.1758578
4.59812,-4.762834,0.69519514,-2.7759767,-1.4466788,-0.57100654,-1.7280406,-0.08320029,3.1248558,6.866049,1.1279793,2.1898293
4.6073403,-4.7887588,0.67853296,-2.7882783,-1.4642398,-0.57090694,-1.7153639,-0.08409942,3.135916,6.8877115,1.1307015,2.2035048
4.616396,-4.814781,0.66170514,-2.8003013,-1.4816864,-0.5708024,-1.7027065,-0.085008435,3.147015,6.9095106,1.1336049,2.216881
4.6252837,-4.840898,0.64472044,-2.8120444,-1.4990208,-0.57069397,-1.6900716,-0.08592716,3.1581533,6.9314394,1.1366879,2.2299602
4.634,-4.867107,0.62759274,-2.8235042,-1.5162406,-0.57058334,-1.6774822,-0.08682551,3.1693304,6.953496,1.139957,2.2427118
4.6425405,-4.8934054,0.6103033,-2.8346703,-1.5333447,-0.5704713,-1.6649477,-0.08769264,3.1805468,6.975679,1.1434382,2.2551167
4.6509047,-4.919789,0.59286636,-2.845542,-1.5503354,-0.57035637,-1.6524829,-0.08857536,3.1918027,6.997987,1.1471348,2.2672198
4.659087,-4.9462543,0.5752779,-2.8561265,-1.5672086,-0.5702381,-1.6400747,-0.089464106,3.2030978,7.0204177,1.1510333,2.2790182
4.667079,-4.9728,0.5575288,-2.8664362,-1.5839562,-0.5701158,-1.6277027,-0.09034153,3.2144291,7.0429697,1.1551145,2.2905061
4.674878,-4.999423,0.53962135,-2.8764715,-1.6005784,-0.56998897,-1.6153634,-0.09120645,3.2257986,7.065639,1.1593723,2.3016832
4.6824837,-5.0261207,0.52155817,-2.886233,-1.6170753,-0.5698572,-1.6030533,-0.092057735,3.2372077,7.088423,1.1638008,2.3125489
4.6898937,-5.0528893,0.5033876,-2.8956704,-1.6334455,-0.56971884,-1.5908071,-0.09291425,3.248666,7.1113157,1.1683855,2.3230708
4.69711,-5.0797276,0.4851436,-2.9047837,-1.64969,-0.56957376,-1.5786107,-0.09379689,3.260179,7.1343107,1.1730777,2.3332675
4.7041345,-5.1066337,0.46682888,-2.9135768,-1.6658076,-0.56942135,-1.5664631,-0.094699465,3.2717483,7.1574025,1.1778756,2.343136
4.7109685,-5.1336036,0.44845283,-2.9220376,-1.6817995,-0.5692623,-1.5543898,-0.095637515,3.2833757,7.1805887,1.1827986,2.3526764
4.717609,-5.1606345,0.43001908,-2.9301684,-1.6976684,-0.5691022,-1.5423993,-0.09661514,3.295062,7.203869,1.1878508,2.3618934
4.7240534,-5.1877246,0.41153324,-2.9379876,-1.7134147,-0.56894344,-1.5304923,-0.09761077,3.3068082,7.227242,1.193026,2.3707848
4.730302,-5.2148714,0.3929984,-2.945496,-1.7290388,-0.5687858,-1.5186677,-0.09862338,3.3186154,7.250705,1.1983194,2.3793507
4.7363534,-5.242071,0.37441763,-2.952695,-1.7445416,-0.568629,-1.506924,-0.09965202,3.3304846,7.2742534,1.2037269,2.3875916
4.742208,-5.269321,0.3557941,-2.959585,-1.7599238,-0.5684729,-1.4952602,-0.10069578,3.3424172,7.297885,1.209244,2.3955078
4.7478657,-5.296618,0.33713096,-2.9661672,-1.7751861,-0.56831723,-1.4836751,-0.10175377,3.354414,7.3215957,1.2148664,2.4030995
4.753323,-5.323959,0.31836376,-2.9724495,-1.7903275,-0.5681664,-1.4721034,-0.10286359,3.366465,7.345387,1.220594,2.4104156
4.758571,-5.351342,0.29949015,-2.9784048,-1.8053417,-0.5680214,-1.4605308,-0.1039939,3.378565,7.369255,1.2264179,2.4174113
4.7636056,-5.3787622,0.28052217,-2.9840338,-1.8202269,-0.5678865,-1.4489515,-0.10514015,3.3907151,7.393198,1.2323214,2.4240875
4.7684226,-5.406215,0.26146722,-2.9893906,-1.8349817,-0.5677653,-1.4373894,-0.106299244,3.402919,7.417216,1.2383239,2.4304984
4.7730217,-5.433698,0.2423281,-2.9944801,-1.849606,-0.5676577,-1.4258466,-0.107470244,3.4151783,7.4413056,1.244425,2.4366481
4.777402,-5.461209,0.22310764,-2.9993029,-1.8641001,-0.56756353,-1.4143227,-0.10865225,3.4274938,7.4654646,1.2506216,2.4425366
4.7815623,-5.4887443,0.20380865,-3.003859,-1.878464,-0.5674825,-1.4028176,-0.10984439,3.4398668,7.48969,1.2569104,2.4481633
4.7855067,-5.5162992,0.18441437,-3.008112,-1.8927003,-0.5674133,-1.3913859,-0.11106092,3.4522977,7.5139766,1.2633648,2.4535036
4.789235,-5.543869,0.16489428,-3.0120502,-1.9068075,-0.5673573,-1.3799798,-0.1122564,3.464787,7.53832,1.2699653,2.4584982
4.792748,-5.571453,0.14524658,-3.0156903,-1.9207878,-0.5673166,-1.3685638,-0.11336421,3.4773352,7.562714,1.2766753,2.4630976
4.796044,-5.5990477,0.12547815,-3.0190303,-1.9346411,-0.5672898,-1.3571401,-0.114384785,3.4899437,7.587154,1.2834908,2.4673
4.799123,-5.626651,0.10560127,-3.022067,-1.9483669,-0.5672755,-1.345717,-0.11530314,3.5026126,7.611636,1.2904077,2.471088
4.8019853,-5.654259,0.08561769,-3.0247862,-1.9619664,-0.56727207,-1.3342944,-0.116128854,3.5153425,7.6361585,1.2974241,2.4744573
4.804633,-5.681869,0.065520376,-3.0271668,-1.9754431,-0.5672781,-1.322863,-0.11689865,3.5281339,7.660721,1.3045363,2.4774246
4.8070655,-5.7094765,0.045345686,-3.0292304,-1.9887981,-0.56729263,-1.3114287,-0.1175877,3.5409884,7.68532,1.3117149,2.4799857
4.809281,-5.737078,0.025101814,-3.030976,-2.0020313,-0.5673141,-1.2999951,-0.11819661,3.553907,7.7099514,1.3189552,2.4821408
4.8112783,-5.7646723,0.004801169,-3.0324116,-2.015143,-0.56734216,-1.2885493,-0.11870942,3.5668874,7.734613,1.32623,2.4838815
4.813058,-5.7922564,-0.015556037,-3.0335364,-2.0281334,-0.5673786,-1.2770787,-0.11912598,3.5799298,7.759303,1.3335261,2.4852083
4.814617,-5.8198256,-0.035952996,-3.0343397,-2.041,-0.5674228,-1.2655861,-0.11947964,3.5930376,7.7840195,1.3408289,2.4861436
4.8159533,-5.847377,-0.056386277,-3.0347993,-2.0537384,-0.5674753,-1.2539482,-0.119772375,3.606214,7.8087525,1.3480146,2.4866679
4.817071,-5.8749046,-0.07687305,-3.034912,-2.0663476,-0.567535,-1.2421073,-0.120017655,3.6194587,7.833498,1.3550448,2.4867902
4.8179693,-5.902406,-0.0974128,-3.0346801,-2.0788255,-0.56760126,-1.2300645,-0.120208845,3.63277,7.858252,1.3619208,2.4865062
4.8186474,-5.929878,-0.1180097,-3.0341096,-2.09117,-0.56767344,-1.2178209,-0.12033485,3.6461468,7.883011,1.3686478,2.4858115
4.819104,-5.9573174,-0.138657,-3.0331962,-2.1033797,-0.5677508,-1.2053782,-0.12039507,3.6595871,7.90777,1.375221,2.4847012
4.819339,-5.9847207,-0.15934785,-3.0319352,-2.1154523,-0.56783277,-1.1927384,-0.12038895,3.67309,7.9325256,1.3816359,2.4831703
4.8193507,-6.012085,-0.18007526,-3.0303226,-2.127386,-0.56791854,-1.1799037,-0.12031589,3.6866536,7.9572735,1.3878875,2.4812143
4.819139,-6.039407,-0.20082933,-3.0283356,-2.1391773,-0.5680078,-1.1668584,-0.12020605,3.700277,7.9820085,1.3939513,2.4788418
4.8187037,-6.066682,-0.22159883,-3.0259438,-2.150821,-0.56810075,-1.1535779,-0.120104276,3.7139595,8.006725,1.3997929,2.4760675
4.8180437,-6.0939064,-0.24237716,-3.0231445,-2.1623147,-0.56819737,-1.1400653,-0.120007575,3.7276986,8.031421,1.4054089,2.4728866
4.8171587,-6.1210775,-0.26315758,-3.0199354,-2.1736567,-0.56829774,-1.1263237,-0.119912915,3.7414923,8.056091,1.4107956,2.4692934
4.8160486,-6.1481915,-0.28393322,-3.016314,-2.1848447,-0.5684019,-1.1123565,-0.11981728,3.7553382,8.080732,1.4159497,2.465283
4.8147125,-6.175241,-0.30474386,-3.0123487,-2.1958785,-0.5685111,-1.0981641,-0.11971438,3.7692366,8.10534,1.4209164,2.4609191
4.8131504,-6.2022223,-0.32558864,-3.0080469,-2.2067568,-0.568626,-1.0837522,-0.11960198,3.783186,8.129911,1.4257016,2.4562078
4.811361,-6.2291327,-0.34646314,-3.0034072,-2.2174773,-0.5687464,-1.0691228,-0.11947769,3.7971845,8.154444,1.430303,2.4511452
4.809344,-6.255969,-0.36736277,-2.9984283,-2.2280383,-0.5688723,-1.0542783,-0.11933914,3.8112304,8.178932,1.4347183,2.4457276
4.8070984,-6.2827287,-0.3882829,-2.9931087,-2.2384374,-0.56900346,-1.0392207,-0.11918395,3.8253222,8.203375,1.4389452,2.4399517
4.804624,-6.309408,-0.40921843,-2.9874475,-2.248673,-0.5691397,-1.0239551,-0.11900971,3.839458,8.227767,1.4429837,2.433814
4.8019156,-6.336008,-0.43013814,-2.9814425,-2.258743,-0.5692737,-1.0085732,-0.1187927,3.8536432,8.252103,1.4468936,2.4272912
4.7989726,-6.3625298,-0.45104054,-2.9750786,-2.268648,-0.569404,-0.9930995,-0.11854121,3.8678803,8.276378,1.450699,2.4203753
4.795796,-6.3889728,-0.47193596,-2.9683528,-2.2783873,-0.56953156,-0.97753865,-0.1182654,3.88217,8.300589,1.454416,2.4130728
4.792385,-6.415334,-0.49282444,-2.961267,-2.2879603,-0.56965643,-0.9618851,-0.11795982,3.89651,8.324731,1.4580398,2.4053805
4.7887425,-6.4416094,-0.5136959,-2.953832,-2.2973638,-0.5697779,-0.9461137,-0.11759937,3.910896,8.348799,1.4615301,2.3972898
4.784871,-6.4677925,-0.5345385,-2.9460638,-2.3065968,-0.56989497,-0.9302392,-0.11719421,3.925329,8.37279,1.4648831,2.3888237
4.780777,-6.4938774,-0.5553438,-2.9379556,-2.3156567,-0.57000256,-0.91423583,-0.11676562,3.9397998,8.396698,1.4680653,2.3799927
4.776459,-6.5198636,-0.57615167,-2.9294736,-2.324543,-0.5700925,-0.89807034,-0.11626275,3.9543138,8.420512,1.4710865,2.370714
4.7719193,-6.5457506,-0.59696573,-2.920635,-2.3332543,-0.57016456,-0.88174325,-0.115647696,3.968869,8.444227,1.4739507,2.3609674
4.7671566,-6.571535,-0.6177814,-2.9114373,-2.341789,-0.5702176,-0.8652568,-0.11491939,3.983464,8.467839,1.476656,2.3507502
4.7621837,-6.5972075,-0.638619,-2.9018447,-2.3501549,-0.57025224,-0.8485882,-0.11410041,3.9980888,8.491338,1.4792109,2.3400578
4.757004,-6.622763,-0.6594804,-2.8918467,-2.3583527,-0.5702679,-0.83173287,-0.113195606,4.0127397,8.514717,1.4816158,2.3288867
4.751616,-6.648198,-0.680361,-2.8814406,-2.3663805,-0.5702637,-0.81469214,-0.11220355,4.0274153,8.537972,1.4838679,2.3172338
4.7460203,-6.6735086,-0.70125604,-2.8706245,-2.3742366,-0.57023865,-0.79746765,-0.11112286,4.0421143,8.561099,1.4859643,2.3050957
4.740215,-6.698691,-0.7221368,-2.8593988,-2.3819184,-0.57019114,-0.7800415,-0.109955475,4.0568333,8.584093,1.4878585,2.2924764
4.734196,-6.7237425,-0.7429625,-2.8478243,-2.3894224,-0.5701193,-0.76244575,-0.10867167,4.0715656,8.606952,1.4895428,2.2794101
4.727967,-6.7486663,-0.763721,-2.835936,-2.3967474,-0.570017,-0.74476,-0.10723707,4.086309,8.629668,1.4910841,2.2659009
4.721527,-6.7734594,-0.78440833,-2.8237321,-2.4038928,-0.5698824,-0.72698766,-0.10565151,4.1010623,8.652239,1.4924822,2.2519472
4.714878,-6.798119,-0.80502045,-2.8112113,-2.4108577,-0.5697139,-0.7091324,-0.10391486,4.1158237,8.674658,1.4937367,2.2375479
4.708018,-6.8226414,-0.82552105,-2.798371,-2.4176395,-0.56951255,-0.6912169,-0.10203209,4.1305933,8.6969185,1.4948347,2.2227046
4.7009473,-6.8470197,-0.84588546,-2.7852807,-2.4242353,-0.56927747,-0.6732838,-0.099997096,4.1453676,8.719015,1.4957908,2.2074802
4.6936674,-6.8712516,-0.8661039,-2.7719357,-2.4306452,-0.56900704,-0.6553405,-0.097810686,4.160145,8.740944,1.4966033,2.1918705
4.686178,-6.8953333,-0.88615566,-2.7583284,-2.4368653,-0.5686996,-0.6373996,-0.09547388,4.174922,8.762701,1.4972644,2.1758642
4.67848,-6.919263,-0.90604854,-2.7444398,-2.442895,-0.5683517,-0.61945254,-0.09299828,4.1896987,8.784281,1.4977734,2.1594546
4.670575,-6.943038,-0.92581195,-2.730257,-2.4487333,-0.56795704,-0.60148823,-0.090408154,4.20447,8.805671,1.4981457,2.1426492
4.6624637,-6.966656,-0.9454929,-2.715775,-2.4543817,-0.56751364,-0.5835153,-0.08772747,4.21923,8.826864,1.4984342,2.1254628
4.6541452,-6.990115,-0.96510714,-2.7009833,-2.45984,-0.5670208,-0.5655365,-0.084964156,4.233978,8.847857,1.4986575,2.1078935
4.6456203,-7.0134125,-0.98465097,-2.6858804,-2.4651086,-0.56647736,-0.5475547,-0.08211911,4.2487125,8.868647,1.498815,2.0899413
4.6368895,-7.0365453,-1.004141,-2.6704724,-2.4701865,-0.56588376,-0.52955437,-0.07919299,4.263434,8.889226,1.4989079,2.071613
4.6279535,-7.0595098,-1.0236031,-2.6547642,-2.4750736,-0.5652412,-0.51151896,-0.0761822,4.27814,8.909591,1.4989461,2.0529106
4.6188087,-7.082303,-1.043082,-2.6387563,-2.4797673,-0.5645538,-0.4934773,-0.07309204,4.292831,8.92974,1.4990044,2.0338378
4.6094513,-7.104924,-1.062596,-2.6224594,-2.484261,-0.5638214,-0.47543976,-0.069955,4.30751,8.949665,1.4991096,2.0144396
4.59988,-7.1273704,-1.0821422,-2.6058733,-2.4885547,-0.5630433,-0.4574078,-0.06677164,4.3221774,8.969363,1.499261,1.994717
4.5900955,-7.1496387,-1.1017183,-2.5889978,-2.4926486,-0.56221884,-0.43938294,-0.06354254,4.3368344,8.988831,1.4994575,1.9746708
4.580096,-7.171727,-1.121321,-2.5718355,-2.4965422,-0.5613475,-0.4213626,-0.060269676,4.3514805,9.008063,1.4996934,1.9543055
4.569881,-7.1936355,-1.1409764,-2.5543818,-2.5002334,-0.5604312,-0.40335104,-0.056945205,4.3661146,9.027061,1.4999976,1.933607
4.559454,-7.215365,-1.160557,-2.5365233,-2.5037277,-0.55947006,-0.38538906,-0.0535172,4.380731,9.045824,1.5002823,1.912407
4.5488133,-7.2369113,-1.1800797,-2.5183532,-2.507029,-0.55846435,-0.36752215,-0.049959723,4.395333,9.064345,1.5006152,1.8907717
4.537958,-7.258272,-1.1995832,-2.4999425,-2.51014,-0.5574145,-0.34976402,-0.046264682,4.4099216,9.082623,1.5010512,1.868764
4.5268874,-7.2794433,-1.2190645,-2.4812934,-2.513063,-0.556318,-0.33212343,-0.042424843,4.4245,9.10065,1.501597,1.846378
4.5156007,-7.3004203,-1.2385211,-2.4624074,-2.5158002,-0.5551727,-0.31460747,-0.0384358,4.4390697,9.1184225,1.5022581,1.8236095
4.5040984,-7.3212013,-1.2579509,-2.4432836,-2.5183532,-0.5539768,-0.29722,-0.03429848,4.4536324,9.135937,1.5030363,1.8004591
4.4923844,-7.3417854,-1.2773345,-2.4238992,-2.5207243,-0.55272746,-0.2800018,-0.030022148,4.4681883,9.153191,1.5039539,1.7769163
4.4804635,-7.3621726,-1.2966498,-2.40423,-2.5229163,-0.5514218,-0.26299724,-0.025616676,4.4827394,9.170181,1.5050346,1.7529696
4.4683414,-7.3823667,-1.315908,-2.3842902,-2.5249348,-0.5500604,-0.24616793,-0.02110133,4.4972887,9.186911,1.5062517,1.7286519
4.456033,-7.402393,-1.3351773,-2.3640563,-2.5268018,-0.5486446,-0.2294211,-0.016515275,4.511844,9.203401,1.5075812,1.703982
4.443541,-7.422251,-1.3544421,-2.3435276,-2.528519,-0.54717743,-0.2127598,-0.011865257,4.5264096,9.219651,1.5090106,1.6789672
4.4308615,-7.441935,-1.3737059,-2.322675,-2.5300896,-0.54565644,-0.1962264,-0.0071415417,4.540994,9.235656,1.5105846,1.6535718
4.4179797,-7.461436,-1.3929065,-2.301411,-2.531517,-0.544076,-0.1797789,-0.0024020793,4.5556006,9.251405,1.5121981,1.6277623
4.404897,-7.4807506,-1.412028,-2.2797277,-2.532802,-0.54243547,-0.16340964,0.0023440807,4.570228,9.266894,1.513827,1.6015391
4.3916135,-7.4998746,-1.4310703,-2.2576041,-2.5339441,-0.5407369,-0.1471245,0.0070956647,4.5848765,9.282121,1.515476,1.5748821
4.378129,-7.5188046,-1.4500293,-2.234963,-2.5349362,-0.5389906,-0.13090695,0.011887612,4.5995407,9.297093,1.5171206,1.5476785
4.364452,-7.5375314,-1.4688945,-2.211827,-2.5357833,-0.5371949,-0.11474392,0.016703539,4.614221,9.311817,1.5187335,1.5199633
4.350584,-7.5560536,-1.4876422,-2.1882122,-2.5364845,-0.5353507,-0.0986,0.021526162,4.6289167,9.326288,1.520255,1.4918814
4.3365293,-7.574379,-1.5062418,-2.1641526,-2.5370352,-0.5334591,-0.08260468,0.026292732,4.643627,9.340505,1.5217873,1.4637995
4.322289,-7.5925035,-1.524688,-2.1396525,-2.537437,-0.5315206,-0.06676092,0.031004585,4.6583533,9.3544655,1.5233278,1.4357176
4.3078685,-7.610427,-1.54302,-2.1147764,-2.5376933,-0.5295251,-0.05107815,0.035580937,4.6731005,9.3681755,1.5249252,1.4076357
4.2932734,-7.6281533,-1.5613456,-2.0895882,-2.5378087,-0.527459,-0.035566367,0.039940037,4.687877,9.381642,1.5266976,1.3795538
4.2785125,-7.645693,-1.5797487,-2.0641754,-2.5377867,-0.5253183,-0.020217096,0.04393114,4.7026834,9.394882,1.5287182,1.3514719
4.26359,-7.663047,-1.5982305,-2.0385346,-2.5376313,-0.52310187,-0.005038834,0.047493767,4.717522,9.407901,1.5309957,1.32339
4.2484975,-7.680209,-1.6167699,-2.0127232,-2.537351,-0.52082175,0.009956598,0.050682917,4.7323914,9.420692,1.5335294,1.2953081
4.233231,-7.697173,-1.6353412,-1.9867575,-2.5369482,-0.5184853,0.024746433,0.053447843,4.747291,9.433258,1.5363222,1.2672262
4.2177906,-7.713938,-1.6539443,-1.9606469,-2.5364256,-0.516096,0.039327484,0.0557917,4.7622237,9.445598,1.5393773,1.2391443
4.2021756,-7.730502,-1.6725707,-1.9344125,-2.5357852,-0.5136574,0.053706817,0.057738945,4.777191,9.457709,1.5426794,1.2112306
4.1863856,-7.7468634,-1.6912158,-1.9080688,-2.535029,-0.51117283,0.06788707,0.059304133,4.792196,9.469592,1.546221,1.1835841
4.170422,-7.7630186,-1.7098805,-1.8816556,-2.5341547,-0.5086411,0.08187083,0.06048906,4.807234,9.481245,1.5500005,1.1562368
4.1542835,-7.778967,-1.7286036,-1.855209,-2.5331643,-0.5060661,0.09567778,0.06131626,4.8223057,9.492667,1.5540388,1.1292036
4.137967,-7.794709,-1.7473907,-1.8287631,-2.5320604,-0.5034515,0.1092931,0.061821315,4.837413,9.5038595,1.5583591,1.1024859
4.121472,-7.810255,-1.7661566,-1.8023067,-2.530841,-0.50080305,0.1226527,0.062037557,4.8525605,9.5148325,1.5629393,1.0760432
4.1048055,-7.8256073,-1.7848662,-1.775915,-2.5295074,-0.4981252,0.13573796,0.06189846,4.8677535,9.525588,1.5677601,1.0500194
4.0879703,-7.8407693,-1.803508,-1.7496136,-2.5280628,-0.49542177,0.14858016,0.061380368,4.8829937,9.53613,1.5727768,1.024463
4.0709634,-7.855741,-1.8221614,-1.7234546,-2.5265045,-0.49269828,0.1612493,0.06057115,4.898285,9.546462,1.5780007,0.9993419
4.0537853,-7.8705235,-1.8409369,-1.6974677,-2.5248325,-0.48995882,0.17379202,0.05954274,4.9136286,9.556586,1.5834944,0.974619
4.03643,-7.8851023,-1.8599733,-1.6716405,-2.523041,-0.48722094,0.186297,0.058381006,4.929019,9.566498,1.5893106,0.95020014
4.018895,-7.8994827,-1.8792673,-1.6460245,-2.5211236,-0.48450714,0.19877625,0.057198785,4.944458,9.576211,1.5954362,0.92602175
4.0011797,-7.9136662,-1.8987876,-1.6206084,-2.519081,-0.4818187,0.21121007,0.055985678,4.959948,9.58573,1.6018568,0.90208024
3.983288,-7.9276543,-1.9184798,-1.5953945,-2.5169182,-0.47915867,0.22356044,0.054726552,4.975493,9.5950575,1.608553,0.8783887
3.9652174,-7.941447,-1.9383175,-1.5703706,-2.514639,-0.47653687,0.23581788,0.053397894,4.991109,9.604196,1.6155069,0.85495496
3.9469657,-7.9550447,-1.958304,-1.545559,-2.5122406,-0.47396046,0.24799046,0.05198241,5.006799,9.613146,1.6227081,0.8318158
3.928528,-7.9684453,-1.9784878,-1.5209235,-2.509722,-0.47143653,0.2600866,0.05045741,5.0225687,9.621904,1.6301947,0.80895746
3.9098887,-7.981643,-1.9989629,-1.4963112,-2.5070758,-0.4689754,0.27210045,0.048774697,5.0384264,9.630458,1.6380713,0.7862748
3.891041,-7.9946423,-2.0197392,-1.4717518,-2.5043025,-0.46658206,0.2840954,0.04697282,5.0543785,9.638805,1.646284,0.763758
3.8719718,-8.007443,-2.0408463,-1.4471914,-2.5013957,-0.46426487,0.29616138,0.045034647,5.0704327,9.64694,1.6547844,0.74139106
3.8526795,-8.020047,-2.0623007,-1.4225435,-2.4983594,-0.46201444,0.3082979,0.042948898,5.0866017,9.65486,1.6635777,0.71910024
3.833158,-8.032445,-2.0841641,-1.3977858,-2.4951904,-0.4598364,0.32052934,0.040751137,5.102885,9.662559,1.6727005,0.69682974
3.8134034,-8.04463,-2.1064112,-1.3729005,-2.4918878,-0.45773467,0.3328593,0.038464572,5.119285,9.6700325,1.6821245,0.6745381
3.7934225,-8.0566,-2.1290128,-1.3479242,-2.4884589,-0.45571527,0.34529182,0.03613685,5.1358027,9.677279,1.6918206,0.6522108
3.7732172,-8.068346,-2.1519997,-1.322868,-2.4849038,-0.453778,0.35784692,0.033769228,5.1524367,9.684298,1.7018038,0.6298489
3.752783,-8.079863,-2.1754434,-1.2977227,-2.4812217,-0.45192394,0.3705638,0.031336535,5.169188,9.691085,1.7121074,0.6074649
3.732115,-8.091147,-2.199315,-1.2725012,-2.477412,-0.4501548,0.38339692,0.028811395,5.186056,9.697636,1.7227484,0.5850995
3.7112083,-8.102198,-2.2235525,-1.2472451,-2.4734743,-0.44846758,0.39630136,0.026165092,5.203034,9.703954,1.7337146,0.5628197
3.6900609,-8.11301,-2.2481425,-1.2219437,-2.4694123,-0.44686022,0.40927315,0.023386434,5.2201204,9.710045,1.744999,0.5406241
3.6686692,-8.123586,-2.273085,-1.1965926,-2.465226,-0.4453341,0.42231047,0.02047259,5.237319,9.715909,1.7566035,0.51851076
3.6470227,-8.133921,-2.2982543,-1.1711085,-2.4609108,-0.44390655,0.43532687,0.017359523,5.2546363,9.721548,1.7684896,0.49645987
3.6251156,-8.144012,-2.3236775,-1.1455011,-2.4564698,-0.4425821,0.44834045,0.0140540255,5.272078,9.726963,1.7806666,0.4744789
3.602939,-8.153857,-2.3494537,-1.1198039,-2.451908,-0.44136637,0.46142244,0.010584618,5.2896547,9.73216,1.793159,0.45258212
3.580493,-8.163452,-2.3755746,-1.0940099,-2.4472315,-0.44026294,0.47456643,0.006953655,5.3073697,9.737141,1.805963,0.43075877
3.5577912,-8.172793,-2.401942,-1.0680428,-2.4424467,-0.43927684,0.48767206,0.0031680015,5.325227,9.741918,1.8190712,0.4089156
3.5348313,-8.181877,-2.4285257,-1.0418491,-2.4375532,-0.43840986,0.5007289,-0.00076345704,5.3432317,9.7464905,1.8324617,0.38698858
3.511614,-8.190708,-2.45542,-1.0153211,-2.432542,-0.43766943,0.51381654,-0.004837475,5.3613825,9.750867,1.84615,0.36487034
3.488137,-8.199285,-2.4826527,-0.9884507,-2.4274123,-0.43705764,0.52694404,-0.00905681,5.37968,9.755045,1.8601559,0.34255645
3.4643967,-8.2076025,-2.5102265,-0.96123165,-2.4221632,-0.43657693,0.5401108,-0.013424303,5.398128,9.759024,1.8744831,0.32004344
3.4403868,-8.215657,-2.538086,-0.9337259,-2.4167964,-0.43624067,0.55334336,-0.017925799,5.416729,9.762805,1.8890425,0.2973852
3.4161036,-8.223445,-2.5661504,-0.90594333,-2.4113114,-0.43605343,0.56664693,-0.022560237,5.4354854,9.766389,1.9038168,0.27459174
3.391545,-8.230963,-2.594215,-0.87788,-2.4057074,-0.43601736,0.5800211,-0.027330188,5.454399,9.7697735,1.918808,0.25166166
3.3667107,-8.238208,-2.6222794,-0.8495937,-2.399984,-0.43613437,0.5934653,-0.03223845,5.473473,9.772958,1.934018,0.2285944
3.3416004,-8.245177,-2.650344,-0.8213074,-2.3941405,-0.4364063,0.6069789,-0.0372879,5.4927087,9.775941,1.9494491,0.20538889
3.316215,-8.251878,-2.6784084,-0.79302114,-2.3881805,-0.4368301,0.6205423,-0.042456537,5.5121107,9.778727,1.9650527,0.18199342
3.2905476,-8.2583,-2.7064729,-0.76473486,-2.3820965,-0.4374069,0.6342081,-0.04765206,5.5316925,9.78131,1.9805171,0.15827435
3.2645967,-8.264442,-2.7345374,-0.7364486,-2.3758862,-0.43813744,0.64799744,-0.052871924,5.5514526,9.78369,1.9957776,0.13425848
3.2383633,-8.270308,-2.7626019,-0.7081623,-2.36955,-0.43902132,0.66191787,-0.05811882,5.571388,9.785867,2.0108283,0.10996215
3.2118511,-8.275898,-2.7906663,-0.679876,-2.363086,-0.44005635,0.6760447,-0.06334333,5.5914917,9.78783,2.02562,0.08532806
3.185086,-8.281199,-2.8187308,-0.65158975,-2.356486,-0.4412387,0.69029665,-0.06850361,5.6117477,9.789561,2.0402327,0.060300156
3.15808,-8.286222,-2.8467953,-0.6233035,-2.3497486,-0.44255808,0.7046969,-0.07348558,5.632137,9.791051,2.0546467,0.034759335
3.1308308,-8.290966,-2.8748598,-0.5950172,-2.3428707,-0.44401333,0.71932095,-0.07817588,5.652654,9.792295,2.0688415,0.008684611
3.1033354,-8.2954235,-2.9029243,-0.5667309,-2.3358474,-0.44560328,0.7342166,-0.08248654,5.673302,9.793285,2.0828223,-0.017886687
3.075599,-8.299601,-2.9309888,-0.53844464,-2.3286796,-0.44730946,0.74928766,-0.086334735,5.6940894,9.794011,2.0966296,-0.044973005
3.0476294,-8.303497,-2.9590533,-0.51015836,-2.3213706,-0.4491202,0.7645661,-0.089666046,5.7150226,9.794471,2.1102383,-0.07260931
3.0194254,-8.3071165,-2.9871178,-0.48187205,-2.313919,-0.45102993,0.7800592,-0.09248706,5.7361026,9.794661,2.123604,-0.100691244
2.990986,-8.31046,-3.0151823,-0.45358574,-2.306323,-0.45303333,0.7957743,-0.094803706,5.7573285,9.7945795,2.1366878,-0.12877318
2.962312,-8.313529,-3.0432467,-0.42529944,-2.2985806,-0.4551261,0.8117231,-0.09661791,5.778697,9.794227,2.149484,-0.15685512
2.9333923,-8.316328,-3.0713112,-0.39701313,-2.2906857,-0.45729935,0.82794446,-0.09797095,5.800199,9.793599,2.161975,-0.18493706
2.9042275,-8.318857,-3.0993757,-0.36872682,-2.282636,-0.4595492,0.844449,-0.09886463,5.821831,9.792698,2.1741548,-0.213019
2.874818,-8.321117,-3.1274402,-0.3404405,-2.2744286,-0.46187168,0.8612481,-0.09930026,5.8435903,9.791522,2.1860182,-0.24110094
2.8451576,-8.323117,-3.1555047,-0.3121542,-2.2660635,-0.46426076,0.8783717,-0.09924749,5.865474,9.790074,2.197622,-0.26918286
2.8152409,-8.324864,-3.1835692,-0.2838679,-2.2575436,-0.46671632,0.8957864,-0.09871921,5.887486,9.788347,2.209022,-0.29726478
2.7850575,-8.32636,-3.2116337,-0.2555816,-2.2488708,-0.46922472,0.91340125,-0.09781309,5.909628,9.786336,2.2203717,-0.3253467
2.7546055,-8.327606,-3.2396982,-0.22729528,-2.2400355,-0.4717808,0.93123484,-0.096521564,5.9319,9.784043,2.2317476,-0.35342863
2.7240674,-8.32861,-3.2677627,-0.19900897,-2.2310376,-0.4743761,0.9493905,-0.0948303,5.954308,9.781475,2.2431262,-0.38151056
2.6935294,-8.32936,-3.2958272,-0.17072266,-2.2218795,-0.476997,0.96781254,-0.09273058,5.9768624,9.77862,2.2545426,-0.40959248
2.6629913,-8.329859,-3.3238916,-0.14243636,-2.2125392,-0.47963187,0.9863474,-0.09000229,5.999553,9.775463,2.2661223,-0.4376744
2.6324532,-8.33011,-3.3519561,-0.11415005,-2.2030153,-0.4822694,1.0049796,-0.08664326,6.0223804,9.772002,2.2778852,-0.46575633
2.6019151,-8.330116,-3.3800206,-0.08586374,-2.1933062,-0.48489884,1.0236908,-0.082635775,6.0453444,9.768235,2.289862,-0.49383825
2.571377,-8.32988,-3.408085,-0.057577435,-2.1834111,-0.4875138,1.0424917,-0.07797406,6.0684457,9.764163,2.3020487,-0.5219202
2.540839,-8.329409,-3.4361496,-0.02929113,-2.1733265,-0.4901084,1.0613856,-0.07260069,6.091679,9.759787,2.314416,-0.55000216
2.5103009,-8.328704,-3.464214,-0.0010048263,-2.163054,-0.4926694,1.0802826,-0.066376135,6.115045,9.755104,2.326897,-0.5780841
2.4797628,-8.327766,-3.4922786,0.027281478,-2.1525943,-0.4951893,1.0991952,-0.05930603,6.1385436,9.750115,2.339492,-0.60616606
2.4492247,-8.326597,-3.520343,0.055567782,-2.141952,-0.4976614,1.1181257,-0.0514116,6.162171,9.74482,2.3521972,-0.634248
2.4186866,-8.3252,-3.5484076,0.08385409,-2.1311247,-0.50008035,1.1371152,-0.04266946,6.1859245,9.739222,2.3649495,-0.66233
2.3881485,-8.323585,-3.576472,0.11214039,-2.1201081,-0.50243527,1.1562657,-0.033115048,6.2098107,9.733328,2.3777359,-0.6904119
2.3576105,-8.321737,-3.6045365,0.14034691,-2.1089044,-0.5047059,1.1755973,-0.022694137,6.233832,9.727141,2.3905914,-0.7184939
2.3270724,-8.319658,-3.632601,0.1681085,-2.097512,-0.50688386,1.1951226,-0.011409203,6.2579856,9.720663,2.4035277,-0.74657583
2.2965343,-8.317361,-3.6606655,0.19540931,-2.0859225,-0.5089634,1.2148854,0.0007568104,6.2822633,9.7139,2.4166405,-0.7746578
2.2659962,-8.314845,-3.68873,0.22203305,-2.0741353,-0.51091367,1.23488,0.013833775,6.3066697,9.706846,2.4298275,-0.80273974
2.2354581,-8.31211,-3.7167945,0.24787755,-2.0621572,-0.5127248,1.2551636,0.027858,6.331201,9.699493,2.4429905,-0.8308217
2.20492,-8.309161,-3.744859,0.27291918,-2.0499911,-0.5143905,1.2757881,0.042845175,6.355853,9.691837,2.456086,-0.85890365
2.174382,-8.30601,-3.7729235,0.2971647,-2.0376296,-0.51589483,1.2967976,0.05883586,6.380622,9.683878,2.4691105,-0.8869856
2.143844,-8.302668,-3.800988,0.3206177,-2.0250726,-0.5172261,1.3182249,0.07584839,6.405506,9.675617,2.4820585,-0.91506755
2.1133058,-8.299142,-3.8290524,0.34336138,-2.0123193,-0.5183731,1.3399863,0.09404674,6.430506,9.667047,2.4947975,-0.9431495
2.0827677,-8.295439,-3.857117,0.36541936,-1.999368,-0.51932585,1.3620775,0.11339888,6.4556217,9.658168,2.5073123,-0.97123146
2.0522296,-8.29155,-3.8851814,0.3868867,-1.9862,-0.5200691,1.3846741,0.13388497,6.4808636,9.648961,2.519371,-0.9993134
2.0216916,-8.287475,-3.913246,0.4077934,-1.9728066,-0.52059007,1.4078333,0.15552437,6.5062304,9.639419,2.5309136,-1.0273954
1.9911536,-8.28322,-3.9413104,0.42815673,-1.9591811,-0.5208763,1.4315935,0.17827538,6.531714,9.629541,2.5419102,-1.0554773
1.9606156,-8.27879,-3.969375,0.44801146,-1.9453129,-0.5209108,1.4560393,0.20204069,6.5573006,9.619332,2.5522983,-1.0835592
1.9300777,-8.274196,-3.9974394,0.46752346,-1.9312011,-0.5206983,1.4811507,0.22663589,6.5829945,9.608801,2.5621138,-1.111641
1.8995397,-8.269439,-4.0255036,0.4867385,-1.9168419,-0.52023494,1.5068861,0.2520073,6.6087866,9.59795,2.571352,-1.139723
1.8690017,-8.264521,-4.053568,0.5057463,-1.9022343,-0.519515,1.5331562,0.27798897,6.634658,9.586781,2.5800147,-1.1678048
1.8384638,-8.259442,-4.081632,0.5245567,-1.8873754,-0.51853263,1.559952,0.3045254,6.6606,9.5752945,2.5881007,-1.1958867
1.8079258,-8.254206,-4.1096964,0.5431687,-1.872258,-0.51728374,1.5869089,0.3315812,6.686607,9.563492,2.595515,-1.2239686
1.7773879,-8.248817,-4.1377606,0.5615364,-1.856869,-0.5157643,1.6138659,0.35901445,6.712669,9.5513735,2.601755,-1.2520505
1.7468499,-8.243283,-4.165825,0.5796197,-1.8412088,-0.51397157,1.6408228,0.3865299,6.7387714,9.5389385,2.6066842,-1.2801324
1.7163119,-8.237617,-4.193889,0.5972831,-1.8252748,-0.511912,1.6677797,0.41404533,6.764898,9.526184,2.6101427,-1.3082143
1.685774,-8.231819,-4.2219534,0.6145378,-1.8090684,-0.5095894,1.6947366,0.44156078,6.791031,9.513111,2.6121573,-1.3362962
1.655236,-8.225897,-4.2500176,0.63138866,-1.7925886,-0.5070052,1.7216935,0.46907622,6.8171563,9.499719,2.6127279,-1.3643781
1.624698,-8.21985,-4.278082,0.6478527,-1.7758319,-0.5041603,1.7486504,0.49659166,6.843265,9.4860115,2.6119306,-1.39246
1.5941601,-8.21368,-4.306146,0.6639392,-1.7587954,-0.5010552,1.7756073,0.5241071,6.8693457,9.471992,2.6097994,-1.4205419
1.5636221,-8.207394,-4.3342104,0.6795398,-1.7414716,-0.4976863,1.8025643,0.5516225,6.895381,9.457675,2.6063085,-1.4486238
1.5330842,-8.200999,-4.3622746,0.6946268,-1.7238616,-0.494057,1.8295212,0.5791379,6.921364,9.4430685,2.6014736,-1.4767057
1.5025462,-8.194503,-4.390339,0.7092004,-1.7059771,-0.49017462,1.8564781,0.60665333,6.9473,9.428169,2.59549,-1.5047876
1.4720082,-8.187904,-4.418403,0.72339195,-1.6878301,-0.48604295,1.883435,0.63416874,6.9731817,9.412988,2.588496,-1.5328695
1.4414703,-8.181203,-4.4464674,0.7372987,-1.6694163,-0.48164347,1.9103919,0.66168416,6.9990096,9.39752,2.5805056,-1.5609514
1.4109323,-8.174402,-4.4745317,0.75092685,-1.6507359,-0.4769735,1.9373488,0.68919957,7.024776,9.381766,2.5715263,-1.5890332
1.3803943,-8.167505,-4.502596,0.7642668,-1.6317885,-0.47203192,1.9643058,0.716715,7.050469,9.365728,2.5615516,-1.6171151
1.3498564,-8.160519,-4.53066,0.77726394,-1.6125677,-0.46681136,1.9912627,0.7442304,7.076074,9.349404,2.5505962,-1.645197
1.3193184,-8.153447,-4.5582027,0.7899348,-1.5930746,-0.46131912,2.0182195,0.7717458,7.1015716,9.332785,2.538672,-1.6732789
1.2887805,-8.1462965,-4.5851264,0.80229264,-1.5733094,-0.45555818,2.0451763,0.7992612,7.1269507,9.315873,2.525781,-1.7013608
1.2582425,-8.139068,-4.611446,0.8143424,-1.5532722,-0.44952953,2.072133,0.8267766,7.152202,9.29867,2.5119314,-1.7294427
1.2277045,-8.131764,-4.637174,0.8260896,-1.5329629,-0.4432341,2.0990899,0.85429204,7.177316,9.281175,2.4971318,-1.7575246
1.1971666,-8.124391,-4.662318,0.8375424,-1.5123816,-0.4366726,2.1260467,0.88180745,7.202284,9.263389,2.4813905,-1.7856065
1.1666286,-8.116947,-4.6869254,0.8486967,-1.4915363,-0.42983907,2.1530035,0.90932286,7.2270927,9.245318,2.4647815,-1.8136884
1.1360906,-8.109451,-4.710909,0.85939777,-1.4704257,-0.4227222,2.1799603,0.93683827,7.251727,9.226964,2.4473774,-1.8417703
1.1055527,-8.101907,-4.73427,0.86964303,-1.4490497,-0.4153221,2.206917,0.9643537,7.2761784,9.208326,2.4291859,-1.8698522
1.0750147,-8.094317,-4.7569942,0.8794298,-1.4274104,-0.40763676,2.2338738,0.9918691,7.300434,9.189404,2.410208,-1.8979341
1.0444767,-8.086687,-4.7790723,0.8887479,-1.405508,-0.39966428,2.2608306,1.0193845,7.324484,9.170195,2.3904495,-1.926016
1.0139388,-8.079022,-4.80048,0.89759046,-1.3833416,-0.39140642,2.2877874,1.0468999,7.348319,9.150702,2.3699389,-1.9540979
0.98340076,-8.071325,-4.8211617,0.9059879,-1.3609154,-0.38287297,2.3147442,1.0744153,7.3719277,9.130924,2.3487582,-1.9821798
0.95286274,-8.063608,-4.841159,0.9139858,-1.3382286,-0.37405956,2.341701,1.1019307,7.3952966,9.110852,2.326984,-2.0102618
0.9223247,-8.055879,-4.8604016,0.9215574,-1.3152739,-0.36496276,2.3686578,1.1294461,7.418414,9.0904875,2.3045974,-2.0383437
0.8917867,-8.0481415,-4.878852,0.9286896,-1.2920475,-0.35558054,2.3956146,1.1569616,7.441271,9.06983,2.2815924,-2.0664256
0.8612487,-8.040405,-4.8966155,0.93537897,-1.2685531,-0.3459121,2.4225714,1.184477,7.4638615,9.04888,2.258114,-2.0945075
0.83071065,-8.032681,-4.9136558,0.94173914,-1.244803,-0.33595327,2.4495282,1.2119924,7.4861946,9.027642,2.2341692,-2.1225893
0.8001726,-8.024976,-4.9299603,0.94773674,-1.2207981,-0.32570544,2.476485,1.2395078,7.5082664,9.006124,2.209754,-2.1506712
0.7696346,-8.017286,-4.9452744,0.9537057,-1.1965486,-0.31516683,2.5034418,1.2670232,7.53007,8.984322,2.1845536,-2.1787531
0.7390966,-8.009613,-4.9595757,0.95967996,-1.1720551,-0.3043371,2.5303986,1.2945386,7.5515957,8.962236,2.1585467,-2.206835
0.70855856,-8.001958,-4.972859,0.96566284,-1.1473174,-0.29321608,2.5573554,1.322054,7.572836,8.939869,2.1317375,-2.234917
0.67802054,-7.9943194,-4.9850225,0.97167873,-1.1223252,-0.28180078,2.5843122,1.3495694,7.5937905,8.917226,2.1042697,-2.2629988
0.6474825,-7.986701,-4.9960785,0.97769934,-1.0970837,-0.27008873,2.611269,1.3770849,7.6144557,8.894306,2.076802,-2.2910807
0.6169445,-7.979105,-5.006039,0.98370355,-1.071597,-0.2580778,2.6382258,1.4046003,7.634833,8.871109,2.0493343,-2.3191626
0.58640647,-7.9715266,-5.014899,0.98969036,-1.04586,-0.24576116,2.6651826,1.4321157,7.6549153,8.847641,2.0218666,-2.3472445
0.55586845,-7.9639654,-5.022659,0.9956596,-1.0198722,-0.23313703,2.6921394,1.4596311,7.674701,8.823903,1.9943988,-2.3753264
0.5253304,-7.9563985,-5.029372,1.0016547,-0.99362767,-0.22020839,2.7190962,1.4871465,7.6941795,8.799892,1.9669311,-2.4034083
0.4947924,-7.9488153,-5.0350666,1.0077016,-0.9671246,-0.20697685,2.746053,1.5144817,7.713347,8.775606,1.9394634,-2.4314902
0.46425438,-7.9412155,-5.0397477,1.0138009,-0.9403633,-0.19344392,2.7730098,1.5416229,7.7322035,8.751045,1.9119956,-2.459572
0.43371636,-7.9335985,-5.0434227,1.0199529,-0.913344,-0.17961133,2.7999666,1.5685768,7.7507486,8.72621,1.8845279,-2.487654
0.40317833,-7.9259634,-5.0460477,1.0260614,-0.8860679,-0.16547747,2.8269234,1.5953934,7.768983,8.701098,1.8570602,-2.5157359
0.3726403,-7.918308,-5.047425,1.0319685,-0.85852957,-0.15104511,2.8538802,1.6221248,7.7869096,8.675719,1.8295925,-2.5438178
0.3421023,-7.9106336,-5.047438,1.0376652,-0.8307299,-0.13632298,2.880837,1.6488059,7.8045344,8.650073,1.8021247,-2.5718997
0.31156427,-7.902944,-5.0460906,1.0431637,-0.8026711,-0.12131335,2.9077938,1.6754674,7.8218594,8.62416,1.774657,-2.5999815
0.28102624,-7.895241,-5.043352,1.0485221,-0.7743492,-0.106015585,2.9347506,1.7021866,7.8388867,8.597981,1.7471893,-2.6280634
0.25048822,-7.8875227,-5.0392485,1.0537689,-0.7457604,-0.09042563,2.9617074,1.7289122,7.8556123,8.571539,1.7197216,-2.6561453
0.2199502,-7.8797903,-5.0337834,1.0589092,-0.71690476,-0.07454295,2.9886642,1.7556492,7.872036,8.544833,1.6922538,-2.6842272
0.18941218,-7.8720484,-5.0268645,1.0639327,-0.6877783,-0.058361314,3.015621,1.7823465,7.8881545,8.517863,1.6647861,-2.7123091
0.15887415,-7.864298,-5.018485,1.0688429,-0.65838075,-0.041879907,3.0425777,1.8090031,7.903968,8.490631,1.6373184,-2.740391
0.12833613,-7.85654,-5.0086474,1.073645,-0.6287122,-0.02509845,3.0695345,1.8356236,7.919475,8.463136,1.6098506,-2.768473
0.09779811,-7.8487763,-4.9973545,1.0783434,-0.5987731,-0.00801645,3.0964913,1.8622079,7.9346757,8.435378,1.5823829,-2.7965548
0.06726009,-7.8410068,-4.9846087,1.0829425,-0.568564,0.009366529,3.1234481,1.8887572,7.949569,8.407359,1.5549152,-2.8246367
0.036722068,-7.8332305,-4.970419,1.087474,-0.53823316,0.027055101,3.150405,1.9152404,7.964156,8.379083,1.5274475,-2.8527186
0.006184049,-7.82545,-4.9545093,1.0918783,-0.5079023,0.045042887,3.1773617,1.9415481,7.978437,8.350547,1.4999797,-2.8808005
-0.02435397,-7.8176656,-4.9368196,1.0961801,-0.47757152,0.063335955,3.2043185,1.9677076,7.992408,8.321752,1.472512,-2.9088824
-0.05489199,-7.809881,-4.91728,1.1004236,-0.4472407,0.08194479,3.2306087,1.9937755,8.006067,8.292694,1.4450443,-2.9369643
-0.08543001,-7.8021045,-4.8959064,1.1046524,-0.4169099,0.10087541,3.255977,2.0197463,8.019414,8.263375,1.4175766,-2.9650462
-0.11596803,-7.7943277,-4.872654,1.1088618,-0.3865791,0.12012805,3.2803202,2.0457077,8.03245,8.233795,1.3901088,-2.993128
-0.14650606,-7.7865458,-4.8474936,1.1130393,-0.3562483,0.1396945,3.303771,2.0716524,8.045186,8.203961,1.3626411,-3.02121
-0.17704408,-7.778769,-4.8203797,1.1171166,-0.32591748,0.15956588,3.3261733,2.0975246,8.057632,8.173877,1.3351734,-3.0492918
-0.2075821,-7.771001,-4.79221,1.121032,-0.29558668,0.17974097,3.3474915,2.1233635,8.069805,8.1435375,1.3077056,-3.0773737
-0.23812012,-7.76324,-4.7640405,1.124774,-0.26525587,0.20021792,3.367741,2.1491323,8.081705,8.112944,1.2802379,-3.1054556
-0.26865813,-7.755478,-4.735871,1.1283764,-0.23492506,0.22098446,3.3871806,2.174842,8.093331,8.082092,1.2527702,-3.1335375
-0.29919615,-7.7477083,-4.707701,1.1317387,-0.20459425,0.24203853,3.4058785,2.2007084,8.104684,8.051106,1.2253025,-3.1616194
-0.32973418,-7.7399154,-4.6795316,1.1348516,-0.17426345,0.26339254,3.4237921,2.226515,8.115749,8.020121,1.1978347,-3.1897013
-0.3602722,-7.732096,-4.651362,1.1377168,-0.14393264,0.28504783,3.4409883,2.2521966,8.126521,7.9891353,1.170367,-3.2177832
-0.39081022,-7.7242575,-4.6231923,1.1403564,-0.11360183,0.30700514,3.4575455,2.2778018,8.136994,7.95815,1.1428993,-3.245865
-0.42134824,-7.7163987,-4.5950227,1.1427666,-0.08327103,0.32926306,3.4734921,2.3032804,8.14717,7.9271646,1.1154315,-3.273947
-0.45188627,-7.7085233,-4.566853,1.1449609,-0.052940216,0.35181966,3.488816,2.328579,8.157049,7.896179,1.0879638,-3.302029
-0.4824243,-7.700637,-4.5386834,1.1469743,-0.022609405,0.37467197,3.5034883,2.3535721,8.166632,7.865194,1.0604961,-3.3301108
-0.5129623,-7.692741,-4.510514,1.1488062,0.0077214055,0.3978165,3.5175102,2.3782532,8.175918,7.8342085,1.0330284,-3.3579752
-0.5435003,-7.6848373,-4.482344,1.1504564,0.038052216,0.42124963,3.530883,2.4026167,8.184907,7.803223,1.0055606,-3.385371
-0.5740383,-7.6769266,-4.4541745,1.1519313,0.06838302,0.44496754,3.543657,2.426664,8.19361,7.772238,0.9780929,-3.4123056
-0.60457635,-7.6690106,-4.426005,1.1532567,0.09871383,0.46896195,3.5559373,2.4503953,8.202047,7.7412524,0.9506252,-3.4388099
-0.6351144,-7.66109,-4.3978353,1.1544111,0.12904464,0.4932294,3.5677137,2.4738123,8.210214,7.710267,0.92315745,-3.4648643
-0.6656524,-7.653163,-4.3696656,1.1553993,0.15937544,0.5177665,3.5790339,2.4969394,8.218109,7.6792817,0.8956897,-3.490498
-0.6961904,-7.6452193,-4.341496,1.1560163,0.18970625,0.5425751,3.5899076,2.5199459,8.225721,7.6482964,0.868222,-3.5156753
-0.72672844,-7.6372604,-4.3133264,1.1561933,0.22003706,0.56765103,3.6003447,2.5428317,8.233047,7.617311,0.8407543,-3.540324
-0.75726646,-7.629288,-4.2851567,1.155841,0.25036788,0.5929901,3.6103783,2.565614,8.240083,7.5863256,0.81328654,-3.56437
-0.7878045,-7.621308,-4.256987,1.1549692,0.2806987,0.6185907,3.620004,2.5882845,8.24683,7.5553403,0.7858188,-3.5878143
-0.8183425,-7.6133237,-4.2288175,1.1535877,0.3110295,0.644451,3.6292176,2.610835,8.253288,7.524355,0.7583511,-3.610658
-0.8488805,-7.6053414,-4.200648,1.1517059,0.3413603,0.67056924,3.6380153,2.6332576,8.259458,7.4933696,0.73088336,-3.632902
-0.87941855,-7.5973663,-4.172478,1.1493609,0.3716911,0.6969405,3.6463654,2.655541,8.265339,7.462384,0.70341563,-3.6545691
-0.9099566,-7.589407,-4.1443086,1.1466309,0.4020219,0.72355545,3.6541963,2.6776683,8.270933,7.431399,0.6759479,-3.6757147
-0.9404946,-7.581466,-4.116139,1.1435225,0.43235272,0.7504121,3.6615055,2.699633,8.276241,7.4004135,0.6484802,-3.696338
-0.9710326,-7.5735483,-4.0879693,1.1400425,0.46268353,0.7775083,3.6682906,2.7214277,8.281263,7.369428,0.62101245,-3.7164383
-1.0015706,-7.5656652,-4.0597997,1.1362245,0.49301434,0.8048339,3.6745532,2.7429726,8.285991,7.338443,0.5935447,-3.7359688
-1.0321085,-7.557819,-4.03163,1.132253,0.5233452,0.8323754,3.6802766,2.764339,8.290447,7.3074574,0.566077,-3.755191
-1.0626465,-7.5500116,-4.0034604,1.1281185,0.553676,0.8601326,3.6855528,2.7856107,8.294642,7.276472,0.53860927,-3.7741766
-1.0931845,-7.542223,-3.9752908,1.1239222,0.58400685,0.8881034,3.6904964,2.8069236,8.29859,7.2454867,0.51114154,-3.793156
-1.1237224,-7.5344434,-3.9471211,1.1199127,0.6143377,0.9162868,3.6952329,2.8283114,8.302295,7.2145014,0.4836738,-3.812406
-1.1542604,-7.5266733,-3.9189515,1.1160738,0.6446685,0.94468474,3.6997643,2.8497915,8.305757,7.183516,0.45620608,-3.8319302
-1.1847984,-7.518915,-3.8907819,1.1124206,0.67499936,0.9733003,3.7040606,2.871385,8.308972,7.1525307,0.42873836,-3.851768
-1.2153363,-7.51117,-3.8626122,1.1089971,0.7053302,1.002134,3.7080684,2.8930354,8.311944,7.1215453,0.40127063,-3.8719077
-1.2458743,-7.5034347,-3.8344426,1.1057858,0.73566103,1.0311867,3.7117844,2.9147184,8.314673,7.09056,0.3738029,-3.8923109
-1.2764122,-7.495708,-3.806273,1.1027837,0.76599187,1.060459,3.71521,2.936432,8.3171625,7.0595746,0.34633517,-3.9129725
-1.3069502,-7.4879756,-3.7781034,1.0999225,0.7963227,1.0899587,3.7183497,2.95818,8.3194,7.0285892,0.31886744,-3.9338276
-1.3374882,-7.4802356,-3.7499337,1.0972047,0.82665354,1.1196866,3.7212074,2.9799418,8.321384,6.997604,0.29139972,-3.954858
-1.3680261,-7.4724956,-3.721764,1.0946847,0.8569844,1.1496444,3.7238069,3.0015693,8.32312,6.9666185,0.263932,-3.9759662
-1.3985641,-7.464749,-3.6935945,1.0925125,0.8873152,1.1798327,3.726012,3.0230963,8.324606,6.935633,0.23646426,-3.9973269
-1.4291021,-7.456991,-3.6654248,1.0906843,0.91764605,1.2102505,3.7277935,3.0445228,8.325842,6.904648,0.20899653,-4.018935
-1.45964,-7.4492197,-3.6372552,1.0891953,0.9479769,1.2408968,3.7291543,3.0658479,8.326828,6.8736625,0.1815288,-4.040785
-1.490178,-7.4414315,-3.6090856,1.0880406,0.9783077,1.2717711,3.7300978,3.0870702,8.327565,6.842677,0.15406108,-4.0628705
-1.520716,-7.43363,-3.580916,1.0872144,1.0086385,1.3028733,3.730613,3.1082108,8.328053,6.8116918,0.12659335,-4.0852075
-1.5512539,-7.4258275,-3.5527463,1.086757,1.0389693,1.3342159,3.730717,3.1292078,8.328303,6.7807064,0.099125616,-4.107779
-1.5817919,-7.41802,-3.5245767,1.086632,1.0693,1.3657904,3.7304356,3.1500354,8.328313,6.749721,0.07165788,-4.1305256
-1.6123298,-7.410204,-3.496407,1.0868354,1.0996308,1.3973829,3.7297726,3.170692,8.328081,6.7187357,0.044190146,-4.1534424
-1.6428678,-7.4023757,-3.4682374,1.0873772,1.1299616,1.4289753,3.7287583,3.1911635,8.327611,6.6877503,0.016722413,-4.176525
-1.6734058,-7.3945317,-3.4400678,1.0882474,1.1602924,1.4605678,3.727411,3.2114534,8.326904,6.656765,-0.0107453205,-4.199767
-1.7039437,-7.3866687,-3.4118981,1.0894426,1.1906232,1.4921603,3.7257326,3.2315605,8.32596,6.6257796,-0.03821305,-4.2231636
-1.7344817,-7.3788013,-3.3837285,1.0908134,1.220954,1.5237528,3.7237017,3.251548,8.324782,6.5947943,-0.06568079,-4.246625
-1.7650197,-7.370936,-3.3555589,1.0922371,1.2512847,1.5553453,3.7212758,3.2714167,8.32338,6.563809,-0.09314852,-4.270033
-1.7955576,-7.3630705,-3.3273892,1.0936462,1.2816155,1.5869378,3.7184803,3.2911797,8.3217535,6.5328236,-0.12061626,-4.293327
-1.8260956,-7.3552055,-3.2992196,1.0950387,1.3119463,1.6185303,3.7153149,3.3108335,8.319901,6.501838,-0.14808398,-4.3165007
-1.8566335,-7.347341,-3.27105,1.0964144,1.342277,1.6501228,3.7117784,3.3303745,8.317825,6.470853,-0.17555171,-4.3395505
-1.8871715,-7.339477,-3.2428803,1.0977769,1.3726078,1.6817153,3.7078671,3.3497965,8.315523,6.4398675,-0.20301944,-4.3624735
-1.9177095,-7.3316073,-3.2147107,1.0991539,1.4029386,1.7133077,3.7036364,3.3691015,8.312989,6.408882,-0.23048717,-4.3853035
-1.9481615,-7.323723,-3.186541,1.1005722,1.4332694,1.7449002,3.6990955,3.3882897,8.310216,6.377897,-0.2579549,-4.408069
-1.9783652,-7.3158193,-3.1583714,1.1020889,1.4636002,1.7764927,3.6941378,3.4073312,8.307199,6.3469114,-0.28542262,-4.430801
-2.0083199,-7.307896,-3.1302018,1.1037109,1.4939309,1.8080852,3.6887727,3.4262285,8.303936,6.315926,-0.31289035,-4.4535084
-2.038005,-7.2999544,-3.1020322,1.1053553,1.5242617,1.8396777,3.6831248,3.4451187,8.300423,6.2849407,-0.34035808,-4.476239
-2.0674164,-7.2919917,-3.0738626,1.1070051,1.5545925,1.8712702,3.677162,3.4640315,8.296658,6.2539554,-0.3678258,-4.4990044
-2.0965555,-7.2840114,-3.045693,1.1086345,1.5849233,1.9028627,3.6708426,3.4829028,8.292651,6.22297,-0.39529353,-4.5217104
-2.1254227,-7.2760143,-3.0175233,1.110241,1.615254,1.9344552,3.6641612,3.501722,8.288404,6.1919847,-0.42276126,-4.5443435
-2.1540232,-7.267992,-2.9893537,1.1119037,1.6455848,1.9660476,3.6570752,3.520335,8.283924,6.1609993,-0.450229,-4.5668254
-2.1823597,-7.2599483,-2.961184,1.1135949,1.6759156,1.9976401,3.649623,3.5387356,8.279214,6.130014,-0.47769672,-4.589113
-2.2104268,-7.251885,-2.9330144,1.1151816,1.7062464,2.0292327,3.6418061,3.5569823,8.274267,6.0990286,-0.50516444,-4.6111283
-2.2382183,-7.2438045,-2.9048448,1.1165279,1.7365772,2.0608253,3.6336284,3.575127,8.269075,6.068043,-0.5326322,-4.632783
-2.2657344,-7.2357087,-2.8766751,1.1176383,1.7669079,2.092418,3.625088,3.593163,8.263639,6.037058,-0.5600999,-4.6540747
-2.2929766,-7.2276006,-2.8485055,1.1185343,1.7972387,2.1240106,3.6162074,3.6110723,8.257958,6.0060725,-0.5875676,-4.675004
-2.3199475,-7.219483,-2.8203359,1.119298,1.8275695,2.1556032,3.6070695,3.6289325,8.2520275,5.975087,-0.61503536,-4.69573
-2.346647,-7.2113576,-2.7921662,1.1199318,1.8579003,2.1871958,3.5976732,3.646739,8.245847,5.944102,-0.6425031,-4.716252
-2.3730752,-7.2032256,-2.7639966,1.1204382,1.888231,2.2187884,3.5880172,3.6644876,8.239416,5.9131165,-0.6699708,-4.7365665
-2.3992326,-7.195089,-2.735827,1.1208202,1.9185618,2.250381,3.5781012,3.682175,8.232737,5.882131,-0.69743854,-4.7566733
-2.425121,-7.186951,-2.7076573,1.1210943,1.9488926,2.2819736,3.567939,3.6998136,8.22582,5.8511457,-0.72490627,-4.7766037
-2.4507484,-7.178812,-2.6794877,1.1213322,1.9792234,2.3135662,3.5575464,3.7174218,8.218661,5.8201604,-0.752374,-4.7964416
-2.4761274,-7.1706696,-2.651318,1.1216828,2.0095541,2.3451588,3.5469384,3.7349546,8.211252,5.789175,-0.7798417,-4.816286
-2.5012574,-7.162522,-2.6231484,1.1221606,2.039885,2.3767514,3.5361195,3.7523913,8.203592,5.7581897,-0.80730945,-4.8361325
-2.526139,-7.1543665,-2.5949788,1.1227746,2.070216,2.408344,3.525082,3.7697208,8.195682,5.7272043,-0.8347772,-4.855979
-2.5507674,-7.1461945,-2.5668092,1.1234723,2.1005468,2.4399366,3.5139644,3.7869673,8.187509,5.696219,-0.8622449,-4.875791
-2.5751457,-7.138006,-2.5386395,1.1241623,2.1308777,2.4715292,3.502777,3.8042166,8.179072,5.6652336,-0.88971263,-4.895565
-2.599275,-7.129802,-2.51047,1.1248273,2.1612086,2.5031219,3.491549,3.8214855,8.170373,5.6342483,-0.91718036,-4.915301
-2.6231554,-7.1215825,-2.4823003,1.1254998,2.1915395,2.5347145,3.4803596,3.8387423,8.161408,5.603263,-0.9446481,-4.934999
-2.6467853,-7.113348,-2.4541306,1.1261674,2.2218704,2.566307,3.469199,3.856005,8.152178,5.5722775,-0.9721158,-4.954665
-2.6701522,-7.105103,-2.425961,1.1267222,2.2522013,2.5978997,3.4579747,3.8734217,8.142671,5.541292,-0.99958354,-4.9743433
-2.693255,-7.096849,-2.3977914,1.1271517,2.2825322,2.6294923,3.4466803,3.8909793,8.132881,5.510307,-1.0270513,-4.9940114
-2.7160902,-7.088587,-2.3696218,1.1274263,2.312863,2.661085,3.4353025,3.9086518,8.122797,5.4793215,-1.054519,-5.0136228
-2.7386606,-7.080314,-2.3414521,1.1275154,2.343194,2.6926775,3.423842,3.9266043,8.112422,5.448336,-1.0819868,-5.0333076
-2.7609668,-7.0720325,-2.3132825,1.1274174,2.373525,2.72427,3.4122972,3.9448543,8.101757,5.417351,-1.1094545,-5.053081
-2.783009,-7.0637436,-2.2851129,1.1271343,2.4038558,2.7558627,3.400667,3.963399,8.090802,5.3863654,-1.1369222,-5.0729427
-2.8047838,-7.055447,-2.2569432,1.1267039,2.4341867,2.7874553,3.3889294,3.9822521,8.079554,5.35538,-1.16439,-5.092947
-2.8262877,-7.0471416,-2.2287736,1.1261688,2.4645176,2.819048,3.37706,4.001431,8.068007,5.3243947,-1.1918577,-5.1131573
-2.8475287,-7.0388255,-2.200604,1.125541,2.4948485,2.8506405,3.3651333,4.0209904,8.056169,5.2934093,-1.2193254,-5.133635
-2.8685036,-7.0305,-2.1724343,1.1248319,2.5251794,2.8822331,3.35315,4.0409255,8.044037,5.262424,-1.2467932,-5.1543856
-2.8892114,-7.0221663,-2.1442647,1.1240431,2.5555103,2.9138258,3.3411088,4.061235,8.031611,5.2314386,-1.2742609,-5.1754093
-2.9096534,-7.013826,-2.116095,1.1231782,2.5858412,2.9454184,3.3290222,4.0818987,8.018892,5.2004533,-1.3017286,-5.1966887
-2.9298234,-7.0054774,-2.0879254,1.1223294,2.616172,2.977011,3.31691,4.1028795,8.005884,5.169468,-1.3291963,-5.218279
-2.9497037,-6.997114,-2.0597558,1.1215403,2.646503,3.0086036,3.3047912,4.1241584,7.9925838,5.1384826,-1.3566641,-5.240196
-2.9692833,-6.9887304,-2.0315862,1.120837,2.6768339,3.0401962,3.292685,4.1457157,7.978984,5.107497,-1.3841318,-5.262441
-2.9885623,-6.9803257,-2.0034165,1.1202174,2.7071648,3.0717888,3.2805903,4.1675525,7.965085,5.076512,-1.4115995,-5.285012
-3.0075405,-6.971899,-1.9752469,1.1196798,2.7374957,3.1033814,3.268506,4.189669,7.9508867,5.0455265,-1.4390672,-5.307907
-3.0262175,-6.963451,-1.9470773,1.1191938,2.7678266,3.134974,3.2564301,4.212054,7.936387,5.014541,-1.466535,-5.3310847
-3.0445938,-6.954982,-1.9189076,1.1187375,2.7981575,3.1665666,3.2443638,4.2346926,7.921585,4.983556,-1.4940027,-5.354509
-3.0626717,-6.946488,-1.890738,1.1182791,2.8284883,3.1981592,3.2323291,4.2575293,7.906485,4.9525704,-1.5214704,-5.3780937
-3.0804517,-6.9379716,-1.8625684,1.1178343,2.8588192,3.2297518,3.2203226,4.2805467,7.891085,4.921585,-1.5489382,-5.4018364
-3.097933,-6.9294353,-1.8343987,1.1174216,2.8891501,3.2613444,3.208348,4.303715,7.8753853,4.8905997,-1.5764059,-5.425726
-3.115107,-6.920889,-1.8062291,1.1170748,2.919481,3.292937,3.1964114,4.3270316,7.8593884,4.8596144,-1.6038736,-5.4497905
-3.1319728,-6.912331,-1.7780595,1.1168177,2.949812,3.3245296,3.1845586,4.350472,7.843093,4.828629,-1.6313413,-5.47403
-3.14853,-6.903761,-1.7498899,1.1166492,2.9801428,3.3561223,3.17279,4.3740373,7.8264995,4.7976437,-1.6588091,-5.4984436
-3.1647813,-6.895177,-1.7217202,1.1165597,3.0104737,3.3877149,3.1611345,4.3977385,7.809607,4.7666583,-1.6862768,-5.5230336
-3.180733,-6.886577,-1.6935506,1.116532,3.0408046,3.4193075,3.1496487,4.4215975,7.7924156,4.735673,-1.7137445,-5.5478044
-3.196385,-6.877961,-1.665381,1.1165644,3.0711355,3.4509,3.1383321,4.445616,7.7749248,4.7046876,-1.7412122,-5.5727563
-3.2117367,-6.8693285,-1.6372113,1.1166553,3.1014664,3.4824927,3.1271842,4.469795,7.757135,4.6737022,-1.76868,-5.5978894
-3.2267947,-6.860685,-1.6090417,1.1168413,3.1317973,3.5140853,3.1161606,4.494164,7.739051,4.642717,-1.7961477,-5.6232677
-3.2415628,-6.852033,-1.580872,1.1171438,3.1620493,3.545678,3.1052341,4.5187383,7.7206755,4.6117315,-1.8236154,-5.6489296
-3.2560406,-6.843371,-1.5527024,1.1175761,3.192203,3.5772705,3.094407,4.5435104,7.7020087,4.580746,-1.8510832,-5.6748805
-3.2702358,-6.8347063,-1.5245328,1.1181699,3.2222657,3.608863,3.083676,4.5684752,7.6830654,4.549761,-1.8785509,-5.7011304
-3.284147,-6.8260374,-1.4963632,1.1189512,3.2522411,3.6404557,3.0730593,4.5936036,7.663846,4.5187755,-1.9060186,-5.727675
-3.2977798,-6.8173666,-1.4681935,1.1197745,3.282148,3.6720483,3.0625896,4.6188393,7.6443534,4.48779,-1.9334863,-5.7543116
-3.3111365,-6.8086953,-1.4400239,1.1205758,3.3119934,3.703641,3.0522728,4.644172,7.62459,4.4568048,-1.9609541,-5.7809677
-3.3242059,-6.8000245,-1.4118543,1.1213908,3.3417792,3.7352335,3.0421965,4.6695967,7.6045437,4.4258194,-1.9884218,-5.8076773
-3.336985,-6.791355,-1.3836846,1.1222272,3.3715081,3.7668262,3.032382,4.695112,7.5842123,4.394834,-2.0158896,-5.834448
-3.349474,-6.782686,-1.355515,1.1230841,3.4011824,3.7984188,3.0228293,4.7207217,7.563595,4.3638487,-2.0433574,-5.8612814
-3.3616722,-6.7740183,-1.3273454,1.1239606,3.4308047,3.8300114,3.0135384,4.746427,7.5426917,4.3328633,-2.070825,-5.8881793
-3.3735898,-6.765347,-1.2991757,1.1247562,3.4603763,3.861604,3.004481,4.7723036,7.5214944,4.301878,-2.0982928,-5.9151115
-3.3852298,-6.7566724,-1.2710061,1.125436,3.489899,3.8931966,2.9956458,4.7983766,7.5000005,4.2708926,-2.1257606,-5.9420676
-3.3965936,-6.747997,-1.2428365,1.1259942,3.519377,3.9247892,2.9870248,4.824698,7.478213,4.2399073,-2.1532283,-5.969093
-3.4076846,-6.739326,-1.2146668,1.126416,3.5488193,3.9563818,2.9785972,4.851406,7.4561396,4.208922,-2.180696,-5.9963083
-3.4185028,-6.7306614,-1.1864972,1.1266991,3.5782275,3.9879744,2.9703608,4.8785048,7.43378,4.1779366,-2.2081637,-6.023716
-3.429048,-6.7220044,-1.1583276,1.1268415,3.6076035,4.019567,2.962314,4.9059973,7.411135,4.146951,-2.2356315,-6.0513167
-3.4393256,-6.7133512,-1.130158,1.1268617,3.6369514,4.0511594,2.9543521,4.9335127,7.3882,4.115966,-2.2630992,-6.079072
-3.449336,-6.7047048,-1.1019883,1.1267551,3.6662726,4.0827518,2.946476,4.961028,7.3649716,4.0849805,-2.290567,-6.106974
-3.4590783,-6.696068,-1.0738187,1.1265497,3.6955717,4.114344,2.938695,4.9885435,7.341453,4.053995,-2.3180346,-6.135056
-3.4685476,-6.687447,-1.045649,1.1262513,3.724857,4.1459365,2.9310243,5.016059,7.317646,4.02301,-2.3455024,-6.163138
-3.4777436,-6.6788435,-1.0174794,1.1258605,3.7541301,4.177529,2.9234653,5.0435743,7.2935505,3.9920242,-2.37297,-6.19122
-3.4866662,-6.670258,-0.9893098,1.1253777,3.7833917,4.209121,2.9160187,5.0710897,7.2691665,3.9610386,-2.4004378,-6.2193017
-3.4953144,-6.661692,-0.96114016,1.124771,3.812642,4.2407136,2.908664,5.098605,7.2444944,3.930053,-2.4279056,-6.2473836
-3.5036836,-6.6531496,-0.9329705,1.1238885,3.8418777,4.272306,2.9012988,5.1261206,7.2195373,3.8990674,-2.4553733,-6.2754655
-3.511774,-6.644634,-0.9048009,1.1227341,3.8710985,4.3038983,2.8939238,5.153636,7.194295,3.8680818,-2.482841,-6.3035474
-3.5195854,-6.636148,-0.87663126,1.1213284,3.900305,4.3354907,2.8865495,5.1811514,7.168769,3.8370962,-2.5103087,-6.3316293
-3.527117,-6.627696,-0.8484616,1.1196742,3.929502,4.367083,2.879206,5.208667,7.142961,3.8061106,-2.5377765,-6.359711
-3.5343688,-6.619281,-0.820292,1.1177728,3.9586902,4.3986754,2.8718944,5.236182,7.1168714,3.775125,-2.5652442,-6.387793
-3.5413418,-6.6109023,-0.79212236,1.1156489,3.987871,4.430268,2.8645778,5.2636976,7.0904994,3.7441394,-2.592712,-6.415875
-3.5480363,-6.602562,-0.76395273,1.1133108,4.0170445,4.46186,2.8572454,5.291213,7.0638447,3.7131538,-2.6201797,-6.443957
-3.5544524,-6.594262,-0.7357831,1.1107599,4.0462112,4.4934525,2.849898,5.3187284,7.0369067,3.6821682,-2.6476474,-6.4720387
-3.5605898,-6.5860047,-0.70761347,1.1079973,4.075371,4.525045,2.8425362,5.346244,7.009686,3.6511827,-2.675115,-6.5001206
-3.5664508,-6.577796,-0.67944384,1.1050304,4.104519,4.5566373,2.835179,5.3737593,6.9821887,3.620197,-2.7025828,-6.5282025
-3.5720363,-6.56964,-0.6512742,1.1018655,4.1336536,4.5882297,2.8278317,5.4012747,6.954418,3.5892115,-2.7300506,-6.5562844
-3.5773456,-6.5615396,-0.6231046,1.098503,4.162775,4.619822,2.820496,5.42879,6.9263744,3.5582259,-2.7575183,-6.5843663
-3.5823712,-6.553488,-0.59493494,1.0949247,4.1918764,4.6514144,2.8131707,5.4563055,6.8980584,3.5272403,-2.784986,-6.612448
-3.5871122,-6.5454764,-0.5667653,1.0911075,4.2209477,4.683007,2.8058584,5.483821,6.8694744,3.4962547,-2.8124537,-6.64053
-3.5915596,-6.5375075,-0.5385957,1.0871632,4.2499804,4.714599,2.7985685,5.5113363,6.8406262,3.465269,-2.8399215,-6.668612
-3.5957096,-6.5295815,-0.51042604,1.0831418,4.2789707,4.7461915,2.7913055,5.5388517,6.811515,3.4342835,-2.8673892,-6.696694
-3.5995555,-6.5216956,-0.48225638,1.0790496,4.3079095,4.777784,2.7840881,5.566367,6.7821407,3.403298,-2.894857,-6.724776
-3.6030946,-6.5138464,-0.45408672,1.0748923,4.336793,4.8093762,2.7769468,5.5938826,6.752504,3.3723123,-2.9223247,-6.7528577
-3.6063266,-6.506035,-0.42591706,1.0706704,4.3656216,4.8409686,2.7698827,5.621398,6.7226043,3.3413267,-2.9497924,-6.7809396
-3.6092522,-6.498263,-0.3977474,1.0664011,4.394396,4.872561,2.7628999,5.6489134,6.6924453,3.3103411,-2.97726,-6.8090215
-3.6118731,-6.4905314,-0.36957774,1.0620848,4.4231167,4.9041533,2.7560096,5.676429,6.6620255,3.2793555,-3.0047278,-6.8371034
-3.6141903,-6.482842,-0.34140807,1.0577198,4.4517856,4.9357457,2.7492187,5.703944,6.631495,3.24837,-3.0321956,-6.8651853
-3.6162038,-6.4751945,-0.3132384,1.0533063,4.4804034,4.967338,2.742528,5.7314596,6.6009645,3.2173843,-3.0596633,-6.893267
-3.6179123,-6.4675884,-0.28506875,1.0488766,4.508971,4.9989305,2.7359064,5.758975,6.570434,3.1863987,-3.087131,-6.921349
-3.6193159,-6.460024,-0.2568991,1.0444337,4.53749,5.030523,2.7293515,5.7864904,6.5399036,3.1554132,-3.1145988,-6.949431
-3.6204128,-6.4525037,-0.22872943,1.0399753,4.565959,5.062115,2.7228749,5.814006,6.509373,3.1244276,-3.1420665,-6.977513
-3.6212018,-6.44503,-0.20055977,1.0354993,4.5943785,5.0937076,2.7164867,5.8415213,6.4788427,3.093442,-3.1695342,-7.0055947
-3.6216846,-6.4376044,-0.1723901,1.0309694,4.6227517,5.1253,2.7101538,5.8690367,6.4483123,3.0624564,-3.197002,-7.0336766
-3.6218667,-6.4302263,-0.14422044,1.0263529,4.651076,5.1568923,2.7038472,5.896552,6.417782,3.0314708,-3.2244697,-7.0617585
-3.621749,-6.422894,-0.11605078,1.021836,4.6793494,5.1884847,2.6974072,5.9240675,6.3872514,3.0004852,-3.2519374,-7.0898404
-3.621331,-6.4156075,-0.08788112,1.0174453,4.7075725,5.220077,2.6908488,5.951583,6.356721,2.9694996,-3.279405,-7.1179223
-3.6206124,-6.408367,-0.059711456,1.0131917,4.735745,5.2516694,2.684207,5.9790983,6.3261905,2.938514,-3.3068728,-7.146004
-3.619593,-6.4011717,-0.031541795,1.0090742,4.7638664,5.283262,2.677482,6.0066137,6.29566,2.9075284,-3.3343406,-7.174086
-3.618277,-6.3940187,-0.0033721328,1.0050515,4.7919345,5.314854,2.6707022,6.034129,6.2651296,2.8765428,-3.3618083,-7.202168
-3.616671,-6.3869057,0.024797529,1.0012205,4.819937,5.3464465,2.6639056,6.0616446,6.234599,2.8455572,-3.389276,-7.23025
-3.6147747,-6.379831,0.05296719,0.9975797,4.8478746,5.378039,2.657092,6.08916,6.2040687,2.8145716,-3.4167438,-7.258332
-3.6125882,-6.3727927,0.08113685,0.99412787,4.8757463,5.4096313,2.6502616,6.1166754,6.173538,2.783586,-3.4442115,-7.2864137
-3.6101115,-6.3657894,0.109306514,0.9908636,4.903552,5.4412236,2.6434145,6.144191,6.1430078,2.7526004,-3.4716792,-7.3144956
-3.607344,-6.3588195,0.13747618,0.9877904,4.931292,5.472816,2.6365426,6.171706,6.1124773,2.7216148,-3.499147,-7.3425775
-3.6042788,-6.351885,0.16564584,0.98490965,4.9589605,5.5044084,2.6295655,6.1992216,6.081947,2.6906292,-3.5266147,-7.3706594
-3.6009157,-6.344984,0.1938155,0.9822123,4.9865546,5.5360007,2.6224709,6.226737,6.0514164,2.6596437,-3.5540824,-7.3987412
-3.5972548,-6.338115,0.22198516,0.97969663,5.014074,5.567593,2.6152582,6.2542524,6.020886,2.628658,-3.5815501,-7.426823
-3.593296,-6.331277,0.25015482,0.97736114,5.041517,5.5991855,2.6079273,6.281768,5.9903555,2.5976725,-3.6090178,-7.454905
-3.5890398,-6.3244677,0.27832448,0.9752043,5.0688825,5.630778,2.6004782,6.3092833,5.959825,2.5666869,-3.6364856,-7.482987
-3.5844884,-6.317688,0.30649415,0.97319204,5.096171,5.66237,2.5928977,6.3367987,5.9292946,2.5357013,-3.6639533,-7.511069
-3.5796497,-6.310942,0.3346638,0.97123796,5.1233835,5.6939626,2.585169,6.364314,5.898764,2.5047157,-3.691421,-7.5391507
-3.5745237,-6.3042297,0.36283347,0.96934116,5.1505194,5.725555,2.577293,6.3918295,5.8682337,2.47373,-3.7188888,-7.5672326
-3.5691106,-6.2975497,0.39100313,0.9675009,5.177577,5.7571473,2.5692692,6.419345,5.837703,2.4427445,-3.7463565,-7.5953145
-3.5634105,-6.2909017,0.4191728,0.9657068,5.204555,5.7887397,2.5610988,6.4468603,5.807173,2.411759,-3.7738242,-7.6233964
-3.5574229,-6.2842846,0.44734246,0.9639378,5.2314515,5.820332,2.552783,6.4743757,5.7766423,2.3807733,-3.801292,-7.6514783
-3.551148,-6.2776976,0.47551212,0.9621925,5.2582655,5.8519244,2.544322,6.501891,5.746112,2.3497877,-3.8287597,-7.67956
-3.5445857,-6.271141,0.5036818,0.96046937,5.2849956,5.883517,2.5357163,6.5294065,5.7155814,2.318802,-3.8562274,-7.707642
-3.5377362,-6.264614,0.5318514,0.95876706,5.3116403,5.915109,2.526966,6.556922,5.685051,2.2878165,-3.8836951,-7.735724
-3.5306003,-6.2581186,0.56002104,0.9570598,5.3381996,5.9467015,2.5180652,6.5844374,5.6545205,2.256831,-3.9111629,-7.763806
-3.5231795,-6.2516575,0.5881907,0.9552895,5.364675,5.978294,2.5089993,6.611953,5.62399,2.2258453,-3.9386306,-7.7918878
-3.515471,-6.2452245,0.6163603,0.95334756,5.3910623,6.0098863,2.499731,6.639468,5.5934596,2.1948597,-3.9660983,-7.8199697
-3.5074747,-6.2388206,0.64452994,0.95122075,5.417359,6.0414786,2.490256,6.6669836,5.562929,2.1638741,-3.993566,-7.8480515
-3.4991903,-6.2324476,0.6726996,0.9489084,5.443563,6.073071,2.4805744,6.694499,5.5323987,2.1328886,-4.021034,-7.8761334
-3.490618,-6.2261076,0.7008692,0.94640774,5.469672,6.1046634,2.4706705,6.7220144,5.5018682,2.101903,-4.0485015,-7.9042153
-3.4817555,-6.2198057,0.72903883,0.9437064,5.4956827,6.1362557,2.4604604,6.74953,5.471338,2.0709174,-4.075969,-7.932297
-3.4726033,-6.2135434,0.75720847,0.9408028,5.521591,6.167848,2.4499443,6.7770452,5.4408073,2.0399318,-4.103437,-7.960379
-3.4631612,-6.207323,0.7853781,0.9376954,5.5473948,6.1994405,2.4391222,6.8045607,5.410277,2.0089462,-4.1309047,-7.988461
-3.4534316,-6.2011485,0.81354773,0.93444544,5.5730944,6.231033,2.4280117,6.832076,5.3797464,1.9779607,-4.1583724,-8.016543
-3.443419,-6.195027,0.84171736,0.9311068,5.598691,6.262625,2.4166522,6.8595915,5.349216,1.9469752,-4.18584,-8.044625
-3.4331205,-6.1889696,0.869887,0.92762434,5.624181,6.2942176,2.4051116,6.887107,5.3186855,1.9159898,-4.213308,-8.072707
-3.422537,-6.182983,0.8980566,0.923905,5.6495585,6.32581,2.3934581,6.9146223,5.288155,1.8850043,-4.2407756,-8.100789
-3.4116695,-6.177068,0.92622626,0.9199995,5.6748223,6.3574023,2.3817062,6.9421377,5.2576246,1.8540188,-4.2682433,-8.128871
-3.4005194,-6.1712236,0.9543959,0.9159864,5.699968,6.3889947,2.369904,6.969653,5.227094,1.8230333,-4.295711,-8.156953
-3.38909,-6.1654534,0.9825655,0.9117824,5.724992,6.420587,2.3581116,6.9971685,5.1965637,1.7920479,-4.323179,-8.185035
-3.3773828,-6.159761,1.0107352,0.90736187,5.7498937,6.4521794,2.346352,7.024684,5.1660333,1.7610624,-4.3506465,-8.213117
-3.3653975,-6.154148,1.0389048,0.9027274,5.7746735,6.483772,2.3346276,7.0521994,5.135503,1.7300769,-4.378114,-8.241199
-3.3531342,-6.148617,1.0670744,0.8978815,5.7993317,6.515364,2.32294,7.079715,5.1049724,1.6990914,-4.405582,-8.26928
-3.340593,-6.143171,1.095244,0.89282376,5.8238683,6.5469565,2.3112857,7.10723,5.074442,1.668106,-4.4330497,-8.297362
-3.327777,-6.1378126,1.1234137,0.8875436,5.8482833,6.578549,2.2996573,7.1347456,5.0439115,1.6371205,-4.4605174,-8.325444
-3.3146868,-6.132544,1.1515833,0.88203853,5.872576,6.6101413,2.288055,7.162261,5.013381,1.606135,-4.487985,-8.353526
-3.3013232,-6.127368,1.179753,0.87630653,5.8967476,6.6417336,2.276472,7.1897764,4.9828506,1.5751495,-4.515453,-8.381608
-3.2876894,-6.12229,1.2079226,0.8703051,5.9208,6.673326,2.2649205,7.217292,4.95232,1.5441641,-4.5429206,-8.40969
-3.2737856,-6.117313,1.2360922,0.8640368,5.944734,6.7049184,2.2534032,7.2448072,4.9217896,1.5131786,-4.5703883,-8.437772
-3.2596116,-6.112439,1.2642618,0.8575042,5.9685493,6.7365108,2.2419233,7.2723227,4.891259,1.4821931,-4.597856,-8.465854
-3.2451649,-6.107671,1.2924315,0.85073024,5.9922447,6.768103,2.230491,7.299838,4.8607287,1.4512076,-4.625324,-8.493936
-3.2304444,-6.103009,1.3206011,0.8437238,6.01582,6.7996955,2.2191112,7.3273535,4.8301983,1.4202222,-4.6527915,-8.5220175
-3.2154505,-6.0984573,1.3487707,0.83648735,6.0392756,6.831288,2.2077868,7.354869,4.799668,1.3892367,-4.680259,-8.550099
-3.200183,-6.094017,1.3769404,0.82902354,6.062612,6.86288,2.1965208,7.3823843,4.7691374,1.3582512,-4.707727,-8.578181
-3.1846418,-6.0896907,1.40511,0.8213351,6.0858297,6.8944726,2.1853163,7.4098997,4.738607,1.3272657,-4.7351947,-8.606263
-3.168827,-6.0854807,1.4332796,0.8134245,6.108929,6.926065,2.1741762,7.437415,4.7080765,1.2962803,-4.7626624,-8.634345
-3.1527388,-6.081389,1.4614493,0.80529463,6.131911,6.9576573,2.163103,7.4649305,4.677546,1.2652948,-4.79013,-8.662427
-3.1363769,-6.077418,1.4896189,0.7969481,6.154775,6.9892497,2.1521,7.492446,4.6470156,1.2343093,-4.817598,-8.690509
-3.1197414,-6.0735693,1.5177885,0.78838766,6.1775227,7.020842,2.14117,7.5199614,4.616485,1.2033238,-4.8450656,-8.718591
-3.1028326,-6.0698457,1.5459582,0.77961606,6.2001543,7.0524344,2.1303158,7.547477,4.5859547,1.1723384,-4.8725333,-8.746673
-3.0856502,-6.066249,1.5741278,0.77063614,6.22267,7.084027,2.11954,7.574992,4.555424,1.1413529,-4.900001,-8.774755
-3.0681942,-6.0627813,1.6022974,0.7614507,6.2450714,7.115619,2.1088455,7.6025076,4.5248938,1.1103674,-4.927469,-8.802836
-3.0504646,-6.0594444,1.630467,0.75206256,6.2673583,7.1472116,2.0982351,7.630023,4.4943633,1.079382,-4.9549365,-8.830918
-3.0324616,-6.0562406,1.6586367,0.7424746,6.2895317,7.178804,2.0877116,7.6575384,4.463833,1.0483965,-4.982404,-8.859
-3.0141823,-6.053173,1.6868063,0.73278683,6.3115897,7.2103963,2.0771985,7.685054,4.4333024,1.017411,-5.009872,-8.887082
-2.9956229,-6.0502453,1.714976,0.72318333,6.3335285,7.2419887,2.0665493,7.712569,4.402772,0.98642546,-5.0373397,-8.915164
-2.9767902,-6.0474577,1.7431456,0.71371317,6.3553524,7.273581,2.0557153,7.7400846,4.3722415,0.9554399,-5.0648074,-8.943246
-2.9576926,-6.044802,1.7713152,0.70445096,6.377064,7.3051734,2.044681,7.7676,4.341711,0.9244544,-5.092275,-8.971328
-2.9383304,-6.042277,1.7994848,0.6953957,6.398662,7.336766,2.0334446,7.7951155,4.3111806,0.89346886,-5.119743,-8.99941
-2.9187036,-6.0398793,1.8276545,0.6865464,6.420144,7.368358,2.0220046,7.822631,4.28065,0.8624833,-5.1472106,-9.027492
-2.8988123,-6.037608,1.8558241,0.677902,6.4415083,7.3999505,2.010359,7.8501463,4.2501197,0.8314978,-5.1746783,-9.055573
-2.8786573,-6.035461,1.8839937,0.669452,6.4627533,7.431543,1.9985006,7.8776617,4.219589,0.80051225,-5.202146,-9.083655
-2.8582442,-6.0334344,1.9121634,0.6611029,6.483877,7.4631352,1.9863702,7.905177,4.189059,0.7695267,-5.229614,-9.111737
-2.8375728,-6.031527,1.940333,0.6528537,6.5048776,7.4947276,1.973967,7.9326925,4.1585283,0.7385412,-5.2570815,-9.139819
-2.8166437,-6.0297384,1.9685026,0.6447036,6.525752,7.52632,1.96129,7.960208,4.127998,0.70755565,-5.284549,-9.167901
-2.7954586,-6.0280657,1.9966723,0.6366566,6.5464997,7.5579123,1.9483097,7.9877234,4.0974674,0.6765701,-5.312017,-9.195983
-2.774019,-6.0265064,2.024842,0.62871534,6.567119,7.5895047,1.9350022,8.015239,4.066937,0.6455846,-5.3394847,-9.224065
-2.752325,-6.0250597,2.0530117,0.6208787,6.5876074,7.621097,1.9213665,8.042754,4.0364065,0.61459905,-5.3669524,-9.252147
-2.7303772,-6.023725,2.0811813,0.6131453,6.6079617,7.6526895,1.9074016,8.07027,4.005876,0.5836135,-5.39442,-9.280229
-2.7081757,-6.0225015,2.109351,0.6055139,6.6281786,7.684282,1.8931063,8.097785,3.9753456,0.552628,-5.421888,-9.3083105
-2.6857204,-6.021388,2.1375206,0.5979831,6.6482553,7.715874,1.8784797,8.1253,3.9448152,0.52164245,-5.4493556,-9.336392
-2.663012,-6.020384,2.1656902,0.59055173,6.668189,7.7474666,1.8635207,8.152816,3.9142847,0.4906569,-5.4768233,-9.364474
-2.6400506,-6.0194883,2.1938598,0.58321846,6.6879764,7.779059,1.8482283,8.180331,3.8837543,0.45967138,-5.504291,-9.392556
-2.6168365,-6.018701,2.2220294,0.57598186,6.7076144,7.8106513,1.8326015,8.207847,3.8532238,0.42868584,-5.531759,-9.420638
-2.5933673,-6.018019,2.250199,0.568828,6.7270975,7.8422437,1.8166467,8.235362,3.8226933,0.3977003,-5.5592265,-9.44872
-2.5696404,-6.017441,2.2783687,0.5617443,6.74642,7.873836,1.8003694,8.262877,3.792163,0.36671478,-5.5866942,-9.476802
-2.5456553,-6.0169654,2.3065383,0.55471545,6.7655797,7.9054284,1.7837912,8.290393,3.7616324,0.33572924,-5.614162,-9.504884
-2.52141,-6.0165915,2.334708,0.54771996,6.7845726,7.937021,1.766948,8.317908,3.731102,0.3047437,-5.6416297,-9.532966
-2.496904,-6.0163198,2.3628776,0.54073757,6.8033977,7.968613,1.7498442,8.345424,3.7005715,0.27375817,-5.6690974,-9.561048
-2.472137,-6.0161505,2.3910472,0.53375584,6.8220534,8.000206,1.7324805,8.372939,3.670041,0.24277265,-5.696565,-9.589129
-2.4471092,-6.016084,2.4192169,0.52677304,6.8405375,8.031798,1.7148571,8.4004545,3.6395106,0.21178713,-5.724033,-9.617211
-2.4218209,-6.0161214,2.4473865,0.5197875,6.8588476,8.063391,1.6969739,8.42797,3.6089802,0.18080162,-5.7515006,-9.645293
-2.396272,-6.016262,2.4755561,0.5127974,6.876981,8.094983,1.6788311,8.455485,3.5784497,0.1498161,-5.7789683,-9.673375
-2.3704627,-6.016506,2.5037258,0.50580114,6.894935,8.126575,1.6604288,8.483001,3.5479193,0.11883058,-5.806436,-9.701457
-2.3443933,-6.016854,2.5318954,0.49879703,6.9127083,8.158168,1.641767,8.510516,3.5173888,0.08784506,-5.833904,-9.729539
-2.3180637,-6.017306,2.560065,0.4917833,6.9302974,8.18976,1.622846,8.538032,3.4868584,0.056859534,-5.8613715,-9.757621
-2.2914743,-6.0178623,2.5882347,0.4847583,6.9477,8.221353,1.6036658,8.565547,3.456328,0.025874011,-5.8888392,-9.785703
-2.264625,-6.018523,2.6164043,0.47772035,6.964914,8.252945,1.5842267,8.593062,3.4257975,-0.005111512,-5.916307,-9.813785
-2.2375154,-6.0192914,2.644574,0.4706499,6.981938,8.284537,1.5645162,8.620578,3.395267,-0.036097035,-5.9437747,-9.8418665
-2.2101443,-6.0201707,2.6727436,0.46351644,6.998772,8.31613,1.5445142,8.648093,3.3647366,-0.067082554,-5.9712424,-9.869948
-2.1825118,-6.0211616,2.7009132,0.45631802,7.0154133,8.347722,1.5242206,8.675609,3.334206,-0.09806807,-5.99871,-9.89803
-2.154618,-6.0222654,2.7290828,0.44905257,7.031859,8.379314,1.5036358,8.703124,3.3036757,-0.1290536,-6.026178,-9.926112
-2.126467,-6.0234766,2.7572525,0.44183782,7.04811,8.410907,1.4826608,8.730639,3.2731452,-0.16003911,-6.0536456,-9.954194
-2.0980604,-6.0247984,2.785422,0.43469882,7.0641603,8.442499,1.4612879,8.758155,3.2426147,-0.19102463,-6.0811133,-9.982276
-2.0693982,-6.02623,2.8135917,0.4276324,7.080006,8.474092,1.4395158,8.78567,3.2120843,-0.22201015,-6.108581,-10.010358
-2.0404742,-6.0277724,2.8417614,0.42064756,7.095642,8.505684,1.417316,8.813186,3.1815538,-0.25299567,-6.136049,-10.03844
-2.0112834,-6.029426,2.869931,0.41375053,7.1110635,8.537276,1.3946649,8.840701,3.1510234,-0.2839812,-6.1635165,-10.066522
-1.981826,-6.0311904,2.8981006,0.40693772,7.126266,8.568869,1.371561,8.8682165,3.120493,-0.31496674,-6.1909842,-10.094604
-1.9521021,-6.0330653,2.9262702,0.4002055,7.141246,8.600461,1.3480028,8.895732,3.0899625,-0.34595227,-6.218452,-10.122685
-1.922112,-6.0350504,2.9544399,0.3935502,7.155998,8.632053,1.3239886,8.923247,3.059432,-0.3769378,-6.2459197,-10.150767
-1.8918532,-6.037156,2.9826095,0.38686824,7.170507,8.663646,1.299551,8.950763,3.0289016,-0.40792334,-6.2733874,-10.178849
-1.861322,-6.0393887,3.0107791,0.38010627,7.1847625,8.695238,1.2747256,8.978278,2.9983711,-0.43890887,-6.300855,-10.206931
-1.8305987,-6.04175,3.0389488,0.37330735,7.1987557,8.7268305,1.2495329,9.005794,2.9678407,-0.4698944,-6.328323,-10.235013
-1.7998754,-6.044241,3.0671184,0.36649528,7.2124805,8.758423,1.2239851,9.033309,2.9373102,-0.50087994,-6.3557906,-10.263095
-1.769152,-6.0468626,3.095288,0.35966676,7.2259336,8.790015,1.1980815,9.060824,2.9067798,-0.5318655,-6.3832583,-10.291177
-1.7384287,-6.0496154,3.1234577,0.35278088,7.239114,8.821608,1.1717893,9.08834,2.8762493,-0.562851,-6.410726,-10.319259
-1.7077054,-6.0525002,3.1516273,0.3457826,7.252029,8.8532,1.145064,9.115855,2.8457189,-0.59383655,-6.438194,-10.347341
-1.676982,-6.055519,3.179797,0.33867225,7.2646747,8.884792,1.1179303,9.143371,2.8151884,-0.6248221,-6.4656615,-10.3754225
-1.6462587,-6.058674,3.2079666,0.33144584,7.2770476,8.916385,1.0907966,9.170886,2.784658,-0.6558076,-6.4931293,-10.403504
-1.6155354,-6.061964,3.2361362,0.32409215,7.2891483,8.947977,1.0636629,9.198401,2.7541275,-0.68679315,-6.520597,-10.431586
-1.584812,-6.06539,3.2643058,0.31652087,7.300976,8.979569,1.0365292,9.225917,2.723597,-0.7177787,-6.5480647,-10.459668
-1.5540887,-6.0689507,3.2924755,0.30874538,7.3125343,9.011162,1.0093955,9.253432,2.6930666,-0.7487642,-6.5755324,-10.48775
-1.5233654,-6.072643,3.320645,0.30078584,7.3238297,9.042754,0.9822617,9.280948,2.6625361,-0.77974975,-6.603,-10.515832
-1.492642,-6.076468,3.3488147,0.29266718,7.3348618,9.074347,0.95512795,9.308463,2.6320057,-0.8107353,-6.630468,-10.543914
-1.4619187,-6.080427,3.3769844,0.28439128,7.3456306,9.105939,0.9279942,9.3359785,2.6014752,-0.8417208,-6.6579356,-10.571996
-1.4311954,-6.084522,3.405154,0.27594003,7.356137,9.137531,0.9008604,9.363494,2.5709448,-0.87270635,-6.6854033,-10.600078
-1.400472,-6.088753,3.4333236,0.2672968,7.3663807,9.169124,0.87372667,9.391009,2.5404143,-0.9036919,-6.712871,-10.6281595
-1.3697487,-6.093117,3.4614933,0.25843456,7.376367,9.200716,0.8465929,9.418525,2.5098839,-0.9346774,-6.740339,-10.656241
-1.3390254,-6.097613,3.489663,0.24934785,7.3860993,9.232308,0.81945914,9.44604,2.4793534,-0.96566296,-6.7678065,-10.684323
-1.308302,-6.102239,3.5178325,0.24006577,7.3955812,9.263901,0.7923254,9.473556,2.448823,-0.9966485,-6.7952743,-10.712405
-1.2775787,-6.106998,3.5460021,0.23058967,7.404813,9.295493,0.7651916,9.501071,2.4182925,-1.027634,-6.822742,-10.740487
-1.2468554,-6.1118913,3.5741718,0.22092102,7.413794,9.3270855,0.73805785,9.528586,2.387762,-1.0586195,-6.8502097,-10.768569
-1.216132,-6.116921,3.6023414,0.2110612,7.4225245,9.358678,0.7109241,9.556102,2.3572316,-1.089605,-6.8776774,-10.796651
-1.1854087,-6.122089,3.630511,0.20101155,7.431004,9.39027,0.6837903,9.583617,2.3267012,-1.1205904,-6.905145,-10.824733
-1.1546854,-6.127397,3.6586807,0.19077349,7.439233,9.421863,0.65665656,9.611133,2.2961707,-1.1515759,-6.932613,-10.852815
-1.123962,-6.132848,3.6868503,0.1803483,7.4472103,9.453455,0.6295228,9.638648,2.2656403,-1.1825614,-6.9600806,-10.880897
-1.0932387,-6.1384425,3.71502,0.16973743,7.4549365,9.485047,0.60238904,9.666163,2.2351098,-1.2135469,-6.9875484,-10.908978
-1.0625154,-6.144183,3.7431896,0.1589422,7.4624114,9.51664,0.5752553,9.693679,2.2045794,-1.2445323,-7.015016,-10.93706
-1.031792,-6.1500716,3.7713592,0.14796391,7.4696345,9.548232,0.5481215,9.721194,2.174049,-1.2755178,-7.042484,-10.965142
-1.0010687,-6.15611,3.7995288,0.136804,7.476606,9.579824,0.52098775,9.74871,2.1435184,-1.3065033,-7.0699515,-10.993224
-0.9703454,-6.1623015,3.8276985,0.12547421,7.4833255,9.611417,0.49385402,9.776225,2.112988,-1.3374888,-7.0974193,-11.021306
-0.93962204,-6.1686516,3.855868,0.11399627,7.4897923,9.643009,0.46672028,9.8037405,2.0824575,-1.3684742,-7.124887,-11.049321
-0.9088987,-6.175162,3.8840377,0.10237132,7.496006,9.674602,0.43958655,9.831256,2.051927,-1.3994597,-7.1523547,-11.076884
-0.8781754,-6.1818314,3.9122074,0.09056078,7.501961,9.706194,0.41245282,9.858771,2.0213966,-1.4304452,-7.1798224,-11.104002
-0.84745204,-6.1886606,3.940377,0.07853894,7.5076537,9.737786,0.38531908,9.886287,1.9908662,-1.4614307,-7.20729,-11.130677
-0.8167287,-6.195652,3.9685466,0.06630213,7.5130825,9.769379,0.35818535,9.913802,1.9603357,-1.4924161,-7.234758,-11.156915
-0.7860054,-6.202808,3.9967163,0.053831354,7.518247,9.800971,0.33105162,9.941318,1.9298053,-1.5234016,-7.2622256,-11.182737
-0.75528204,-6.2101307,4.024886,0.04112699,7.523147,9.832563,0.30391788,9.968833,1.8992748,-1.5543871,-7.2896934,-11.208144
-0.7245587,-6.2176237,4.053056,0.02816081,7.52778,9.864156,0.27678415,9.996348,1.8687444,-1.5853726,-7.317161,-11.233131
-0.6938354,-6.225291,4.0812254,0.014898245,7.532144,9.895748,0.24965042,10.023864,1.8382139,-1.616358,-7.344629,-11.257697
-0.66311204,-6.233135,4.109395,0.0013442878,7.5362387,9.9273405,0.22251669,10.051379,1.8076835,-1.6473435,-7.3720965,-11.281838
-0.6323887,-6.241161,4.1375647,-0.012475367,7.540068,9.958933,0.19538295,10.078895,1.777153,-1.678329,-7.3995643,-11.305554
-0.6016654,-6.249362,4.1657343,-0.026461096,7.543627,9.990525,0.16824922,10.10641,1.7466226,-1.7093145,-7.427032,-11.328843
-0.57094204,-6.257745,4.193904,-0.040447548,7.5469074,10.022118,0.14111549,10.133925,1.7160921,-1.7402999,-7.4544997,-11.35183
-0.5402187,-6.2663093,4.2220736,-0.054435305,7.54991,10.05371,0.113981746,10.161441,1.6855617,-1.7712854,-7.4819674,-11.374513
-0.5094954,-6.275052,4.250243,-0.06868131,7.552641,10.085302,0.086848006,10.188956,1.6550312,-1.8022709,-7.509435,-11.396608
-0.47877204,-6.2839756,4.278413,-0.08318602,7.5551,10.116895,0.059714265,10.216472,1.6245008,-1.8332564,-7.536903,-11.418116
-0.4480487,-6.293086,4.3065825,-0.09792902,7.557282,10.148487,0.032580525,10.243987,1.5939703,-1.8642418,-7.5643706,-11.439114
-0.41732538,-6.3023868,4.334752,-0.112904906,7.559185,10.180079,0.005446784,10.2715025,1.5634398,-1.8952273,-7.5918384,-11.459624
-0.38660204,-6.31188,4.3629217,-0.12811464,7.5608087,10.211672,-0.021686956,10.299018,1.5329094,-1.9262128,-7.619306,-11.479649
-0.3558787,-6.3215647,4.3910913,-0.14359145,7.562155,10.243264,-0.048820697,10.326533,1.502379,-1.9571983,-7.646774,-11.499247
-0.32515538,-6.3314443,4.419261,-0.15932171,7.563223,10.274857,-0.07595444,10.354049,1.4718485,-1.9881837,-7.6742415,-11.518378
-0.29443204,-6.3415213,4.4474306,-0.17530055,7.5640125,10.306449,-0.10308818,10.381564,1.441318,-2.0191693,-7.7017093,-11.537027
-0.2637087,-6.351797,4.4756002,-0.19152503,7.5645247,10.338041,-0.13022192,10.40908,1.4107876,-2.050155,-7.729177,-11.555194
-0.23298536,-6.362274,4.50377,-0.20799506,7.5647583,10.369634,-0.15735567,10.436595,1.3802571,-2.0811405,-7.7566447,-11.572876
-0.20226201,-6.3729553,4.5319395,-0.2247094,7.564713,10.401226,-0.1844894,10.46411,1.3497267,-2.112126,-7.7841125,-11.590068
-0.17153867,-6.3838406,4.560109,-0.24164712,7.5643873,10.432818,-0.21162313,10.491626,1.3191962,-2.1431117,-7.81158,-11.6067095
-0.14081532,-6.3949347,4.588279,-0.25878417,7.5637827,10.464411,-0.23875687,10.519141,1.2886658,-2.1740973,-7.839048,-11.622895
-0.11009197,-6.40624,4.6164484,-0.27611527,7.5628986,10.496003,-0.2658906,10.546657,1.2581353,-2.205083,-7.8665156,-11.63864
-0.07936862,-6.4177585,4.644618,-0.29364014,7.5617347,10.5275955,-0.29302433,10.574172,1.2276049,-2.2360685,-7.8939834,-11.653941
-0.048645277,-6.4294868,4.6727877,-0.31132513,7.560289,10.559188,-0.32015806,10.601687,1.1970744,-2.267054,-7.921451,-11.668783
-0.017921932,-6.4414244,4.7009573,-0.32915893,7.558561,10.59078,-0.3472918,10.629203,1.166544,-2.2980397,-7.948919,-11.683159
0.0128014125,-6.4535728,4.729127,-0.34714118,7.556549,10.622373,-0.37442553,10.656718,1.1360135,-2.3290253,-7.9763865,-11.697064
0.043524757,-6.465934,4.7572966,-0.36527127,7.554253,10.653965,-0.40155926,10.684234,1.105483,-2.3600109,-8.003855,-11.710497
0.074248105,-6.478509,4.785466,-0.38354886,7.5516725,10.685557,-0.428693,10.711749,1.0749526,-2.3909965,-8.0313225,-11.723452
0.10497145,-6.4912996,4.813636,-0.4019734,7.548806,10.71715,-0.45582673,10.7392645,1.0444221,-2.421982,-8.05879,-11.735925
0.1356948,-6.5043073,4.8418055,-0.42054445,7.5456533,10.748742,-0.48296046,10.76678,1.0138917,-2.4529676,-8.086258,-11.747912
0.16641815,-6.5175333,4.869975,-0.43926153,7.5422134,10.780334,-0.5100942,10.794295,0.98336124,-2.4839532,-8.113726,-11.759411
0.1971415,-6.5309796,4.8981447,-0.45812416,7.5384855,10.811927,-0.5370852,10.821811,0.9528308,-2.5149388,-8.141193,-11.770416
0.22786485,-6.5446477,4.9263144,-0.47713023,7.53447,10.843519,-0.56384677,10.849326,0.92230034,-2.5459244,-8.168661,-11.780926
0.2585882,-6.5585384,4.954484,-0.49627656,7.5301685,10.875112,-0.59038275,10.876842,0.8917699,-2.57691,-8.196129,-11.790937
0.28931153,-6.572654,4.9826536,-0.51556003,7.5255823,10.906704,-0.61669713,10.904357,0.86123943,-2.6078956,-8.223597,-11.800448
0.32003486,-6.5869956,5.0108232,-0.5349797,7.5207114,10.938296,-0.64279824,10.931872,0.830709,-2.6388812,-8.251064,-11.80946
0.3507582,-6.601573,5.038993,-0.5545457,7.515551,10.969889,-0.66871864,10.959388,0.8001785,-2.6698668,-8.278532,-11.817982
0.38148153,-6.6163883,5.0671625,-0.5742574,7.510102,11.001481,-0.6944246,10.986903,0.7696481,-2.7008524,-8.306,-11.825987
0.41220486,-6.631447,5.095332,-0.594116,7.504368,11.033073,-0.719905,11.014419,0.7391176,-2.731838,-8.3334675,-11.83347
0.4429282,-6.646754,5.123502,-0.61412245,7.4983554,11.064666,-0.7451522,11.041934,0.70858717,-2.7628236,-8.360935,-11.840428
0.47365153,-6.6623106,5.1516714,-0.63427377,7.4920654,11.096258,-0.7701702,11.069449,0.6780567,-2.7938092,-8.388403,-11.846859
0.50437486,-6.6781197,5.179841,-0.65455407,7.4854984,11.127851,-0.7949612,11.096965,0.64752626,-2.8247948,-8.415871,-11.852777
0.5350982,-6.6941853,5.2080107,-0.67492515,7.4786544,11.159443,-0.8195286,11.12448,0.6169958,-2.8557804,-8.443338,-11.858232
0.5658215,-6.710508,5.2361803,-0.69538444,7.4715343,11.191035,-0.8438766,11.151996,0.58646536,-2.886766,-8.470806,-11.863222
0.59654486,-6.7270885,5.26435,-0.71589744,7.46414,11.222628,-0.86805713,11.179511,0.5559349,-2.9177516,-8.498274,-11.867894
0.6272682,-6.743927,5.2925196,-0.73643506,7.456473,11.25422,-0.89211243,11.2070265,0.52540445,-2.9487371,-8.525742,-11.872371
0.6579915,-6.7610207,5.320689,-0.7569927,7.4485345,11.285812,-0.9160615,11.234542,0.49487403,-2.9797227,-8.553209,-11.876643
0.68871486,-6.7783637,5.348859,-0.7775688,7.440323,11.317405,-0.9399673,11.262057,0.4643436,-3.0107083,-8.580677,-11.880686
0.7194382,-6.795956,5.3770285,-0.79816264,7.431838,11.348997,-0.9638314,11.289573,0.43381318,-3.041694,-8.608145,-11.884498
0.7501615,-6.813798,5.405198,-0.8187734,7.42308,11.3805895,-0.98765564,11.317088,0.40328276,-3.0726795,-8.6356125,-11.888077
0.78088486,-6.831889,5.4333677,-0.83940035,7.414049,11.412182,-1.0114416,11.344604,0.37275234,-3.103665,-8.66308,-11.891422
0.8116082,-6.85023,5.4615374,-0.8600428,7.404745,11.443774,-1.0351909,11.372025,0.34222192,-3.1346507,-8.690548,-11.894533
0.8423315,-6.8688207,5.489707,-0.8806985,7.3951683,11.475367,-1.0589046,11.399187,0.3116915,-3.1656363,-8.718016,-11.897409
0.87305486,-6.887661,5.5178766,-0.9013625,7.3853188,11.506959,-1.0825825,11.426085,0.28116107,-3.196622,-8.745483,-11.90005
0.9037782,-6.9067507,5.5460463,-0.92202395,7.375197,11.538551,-1.1062297,11.452722,0.25063065,-3.2276075,-8.772951,-11.902468
0.9345015,-6.9260926,5.574216,-0.9427658,7.3648043,11.570144,-1.1298094,11.479119,0.22010022,-3.258593,-8.800419,-11.904603
0.96522486,-6.9456882,5.6023855,-0.9636363,7.3541417,11.601736,-1.1532989,11.505291,0.1895698,-3.2895787,-8.827887,-11.90642
0.9959482,-6.965539,5.630555,-0.9846311,7.3432097,11.633328,-1.1766979,11.531231,0.15903938,-3.3205643,-8.855354,-11.907917
1.0266715,-6.9856505,5.658725,-1.0056757,7.3320103,11.664921,-1.2000455,11.556881,0.12850896,-3.3515499,-8.882822,-11.909115
1.0573949,-7.0060234,5.6868944,-1.0267509,7.320544,11.696513,-1.2233491,11.582225,0.09797853,-3.3825355,-8.91029,-11.910017
1.0881182,-7.0266485,5.715064,-1.0480064,7.308824,11.728106,-1.246535,11.607342,0.06744811,-3.413521,-8.9377575,-11.910547
1.1188415,-7.047524,5.7432337,-1.0694997,7.2968574,11.759698,-1.2695738,11.632259,0.036917686,-3.4445066,-8.965225,-11.910675
1.1495649,-7.068652,5.7714033,-1.0912268,7.2846456,11.79129,-1.2924659,11.656973,0.0063872635,-3.4754922,-8.992693,-11.910399
1.1802882,-7.0900354,5.799573,-1.1131837,7.272189,11.822883,-1.3152117,11.681478,-0.02414316,-3.5064778,-9.020161,-11.909719
1.2110115,-7.1116757,5.8277426,-1.1353663,7.2594895,11.854475,-1.3378114,11.705768,-0.054673582,-3.5374634,-9.047628,-11.908634
1.2417349,-7.133575,5.855912,-1.1577703,7.2465477,11.886067,-1.3602653,11.729837,-0.085204005,-3.568449,-9.075096,-11.907143
1.2724582,-7.1557355,5.884082,-1.1803913,7.233365,11.91766,-1.3825737,11.753682,-0.11573443,-3.5994346,-9.102564,-11.905245
1.3031815,-7.178158,5.9122515,-1.2032156,7.2199416,11.949252,-1.4046875,11.777281,-0.14626485,-3.6304202,-9.130032,-11.902936
1.3339049,-7.2008414,5.940421,-1.2262434,7.2062864,11.9808445,-1.4264926,11.800476,-0.17679527,-3.6614058,-9.157499,-11.900057
1.3646282,-7.2237883,5.9685907,-1.2494663,7.1924024,12.012437,-1.4479845,11.823248,-0.2073257,-3.6923914,-9.184967,-11.896597
1.3953515,-7.2469997,5.9967604,-1.2728747,7.1782928,12.044029,-1.4691638,11.845585,-0.23785612,-3.723377,-9.212435,-11.892554
1.4260749,-7.2704773,6.02493,-1.2964587,7.16396,12.075622,-1.4900308,11.867475,-0.26838654,-3.7543626,-9.2399025,-11.887928
1.4567982,-7.294222,6.0530996,-1.3202083,7.1494064,12.107214,-1.5105861,11.8889065,-0.29891697,-3.7853482,-9.26737,-11.882718
1.4875215,-7.318235,6.0812693,-1.3441133,7.1346354,12.138806,-1.5308305,11.909868,-0.3294474,-3.8163338,-9.294838,-11.876923
1.5182449,-7.3425174,6.109439,-1.3681633,7.1196494,12.170399,-1.5507644,11.930347,-0.3599778,-3.8473194,-9.322306,-11.870541
1.5489682,-7.3670697,6.1376085,-1.3923116,7.1044517,12.201991,-1.5704194,11.9503,-0.39050823,-3.878305,-9.349773,-11.863576
1.5796915,-7.391892,6.165778,-1.4165286,7.0890446,12.233583,-1.5898099,11.9697,-0.42103866,-3.9092906,-9.377232,-11.856031
1.6104149,-7.4169703,6.193948,-1.440728,7.0734425,12.265176,-1.6088644,11.988614,-0.45156908,-3.9402761,-9.404699,-11.848051
1.6411382,-7.442304,6.2221174,-1.4649019,7.057648,12.296768,-1.6275821,12.007034,-0.4820995,-3.9712617,-9.432167,-11.839634
1.6718615,-7.4678926,6.250287,-1.489043,7.0416646,12.328361,-1.6459625,12.024952,-0.5126299,-4.0022473,-9.459635,-11.83078
1.7025849,-7.493735,6.2784567,-1.5131434,7.025495,12.359953,-1.6640048,12.042358,-0.5431603,-4.0332327,-9.4871025,-11.821489
1.7333082,-7.5198293,6.3066263,-1.5371953,7.0091424,12.391545,-1.6817086,12.059245,-0.5736908,-4.064218,-9.51457,-11.811761
1.7640315,-7.5461755,6.334796,-1.5611908,6.9926095,12.423138,-1.6990732,12.0756035,-0.6042212,-4.0952034,-9.542038,-11.801595
1.7947549,-7.572772,6.3629656,-1.585122,6.9759,12.45473,-1.7160982,12.091425,-0.6347517,-4.1261888,-9.569506,-11.790991
1.8254782,-7.599618,6.391135,-1.6089805,6.959017,12.486322,-1.7327831,12.106701,-0.66528213,-4.157174,-9.596973,-11.779949
1.8562015,-7.626712,6.419305,-1.6327584,6.941963,12.517915,-1.7491274,12.121423,-0.6958126,-4.1881595,-9.624441,-11.76847
1.8869249,-7.654046,6.4474745,-1.6563838,6.9247375,12.549507,-1.765182,12.1355505,-0.72634304,-4.219145,-9.651909,-11.75658
1.9176482,-7.6816177,6.475644,-1.6798168,6.9073405,12.5810995,-1.7810372,12.149036,-0.7568735,-4.25013,-9.679377,-11.744273
1.9483715,-7.709432,6.5038137,-1.7030711,6.8897758,12.612692,-1.7968365,12.161823,-0.78740394,-4.2811155,-9.706844,-11.731482
1.9790949,-7.737486,6.5319834,-1.7260536,6.8720427,12.644284,-1.8126339,12.173863,-0.8179344,-4.312101,-9.734312,-11.718255
2.0098183,-7.7657757,6.560153,-1.7486365,6.854141,12.675877,-1.8285055,12.185097,-0.84846485,-4.3430862,-9.76178,-11.704666
2.0405416,-7.7942963,6.5883226,-1.7708076,6.8360705,12.707469,-1.8444514,12.195511,-0.8789953,-4.3740716,-9.7892475,-11.690715
2.071265,-7.8230424,6.6164923,-1.7925547,6.8178306,12.739061,-1.8604715,12.205093,-0.90952575,-4.405057,-9.816715,-11.676402
2.1019883,-7.85201,6.644662,-1.8138635,6.799421,12.770654,-1.8765587,12.213824,-0.9400562,-4.4360423,-9.844183,-11.661721
2.1327116,-7.881193,6.6728315,-1.8347187,6.780842,12.802246,-1.8927034,12.221678,-0.97058666,-4.4670277,-9.871651,-11.646664
2.163435,-7.9105873,6.701001,-1.8551071,6.762093,12.833838,-1.9089056,12.2286415,-1.0011171,-4.498013,-9.899118,-11.631229
2.1941583,-7.9401865,6.729171,-1.8750149,6.743174,12.865431,-1.9251653,12.234703,-1.0316476,-4.5289984,-9.926586,-11.61542
2.2248816,-7.969983,6.7573404,-1.894456,6.724087,12.897023,-1.9415177,12.23985,-1.062178,-4.5599837,-9.954054,-11.599211
2.255605,-7.999968,6.78551,-1.9134421,6.7048397,12.928616,-1.9580015,12.244069,-1.0927085,-4.590969,-9.981522,-11.58257
2.2863283,-8.030007,6.8136797,-1.9319565,6.6854377,12.960208,-1.974623,12.247346,-1.1232389,-4.6219544,-10.008989,-11.565493
2.3170516,-8.060046,6.8418493,-1.949984,6.6658807,12.9918,-1.9913803,12.249666,-1.1537694,-4.65294,-10.036457,-11.547981
2.347775,-8.090085,6.870019,-1.9675087,6.6461673,13.023393,-2.0082715,12.251018,-1.1842998,-4.683925,-10.063925,-11.530038
2.3784983,-8.120124,6.8981886,-1.9845382,6.626297,13.054985,-2.0252986,12.251383,-1.2148303,-4.7149105,-10.0913925,-11.511638
2.4092216,-8.150163,6.926358,-2.0011318,6.60627,13.086577,-2.042473,12.250738,-1.2453607,-4.745896,-10.11886,-11.49269
2.439945,-8.180202,6.954528,-2.0172956,6.586086,13.11817,-2.059757,12.249076,-1.2758912,-4.776881,-10.146328,-11.47318
2.4706683,-8.21024,6.9826975,-2.0330918,6.5657506,13.149762,-2.0770473,12.246401,-1.3064216,-4.8078666,-10.173796,-11.453049
2.5013916,-8.240279,7.010867,-2.0484757,6.5452657,13.1813545,-2.094362,12.242664,-1.3369521,-4.838852,-10.201263,-11.432294
2.532115,-8.270318,7.0390368,-2.0634575,6.524633,13.212947,-2.1117306,12.237878,-1.3674825,-4.8698373,-10.228731,-11.410922
2.5628383,-8.300357,7.0672064,-2.078045,6.503854,13.244539,-2.1291797,12.232049,-1.398013,-4.9008226,-10.256199,-11.388938
2.5935616,-8.330396,7.095376,-2.0922053,6.482929,13.276132,-2.1466973,12.225161,-1.4285434,-4.931808,-10.283667,-11.366358
2.624285,-8.360435,7.1235456,-2.1057172,6.4618816,13.307724,-2.1641126,12.217195,-1.4590739,-4.9627934,-10.311134,-11.343388
2.6550083,-8.390473,7.1517153,-2.1185598,6.440712,13.339316,-2.181428,12.208134,-1.4896044,-4.9937787,-10.338602,-11.320032
2.6857316,-8.420512,7.179885,-2.1307125,6.4194217,13.370909,-2.1986456,12.197961,-1.5201348,-5.024764,-10.36607,-11.296295
2.716455,-8.450551,7.2080545,-2.1421542,6.3980117,13.402501,-2.2157679,12.18666,-1.5506653,-5.0557494,-10.3935375,-11.272182
2.7471783,-8.48059,7.236224,-2.1528635,6.376483,13.434093,-2.2327971,12.174212,-1.5811957,-5.086735,-10.421005,-11.247698
2.7779016,-8.510629,7.264394,-2.1628191,6.354837,13.465686,-2.2497358,12.160603,-1.6117262,-5.11772,-10.448473,-11.222846
2.808625,-8.540668,7.2925634,-2.1719146,6.333086,13.497278,-2.2664466,12.145719,-1.6422566,-5.1487055,-10.475941,-11.19762
2.8393483,-8.570706,7.320733,-2.180117,6.311233,13.528871,-2.282921,12.129533,-1.6727871,-5.179691,-10.503408,-11.172027
2.8700716,-8.600745,7.3489027,-2.1873965,6.289281,13.560463,-2.299158,12.1120205,-1.7033175,-5.210676,-10.530876,-11.1460705
2.900795,-8.630784,7.3770723,-2.1937237,6.2672324,13.592055,-2.315156,12.093158,-1.733848,-5.2416615,-10.558344,-11.119758
2.9315183,-8.660823,7.405242,-2.1990678,6.24509,13.623648,-2.3309133,12.07292,-1.7643784,-5.272647,-10.585812,-11.093095
2.9622416,-8.690862,7.4334116,-2.2033982,6.222857,13.65524,-2.3464284,12.051281,-1.7949089,-5.3036323,-10.613279,-11.066089
2.992965,-8.720901,7.461581,-2.2066803,6.2005363,13.686832,-2.361705,12.028214,-1.8254393,-5.3346176,-10.640747,-11.038747
3.0236883,-8.750939,7.489751,-2.2088416,6.1781263,13.718425,-2.3768132,12.003664,-1.8559698,-5.365603,-10.668215,-11.01109
3.0544116,-8.780978,7.5179205,-2.2098486,6.15563,13.750017,-2.3917518,11.977603,-1.8865002,-5.3965883,-10.695683,-10.983127
3.085135,-8.811017,7.54609,-2.2096672,6.1330495,13.78161,-2.4065197,11.95014,-1.9170307,-5.4275737,-10.72315,-10.955028
3.1158583,-8.841056,7.5742598,-2.2082655,6.1103864,13.813202,-2.4211159,11.922677,-1.9475611,-5.458559,-10.750618,-10.9269285
3.1465816,-8.871095,7.6024294,-2.205637,6.0876417,13.844794,-2.435548,11.895214,-1.9780916,-5.4895444,-10.778086,-10.898829
3.177305,-8.901134,7.630599,-2.201773,6.0648165,13.876387,-2.4498222,11.867751,-2.008622,-5.5205297,-10.805553,-10.87073
3.2080283,-8.931172,7.6587687,-2.1966326,6.041908,13.907979,-2.463915,11.840288,-2.0391524,-5.551515,-10.833021,-10.842631
3.2387516,-8.961211,7.6869383,-2.1902082,6.0189166,13.939571,-2.4778342,11.812825,-2.0696828,-5.5825005,-10.860489,-10.814532
3.269475,-8.99125,7.715108,-2.182492,5.9958434,13.971164,-2.4915867,11.785362,-2.1002133,-5.613486,-10.887957,-10.786433
3.3001983,-9.021289,7.7432775,-2.1734912,5.972692,14.002756,-2.5051675,11.757899,-2.1307437,-5.644471,-10.915424,-10.758334
3.3309216,-9.051328,7.771447,-2.1632445,5.949464,14.0343485,-2.5185866,11.730436,-2.1612742,-5.6754565,-10.942892,-10.730235
3.361645,-9.081367,7.799617,-2.1517441,5.926159,14.065941,-2.5318515,11.702973,-2.1918046,-5.706442,-10.97036,-10.702136
3.3923683,-9.111405,7.8277864,-2.1389823,5.902778,14.097533,-2.54497,11.67551,-2.222335,-5.737427,-10.997828,-10.674037
3.4230917,-9.141444,7.855956,-2.1249468,5.8793225,14.129126,-2.5579515,11.648047,-2.2528656,-5.7684126,-11.025295,-10.645938
3.453815,-9.171483,7.8841257,-2.1096303,5.8557925,14.160718,-2.570795,11.6205845,-2.283396,-5.799398,-11.052763,-10.617839
3.4845383,-9.201522,7.9122953,-2.0930333,5.8321896,14.19231,-2.5834196,11.593122,-2.3139265,-5.8303833,-11.080231,-10.58974
3.5152617,-9.231561,7.940465,-2.0751414,5.808519,14.223903,-2.595781,11.565659,-2.344457,-5.8613687,-11.107698,-10.561641
3.545985,-9.2614565,7.9686346,-2.055945,5.784782,14.255495,-2.6078866,11.538196,-2.3749874,-5.892354,-11.135166,-10.533542
3.5767083,-9.291085,7.996804,-2.0354335,5.7609806,14.287087,-2.6197422,11.510733,-2.4055178,-5.9233394,-11.162634,-10.505443
3.6074317,-9.320433,8.024974,-2.013597,5.7371163,14.31868,-2.631354,11.48327,-2.4360483,-5.9543247,-11.190102,-10.477344
3.638155,-9.349484,8.0531435,-1.9904251,5.7131906,14.350272,-2.6427286,11.455807,-2.4665787,-5.98531,-11.217569,-10.4492445
3.6688783,-9.378226,8.081313,-1.965907,5.6892047,14.381865,-2.6538718,11.428344,-2.4971092,-6.0162954,-11.245037,-10.421145
3.6996017,-9.406649,8.109483,-1.9399055,5.665151,14.413457,-2.6647654,11.400881,-2.5276396,-6.047281,-11.272505,-10.393046
3.730325,-9.434731,8.137652,-1.9124092,5.641025,14.445049,-2.6754148,11.373418,-2.55817,-6.078266,-11.299973,-10.364947
3.7610483,-9.462456,8.165822,-1.8841228,5.616827,14.476642,-2.6858263,11.345955,-2.5887005,-6.1092515,-11.32744,-10.336848
3.7917717,-9.489819,8.193992,-1.8558365,5.5925555,14.508234,-2.695979,11.318492,-2.619231,-6.140237,-11.354908,-10.308749
3.822495,-9.516823,8.222161,-1.8275502,5.568208,14.539826,-2.7058477,11.291029,-2.6497614,-6.171222,-11.382376,-10.28065
3.8532183,-9.54347,8.250331,-1.7992638,5.5437827,14.571419,-2.7154639,11.263566,-2.680292,-6.2022076,-11.409843,-10.252551
3.8839417,-9.569764,8.278501,-1.7709775,5.519275,14.603011,-2.7248707,11.236103,-2.7108223,-6.233193,-11.437311,-10.224452
3.914665,-9.595714,8.30667,-1.7426912,5.494686,14.6346035,-2.7340567,11.20864,-2.7413528,-6.2641783,-11.464779,-10.196353
3.9453883,-9.621323,8.33484,-1.7144048,5.4700174,14.666196,-2.7430172,11.181177,-2.7718832,-6.2951636,-11.492247,-10.168254
3.9761117,-9.646592,8.363009,-1.6861185,5.4452643,14.697788,-2.7517972,11.153714,-2.8024137,-6.326149,-11.519714,-10.140155
4.006835,-9.671511,8.391179,-1.6578321,5.4203997,14.729381,-2.760665,11.126251,-2.8329442,-6.3571343,-11.547182,-10.112056
4.0375586,-9.6960745,8.419349,-1.6295458,5.3954005,14.760973,-2.7697506,11.098788,-2.8634746,-6.3881197,-11.57465,-10.083957
4.068282,-9.720283,8.447518,-1.6012595,5.3702655,14.792565,-2.7790508,11.071325,-2.894005,-6.419105,-11.602118,-10.055858
4.0990057,-9.744135,8.475688,-1.5729731,5.3449926,14.824158,-2.788562,11.043862,-2.9245355,-6.4500904,-11.629585,-10.027759
4.1297293,-9.7676325,8.503858,-1.5446868,5.31958,14.85575,-2.798281,11.016399,-2.955066,-6.481076,-11.657053,-9.99966
4.160453,-9.790774,8.532027,-1.5164005,5.2940264,14.887342,-2.8082042,10.988936,-2.9855964,-6.512061,-11.684521,-9.9715605
4.1911764,-9.8135605,8.560197,-1.4881141,5.2683296,14.918935,-2.8183284,10.961473,-3.0161269,-6.5430465,-11.711988,-9.943461
4.2219,-9.835989,8.5883665,-1.4598278,5.2424884,14.950527,-2.8287036,10.9340105,-3.0466573,-6.574032,-11.739456,-9.915362
4.2526236,-9.85806,8.616536,-1.4315414,5.2165003,14.98212,-2.8393278,10.906548,-3.0771878,-6.605017,-11.766924,-9.887263
4.283347,-9.879773,8.644706,-1.4032551,5.1903634,15.013712,-2.8501968,10.879085,-3.1077182,-6.6360025,-11.794392,-9.859164
4.3140707,-9.901129,8.672875,-1.3749688,5.1640754,15.045304,-2.8613064,10.851622,-3.1382487,-6.666988,-11.821859,-9.831065
4.3447943,-9.922127,8.701045,-1.3466824,5.1376348,15.076897,-2.8726528,10.824159,-3.1687791,-6.6979733,-11.849327,-9.802966
4.375518,-9.942767,8.729215,-1.3183961,5.111039,15.108489,-2.8842318,10.796696,-3.1993096,-6.7289586,-11.876795,-9.774867
4.4062414,-9.963051,8.757384,-1.2901098,5.0842867,15.140081,-2.8960192,10.769233,-3.22984,-6.759944,-11.904263,-9.746768
4.436965,-9.982978,8.785554,-1.2618234,5.057376,15.171674,-2.9080045,10.74177,-3.2603705,-6.7909293,-11.93173,-9.718669
4.4676886,-10.002548,8.813724,-1.2335371,5.0303054,15.203266,-2.9201844,10.714307,-3.290901,-6.8219147,-11.959198,-9.69057
4.498412,-10.021763,8.841893,-1.2052507,5.003073,15.2348585,-2.9325552,10.686844,-3.3214314,-6.8529,-11.986666,-9.662471
4.5291357,-10.040623,8.870063,-1.1769644,4.975679,15.266451,-2.9451337,10.659381,-3.3519619,-6.8838854,-12.014133,-9.634372
4.5598593,-10.059141,8.898232,-1.1486781,4.948123,15.298043,-2.958101,10.631918,-3.3824923,-6.9148707,-12.041601,-9.606273
4.590583,-10.077318,8.926402,-1.1203917,4.9203987,15.329636,-2.971439,10.604455,-3.4130228,-6.945856,-12.069069,-9.578174
4.6213064,-10.095157,8.954572,-1.0921054,4.8925085,15.361228,-2.9851296,10.576992,-3.4435532,-6.9768414,-12.096537,-9.550075
4.65203,-10.112655,8.982741,-1.063819,4.864458,15.39282,-2.9991286,10.549529,-3.4740837,-7.007827,-12.123478,-9.5219755
4.6827536,-10.1298065,9.010911,-1.0355327,4.8362546,15.424413,-3.0134554,10.522066,-3.504614,-7.038812,-12.149716,-9.493876
4.713477,-10.146612,9.039081,-1.0072464,4.807895,15.456005,-3.0281074,10.494603,-3.5351446,-7.0697975,-12.175249,-9.465777
4.7442007,-10.163073,9.06725,-0.9789601,4.779377,15.487597,-3.0430822,10.46714,-3.565675,-7.100783,-12.200072,-9.437678
4.7749243,-10.179188,9.09542,-0.9506738,4.750698,15.51919,-3.058377,10.439677,-3.5962055,-7.131768,-12.224182,-9.409579
4.805648,-10.194957,9.1235895,-0.92238754,4.721855,15.550782,-3.0739896,10.412214,-3.626736,-7.1627536,-12.247576,-9.38148
4.8363714,-10.210381,9.151759,-0.89410126,4.6928463,15.582375,-3.0899172,10.384751,-3.6572664,-7.193739,-12.270249,-9.353381
4.867095,-10.225456,9.179929,-0.865815,4.663658,15.613967,-3.1058857,10.357288,-3.6877968,-7.2247243,-12.292471,-9.325282
4.8978186,-10.240184,9.208098,-0.8375287,4.6342783,15.645559,-3.122145,10.329825,-3.7183273,-7.2557096,-12.314104,-9.297183
4.928542,-10.254563,9.236268,-0.8092424,4.604705,15.677152,-3.1387007,10.302362,-3.7488577,-7.286695,-12.335148,-9.269084
4.9592657,-10.268598,9.264438,-0.78095615,4.5749364,15.708744,-3.1555154,10.2748995,-3.7793882,-7.3176804,-12.355616,-9.240985
4.9899893,-10.282286,9.292607,-0.7526699,4.5449715,15.740336,-3.172586,10.247437,-3.8099186,-7.3486657,-12.3755045,-9.212886
5.020713,-10.295624,9.320777,-0.7243836,4.514804,15.771929,-3.1899307,10.219974,-3.840449,-7.379651,-12.394742,-9.184787
5.0514364,-10.30861,9.348947,-0.6960973,4.484571,15.803521,-3.2075589,10.192511,-3.8709795,-7.4106364,-12.413284,-9.156688
5.08216,-10.32124,9.377116,-0.66781104,4.454338,15.835114,-3.2254167,10.165048,-3.90151,-7.441622,-12.431226,-9.128589
5.1128836,-10.333515,9.405286,-0.63952476,4.424105,15.866706,-3.2434895,10.137585,-3.9320405,-7.472607,-12.448589,-9.10049
5.143607,-10.345434,9.433455,-0.6112385,4.3938723,15.898298,-3.261775,10.110122,-3.962571,-7.5035925,-12.465374,-9.072391
5.1743307,-10.3569975,9.461625,-0.5829522,4.3636394,15.929891,-3.2802653,10.082659,-3.9931014,-7.534578,-12.481577,-9.0442915
5.2050543,-10.368202,9.489795,-0.5546659,4.3334064,15.961483,-3.29886,10.055196,-4.0236316,-7.565563,-12.497219,-9.016192
5.235778,-10.379048,9.517964,-0.52637964,4.3031735,15.993075,-3.3175473,10.027733,-4.054162,-7.5965486,-12.5123005,-8.988093
5.2665014,-10.389529,9.546134,-0.49809334,4.2729406,16.024668,-3.3361897,10.00027,-4.0846925,-7.627534,-12.526702,-8.959994
5.297225,-10.399645,9.574304,-0.46980703,4.2427077,16.056261,-3.3547766,9.972807,-4.115223,-7.6585193,-12.540415,-8.931895
5.3279486,-10.409394,9.602473,-0.44152072,4.212475,16.087854,-3.3733068,9.945344,-4.1457534,-7.6895046,-12.553438,-8.903796
5.358672,-10.418778,9.630643,-0.4132344,4.182242,16.119448,-3.391779,9.917881,-4.176284,-7.72049,-12.565772,-8.875697
5.3893957,-10.427801,9.6588125,-0.3849481,4.152009,16.151041,-3.4102273,9.890418,-4.2068143,-7.7514753,-12.57742,-8.847598
5.4201193,-10.436467,9.686982,-0.3566618,4.121776,16.182634,-3.4287014,9.862955,-4.2373447,-7.7824607,-12.58839,-8.819499
5.450843,-10.444777,9.715152,-0.3283755,4.091543,16.214228,-3.4471998,9.835492,-4.267875,-7.813446,-12.598681,-8.7914
5.4815664,-10.452729,9.743321,-0.30008918,4.0613103,16.245821,-3.4657207,9.808029,-4.2984056,-7.8444314,-12.608294,-8.763301
5.51229,-10.460326,9.771491,-0.27180287,4.0310774,16.277414,-3.4842625,9.780566,-4.328936,-7.8754168,-12.617227,-8.735202
5.5430136,-10.46755,9.799661,-0.24351656,4.0008445,16.309008,-3.5029688,9.753103,-4.3594666,-7.906402,-12.625533,-8.707103
5.573737,-10.474399,9.82783,-0.21523026,3.9706118,16.340601,-3.521826,9.72564,-4.389997,-7.9373875,-12.633179,-8.679004
5.6044607,-10.480871,9.856,-0.18694395,3.9403791,16.372194,-3.540829,9.698177,-4.4205275,-7.968373,-12.64016,-8.650905
5.6351843,-10.486974,9.88417,-0.15865764,3.9101465,16.403788,-3.5599766,9.670714,-4.451058,-7.999358,-12.646477,-8.622806
5.665908,-10.49271,9.912339,-0.13037133,3.8799138,16.43538,-3.5792675,9.643251,-4.4815884,-8.030344,-12.652131,-8.594707
5.6966314,-10.49808,9.940509,-0.102085024,3.8496811,16.466974,-3.5986993,9.615788,-4.512119,-8.06133,-12.657123,-8.566607
5.727355,-10.503085,9.968678,-0.073798716,3.8194485,16.498568,-3.6182692,9.5883255,-4.5426493,-8.092316,-12.661451,-8.538508
5.7580786,-10.507727,9.996848,-0.04551241,3.7892158,16.53016,-3.6379716,9.560863,-4.5731797,-8.1233015,-12.6651125,-8.510409
5.788802,-10.512009,10.025018,-0.017226107,3.7589831,16.561754,-3.657798,9.5334,-4.60371,-8.154287,-12.668098,-8.48231
5.8195257,-10.515931,10.053187,0.011060197,3.7287505,16.593348,-3.6777728,9.505937,-4.6342406,-8.185273,-12.670405,-8.454211
5.8502493,-10.519494,10.081357,0.0393465,3.6985178,16.62494,-3.6979249,9.478474,-4.664771,-8.216259,-12.672028,-8.426112
5.880973,-10.522713,10.109527,0.06763281,3.6682851,16.656534,-3.7183912,9.451011,-4.6953015,-8.247245,-12.673053,-8.398013
5.9116964,-10.525588,10.137696,0.09591912,3.6380525,16.688128,-3.7391794,9.423548,-4.725832,-8.278231,-12.673487,-8.369914
5.94242,-10.528121,10.1657915,0.124205425,3.6078198,16.71972,-3.7602863,9.396085,-4.7563624,-8.3092165,-12.673329,-8.341815
5.9731436,-10.530312,10.193629,0.15249173,3.5775871,16.751314,-3.7816913,9.368622,-4.786893,-8.340202,-12.672564,-8.313716
6.003867,-10.532156,10.221157,0.18077804,3.5473545,16.782907,-3.8033628,9.341159,-4.8174233,-8.371188,-12.671167,-8.285617
6.0345907,-10.533649,10.248321,0.20906435,3.5171218,16.8145,-3.825268,9.313696,-4.847954,-8.402174,-12.66912,-8.257518
6.0653143,-10.534792,10.275116,0.23735066,3.4868891,16.846094,-3.847401,9.286233,-4.8784842,-8.43316,-12.666422,-8.229419
6.096038,-10.535584,10.301539,0.26563695,3.4566565,16.877687,-3.8697555,9.25877,-4.9090147,-8.464146,-12.663076,-8.20132
6.1267614,-10.536027,10.327586,0.29392326,3.4264238,16.90928,-3.8923256,9.231307,-4.939545,-8.4951315,-12.659085,-8.173221
6.157485,-10.536119,10.353253,0.32220957,3.3961911,16.940874,-3.9151058,9.203844,-4.9700756,-8.526117,-12.65445,-8.145122
6.1882086,-10.535863,10.378537,0.35049587,3.3659585,16.972467,-3.9380898,9.176381,-5.000606,-8.557103,-12.649175,-8.1170225
6.218932,-10.535255,10.403527,0.37878218,3.3357258,17.00406,-3.9612896,9.148918,-5.0311365,-8.588089,-12.643333,-8.088923
6.2496557,-10.534294,10.428217,0.4070685,3.305493,17.035654,-3.984717,9.121455,-5.061667,-8.619075,-12.636904,-8.060824
6.2803793,-10.532979,10.452608,0.4353548,3.2752604,17.067247,-4.008359,9.093992,-5.0921974,-8.650061,-12.629902,-8.032725
6.311103,-10.531313,10.476696,0.4636411,3.2450278,17.09884,-4.032231,9.066529,-5.122728,-8.6810465,-12.622306,-8.004626
6.3418264,-10.529302,10.500481,0.49192742,3.214795,17.130434,-4.0563436,9.039066,-5.1532583,-8.712032,-12.614103,-7.976527
6.37255,-10.526945,10.523961,0.5202137,3.1845624,17.162027,-4.080689,9.011603,-5.183789,-8.743018,-12.6053,-7.948428
6.4032736,-10.524244,10.547134,0.5485,3.1543298,17.19362,-4.105262,8.98414,-5.214319,-8.774004,-12.5959,-7.920329
6.433997,-10.5212,10.569988,0.5767863,3.124097,17.225214,-4.130046,8.956677,-5.2448497,-8.80499,-12.585903,-7.89223
6.4647207,-10.517814,10.592507,0.60507256,3.0938644,17.256807,-4.1550226,8.9292145,-5.27538,-8.835976,-12.575314,-7.864131
6.4954443,-10.514085,10.61469,0.63335884,3.0636318,17.2884,-4.1801863,8.9017515,-5.3059106,-8.8669615,-12.564134,-7.836032
6.526168,-10.510014,10.636533,0.6616451,3.033399,17.319994,-4.2055306,8.874289,-5.336441,-8.897947,-12.552367,-7.807933
6.5568914,-10.5056,10.658033,0.6899314,3.0031664,17.351587,-4.2310505,8.846826,-5.3669715,-8.928933,-12.540017,-7.779834
6.587615,-10.500852,10.679262,0.7182177,2.9729338,17.38318,-4.2565627,8.819363,-5.397502,-8.959919,-12.527336,-7.7517347
6.6183386,-10.495778,10.700315,0.74650395,2.942701,17.414774,-4.28183,8.7919,-5.4280324,-8.990905,-12.51466,-7.7236357
6.649062,-10.490378,10.721192,0.7747902,2.9124684,17.446367,-4.3068533,8.764437,-5.458563,-9.021891,-12.5019865,-7.6957965
6.6797857,-10.484653,10.741897,0.8030765,2.8822358,17.47796,-4.331636,8.736974,-5.4890933,-9.052876,-12.489317,-7.6683474
6.7105093,-10.478601,10.762518,0.8313628,2.852003,17.509554,-4.3562875,8.709511,-5.5196238,-9.083862,-12.476633,-7.641317
6.741233,-10.472223,10.783057,0.85964906,2.8217704,17.541147,-4.3808084,8.682048,-5.550154,-9.114848,-12.463936,-7.6147084
6.7719564,-10.465509,10.803459,0.88793534,2.7915378,17.57274,-4.4051566,8.654585,-5.5806847,-9.145834,-12.451207,-7.5885596
6.80268,-10.458441,10.823709,0.9162216,2.761305,17.604334,-4.4293256,8.627122,-5.611215,-9.17682,-12.43844,-7.5628486
6.8334036,-10.451016,10.843781,0.9445079,2.7310724,17.635927,-4.4532747,8.599659,-5.6417456,-9.207806,-12.425653,-7.53756
6.864127,-10.443235,10.863625,0.9727942,2.7008398,17.66752,-4.476921,8.572196,-5.672276,-9.238791,-12.412877,-7.512661
6.8948507,-10.435103,10.883196,1.0010805,2.670607,17.699114,-4.5002112,8.544733,-5.7028065,-9.269777,-12.400124,-7.488097
6.9255743,-10.426621,10.902498,1.0293669,2.6403744,17.730707,-4.5231495,8.51727,-5.733337,-9.300763,-12.387394,-7.4638724
6.956298,-10.4177885,10.921536,1.0576532,2.6101418,17.7623,-4.545739,8.489807,-5.7638674,-9.331749,-12.374688,-7.4399905
6.9870214,-10.408607,10.940314,1.0859395,2.579909,17.793894,-4.567984,8.462344,-5.794398,-9.362735,-12.362008,-7.4164553
7.017745,-10.399075,10.958837,1.1142259,2.5496764,17.825487,-4.5898876,8.434881,-5.8249283,-9.393721,-12.349354,-7.3932705
7.0484686,-10.389192,10.977093,1.1425122,2.5194438,17.85708,-4.6114225,8.407418,-5.8554587,-9.424706,-12.336741,-7.3704023
7.079192,-10.378953,10.995059,1.1707985,2.489211,17.888674,-4.6325307,8.379955,-5.885989,-9.455692,-12.324204,-7.347778
7.1099157,-10.36836,11.0127945,1.1990849,2.4589784,17.920267,-4.653279,8.352492,-5.9165196,-9.486678,-12.311739,-7.3253455
7.1406393,-10.357412,11.030321,1.2273712,2.4287457,17.95186,-4.6736913,8.325029,-5.94705,-9.517664,-12.299344,-7.3030787
7.171363,-10.346111,11.047638,1.2556576,2.398513,17.983454,-4.6937666,8.297566,-5.9775805,-9.54865,-12.287021,-7.2809744
7.2020864,-10.334456,11.064748,1.2839439,2.3682804,18.015047,-4.713508,8.270103,-6.008111,-9.579636,-12.274768,-7.2590327
7.23281,-10.322451,11.08168,1.3122302,2.3380477,18.04664,-4.732858,8.2426405,-6.0386415,-9.610621,-12.262672,-7.2372713
7.2635336,-10.310095,11.09846,1.3405166,2.307815,18.078234,-4.7517724,8.215178,-6.069172,-9.641607,-12.250802,-7.2157025
7.294257,-10.297383,11.115164,1.3688029,2.2775824,18.109827,-4.770386,8.187715,-6.0997024,-9.672593,-12.2390995,-7.1943254
7.3249807,-10.284314,11.131823,1.3970892,2.2473497,18.14142,-4.7887554,8.160252,-6.130233,-9.703579,-12.227541,-7.1731396
7.3557043,-10.270886,11.1484375,1.4253756,2.217117,18.173014,-4.8068833,8.132789,-6.1607633,-9.734565,-12.2161255,-7.152144
7.386428,-10.257101,11.165011,1.4536619,2.1868844,18.204607,-4.824774,8.105326,-6.1912937,-9.765551,-12.204851,-7.1313386
7.4171515,-10.242958,11.181546,1.4819483,2.1566517,18.2362,-4.8424306,8.077863,-6.221824,-9.796536,-12.193716,-7.1107235
7.447875,-10.228457,11.198045,1.5102346,2.126419,18.267794,-4.8598576,8.0504,-6.2523546,-9.827522,-12.18272,-7.090298
7.4785986,-10.2136345,11.214626,1.5385209,2.0961864,18.299387,-4.8771424,8.022937,-6.282885,-9.858508,-12.171894,-7.07
7.509322,-10.198513,11.231256,1.5668073,2.0659537,18.33098,-4.894266,7.9954743,-6.3134155,-9.889494,-12.16123,-7.049457
7.5400457,-10.183093,11.247931,1.5950936,2.035721,18.362574,-4.9112306,7.968012,-6.343946,-9.92048,-12.150726,-7.0286636
7.5707693,-10.167375,11.264651,1.62338,2.0054884,18.394167,-4.928037,7.9405494,-6.3744764,-9.951466,-12.14038,-7.007615
7.601493,-10.151359,11.281412,1.6516663,1.9752556,18.42576,-4.9446683,7.913087,-6.405007,-9.982451,-12.130203,-6.986299
7.6322165,-10.135046,11.298213,1.6799526,1.9450228,18.457354,-4.961127,7.8856244,-6.4355373,-10.013437,-12.120193,-6.96471
7.66294,-10.118436,11.315052,1.708239,1.91479,18.488947,-4.977414,7.858162,-6.466068,-10.044423,-12.110346,-6.942844
7.6936636,-10.101528,11.331929,1.7365253,1.8845572,18.52054,-4.9935327,7.8306994,-6.4965982,-10.075409,-12.10066,-6.9206953
7.724387,-10.084323,11.348844,1.7648116,1.8543245,18.552134,-5.0094843,7.803237,-6.5271287,-10.106395,-12.091133,-6.8982587
7.7551107,-10.06682,11.365793,1.793098,1.8240917,18.583727,-5.025271,7.7757745,-6.557659,-10.137381,-12.081761,-6.87553
7.7858343,-10.04902,11.382778,1.8213843,1.7938589,18.61532,-5.0408945,7.748312,-6.5881896,-10.168366,-12.072542,-6.852503
7.816558,-10.030921,11.399798,1.8496706,1.7636261,18.646914,-5.056356,7.7208495,-6.61872,-10.199352,-12.063475,-6.829173
7.8472815,-10.012526,11.416863,1.877957,1.7333933,18.678507,-5.071646,7.693387,-6.6492505,-10.230338,-12.054571,-6.805536
7.878005,-9.993834,11.433969,1.9062433,1.7031605,18.7101,-5.0867586,7.6659245,-6.679781,-10.261324,-12.045833,-6.7815895
7.9087286,-9.974843,11.451104,1.9345297,1.6729277,18.741693,-5.1016803,7.638462,-6.7103114,-10.29231,-12.037264,-6.757335
7.939452,-9.955555,11.468269,1.962816,1.642695,18.773287,-5.1164136,7.6109996,-6.740842,-10.323296,-12.028861,-6.732767
7.9701757,-9.93597,11.485446,1.9911023,1.6124622,18.80488,-5.1309857,7.583537,-6.7713723,-10.354281,-12.020579,-6.7078495
8.000899,-9.916097,11.502517,2.0193887,1.5822294,18.836473,-5.1453824,7.5560746,-6.801903,-10.385267,-12.012316,-6.6825385
8.031623,-9.895949,11.519342,2.047675,1.5519966,18.868067,-5.1595736,7.528612,-6.832433,-10.416253,-12.00397,-6.6566315
8.062346,-9.875528,11.535918,2.075961,1.5217638,18.89966,-5.1735578,7.5011497,-6.8629637,-10.447239,-11.995541,-6.630122
8.09307,-9.854835,11.552239,2.1042473,1.491531,18.931253,-5.187333,7.473687,-6.893494,-10.478225,-11.987025,-6.603004
8.123794,-9.833869,11.568388,2.1325336,1.4612982,18.962847,-5.200866,7.4462247,-6.9240246,-10.509211,-11.97854,-6.5752616
8.154517,-9.812632,11.584372,2.1608198,1.4310654,18.99444,-5.214153,7.418762,-6.954555,-10.540196,-11.9700985,-6.5471625
8.185241,-9.791122,11.600188,2.189106,1.4008327,19.026033,-5.227194,7.3912997,-6.9850855,-10.571182,-11.961698,-6.5190635
8.215964,-9.769342,11.615839,2.2173922,1.3705999,19.057627,-5.239992,7.3638372,-7.015616,-10.602168,-11.953336,-6.4909644
8.246688,-9.74729,11.631313,2.2456784,1.3403671,19.08922,-5.2525496,7.3363748,-7.0461464,-10.633154,-11.9450035,-6.4628654
8.277411,-9.724964,11.646575,2.2739646,1.3101343,19.120813,-5.26485,7.3089123,-7.076677,-10.66414,-11.936682,-6.4347663
8.308135,-9.702362,11.661562,2.3022509,1.2799015,19.152407,-5.276861,7.28145,-7.1072073,-10.695126,-11.928343,-6.406667
8.338859,-9.679484,11.676277,2.330537,1.2496687,19.184,-5.2885857,7.2539873,-7.1377378,-10.726111,-11.919986,-6.378568
8.369582,-9.656331,11.6907215,2.3588233,1.2194359,19.215593,-5.3000274,7.226525,-7.168268,-10.757097,-11.91161,-6.350469
8.400306,-9.632901,11.704896,2.3871095,1.1892031,19.247187,-5.311189,7.1990623,-7.1987987,-10.788083,-11.903213,-6.32237
8.431029,-9.609196,11.718802,2.4153957,1.1589704,19.27878,-5.3220744,7.1716,-7.229329,-10.819069,-11.8947935,-6.294271
8.461753,-9.585214,11.73236,2.443682,1.1287376,19.310373,-5.3325534,7.1441374,-7.2598596,-10.850055,-11.886402,-6.266172
8.492476,-9.560961,11.745488,2.4719682,1.0985048,19.341967,-5.3426905,7.116675,-7.29039,-10.881041,-11.877898,-6.238073
8.5232,-9.536439,11.758169,2.5002544,1.068272,19.37356,-5.352521,7.0892124,-7.3209205,-10.912026,-11.86923,-6.209974
8.553924,-9.511648,11.770404,2.5285406,1.0380392,19.405153,-5.362045,7.06175,-7.351451,-10.943012,-11.860399,-6.1818748
8.584647,-9.486589,11.782192,2.5568268,1.0078064,19.436747,-5.371262,7.0342875,-7.3819814,-10.973998,-11.851405,-6.1537757
8.615371,-9.461262,11.793414,2.585113,0.97757363,19.46834,-5.3801084,7.006825,-7.412512,-11.004984,-11.842193,-6.1256766
8.646094,-9.435672,11.804087,2.6133993,0.94734085,19.499933,-5.3885403,6.9793625,-7.4430423,-11.03597,-11.832824,-6.0975776
8.676818,-9.409821,11.814228,2.6416855,0.91710806,19.531527,-5.3965716,6.9519,-7.4735727,-11.066956,-11.823305,-6.0694785
8.707541,-9.383711,11.823874,2.6699717,0.8868753,19.56312,-5.4041767,6.9244375,-7.504103,-11.097941,-11.8137,-6.0413795
8.738265,-9.3573475,11.833095,2.698258,0.8566425,19.594713,-5.4113183,6.896975,-7.5346336,-11.128927,-11.80412,-6.0132804
8.768989,-9.330731,11.841888,2.7265441,0.8264097,19.626307,-5.417998,6.8695126,-7.565164,-11.159913,-11.794565,-5.9851813
8.799712,-9.303845,11.850429,2.7548304,0.7961769,19.6579,-5.424385,6.84205,-7.5956945,-11.190899,-11.785047,-5.9570823
8.830436,-9.27669,11.858723,2.7831166,0.7659441,19.689493,-5.430487,6.8145876,-7.626225,-11.221885,-11.775564,-5.928983
8.861159,-9.249264,11.86677,2.8114028,0.73571134,19.721087,-5.436304,6.787125,-7.6567554,-11.252871,-11.766117,-5.900884
8.891883,-9.221568,11.87457,2.839689,0.70547855,19.75268,-5.441837,6.7596626,-7.687286,-11.283856,-11.756706,-5.872785
8.922606,-9.193603,11.882123,2.8679752,0.67524576,19.784273,-5.447086,6.7322,-7.7178164,-11.314842,-11.747331,-5.844686
8.95333,-9.165368,11.889429,2.8962615,0.645013,19.815866,-5.4520516,6.7047377,-7.748347,-11.345828,-11.73799,-5.816587
8.984054,-9.136866,11.896443,2.9245477,0.6147802,19.84746,-5.456712,6.677275,-7.7788773,-11.376814,-11.728665,-5.788488
9.014777,-9.108099,11.903111,2.952834,0.5845474,19.879053,-5.4610276,6.6498127,-7.8094077,-11.4078,-11.719349,-5.760389
9.045501,-9.079072,11.909466,2.98112,0.5543146,19.910646,-5.465022,6.62235,-7.839938,-11.438786,-11.710053,-5.73229
9.076224,-9.0497875,11.915531,3.0094063,0.5240818,19.94224,-5.4687314,6.5948877,-7.8704686,-11.469771,-11.7007675,-5.7041907
9.106948,-9.020246,11.921307,3.0376925,0.49384907,19.973833,-5.472155,6.5674253,-7.900999,-11.500757,-11.691491,-5.6760917
9.137671,-8.990446,11.926792,3.0659788,0.4636163,20.005426,-5.4752936,6.539963,-7.9315295,-11.531743,-11.682224,-5.6479926
9.168395,-8.960389,11.931988,3.0938525,0.43338355,20.03702,-5.4781466,6.5125003,-7.96206,-11.562729,-11.672967,-5.6198936
9.199119,-8.9300785,11.936893,3.1205077,0.4031508,20.068613,-5.480711,6.485038,-7.9925904,-11.593715,-11.663723,-5.5917945
9.229842,-8.899525,11.941508,3.1459544,0.37291804,20.100206,-5.4829774,6.4575753,-8.023121,-11.624701,-11.6545,-5.5636954
9.260566,-8.86889,11.945831,3.1702027,0.34268528,20.1318,-5.484937,6.430113,-8.053651,-11.655686,-11.645306,-5.5355964
9.291289,-8.838255,11.949863,3.193262,0.31245252,20.163393,-5.4865813,6.4026504,-8.084181,-11.686672,-11.636149,-5.5074973
9.322013,-8.80762,11.953604,3.2151184,0.28221977,20.194986,-5.487904,6.375188,-8.114711,-11.717658,-11.627037,-5.4793983
9.352736,-8.776985,11.957054,3.2357647,0.251987,20.22658,-5.488899,6.3477254,-8.145241,-11.748644,-11.617977,-5.451299
9.38346,-8.74635,11.960213,3.255214,0.22175425,20.258173,-5.489557,6.320263,-8.175771,-11.77963,-11.608977,-5.4232
9.414184,-8.715715,11.9630785,3.2734787,0.1915215,20.289766,-5.4898667,6.2928004,-8.206301,-11.810616,-11.600046,-5.395101
9.444907,-8.685081,11.9656515,3.290572,0.16128874,20.32136,-5.489819,6.265338,-8.236831,-11.841601,-11.591193,-5.367002
9.475631,-8.654446,11.967931,3.306506,0.13105598,20.352953,-5.489404,6.2378755,-8.267361,-11.872587,-11.582426,-5.338903
9.506354,-8.623811,11.969894,3.3213058,0.10082322,20.384546,-5.488551,6.210413,-8.297891,-11.903573,-11.573793,-5.310804
9.537078,-8.593176,11.971506,3.3350053,0.070590466,20.41614,-5.4871473,6.1829505,-8.328421,-11.934559,-11.565371,-5.282705
9.567801,-8.562541,11.972761,3.347627,0.04035771,20.447733,-5.485209,6.155488,-8.358951,-11.965545,-11.557137,-5.254606
9.598525,-8.531906,11.973663,3.3593733,0.010124952,20.479326,-5.4828286,6.1280255,-8.389481,-11.996531,-11.549,-5.2265067
9.629249,-8.501271,11.974215,3.370256,-0.020107806,20.51092,-5.480003,6.100563,-8.420011,-12.027516,-11.540965,-5.1984076
9.659972,-8.470636,11.974421,3.380288,-0.050340563,20.542513,-5.4767313,6.0731006,-8.450541,-12.058502,-11.533035,-5.1703086
9.690696,-8.4400015,11.974318,3.3894045,-0.08057332,20.574106,-5.473134,6.045638,-8.4810705,-12.089488,-11.525123,-5.1422095
9.721419,-8.409367,11.973907,3.397608,-0.11080608,20.6057,-5.469215,6.0181756,-8.5116005,-12.120474,-11.517226,-5.1141105
9.752143,-8.378732,11.973188,3.4049096,-0.14103884,20.637293,-5.464961,5.990713,-8.54213,-12.15146,-11.5093565,-5.0860114
9.7828665,-8.348097,11.972158,3.4113202,-0.17127159,20.668886,-5.46036,5.9632506,-8.57266,-12.182446,-11.501523,-5.0579123
9.81359,-8.317462,11.970816,3.4168506,-0.20150435,20.70048,-5.455399,5.935788,-8.60319,-12.213431,-11.493736,-5.0298133
9.844314,-8.286827,11.969158,3.4215117,-0.2317371,20.732073,-5.450066,5.9083257,-8.63372,-12.244417,-11.486007,-5.001714
9.875037,-8.256192,11.967183,3.4253137,-0.26196986,20.763666,-5.444349,5.880863,-8.66425,-12.275403,-11.478344,-4.973615
9.905761,-8.225557,11.964914,3.4282603,-0.29220262,20.79526,-5.438254,5.8534007,-8.69478,-12.306389,-11.470764,-4.945516
9.936484,-8.194922,11.962355,3.43036,-0.32243538,20.826853,-5.431773,5.825938,-8.72531,-12.337375,-11.463279,-4.917417
9.967208,-8.164288,11.9595375,3.4315977,-0.35266814,20.858446,-5.424956,5.7984757,-8.75584,-12.3683605,-11.45587,-4.889318
9.9979315,-8.133653,11.956518,3.4319413,-0.3829009,20.89004,-5.417892,5.7710133,-8.78637,-12.399346,-11.448501,-4.861219
10.028655,-8.103018,11.953297,3.4314,-0.41313365,20.921633,-5.4105725,5.743551,-8.8169,-12.430332,-11.44118,-4.83312
10.059379,-8.072383,11.949874,3.4299831,-0.4433664,20.953226,-5.4029884,5.7160883,-8.84743,-12.461318,-11.433918,-4.805021
10.090102,-8.041748,11.946251,3.4276996,-0.47359917,20.98482,-5.39513,5.688626,-8.87796,-12.492304,-11.4267235,-4.7769217
10.120826,-8.011113,11.942428,3.4245584,-0.5038319,21.016413,-5.386989,5.6611633,-8.90849,-12.52329,-11.419605,-4.7488227
10.151549,-7.980479,11.938366,3.4205167,-0.53406465,21.048006,-5.3785377,5.633701,-8.93902,-12.5542755,-11.412565,-4.7207236
10.182273,-7.9498444,11.934057,3.4154978,-0.56429744,21.0796,-5.3697147,5.6062384,-8.96955,-12.585261,-11.405657,-4.6926246
10.2129965,-7.91921,11.929504,3.4095078,-0.5945302,21.111193,-5.3605037,5.578776,-9.00008,-12.616247,-11.3989,-4.6645255
10.24372,-7.8885756,11.9247055,3.4025502,-0.624763,21.142786,-5.350891,5.5513134,-9.03061,-12.647233,-11.392307,-4.6364264
10.274444,-7.857941,11.919711,3.394668,-0.6549958,21.17438,-5.340897,5.523851,-9.06114,-12.678219,-11.385912,-4.6083274
10.305167,-7.8273067,11.914521,3.3858876,-0.6852286,21.205973,-5.3304124,5.4963884,-9.09167,-12.709205,-11.3798275,-4.5802283
10.335891,-7.7966723,11.909136,3.3762124,-0.7154614,21.237566,-5.319415,5.468926,-9.1222,-12.7401905,-11.374074,-4.5521293
10.366614,-7.766038,11.903548,3.3656433,-0.74569416,21.26916,-5.307895,5.4414635,-9.15273,-12.771176,-11.368657,-4.52403
10.397338,-7.7354035,11.897747,3.35418,-0.77592695,21.300753,-5.2958426,5.414001,-9.18326,-12.802162,-11.363578,-4.495931
10.4280615,-7.704769,11.891733,3.341825,-0.80615973,21.332346,-5.2832475,5.3865385,-9.21379,-12.833148,-11.358849,-4.467832
10.458785,-7.6741347,11.885509,3.3285801,-0.8363925,21.36394,-5.270099,5.359076,-9.24432,-12.864134,-11.354481,-4.439733
10.489509,-7.6435003,11.879074,3.3144503,-0.8666253,21.395533,-5.2563853,5.3316135,-9.27485,-12.89512,-11.350487,-4.411634
10.520232,-7.612866,11.872414,3.2994769,-0.8968581,21.427126,-5.242063,5.304151,-9.30538,-12.9261055,-11.346897,-4.383535
10.550956,-7.5822315,11.86551,3.2836463,-0.9270909,21.45872,-5.227089,5.2766886,-9.33591,-12.957091,-11.343739,-4.355436
10.581679,-7.551597,11.858417,3.2669733,-0.9573237,21.490313,-5.211453,5.249226,-9.36644,-12.988077,-11.341083,-4.327337
10.612403,-7.5209627,11.851136,3.2494595,-0.98755646,21.521906,-5.1951437,5.2217636,-9.39697,-13.019063,-11.338944,-4.2992377
10.6431265,-7.4903283,11.843671,3.231107,-1.0177892,21.5535,-5.1781483,5.194301,-9.4275,-13.050049,-11.337339,-4.2711387
10.67385,-7.459694,11.836017,3.2119203,-1.048022,21.585093,-5.1604524,5.1668386,-9.45803,-13.081035,-11.336279,-4.2430396
10.704574,-7.4290595,11.828173,3.1919022,-1.0782548,21.616686,-5.142043,5.139376,-9.48856,-13.1120205,-11.335774,-4.2149405
10.735297,-7.398425,11.82014,3.1710548,-1.1084876,21.64828,-5.1229076,5.1119137,-9.51909,-13.143006,-11.335841,-4.1868415
10.766021,-7.3677907,11.811919,3.1493802,-1.1387204,21.679873,-5.1030326,5.084451,-9.54962,-13.173992,-11.336493,-4.1587424
10.796744,-7.3371563,11.803511,3.1268802,-1.1689532,21.711466,-5.082405,5.0569887,-9.58015,-13.204978,-11.337743,-4.1306434
10.827468,-7.3065677,11.794915,3.1035564,-1.199186,21.74306,-5.0610113,5.029526,-9.61068,-13.235964,-11.339605,-4.1025443
10.8581915,-7.2761974,11.786109,3.079419,-1.2294188,21.774652,-5.038829,5.0020638,-9.64121,-13.26695,-11.342084,-4.0744452
10.888915,-7.246057,11.776998,3.0545094,-1.2596515,21.806246,-5.0158095,4.9746013,-9.67174,-13.2979355,-11.345141,-4.046346
10.919639,-7.216153,11.767552,3.0288806,-1.2898843,21.83784,-4.991916,4.947139,-9.70227,-13.328921,-11.348786,-4.018247
10.950362,-7.18649,11.75768,3.0027008,-1.3201171,21.869432,-4.9670515,4.9196763,-9.7328,-13.359907,-11.353018,-3.990148
10.981086,-7.157073,11.747378,2.9759712,-1.3503499,21.901026,-4.9412045,4.892214,-9.7633295,-13.390893,-11.357846,-3.962049
11.011809,-7.1279073,11.736646,2.9486933,-1.3805827,21.93262,-4.914364,4.8647513,-9.7938595,-13.421879,-11.36328,-3.93395
11.042533,-7.098999,11.725448,2.9208665,-1.4108155,21.964212,-4.887407,4.837289,-9.824389,-13.452865,-11.369334,-3.905851
11.0732565,-7.0703545,11.713751,2.8925192,-1.4410483,21.995806,-4.86045,4.8098264,-9.854919,-13.4838505,-11.376026,-3.8777518
11.10398,-7.0419793,11.701559,2.864172,-1.471281,22.0274,-4.8334928,4.782364,-9.885449,-13.514836,-11.383368,-3.8496528
11.134704,-7.0138717,11.688855,2.8358247,-1.5015138,22.058992,-4.8065357,4.7549014,-9.915979,-13.545822,-11.391345,-3.8215537
11.165427,-6.986032,11.67564,2.8074775,-1.5317466,22.090586,-4.7795787,4.727439,-9.946509,-13.576808,-11.399963,-3.7934546
11.196151,-6.95846,11.66192,2.7791302,-1.5619794,22.122179,-4.7526217,4.6999764,-9.977039,-13.607794,-11.409184,-3.7653556
11.226874,-6.9311557,11.647696,2.750783,-1.5922122,22.153772,-4.7256646,4.672514,-10.007569,-13.63878,-11.41899,-3.7372565
11.257598,-6.90412,11.63297,2.7224357,-1.622445,22.185366,-4.6987076,4.6450515,-10.038099,-13.669765,-11.429386,-3.7091575
11.2883215,-6.8773527,11.617745,2.6940885,-1.6526778,22.216959,-4.6717505,4.617589,-10.068629,-13.700751,-11.440378,-3.6810584
11.319045,-6.850854,11.602023,2.6657412,-1.6829106,22.248552,-4.6447935,4.5901265,-10.099159,-13.731737,-11.45197,-3.6529593
11.349769,-6.824624,11.585804,2.637394,-1.7131433,22.280146,-4.6178365,4.562664,-10.129689,-13.762723,-11.464169,-3.6248603
11.380492,-6.7986584,11.5689745,2.6090467,-1.7433761,22.311739,-4.5908794,4.5352015,-10.160219,-13.793709,-11.476939,-3.5967612
11.411216,-6.7729554,11.551482,2.5806994,-1.7736089,22.343332,-4.5639224,4.507739,-10.190749,-13.824695,-11.490269,-3.5686622
11.441939,-6.747515,11.533322,2.5523522,-1.8038417,22.374926,-4.5369654,4.4802766,-10.221279,-13.85568,-11.504161,-3.540563
11.472663,-6.722338,11.514491,2.524005,-1.8340745,22.406519,-4.5100083,4.452814,-10.251809,-13.886666,-11.51862,-3.512464
11.5033865,-6.6974225,11.494869,2.4956577,-1.8643073,22.438112,-4.4830513,4.4253516,-10.282339,-13.917652,-11.533637,-3.484365
11.53411,-6.672765,11.474422,2.4673104,-1.8945401,22.469706,-4.4560943,4.397889,-10.312869,-13.948638,-11.549267,-3.456266
11.564834,-6.648362,11.453306,2.4389632,-1.9247729,22.501299,-4.429137,4.3704267,-10.343399,-13.979624,-11.565635,-3.4281669
11.595557,-6.6242185,11.431555,2.410616,-1.9550056,22.532892,-4.40218,4.342964,-10.373929,-14.01061,-11.582742,-3.4000678
11.626281,-6.6003337,11.409163,2.3822687,-1.9852384,22.564486,-4.375223,4.3155017,-10.404459,-14.041595,-11.6005945,-3.3719687
11.657004,-6.576708,11.38613,2.3539214,-2.0154712,22.596079,-4.348266,4.288039,-10.434989,-14.072581,-11.619198,-3.3438697
11.687728,-6.5533385,11.36249,2.3255742,-2.045704,22.627672,-4.321309,4.2605767,-10.465519,-14.103567,-11.638533,-3.3157706
11.7184515,-6.5302253,11.338239,2.297227,-2.0759366,22.659266,-4.294352,4.2331142,-10.496049,-14.134553,-11.658604,-3.2876716
11.749175,-6.507368,11.3133745,2.2688797,-2.1061692,22.690859,-4.267395,4.2056518,-10.526579,-14.165539,-11.679416,-3.2595725
11.779899,-6.4847684,11.287878,2.2405324,-2.136402,22.722452,-4.240438,4.1781893,-10.557109,-14.196525,-11.7009325,-3.2314734
11.810622,-6.4624424,11.261605,2.2121851,-2.1666346,22.754045,-4.213481,4.150727,-10.587639,-14.22751,-11.722829,-3.2033744
11.841346,-6.44039,11.23455,2.183838,-2.1968672,22.785639,-4.186524,4.1232643,-10.618169,-14.258496,-11.745103,-3.1752753
11.872069,-6.4186115,11.206711,2.1554906,-2.2271,22.817232,-4.159567,4.095802,-10.648699,-14.289482,-11.767753,-3.1471763
11.902793,-6.3971,11.178646,2.1271434,-2.2573326,22.848825,-4.13261,4.0683393,-10.679229,-14.320468,-11.790799,-3.1190772
11.9335165,-6.375845,11.150581,2.0987961,-2.2875652,22.880419,-4.105653,4.040877,-10.709759,-14.351454,-11.814277,-3.0909781
11.96424,-6.3548484,11.122517,2.0704489,-2.317798,22.912012,-4.078696,4.0134144,-10.740289,-14.38244,-11.838416,-3.062879
11.994964,-6.3341126,11.094452,2.0421016,-2.3480306,22.943605,-4.0517387,3.985952,-10.770819,-14.413425,-11.863293,-3.03478
12.025687,-6.313637,11.066387,2.0137544,-2.3782632,22.975199,-4.0247817,3.9584894,-10.801349,-14.444411,-11.8889065,-3.006681
12.056411,-6.2934213,11.038322,1.985407,-2.408496,23.006792,-3.997825,3.931027,-10.831879,-14.475397,-11.915259,-2.978582
12.087134,-6.2734594,11.010258,1.9570596,-2.4387286,23.038385,-3.970868,3.9035645,-10.862409,-14.506383,-11.942279,-2.9504828
12.117858,-6.2537374,10.982193,1.9287122,-2.4689612,23.069979,-3.9439113,3.876102,-10.892939,-14.537369,-11.969747,-2.9223838
12.1485815,-6.234259,10.954128,1.9003649,-2.499194,23.101572,-3.9169545,3.8486395,-10.923469,-14.568355,-11.997214,-2.8942847
12.179305,-6.2150245,10.926064,1.8720175,-2.5294266,23.133165,-3.8899977,3.821177,-10.953999,-14.599138,-12.024682,-2.8661857
12.210029,-6.196033,10.897999,1.8436701,-2.5596592,23.164759,-3.863041,3.7937145,-10.984529,-14.629675,-12.05215,-2.8380866
12.240752,-6.177285,10.869934,1.8153228,-2.589892,23.196352,-3.8360841,3.766252,-11.0150585,-14.659959,-12.0796175,-2.8099875
12.271476,-6.1587815,10.841869,1.7869754,-2.6201246,23.227732,-3.8091273,3.7387896,-11.0455885,-14.68999,-12.107085,-2.7818885
12.302199,-6.140522,10.813805,1.758628,-2.6503572,23.25886,-3.7821705,3.711327,-11.076118,-14.719769,-12.134553,-2.7537894
12.332923,-6.122507,10.78574,1.7302806,-2.68059,23.289736,-3.7552137,3.6838646,-11.106648,-14.749295,-12.162021,-2.7256904
12.3636465,-6.104737,10.757675,1.7019333,-2.7108226,23.32036,-3.728257,3.656402,-11.137178,-14.778569,-12.189488,-2.6975913
12.39437,-6.0872097,10.72961,1.6735859,-2.7410553,23.350737,-3.7013001,3.6289396,-11.167708,-14.807588,-12.216956,-2.6694922
12.425094,-6.0699253,10.701546,1.6452385,-2.771288,23.38087,-3.6743433,3.6014771,-11.198238,-14.8363495,-12.244424,-2.6413932
12.455817,-6.052883,10.673481,1.6168911,-2.8015206,23.41076,-3.6473866,3.5740147,-11.228768,-14.864855,-12.271892,-2.6132941
12.486541,-6.0360765,10.645416,1.5885438,-2.8317533,23.440405,-3.6204298,3.5465522,-11.259298,-14.8931055,-12.299359,-2.585195
12.517264,-6.019492,10.617352,1.5601964,-2.861986,23.469799,-3.593473,3.5190897,-11.289828,-14.921105,-12.326827,-2.557096
12.547988,-6.0031304,10.589287,1.531849,-2.8922186,23.498943,-3.5665162,3.4916272,-11.320358,-14.948854,-12.354295,-2.528997
12.5787115,-5.9869914,10.561222,1.5035017,-2.9224513,23.52784,-3.5395594,3.4641647,-11.350888,-14.976352,-12.3817625,-2.500898
12.609435,-5.971075,10.533157,1.4751543,-2.952684,23.556486,-3.5126026,3.4367023,-11.381418,-15.003598,-12.40923,-2.4727988
12.640159,-5.9553814,10.505093,1.4468069,-2.9829166,23.584883,-3.4856458,3.4092398,-11.411948,-15.030594,-12.436698,-2.4446998
12.670882,-5.93991,10.477028,1.4184595,-3.0131493,23.61303,-3.458689,3.3817773,-11.442478,-15.057339,-12.464166,-2.4166007
12.701606,-5.9246616,10.448963,1.3901122,-3.043382,23.640932,-3.4317322,3.3543148,-11.473008,-15.083831,-12.491633,-2.3885016
12.732329,-5.909637,10.420898,1.3617648,-3.0736146,23.668594,-3.4047754,3.3268523,-11.503538,-15.110068,-12.519101,-2.3604026
12.763053,-5.8948355,10.392834,1.3334174,-3.1038473,23.696018,-3.3778186,3.2993898,-11.534068,-15.136051,-12.546569,-2.3323035
12.7937765,-5.8802576,10.364769,1.30507,-3.13408,23.723202,-3.3508618,3.2719274,-11.564598,-15.16178,-12.574037,-2.3042045
12.8245,-5.8659034,10.336704,1.2767227,-3.1643126,23.750145,-3.323905,3.2444649,-11.595128,-15.187255,-12.601504,-2.2761054
12.855224,-5.851773,10.30864,1.2483753,-3.1945453,23.776848,-3.2969482,3.2170024,-11.625658,-15.212475,-12.628972,-2.2480063
12.885947,-5.8378654,10.280575,1.2200279,-3.224778,23.803312,-3.2699914,3.18954,-11.656188,-15.23744,-12.65644,-2.2199073
12.916671,-5.824182,10.25251,1.1916806,-3.2550106,23.829536,-3.2430346,3.1620774,-11.686718,-15.262152,-12.6839075,-2.1918082
12.947394,-5.8107243,10.224445,1.1633332,-3.2852433,23.85552,-3.2160778,3.134615,-11.717248,-15.286614,-12.711375,-2.1637092
12.978118,-5.797496,10.196381,1.1349858,-3.315476,23.881262,-3.189121,3.1071525,-11.747778,-15.310824,-12.738843,-2.13561
13.0088415,-5.7844906,10.168316,1.1066384,-3.3456345,23.906773,-3.1621642,3.07969,-11.778308,-15.334799,-12.766311,-2.107511
13.039565,-5.7716928,10.140251,1.078291,-3.3755703,23.932062,-3.1352074,3.0522275,-11.808838,-15.358568,-12.793778,-2.079412
13.070289,-5.759103,10.112186,1.0499437,-3.405286,23.957134,-3.1082506,3.024765,-11.839368,-15.38214,-12.821246,-2.051313
13.101012,-5.7467227,10.084122,1.0215963,-3.4347866,23.98199,-3.0812938,2.9973025,-11.869898,-15.405528,-12.848714,-2.0232139
13.131736,-5.7345524,10.056057,0.993249,-3.4640713,24.006632,-3.054337,2.96984,-11.900428,-15.428733,-12.876182,-1.9951148
13.162459,-5.722592,10.027992,0.9649017,-3.4931402,24.03106,-3.0273802,2.9423776,-11.930958,-15.451755,-12.903649,-1.9670157
13.193183,-5.7108326,9.9999275,0.9365544,-3.5219996,24.055277,-3.0004234,2.914915,-11.961488,-15.474596,-12.931117,-1.9389167
13.2239065,-5.699274,9.971863,0.90820706,-3.55065,24.079285,-2.9734666,2.8874526,-11.992018,-15.497258,-12.958585,-1.9108176
13.25463,-5.6879163,9.943798,0.87985975,-3.5790908,24.103083,-2.9465098,2.8599901,-12.022548,-15.51974,-12.9860525,-1.8827186
13.285354,-5.6767592,9.915733,0.85151243,-3.6073227,24.126673,-2.919553,2.8325276,-12.053078,-15.542042,-13.01352,-1.8546195
13.316077,-5.665801,9.887669,0.8231651,-3.6353424,24.15006,-2.8925962,2.8050652,-12.083608,-15.5641575,-13.040988,-1.8265204
13.346801,-5.6550426,9.859604,0.7948178,-3.6631503,24.173244,-2.8656394,2.7776027,-12.114138,-15.586084,-13.068456,-1.7984214
13.377524,-5.6444845,9.831539,0.7664705,-3.6907468,24.196226,-2.8386827,2.7501402,-12.144668,-15.6078205,-13.095923,-1.7703223
13.408248,-5.634126,9.803474,0.7381232,-3.7181318,24.219004,-2.8117259,2.7226777,-12.175198,-15.629367,-13.123391,-1.7422233
13.4389715,-5.6239676,9.77541,0.70977587,-3.7453046,24.241577,-2.784769,2.6952152,-12.205728,-15.650724,-13.150859,-1.7141242
13.469695,-5.614006,9.747345,0.68142855,-3.7722626,24.26395,-2.7578123,2.6677527,-12.236258,-15.671893,-13.178327,-1.6860251
13.500419,-5.604241,9.71928,0.65308124,-3.7990036,24.286127,-2.7308555,2.6402903,-12.266788,-15.692871,-13.205794,-1.6579261
13.531142,-5.594668,9.6912155,0.6247339,-3.8255177,24.308111,-2.7038987,2.6128278,-12.2973175,-15.713652,-13.233262,-1.629827
13.561866,-5.585286,9.663151,0.5963866,-3.8518026,24.329905,-2.6769419,2.5853653,-12.3278475,-15.734234,-13.26073,-1.601728
13.592589,-5.576096,9.635086,0.5680393,-3.8778584,24.351507,-2.649985,2.5579028,-12.358377,-15.754618,-13.2881975,-1.5736289
13.623313,-5.5671,9.607021,0.539692,-3.9036841,24.372898,-2.6230283,2.5304403,-12.388907,-15.774793,-13.315665,-1.5455298
13.6540365,-5.558308,9.578957,0.5113447,-3.9292743,24.394058,-2.5960715,2.5029778,-12.419437,-15.794747,-13.343133,-1.5174308
13.68476,-5.549715,9.550892,0.48299736,-3.954622,24.414993,-2.5691147,2.4755154,-12.449967,-15.81448,-13.370601,-1.4893317
13.715484,-5.5413365,9.522827,0.45465004,-3.9797158,24.435698,-2.542158,2.448053,-12.480497,-15.833982,-13.398068,-1.4612327
13.746207,-5.5331926,9.494762,0.42630273,-4.0045605,24.456154,-2.515201,2.4205904,-12.511027,-15.8532505,-13.425536,-1.4331336
13.776931,-5.5252843,9.466698,0.39795542,-4.0291834,24.476381,-2.4882443,2.393128,-12.541557,-15.872292,-13.453004,-1.4050345
13.807654,-5.5176086,9.438633,0.3696081,-4.0536,24.496386,-2.4612875,2.3656654,-12.572087,-15.891107,-13.480472,-1.3769355
13.838378,-5.5101686,9.410568,0.3412608,-4.0778065,24.516163,-2.4343307,2.338203,-12.602617,-15.909691,-13.507939,-1.3488364
13.869102,-5.5029693,9.3825035,0.31291348,-4.1017985,24.535706,-2.407374,2.3107405,-12.633147,-15.928039,-13.535407,-1.3207374
13.899825,-5.496011,9.354439,0.28456616,-4.1255755,24.555016,-2.380417,2.283278,-12.663677,-15.946149,-13.562875,-1.2926383
13.930549,-5.4892917,9.326374,0.25621885,-4.149138,24.574091,-2.3534603,2.2558155,-12.694207,-15.964022,-13.5903425,-1.2645392
13.961272,-5.4828115,9.298309,0.22787154,-4.1724854,24.592932,-2.3265035,2.228353,-12.724737,-15.981657,-13.61781,-1.2364402
13.991996,-5.476571,9.270245,0.19952422,-4.195617,24.611534,-2.2995467,2.2008905,-12.755267,-15.999038,-13.645278,-1.2083411
14.022719,-5.4705706,9.24218,0.17117691,-4.218533,24.629894,-2.27259,2.173428,-12.785797,-16.016157,-13.672746,-1.1802421
14.053443,-5.4648104,9.214115,0.1428296,-4.2412314,24.648016,-2.2456331,2.1459656,-12.816327,-16.033016,-13.700213,-1.152143
14.084167,-5.4592896,9.18605,0.11448228,-4.2637134,24.6659,-2.2186763,2.118503,-12.846857,-16.049618,-13.727681,-1.124044
14.11489,-5.4540067,9.157986,0.08613497,-4.2859817,24.683542,-2.1917195,2.0910406,-12.877387,-16.06596,-13.755149,-1.0959449
14.145614,-5.4489613,9.129921,0.057787653,-4.3080363,24.700945,-2.1647627,2.0635781,-12.907917,-16.082045,-13.782617,-1.0678458
14.176337,-5.444155,9.101856,0.029440336,-4.329875,24.718107,-2.137806,2.0361156,-12.938447,-16.09787,-13.810084,-1.0397468
14.207061,-5.4395933,9.0737915,0.0010930188,-4.351493,24.73503,-2.1108491,2.0086532,-12.968977,-16.113434,-13.837552,-1.0116477
14.237784,-5.4352756,9.045727,-0.026876515,-4.3728895,24.75171,-2.0838923,1.9811906,-12.999507,-16.128738,-13.86502,-0.9835487
14.268508,-5.431198,9.017662,-0.054255106,-4.394065,24.768154,-2.0569355,1.953728,-13.030037,-16.143782,-13.892488,-0.9554497
14.299232,-5.427356,8.989597,-0.08104981,-4.415019,24.784357,-2.0299788,1.9262654,-13.060567,-16.158566,-13.919955,-0.9273507
14.329955,-5.4237432,8.961533,-0.10725434,-4.4357543,24.800318,-2.003022,1.8988028,-13.091097,-16.173092,-13.947423,-0.8992517
14.360679,-5.4203553,8.933468,-0.13286567,-4.456272,24.816032,-1.976065,1.8713402,-13.121627,-16.187365,-13.974891,-0.8711527
14.391402,-5.417186,8.905403,-0.15789019,-4.4765725,24.831501,-1.9491081,1.8438776,-13.152157,-16.201384,-14.002358,-0.8430537
14.422126,-5.41423,8.877338,-0.18233411,-4.4966564,24.846724,-1.9221512,1.816415,-13.182687,-16.215149,-14.029826,-0.8149547
14.452849,-5.411482,8.849274,-0.20620368,-4.5165234,24.8617,-1.8951943,1.7889524,-13.213217,-16.228662,-14.057294,-0.7868557
14.483573,-5.408931,8.821209,-0.22940089,-4.5361648,24.876434,-1.8682374,1.7614897,-13.243747,-16.24192,-14.084762,-0.7587567
14.514297,-5.406565,8.793144,-0.25187054,-4.555585,24.890934,-1.8412805,1.7340271,-13.274277,-16.254908,-14.112229,-0.7306577
14.54502,-5.4043784,8.7650795,-0.27362874,-4.5747833,24.9052,-1.8143235,1.7065645,-13.304807,-16.267624,-14.139697,-0.7025587
14.575744,-5.402356,8.737015,-0.2947408,-4.5937514,24.919224,-1.7873666,1.679102,-13.335337,-16.280075,-14.167165,-0.6744597
14.606467,-5.4004927,8.709951,-0.315189,-4.6124907,24.933006,-1.7604097,1.6516393,-13.365867,-16.292263,-14.194633,-0.6463607
14.637191,-5.3987784,8.684249,-0.33500746,-4.631004,24.946548,-1.7334528,1.6241767,-13.396397,-16.304176,-14.2221,-0.6182617
14.667914,-5.3972073,8.659884,-0.35422555,-4.649291,24.959852,-1.7064959,1.5967141,-13.426927,-16.315813,-14.249568,-0.5901627
14.698638,-5.395774,8.636843,-0.3728702,-4.6673517,24.972914,-1.679539,1.5692515,-13.457457,-16.327173,-14.277036,-0.5620637
14.729362,-5.394473,8.615108,-0.39096782,-4.685186,24.985735,-1.652582,1.5417889,-13.487987,-16.338257,-14.304503,-0.5339647
14.760085,-5.3932996,8.594665,-0.40854424,-4.702793,24.998314,-1.6256251,1.5143263,-13.518517,-16.349064,-14.331971,-0.5058657
14.790809,-5.3922496,8.575499,-0.42562494,-4.720173,25.01065,-1.5986682,1.4868637,-13.5490465,-16.359594,-14.359439,-0.4777667
14.821532,-5.391318,8.557595,-0.4422347,-4.7373247,25.022743,-1.5717113,1.4594011,-13.5795765,-16.369848,-14.386907,-0.4496677
14.852256,-5.3905005,8.54094,-0.45839795,-4.754248,25.034592,-1.5447544,1.4319385,-13.610106,-16.379826,-14.414374,-0.4215687
14.882979,-5.389794,8.525521,-0.47413865,-4.770943,25.046196,-1.5177975,1.4044759,-13.640636,-16.389526,-14.441842,-0.3934697
14.913703,-5.389194,8.511324,-0.48948014,-4.7874093,25.057556,-1.4908406,1.3770133,-13.671166,-16.398949,-14.46931,-0.3653707
14.944427,-5.3886976,8.498336,-0.5044455,-4.8036456,25.06867,-1.4638836,1.3495507,-13.701696,-16.408094,-14.496778,-0.3372717
14.97515,-5.388301,8.486545,-0.5190572,-4.819652,25.079536,-1.4369267,1.3220881,-13.732226,-16.416964,-14.524245,-0.3091727
15.005874,-5.3880014,8.475938,-0.5333374,-4.835428,25.090157,-1.4099698,1.2946255,-13.762756,-16.425554,-14.551713,-0.2810737
15.036597,-5.387796,8.466504,-0.5473078,-4.850974,25.100529,-1.3830129,1.2671629,-13.793286,-16.433868,-14.579181,-0.2529747
15.067321,-5.387683,8.458227,-0.56099117,-4.8662868,25.11065,-1.356056,1.2397003,-13.823816,-16.441904,-14.606648,-0.22487567
15.098044,-5.3876657,8.451079,-0.5744141,-4.88136,25.12051,-1.329099,1.2122377,-13.854346,-16.449657,-14.634116,-0.19677666
15.128768,-5.3877425,8.445049,-0.5875968,-4.8961935,25.130112,-1.3021421,1.1847751,-13.884876,-16.45713,-14.661584,-0.16867764
15.159492,-5.387923,8.440129,-0.60070324,-4.9107823,25.139452,-1.2751852,1.1573125,-13.915406,-16.464317,-14.689052,-0.14057863
15.190215,-5.3882117,8.436339,-0.6138267,-4.9251256,25.148525,-1.2482283,1.1298499,-13.945936,-16.471209,-14.716519,-0.11247961
15.220939,-5.3886094,8.433671,-0.62698025,-4.939223,25.15733,-1.2212714,1.1023873,-13.976466,-16.477806,-14.743987,-0.0843806
15.251662,-5.389116,8.432116,-0.64017683,-4.953073,25.165867,-1.1943145,1.0749247,-14.006996,-16.48411,-14.771455,-0.05628158
15.282386,-5.3897314,8.431666,-0.65342915,-4.966676,25.174133,-1.1673576,1.0474621,-14.037526,-16.49012,-14.798923,-0.028182566
15.313109,-5.390457,8.432314,-0.66674984,-4.9800315,25.18213,-1.1404006,1.0199995,-14.068056,-16.495834,-14.82639,-8.355081e-05
15.343833,-5.391293,8.434078,-0.6801686,-4.993136,25.189857,-1.1134437,0.99253696,-14.098586,-16.501255,-14.853858,0.028015465
15.374557,-5.3922405,8.4369755,-0.69371283,-5.0059867,25.197315,-1.0864868,0.9650744,-14.129116,-16.506382,-14.881326,0.05611448
15.40528,-5.3933005,8.440995,-0.70739335,-5.0185833,25.204504,-1.0595299,0.9376119,-14.159646,-16.511213,-14.908793,0.084213495
15.436004,-5.3944745,8.446128,-0.7212211,-5.0309253,25.211422,-1.032573,0.91014934,-14.190176,-16.515749,-14.936261,0.11231251
15.466727,-5.3957605,8.452357,-0.7351904,-5.043024,25.218065,-1.0056161,0.8826868,-14.220706,-16.519997,-14.963729,0.14041153
15.497451,-5.397144,8.459485,-0.74913293,-5.0548778,25.224434,-0.9786592,0.85522425,-14.251236,-16.52396,-14.991197,0.16851054
15.528174,-5.3986216,8.467473,-0.76305,-5.066481,25.230524,-0.95170236,0.8277617,-14.281766,-16.527643,-15.018664,0.19660956
15.558898,-5.4001946,8.476307,-0.77694094,-5.0778317,25.23634,-0.9247455,0.80029917,-14.312296,-16.531048,-15.046132,0.22470857
15.589622,-5.4018626,8.485978,-0.79081327,-5.0889287,25.241879,-0.89778864,0.7728366,-14.342826,-16.534174,-15.0736,0.2528076
15.620345,-5.4036245,8.496436,-0.80473435,-5.099774,25.247147,-0.8708318,0.7453741,-14.373356,-16.537022,-15.101068,0.28090662
15.651069,-5.4054813,8.507646,-0.8187387,-5.1103735,25.25215,-0.84387493,0.71791154,-14.403886,-16.539589,-15.128535,0.30900562
15.681792,-5.4074445,8.519692,-0.832822,-5.1207438,25.256891,-0.8169181,0.690449,-14.434416,-16.541887,-15.156003,0.33710462
15.712516,-5.4095154,8.5325775,-0.8469901,-5.1308837,25.26137,-0.7899612,0.66298646,-14.464946,-16.543917,-15.183471,0.36520362
15.743239,-5.411695,8.546295,-0.8612456,-5.1407933,25.265583,-0.76300436,0.6355239,-14.495476,-16.545677,-15.210938,0.39330262
15.773963,-5.4139843,8.560841,-0.8755908,-5.150472,25.269533,-0.7360475,0.6080614,-14.526006,-16.547169,-15.238406,0.42140162
15.804687,-5.416384,8.576208,-0.8900283,-5.1599197,25.273218,-0.70909065,0.58059883,-14.556536,-16.548393,-15.265874,0.44950062
15.83541,-5.4188957,8.592392,-0.90456057,-5.169136,25.276638,-0.6821338,0.5531363,-14.587066,-16.549349,-15.293342,0.47759962
15.866134,-5.4215198,8.609387,-0.91918993,-5.1781206,25.279793,-0.65517694,0.52567375,-14.617596,-16.550037,-15.320809,0.5056986
15.896857,-5.4242573,8.62719,-0.93391883,-5.186873,25.282682,-0.6282201,0.49821118,-14.648126,-16.550459,-15.348277,0.5337976
15.927581,-5.4271064,8.645763,-0.9487591,-5.195392,25.285305,-0.6012632,0.4707486,-14.678656,-16.550613,-15.375745,0.5618966
15.958304,-5.4300666,8.665059,-0.9637198,-5.203677,25.287659,-0.57430637,0.44328603,-14.709186,-16.550505,-15.403213,0.5899956
15.989028,-5.433139,8.685059,-0.9788043,-5.2117276,25.289743,-0.5473495,0.41582346,-14.739716,-16.550135,-15.43068,0.6180946
16.01975,-5.4363246,8.705758,-0.9940144,-5.219543,25.291557,-0.52039266,0.3883609,-14.770246,-16.549501,-15.458148,0.6461936
16.050474,-5.439625,8.727153,-1.009352,-5.2271233,25.2931,-0.4934358,0.36089832,-14.800776,-16.548607,-15.485616,0.6742926
16.081198,-5.4430437,8.749211,-1.024806,-5.234463,25.294367,-0.46647894,0.33343574,-14.8313055,-16.547457,-15.513083,0.7023916
16.111921,-5.4465895,8.771873,-1.0404683,-5.241573,25.295353,-0.4395221,0.30597317,-14.8618355,-16.546068,-15.540551,0.7304906
16.142645,-5.4502654,8.795129,-1.056354,-5.2484536,25.296057,-0.41256523,0.2785106,-14.892365,-16.544443,-15.568019,0.7585896
16.173368,-5.4540753,8.819014,-1.0724857,-5.255106,25.296478,-0.38560838,0.25104803,-14.922895,-16.542582,-15.595487,0.7866886
16.204092,-5.4580226,8.843538,-1.0888705,-5.2615304,25.29662,-0.35865152,0.22358546,-14.953425,-16.540482,-15.622954,0.8147876
16.234816,-5.462109,8.868702,-1.105508,-5.267726,25.296478,-0.33169466,0.19612288,-14.983955,-16.538143,-15.650422,0.8428866
16.26554,-5.4663377,8.894502,-1.1223974,-5.2736926,25.296053,-0.3047378,0.16866031,-15.014485,-16.535566,-15.67789,0.8709856
16.296263,-5.4707108,8.920937,-1.1395383,-5.27943,25.295345,-0.27778095,0.14119774,-15.045015,-16.532751,-15.705358,0.8990846
16.326986,-5.4752307,8.948004,-1.15693,-5.2849374,25.294355,-0.2508241,0.11373517,-15.075545,-16.5297,-15.732825,0.9271836
16.35771,-5.4799,8.975701,-1.1745719,-5.2902145,25.293081,-0.22386722,0.0862726,-15.106075,-16.52641,-15.760293,0.9552826
16.388433,-5.4847207,9.003871,-1.1924634,-5.295261,25.291523,-0.19691035,0.058810025,-15.136605,-16.52288,-15.787761,0.9833816
16.419157,-5.4896984,9.032041,-1.2106149,-5.3000755,25.289682,-0.16995348,0.031347454,-15.167135,-16.519114,-15.815228,1.0114807
16.44988,-5.494844,9.06021,-1.2290753,-5.304655,25.287563,-0.14299661,0.0038848836,-15.197665,-16.515104,-15.842696,1.0395797
16.480604,-5.5001616,9.08838,-1.2478571,-5.309,25.285166,-0.11603974,-0.023577686,-15.228195,-16.510853,-15.870164,1.0676788
16.511328,-5.5056634,9.1165495,-1.2670636,-5.3131146,25.282494,-0.08908287,-0.051040255,-15.258725,-16.506355,-15.897632,1.0957779
16.542051,-5.5113544,9.144719,-1.286704,-5.3170004,25.279547,-0.062125996,-0.07850283,-15.289255,-16.50161,-15.925099,1.1238769
16.572775,-5.517239,9.172889,-1.3068533,-5.32066,25.276325,-0.035169125,-0.1059654,-15.319785,-16.496622,-15.952567,1.151976
16.603498,-5.523322,9.201058,-1.3275532,-5.324095,25.272831,-0.008212253,-0.13342796,-15.350315,-16.491394,-15.980035,1.180075
16.634222,-5.5296082,9.229228,-1.348807,-5.327304,25.269062,0.018744618,-0.16089053,-15.380845,-16.485926,-16.007504,1.2081741
16.664946,-5.5361075,9.257398,-1.3705724,-5.330273,25.265003,0.04570149,-0.1883531,-15.411375,-16.480196,-16.034971,1.2362732
16.69567,-5.5428267,9.285567,-1.3928936,-5.333009,25.260654,0.07265836,-0.21581568,-15.441905,-16.474209,-16.062439,1.2643722
16.726393,-5.549772,9.313737,-1.4157789,-5.3355117,25.256018,0.09961523,-0.24327825,-15.472435,-16.467964,-16.089907,1.2924713
16.757116,-5.556947,9.341907,-1.4391755,-5.337782,25.251093,0.1265721,-0.2707408,-15.502965,-16.46146,-16.117374,1.3205703
16.78784,-5.564356,9.370076,-1.462892,-5.3398194,25.245876,0.15352897,-0.29820338,-15.533495,-16.454699,-16.144842,1.3486694
16.818563,-5.572,9.398246,-1.4869269,-5.341624,25.240368,0.18048584,-0.32566595,-15.564025,-16.447678,-16.17231,1.3767685
16.849287,-5.579879,9.426415,-1.5111245,-5.3431754,25.234552,0.20744272,-0.35312852,-15.594555,-16.44038,-16.199778,1.4048675
16.88001,-5.5879927,9.454585,-1.5354615,-5.3444705,25.228426,0.23439959,-0.3805911,-15.625085,-16.432804,-16.227245,1.4329666
16.910734,-5.596343,9.482755,-1.5599406,-5.345511,25.221989,0.26135647,-0.40805367,-15.655615,-16.424948,-16.254713,1.4610656
16.941458,-5.604929,9.510924,-1.5845668,-5.346301,25.215237,0.28831333,-0.43551624,-15.686145,-16.416811,-16.28218,1.4891647
16.972181,-5.613746,9.539094,-1.6093448,-5.346847,25.208168,0.3152702,-0.4629788,-15.716675,-16.408392,-16.309649,1.5172638
17.002905,-5.6227965,9.567264,-1.6342745,-5.347149,25.200785,0.34222704,-0.49044138,-15.747205,-16.39969,-16.337116,1.5453628
17.033628,-5.6320815,9.595433,-1.6593555,-5.347206,25.193085,0.3691839,-0.5179039,-15.777735,-16.390707,-16.364584,1.5734619
17.064352,-5.641604,9.623603,-1.684641,-5.34702,25.185072,0.39614075,-0.54536647,-15.808265,-16.381435,-16.392052,1.601561
17.095076,-5.6513667,9.6517725,-1.7101767,-5.3465924,25.176746,0.4230976,-0.572829,-15.838795,-16.371874,-16.41952,1.62966
17.1258,-5.661372,9.679942,-1.735961,-5.3459225,25.168106,0.45005447,-0.60029155,-15.869325,-16.36202,-16.446987,1.6577591
17.156523,-5.671626,9.708112,-1.7620331,-5.34501,25.159153,0.47701132,-0.6277541,-15.899855,-16.351877,-16.474455,1.6858581
17.187246,-5.6821327,9.736281,-1.7884123,-5.343854,25.149887,0.5039682,-0.65521663,-15.930385,-16.341444,-16.501923,1.7139572
17.21797,-5.692895,9.764451,-1.815096,-5.3424544,25.140308,0.53092504,-0.6826792,-15.960915,-16.33072,-16.52939,1.7420563
17.248693,-5.703915,9.792621,-1.8420815,-5.3408113,25.130417,0.5578819,-0.7101417,-15.991445,-16.319708,-16.556858,1.7701553
17.279417,-5.715195,9.82079,-1.8693477,-5.338924,25.120216,0.58483875,-0.73760426,-16.021975,-16.308405,-16.584326,1.7982544
17.31014,-5.726742,9.84896,-1.8968215,-5.336788,25.10972,0.6117956,-0.7650668,-16.052505,-16.296827,-16.611794,1.8263534
17.340864,-5.7385635,9.87713,-1.9244928,-5.334401,25.098925,0.63875246,-0.79252934,-16.083036,-16.284979,-16.639261,1.8544525
17.371588,-5.750662,9.905299,-1.9523603,-5.3317623,25.08783,0.6657093,-0.8199919,-16.113567,-16.27286,-16.666729,1.8825516
17.402311,-5.763039,9.933469,-1.9804322,-5.328871,25.076435,0.6926662,-0.8474544,-16.144098,-16.26047,-16.694197,1.9106506
17.433035,-5.775701,9.961638,-2.0087795,-5.3257217,25.064747,0.719623,-0.874917,-16.17463,-16.247807,-16.721664,1.9387497
17.463758,-5.7886505,9.989808,-2.0371268,-5.3223143,25.052765,0.7465799,-0.9023795,-16.20516,-16.234873,-16.749132,1.9668487
17.494482,-5.8018875,10.017978,-2.065474,-5.3186483,25.04049,0.77353674,-0.92984205,-16.235691,-16.221666,-16.7766,1.9949478
17.525206,-5.815412,10.046147,-2.0938213,-5.3147244,25.02792,0.8004936,-0.9573046,-16.266222,-16.208185,-16.804068,2.0230467
17.55593,-5.8292193,10.074317,-2.1221685,-5.310548,25.015062,0.82745045,-0.98476714,-16.296753,-16.194439,-16.831535,2.0511458
17.586653,-5.843305,10.102487,-2.1505158,-5.306123,25.00192,0.8544073,-1.0122297,-16.327284,-16.180431,-16.859003,2.0792449
17.617376,-5.8576703,10.130656,-2.178863,-5.3014493,24.988495,0.88136417,-1.0396923,-16.357815,-16.166164,-16.88647,2.107344
17.6481,-5.8723173,10.158826,-2.2072103,-5.296527,24.97479,0.908321,-1.0671549,-16.388346,-16.151644,-16.913939,2.135443
17.678823,-5.887246,10.1869955,-2.2355576,-5.2913556,24.960808,0.9352779,-1.0946175,-16.418877,-16.136871,-16.941406,2.163542
17.709547,-5.9024568,10.215165,-2.2639048,-5.2859354,24.946548,0.96223474,-1.1220801,-16.449408,-16.121845,-16.968874,2.191641
17.74027,-5.917948,10.243335,-2.292252,-5.280267,24.932016,0.9891916,-1.1495427,-16.479939,-16.106564,-16.996342,2.2197402
17.770994,-5.9337177,10.271504,-2.3205993,-5.274351,24.91722,1.0161484,-1.1770053,-16.51047,-16.09102,-17.02381,2.2478392
17.801718,-5.9497666,10.299674,-2.3489466,-5.2681885,24.902155,1.0431054,-1.2044679,-16.541,-16.075218,-17.051277,2.2759383
17.832441,-5.9660945,10.327844,-2.3772938,-5.261779,24.886826,1.0700623,-1.2319305,-16.571531,-16.059156,-17.078745,2.3040373
17.863165,-5.9827013,10.356013,-2.405641,-5.255122,24.871231,1.0970192,-1.2593931,-16.602062,-16.042833,-17.106213,2.3321364
17.893888,-5.9995904,10.384183,-2.4339883,-5.248215,24.855371,1.1239761,-1.2868557,-16.632593,-16.026255,-17.13368,2.3602355
17.924612,-6.0167637,10.412353,-2.4623356,-5.241055,24.839247,1.150933,-1.3143183,-16.663124,-16.00942,-17.161148,2.3883345
17.955336,-6.034222,10.440522,-2.4906828,-5.233641,24.822855,1.17789,-1.3417809,-16.693655,-15.992332,-17.188616,2.4164336
17.98606,-6.051965,10.468692,-2.51903,-5.225974,24.806198,1.2048469,-1.3692435,-16.724186,-15.97499,-17.216084,2.4445326
18.016783,-6.0699935,10.496861,-2.5473773,-5.2180533,24.789276,1.2318038,-1.3967061,-16.754717,-15.957393,-17.243551,2.4726317
18.047506,-6.088307,10.525031,-2.5757246,-5.209879,24.772087,1.2587607,-1.4241687,-16.785248,-15.939541,-17.271019,2.5007308
18.07823,-6.1069055,10.553201,-2.6040719,-5.2014503,24.754633,1.2857176,-1.4516313,-16.815779,-15.921434,-17.298487,2.5288298
18.108953,-6.125789,10.58137,-2.632419,-5.192768,24.736914,1.3126745,-1.4790939,-16.84631,-15.903073,-17.325954,2.5569289
18.139677,-6.14495,10.60954,-2.6607664,-5.1838293,24.718927,1.3396314,-1.5065565,-16.87684,-15.884457,-17.353422,2.585028
18.1704,-6.164387,10.63771,-2.6891136,-5.174632,24.700686,1.3665884,-1.5340191,-16.907372,-15.865574,-17.38089,2.613127
18.201124,-6.1841016,10.665879,-2.7174609,-5.1651764,24.682188,1.3935453,-1.5614817,-16.937902,-15.846425,-17.408358,2.641226
18.231848,-6.204093,10.694049,-2.7458081,-5.1554623,24.663435,1.4205022,-1.5889443,-16.968433,-15.827009,-17.435825,2.669325
18.262571,-6.2243614,10.7222185,-2.7741554,-5.1454897,24.644426,1.4474591,-1.6164069,-16.998964,-15.807327,-17.463293,2.6974242
18.293295,-6.244907,10.750388,-2.8025026,-5.135258,24.625162,1.474416,-1.6438695,-17.029495,-15.787378,-17.49076,2.7255232
18.324018,-6.26573,10.778558,-2.83085,-5.124768,24.605644,1.5013729,-1.6713321,-17.060026,-15.767162,-17.518229,2.7536223
18.354742,-6.2868304,10.806727,-2.8591971,-5.114019,24.58587,1.5283298,-1.6987947,-17.090557,-15.746679,-17.545696,2.7817214
18.385466,-6.308213,10.834897,-2.8875444,-5.103015,24.565838,1.5552868,-1.7262573,-17.121088,-15.725926,-17.573164,2.8098204
18.41619,-6.3298783,10.863067,-2.9158916,-5.0917563,24.545547,1.5822437,-1.7537199,-17.151619,-15.704905,-17.600632,2.8379195
18.446913,-6.3518257,10.891236,-2.944239,-5.0802426,24.525,1.6092006,-1.7811825,-17.18215,-15.683613,-17.6281,2.8660185
18.477636,-6.3740554,10.919406,-2.9725862,-5.0684733,24.504194,1.6361575,-1.8086451,-17.21268,-15.662051,-17.655567,2.8941176
18.50836,-6.396565,10.947576,-3.0009334,-5.056449,24.483133,1.6631144,-1.8361077,-17.243212,-15.64022,-17.683035,2.9222167
