y,v,y_next,v_next
6.1694,0.0000,6.1537,-0.3920
6.1537,-0.3920,6.1224,-0.7840
6.1224,-0.7840,6.0753,-1.1760
6.0753,-1.1760,6.0126,-1.5680
6.0126,-1.5680,5.9342,-1.9600
5.9342,-1.9600,5.8401,-2.3520
5.8401,-2.3520,5.7304,-2.7440
5.7304,-2.7440,5.6049,-3.1360
5.6049,-3.1360,5.4638,-3.5280
5.4638,-3.5280,5.3070,-3.9200
5.3070,-3.9200,5.1345,-4.3120
5.1345,-4.3120,4.9464,-4.7040
4.9464,-4.7040,4.7425,-5.0960
4.7425,-5.0960,4.5230,-5.4880
4.5230,-5.4880,4.2878,-5.8800
4.2878,-5.8800,4.0369,-6.2720
4.0369,-6.2720,3.7704,-6.6640
3.7704,-6.6640,3.4881,-7.0560
3.4881,-7.0560,3.1902,-7.4480
3.1902,-7.4480,2.8766,-7.8400
2.8766,-7.8400,2.5473,-8.2320
2.5473,-8.2320,2.2024,-8.6240
2.2024,-8.6240,1.8417,-9.0160
1.8417,-9.0160,1.4654,-9.4080
1.4654,-9.4080,1.0734,-9.8000
1.0734,-9.8000,0.6657,-10.1920
0.6657,-10.1920,0.5000,6.3504
0.5000,6.3504,0.7383,5.9584
0.7383,5.9584,0.9610,5.5664
0.9610,5.5664,1.1680,5.1744
1.1680,5.1744,1.3593,4.7824
1.3593,4.7824,1.5349,4.3904
1.5349,4.3904,1.6948,3.9984
1.6948,3.9984,1.8391,3.6064
1.8391,3.6064,1.9676,3.2144
1.9676,3.2144,2.0805,2.8224
2.0805,2.8224,2.1778,2.4304
2.1778,2.4304,2.2593,2.0384
2.2593,2.0384,2.3252,1.6464
2.3252,1.6464,2.3753,1.2544
2.3753,1.2544,2.4098,0.8624
2.4098,0.8624,2.4286,0.4704
2.4286,0.4704,2.4318,0.0784
2.4318,0.0784,2.4192,-0.3136
2.4192,-0.3136,2.3910,-0.7056
2.3910,-0.7056,2.3471,-1.0976
2.3471,-1.0976,2.2875,-1.4896
2.2875,-1.4896,2.2123,-1.8816
2.2123,-1.8816,2.1213,-2.2736
2.1213,-2.2736,2.0147,-2.6656
2.0147,-2.6656,1.8924,-3.0576
1.8924,-3.0576,1.7544,-3.4496
1.7544,-3.4496,1.6007,-3.8416
1.6007,-3.8416,1.4314,-4.2336
1.4314,-4.2336,1.2464,-4.6256
1.2464,-4.6256,1.0457,-5.0176
1.0457,-5.0176,0.8293,-5.4096
0.8293,-5.4096,0.5972,-5.8016
0.5972,-5.8016,0.5000,3.7162
0.5000,3.7162,0.6330,3.3242
0.6330,3.3242,0.7503,2.9322
0.7503,2.9322,0.8519,2.5402
0.8519,2.5402,0.9378,2.1482
0.9378,2.1482,1.0080,1.7562
1.0080,1.7562,1.0626,1.3642
1.0626,1.3642,1.1015,0.9722
1.1015,0.9722,1.1247,0.5802
1.1247,0.5802,1.1322,0.1882
1.1322,0.1882,1.1241,-0.2038
1.1241,-0.2038,1.1002,-0.5958
1.1002,-0.5958,1.0607,-0.9878
1.0607,-0.9878,1.0055,-1.3798
1.0055,-1.3798,0.9346,-1.7718
0.9346,-1.7718,0.8481,-2.1638
0.8481,-2.1638,0.7459,-2.5558
0.7459,-2.5558,0.6279,-2.9478
0.6279,-2.9478,0.5000,2.0039
0.5000,2.0039,0.5645,1.6119
0.5645,1.6119,0.6133,1.2199
0.6133,1.2199,0.6464,0.8279
0.6464,0.8279,0.6638,0.4359
0.6638,0.4359,0.6656,0.0439
0.6656,0.0439,0.6517,-0.3481
0.6517,-0.3481,0.6221,-0.7401
0.6221,-0.7401,0.5768,-1.1321
0.5768,-1.1321,0.5158,-1.5241
0.5158,-1.5241,0.5000,1.1497
0.5000,1.1497,0.5303,0.7577
0.5303,0.7577,0.5449,0.3657
0.5449,0.3657,0.5439,-0.0263
0.5439,-0.0263,0.5271,-0.4183
0.5271,-0.4183,0.5000,0.4862
0.5000,0.4862,0.5038,0.0942
0.5038,0.0942,0.5000,0.0000
0.5000,0.0000,0.5000,0.0000
0.5000,0.0000,0.5000,0.0000
0.5000,0.0000,0.5000,0.0000
0.5000,0.0000,0.5000,0.0000
0.5000,0.0000,0.5000,0.0000
0.5000,0.0000,0.5000,0.0000
0.5000,0.0000,0.5000,0.0000
0.5000,0.0000,0.5000,0.0000
0.5000,0.0000,0.5000,0.0000
0.5000,0.0000,0.5000,0.0000
0.5000,0.0000,0.5000,0.0000
0.5000,0.0000,0.5000,0.0000
0.5000,0.0000,0.5000,0.0000
0.5000,0.0000,0.5000,0.0000
0.5000,0.0000,0.5000,0.0000
0.5000,0.0000,0.5000,0.0000
0.5000,0.0000,0.5000,0.0000
0.5000,0.0000,0.5000,0.0000
0.5000,0.0000,0.5000,0.0000
0.5000,0.0000,0.5000,0.0000
0.5000,0.0000,0.5000,0.0000
0.5000,0.0000,0.5000,0.0000
0.5000,0.0000,0.5000,0.0000
0.5000,0.0000,0.5000,0.0000
0.5000,0.0000,0.5000,0.0000
0.5000,0.0000,0.5000,0.0000
0.5000,0.0000,0.5000,0.0000
0.5000,0.0000,0.5000,0.0000
0.5000,0.0000,0.5000,0.0000
0.5000,0.0000,0.5000,0.0000
0.5000,0.0000,0.5000,0.0000
0.5000,0.0000,0.5000,0.0000
0.5000,0.0000,0.5000,0.0000
0.5000,0.0000,0.5000,0.0000
0.5000,0.0000,0.5000,0.0000
0.5000,0.0000,0.5000,0.0000
0.5000,0.0000,0.5000,0.0000
0.5000,0.0000,0.5000,0.0000
0.5000,0.0000,0.5000,0.0000
0.5000,0.0000,0.5000,0.0000
0.5000,0.0000,0.5000,0.0000
0.5000,0.0000,0.5000,0.0000
0.5000,0.0000,0.5000,0.0000
0.5000,0.0000,0.5000,0.0000
0.5000,0.0000,0.5000,0.0000
0.5000,0.0000,0.5000,0.0000
0.5000,0.0000,0.5000,0.0000
0.5000,0.0000,0.5000,0.0000
0.5000,0.0000,0.5000,0.0000
0.5000,0.0000,0.5000,0.0000
0.5000,0.0000,0.5000,0.0000
0.5000,0.0000,0.5000,0.0000
0.5000,0.0000,0.5000,0.0000
0.5000,0.0000,0.5000,0.0000
0.5000,0.0000,0.5000,0.0000
0.5000,0.0000,0.5000,0.0000
0.5000,0.0000,0.5000,0.0000
0.5000,0.0000,0.5000,0.0000
0.5000,0.0000,0.5000,0.0000
0.5000,0.0000,0.5000,0.0000
0.5000,0.0000,0.5000,0.0000
0.5000,0.0000,0.5000,0.0000
0.5000,0.0000,0.5000,0.0000
0.5000,0.0000,0.5000,0.0000
0.5000,0.0000,0.5000,0.0000
0.5000,0.0000,0.5000,0.0000
0.5000,0.0000,0.5000,0.0000
0.5000,0.0000,0.5000,0.0000
0.5000,0.0000,0.5000,0.0000
0.5000,0.0000,0.5000,0.0000
0.5000,0.0000,0.5000,0.0000
0.5000,0.0000,0.5000,0.0000
0.5000,0.0000,0.5000,0.0000
0.5000,0.0000,0.5000,0.0000
0.5000,0.0000,0.5000,0.0000
0.5000,0.0000,0.5000,0.0000
0.5000,0.0000,0.5000,0.0000
0.5000,0.0000,0.5000,0.0000
0.5000,0.0000,0.5000,0.0000
0.5000,0.0000,0.5000,0.0000
0.5000,0.0000,0.5000,0.0000
0.5000,0.0000,0.5000,0.0000
0.5000,0.0000,0.5000,0.0000
0.5000,0.0000,0.5000,0.0000
0.5000,0.0000,0.5000,0.0000
0.5000,0.0000,0.5000,0.0000
0.5000,0.0000,0.5000,0.0000
0.5000,0.0000,0.5000,0.0000
0.5000,0.0000,0.5000,0.0000
0.5000,0.0000,0.5000,0.0000
0.5000,0.0000,0.5000,0.0000
0.5000,0.0000,0.5000,0.0000
0.5000,0.0000,0.5000,0.0000
0.5000,0.0000,0.5000,0.0000
0.5000,0.0000,0.5000,0.0000
0.5000,0.0000,0.5000,0.0000
0.5000,0.0000,0.5000,0.0000
0.5000,0.0000,0.5000,0.0000
0.5000,0.0000,0.5000,0.0000
0.5000,0.0000,0.5000,0.0000
0.5000,0.0000,0.5000,0.0000
0.5000,0.0000,0.5000,0.0000
0.5000,0.0000,0.5000,0.0000
0.5000,0.0000,0.5000,0.0000
0.5000,0.0000,0.5000,0.0000
0.5000,0.0000,0.5000,0.0000
8.4322,0.0000,8.4166,-0.3920
8.4166,-0.3920,8.3852,-0.7840
8.3852,-0.7840,8.3382,-1.1760
8.3382,-1.1760,8.2754,-1.5680
8.2754,-1.5680,8.1970,-1.9600
8.1970,-1.9600,8.1030,-2.3520
8.1030,-2.3520,7.9932,-2.7440
7.9932,-2.7440,7.8678,-3.1360
7.8678,-3.1360,7.7266,-3.5280
7.7266,-3.5280,7.5698,-3.9200
7.5698,-3.9200,7.3974,-4.3120
7.3974,-4.3120,7.2092,-4.7040
7.2092,-4.7040,7.0054,-5.0960
7.0054,-5.0960,6.7858,-5.4880
6.7858,-5.4880,6.5506,-5.8800
6.5506,-5.8800,6.2998,-6.2720
6.2998,-6.2720,6.0332,-6.6640
6.0332,-6.6640,5.7510,-7.0560
5.7510,-7.0560,5.4530,-7.4480
5.4530,-7.4480,5.1394,-7.8400
5.1394,-7.8400,4.8102,-8.2320
4.8102,-8.2320,4.4652,-8.6240
4.4652,-8.6240,4.1046,-9.0160
4.1046,-9.0160,3.7282,-9.4080
3.7282,-9.4080,3.3362,-9.8000
3.3362,-9.8000,2.9286,-10.1920
2.9286,-10.1920,2.5052,-10.5840
2.5052,-10.5840,2.0662,-10.9760
2.0662,-10.9760,1.6114,-11.3680
1.6114,-11.3680,1.1410,-11.7600
1.1410,-11.7600,0.6550,-12.1520
0.6550,-12.1520,0.5000,7.5264
0.5000,7.5264,0.7854,7.1344
0.7854,7.1344,1.0551,6.7424
1.0551,6.7424,1.3091,6.3504
1.3091,6.3504,1.5474,5.9584
1.5474,5.9584,1.7701,5.5664
1.7701,5.5664,1.9771,5.1744
1.9771,5.1744,2.1684,4.7824
2.1684,4.7824,2.3440,4.3904
2.3440,4.3904,2.5039,3.9984
2.5039,3.9984,2.6482,3.6064
2.6482,3.6064,2.7767,3.2144
2.7767,3.2144,2.8896,2.8224
2.8896,2.8224,2.9868,2.4304
2.9868,2.4304,3.0684,2.0384
3.0684,2.0384,3.1342,1.6464
3.1342,1.6464,3.1844,1.2544
3.1844,1.2544,3.2189,0.8624
3.2189,0.8624,3.2377,0.4704
3.2377,0.4704,3.2409,0.0784
3.2409,0.0784,3.2283,-0.3136
3.2283,-0.3136,3.2001,-0.7056
3.2001,-0.7056,3.1562,-1.0976
3.1562,-1.0976,3.0966,-1.4896
3.0966,-1.4896,3.0213,-1.8816
3.0213,-1.8816,2.9304,-2.2736
2.9304,-2.2736,2.8238,-2.6656
2.8238,-2.6656,2.7015,-3.0576
2.7015,-3.0576,2.5635,-3.4496
2.5635,-3.4496,2.4098,-3.8416
2.4098,-3.8416,2.2405,-4.2336
2.2405,-4.2336,2.0555,-4.6256
2.0555,-4.6256,1.8548,-5.0176
1.8548,-5.0176,1.6384,-5.4096
1.6384,-5.4096,1.4063,-5.8016
1.4063,-5.8016,1.1586,-6.1936
1.1586,-6.1936,0.8951,-6.5856
0.8951,-6.5856,0.6160,-6.9776
0.6160,-6.9776,0.5000,4.4218
0.5000,4.4218,0.6612,4.0298
0.6612,4.0298,0.8067,3.6378
0.8067,3.6378,0.9365,3.2458
0.9365,3.2458,1.0507,2.8538
1.0507,2.8538,1.1492,2.4618
1.1492,2.4618,1.2319,2.0698
1.2319,2.0698,1.2991,1.6778
1.2991,1.6778,1.3505,1.2858
1.3505,1.2858,1.3862,0.8938
1.3862,0.8938,1.4063,0.5018
1.4063,0.5018,1.4107,0.1098
1.4107,0.1098,1.3994,-0.2822
1.3994,-0.2822,1.3724,-0.6742
1.3724,-0.6742,1.3298,-1.0662
1.3298,-1.0662,1.2715,-1.4582
1.2715,-1.4582,1.1974,-1.8502
1.1974,-1.8502,1.1078,-2.2422
1.1078,-2.2422,1.0024,-2.6342
1.0024,-2.6342,0.8813,-3.0262
0.8813,-3.0262,0.7446,-3.4182
0.7446,-3.4182,0.5922,-3.8102
0.5922,-3.8102,0.5000,2.5213
0.5000,2.5213,0.5852,2.1293
0.5852,2.1293,0.6547,1.7373
0.6547,1.7373,0.7085,1.3453
0.7085,1.3453,0.7466,0.9533
0.7466,0.9533,0.7691,0.5613
0.7691,0.5613,0.7758,0.1693
0.7758,0.1693,0.7669,-0.2227
0.7669,-0.2227,0.7424,-0.6147
0.7424,-0.6147,0.7021,-1.0067
0.7021,-1.0067,0.6461,-1.3987
0.6461,-1.3987,0.5745,-1.7907
0.5745,-1.7907,0.5000,1.3096
0.5000,1.3096,0.5367,0.9176
0.5367,0.9176,0.5577,0.5256
0.5577,0.5256,0.5631,0.1336
0.5631,0.1336,0.5527,-0.2584
0.5527,-0.2584,0.5267,-0.6504
0.5267,-0.6504,0.5000,0.6254
0.5000,0.6254,0.5093,0.2334
0.5093,0.2334,0.5030,-0.1586
0.5030,-0.1586,0.5000,0.0000
0.5000,0.0000,0.5000,0.0000
0.5000,0.0000,0.5000,0.0000
0.5000,0.0000,0.5000,0.0000
0.5000,0.0000,0.5000,0.0000
0.5000,0.0000,0.5000,0.0000
0.5000,0.0000,0.5000,0.0000
0.5000,0.0000,0.5000,0.0000
0.5000,0.0000,0.5000,0.0000
0.5000,0.0000,0.5000,0.0000
0.5000,0.0000,0.5000,0.0000
0.5000,0.0000,0.5000,0.0000
0.5000,0.0000,0.5000,0.0000
0.5000,0.0000,0.5000,0.0000
0.5000,0.0000,0.5000,0.0000
0.5000,0.0000,0.5000,0.0000
0.5000,0.0000,0.5000,0.0000
0.5000,0.0000,0.5000,0.0000
0.5000,0.0000,0.5000,0.0000
0.5000,0.0000,0.5000,0.0000
0.5000,0.0000,0.5000,0.0000
0.5000,0.0000,0.5000,0.0000
0.5000,0.0000,0.5000,0.0000
0.5000,0.0000,0.5000,0.0000
0.5000,0.0000,0.5000,0.0000
0.5000,0.0000,0.5000,0.0000
0.5000,0.0000,0.5000,0.0000
0.5000,0.0000,0.5000,0.0000
0.5000,0.0000,0.5000,0.0000
0.5000,0.0000,0.5000,0.0000
0.5000,0.0000,0.5000,0.0000
0.5000,0.0000,0.5000,0.0000
0.5000,0.0000,0.5000,0.0000
0.5000,0.0000,0.5000,0.0000
0.5000,0.0000,0.5000,0.0000
0.5000,0.0000,0.5000,0.0000
0.5000,0.0000,0.5000,0.0000
0.5000,0.0000,0.5000,0.0000
0.5000,0.0000,0.5000,0.0000
0.5000,0.0000,0.5000,0.0000
0.5000,0.0000,0.5000,0.0000
0.5000,0.0000,0.5000,0.0000
0.5000,0.0000,0.5000,0.0000
0.5000,0.0000,0.5000,0.0000
0.5000,0.0000,0.5000,0.0000
0.5000,0.0000,0.5000,0.0000
0.5000,0.0000,0.5000,0.0000
0.5000,0.0000,0.5000,0.0000
0.5000,0.0000,0.5000,0.0000
0.5000,0.0000,0.5000,0.0000
0.5000,0.0000,0.5000,0.0000
0.5000,0.0000,0.5000,0.0000
0.5000,0.0000,0.5000,0.0000
0.5000,0.0000,0.5000,0.0000
0.5000,0.0000,0.5000,0.0000
0.5000,0.0000,0.5000,0.0000
0.5000,0.0000,0.5000,0.0000
0.5000,0.0000,0.5000,0.0000
0.5000,0.0000,0.5000,0.0000
0.5000,0.0000,0.5000,0.0000
0.5000,0.0000,0.5000,0.0000
0.5000,0.0000,0.5000,0.0000
0.5000,0.0000,0.5000,0.0000
0.5000,0.0000,0.5000,0.0000
0.5000,0.0000,0.5000,0.0000
0.5000,0.0000,0.5000,0.0000
0.5000,0.0000,0.5000,0.0000
0.5000,0.0000,0.5000,0.0000
0.5000,0.0000,0.5000,0.0000
0.5000,0.0000,0.5000,0.0000
0.5000,0.0000,0.5000,0.0000
0.5000,0.0000,0.5000,0.0000
0.5000,0.0000,0.5000,0.0000
0.5000,0.0000,0.5000,0.0000
0.5000,0.0000,0.5000,0.0000
0.5000,0.0000,0.5000,0.0000
0.5000,0.0000,0.5000,0.0000
0.5000,0.0000,0.5000,0.0000
0.5000,0.0000,0.5000,0.0000
0.5000,0.0000,0.5000,0.0000
0.5000,0.0000,0.5000,0.0000
0.5000,0.0000,0.5000,0.0000
0.5000,0.0000,0.5000,0.0000
0.5000,0.0000,0.5000,0.0000
0.5000,0.0000,0.5000,0.0000
0.5000,0.0000,0.5000,0.0000
0.5000,0.0000,0.5000,0.0000
0.5000,0.0000,0.5000,0.0000
4.5063,0.0000,4.4907,-0.3920
4.4907,-0.3920,4.4593,-0.7840
4.4593,-0.7840,4.4123,-1.1760
4.4123,-1.1760,4.3495,-1.5680
4.3495,-1.5680,4.2711,-1.9600
4.2711,-1.9600,4.1771,-2.3520
4.1771,-2.3520,4.0673,-2.7440
4.0673,-2.7440,3.9419,-3.1360
3.9419,-3.1360,3.8007,-3.5280
3.8007,-3.5280,3.6439,-3.9200
3.6439,-3.9200,3.4715,-4.3120
3.4715,-4.3120,3.2833,-4.7040
3.2833,-4.7040,3.0795,-5.0960
3.0795,-5.0960,2.8599,-5.4880
2.8599,-5.4880,2.6247,-5.8800
2.6247,-5.8800,2.3739,-6.2720
2.3739,-6.2720,2.1073,-6.6640
2.1073,-6.6640,1.8251,-7.0560
1.8251,-7.0560,1.5271,-7.4480
1.5271,-7.4480,1.2135,-7.8400
1.2135,-7.8400,0.8843,-8.2320
0.8843,-8.2320,0.5393,-8.6240
0.5393,-8.6240,0.5000,5.4096
0.5000,5.4096,0.7007,5.0176
0.7007,5.0176,0.8857,4.6256
0.8857,4.6256,1.0551,4.2336
1.0551,4.2336,1.2087,3.8416
1.2087,3.8416,1.3467,3.4496
1.3467,3.4496,1.4690,3.0576
1.4690,3.0576,1.5756,2.6656
1.5756,2.6656,1.6666,2.2736
1.6666,2.2736,1.7419,1.8816
1.7419,1.8816,1.8014,1.4896
1.8014,1.4896,1.8453,1.0976
1.8453,1.0976,1.8736,0.7056
1.8736,0.7056,1.8861,0.3136
1.8861,0.3136,1.8830,-0.0784
1.8830,-0.0784,1.8642,-0.4704
1.8642,-0.4704,1.8297,-0.8624
1.8297,-0.8624,1.7795,-1.2544
1.7795,-1.2544,1.7136,-1.6464
1.7136,-1.6464,1.6321,-2.0384
1.6321,-2.0384,1.5349,-2.4304
1.5349,-2.4304,1.4220,-2.8224
1.4220,-2.8224,1.2934,-3.2144
1.2934,-3.2144,1.1492,-3.6064
1.1492,-3.6064,0.9892,-3.9984
0.9892,-3.9984,0.8136,-4.3904
0.8136,-4.3904,0.6223,-4.7824
0.6223,-4.7824,0.5000,3.1046
0.5000,3.1046,0.6085,2.7126
0.6085,2.7126,0.7013,2.3206
0.7013,2.3206,0.7785,1.9286
0.7785,1.9286,0.8399,1.5366
0.8399,1.5366,0.8857,1.1446
0.8857,1.1446,0.9158,0.7526
0.9158,0.7526,0.9303,0.3606
0.9303,0.3606,0.9290,-0.0314
0.9290,-0.0314,0.9121,-0.4234
0.9121,-0.4234,0.8795,-0.8154
0.8795,-0.8154,0.8312,-1.2074
0.8312,-1.2074,0.7672,-1.5994
0.7672,-1.5994,0.6875,-1.9914
0.6875,-1.9914,0.5922,-2.3834
0.5922,-2.3834,0.5000,1.6652
0.5000,1.6652,0.5509,1.2732
0.5509,1.2732,0.5862,0.8812
0.5862,0.8812,0.6057,0.4892
0.6057,0.4892,0.6096,0.0972
0.6096,0.0972,0.5978,-0.2948
0.5978,-0.2948,0.5704,-0.6868
0.5704,-0.6868,0.5272,-1.0788
0.5272,-1.0788,0.5000,0.8825
0.5000,0.8825,0.5196,0.4905
0.5196,0.4905,0.5236,0.0985
0.5236,0.0985,0.5118,-0.2935
0.5118,-0.2935,0.5000,0.4113
0.5000,0.4113,0.5008,0.0193
0.5008,0.0193,0.5000,0.0000
0.5000,0.0000,0.5000,0.0000
0.5000,0.0000,0.5000,0.0000
0.5000,0.0000,0.5000,0.0000
0.5000,0.0000,0.5000,0.0000
0.5000,0.0000,0.5000,0.0000
0.5000,0.0000,0.5000,0.0000
0.5000,0.0000,0.5000,0.0000
0.5000,0.0000,0.5000,0.0000
0.5000,0.0000,0.5000,0.0000
0.5000,0.0000,0.5000,0.0000
0.5000,0.0000,0.5000,0.0000
0.5000,0.0000,0.5000,0.0000
0.5000,0.0000,0.5000,0.0000
0.5000,0.0000,0.5000,0.0000
0.5000,0.0000,0.5000,0.0000
0.5000,0.0000,0.5000,0.0000
0.5000,0.0000,0.5000,0.0000
0.5000,0.0000,0.5000,0.0000
0.5000,0.0000,0.5000,0.0000
0.5000,0.0000,0.5000,0.0000
0.5000,0.0000,0.5000,0.0000
0.5000,0.0000,0.5000,0.0000
0.5000,0.0000,0.5000,0.0000
0.5000,0.0000,0.5000,0.0000
0.5000,0.0000,0.5000,0.0000
0.5000,0.0000,0.5000,0.0000
0.5000,0.0000,0.5000,0.0000
0.5000,0.0000,0.5000,0.0000
0.5000,0.0000,0.5000,0.0000
0.5000,0.0000,0.5000,0.0000
0.5000,0.0000,0.5000,0.0000
0.5000,0.0000,0.5000,0.0000
0.5000,0.0000,0.5000,0.0000
0.5000,0.0000,0.5000,0.0000
0.5000,0.0000,0.5000,0.0000
0.5000,0.0000,0.5000,0.0000
0.5000,0.0000,0.5000,0.0000
0.5000,0.0000,0.5000,0.0000
0.5000,0.0000,0.5000,0.0000
0.5000,0.0000,0.5000,0.0000
0.5000,0.0000,0.5000,0.0000
0.5000,0.0000,0.5000,0.0000
0.5000,0.0000,0.5000,0.0000
0.5000,0.0000,0.5000,0.0000
0.5000,0.0000,0.5000,0.0000
0.5000,0.0000,0.5000,0.0000
0.5000,0.0000,0.5000,0.0000
0.5000,0.0000,0.5000,0.0000
0.5000,0.0000,0.5000,0.0000
0.5000,0.0000,0.5000,0.0000
0.5000,0.0000,0.5000,0.0000
0.5000,0.0000,0.5000,0.0000
0.5000,0.0000,0.5000,0.0000
0.5000,0.0000,0.5000,0.0000
0.5000,0.0000,0.5000,0.0000
0.5000,0.0000,0.5000,0.0000
0.5000,0.0000,0.5000,0.0000
0.5000,0.0000,0.5000,0.0000
0.5000,0.0000,0.5000,0.0000
0.5000,0.0000,0.5000,0.0000
0.5000,0.0000,0.5000,0.0000
0.5000,0.0000,0.5000,0.0000
0.5000,0.0000,0.5000,0.0000
0.5000,0.0000,0.5000,0.0000
0.5000,0.0000,0.5000,0.0000
0.5000,0.0000,0.5000,0.0000
0.5000,0.0000,0.5000,0.0000
0.5000,0.0000,0.5000,0.0000
0.5000,0.0000,0.5000,0.0000
0.5000,0.0000,0.5000,0.0000
0.5000,0.0000,0.5000,0.0000
0.5000,0.0000,0.5000,0.0000
0.5000,0.0000,0.5000,0.0000
0.5000,0.0000,0.5000,0.0000
0.5000,0.0000,0.5000,0.0000
0.5000,0.0000,0.5000,0.0000
0.5000,0.0000,0.5000,0.0000
0.5000,0.0000,0.5000,0.0000
0.5000,0.0000,0.5000,0.0000
0.5000,0.0000,0.5000,0.0000
0.5000,0.0000,0.5000,0.0000
0.5000,0.0000,0.5000,0.0000
0.5000,0.0000,0.5000,0.0000
0.5000,0.0000,0.5000,0.0000
0.5000,0.0000,0.5000,0.0000
0.5000,0.0000,0.5000,0.0000
0.5000,0.0000,0.5000,0.0000
0.5000,0.0000,0.5000,0.0000
0.5000,0.0000,0.5000,0.0000
0.5000,0.0000,0.5000,0.0000
0.5000,0.0000,0.5000,0.0000
0.5000,0.0000,0.5000,0.0000
0.5000,0.0000,0.5000,0.0000
0.5000,0.0000,0.5000,0.0000
0.5000,0.0000,0.5000,0.0000
0.5000,0.0000,0.5000,0.0000
0.5000,0.0000,0.5000,0.0000
0.5000,0.0000,0.5000,0.0000
0.5000,0.0000,0.5000,0.0000
0.5000,0.0000,0.5000,0.0000
0.5000,0.0000,0.5000,0.0000
0.5000,0.0000,0.5000,0.0000
0.5000,0.0000,0.5000,0.0000
0.5000,0.0000,0.5000,0.0000
0.5000,0.0000,0.5000,0.0000
0.5000,0.0000,0.5000,0.0000
0.5000,0.0000,0.5000,0.0000
0.5000,0.0000,0.5000,0.0000
0.5000,0.0000,0.5000,0.0000
0.5000,0.0000,0.5000,0.0000
0.5000,0.0000,0.5000,0.0000
0.5000,0.0000,0.5000,0.0000
0.5000,0.0000,0.5000,0.0000
0.5000,0.0000,0.5000,0.0000
0.5000,0.0000,0.5000,0.0000
0.5000,0.0000,0.5000,0.0000
0.5000,0.0000,0.5000,0.0000
0.5000,0.0000,0.5000,0.0000
0.5000,0.0000,0.5000,0.0000
0.5000,0.0000,0.5000,0.0000
0.5000,0.0000,0.5000,0.0000
4.2411,0.0000,4.2254,-0.3920
4.2254,-0.3920,4.1941,-0.7840
4.1941,-0.7840,4.1470,-1.1760
4.1470,-1.1760,4.0843,-1.5680
4.0843,-1.5680,4.0059,-1.9600
4.0059,-1.9600,3.9118,-2.3520
3.9118,-2.3520,3.8021,-2.7440
3.8021,-2.7440,3.6766,-3.1360
3.6766,-3.1360,3.5355,-3.5280
3.5355,-3.5280,3.3787,-3.9200
3.3787,-3.9200,3.2062,-4.3120
3.2062,-4.3120,3.0181,-4.7040
3.0181,-4.7040,2.8142,-5.0960
2.8142,-5.0960,2.5947,-5.4880
2.5947,-5.4880,2.3595,-5.8800
2.3595,-5.8800,2.1086,-6.2720
2.1086,-6.2720,1.8421,-6.6640
1.8421,-6.6640,1.5598,-7.0560
1.5598,-7.0560,1.2619,-7.4480
1.2619,-7.4480,0.9483,-7.8400
0.9483,-7.8400,0.6190,-8.2320
0.6190,-8.2320,0.5000,5.1744
0.5000,5.1744,0.6913,4.7824
0.6913,4.7824,0.8669,4.3904
0.8669,4.3904,1.0268,3.9984
1.0268,3.9984,1.1711,3.6064
1.1711,3.6064,1.2997,3.2144
1.2997,3.2144,1.4126,2.8224
1.4126,2.8224,1.5098,2.4304
1.5098,2.4304,1.5913,2.0384
1.5913,2.0384,1.6572,1.6464
1.6572,1.6464,1.7074,1.2544
1.7074,1.2544,1.7419,0.8624
1.7419,0.8624,1.7607,0.4704
1.7607,0.4704,1.7638,0.0784
1.7638,0.0784,1.7513,-0.3136
1.7513,-0.3136,1.7230,-0.7056
1.7230,-0.7056,1.6791,-1.0976
1.6791,-1.0976,1.6196,-1.4896
1.6196,-1.4896,1.5443,-1.8816
1.5443,-1.8816,1.4533,-2.2736
1.4533,-2.2736,1.3467,-2.6656
1.3467,-2.6656,1.2244,-3.0576
1.2244,-3.0576,1.0864,-3.4496
1.0864,-3.4496,0.9328,-3.8416
0.9328,-3.8416,0.7634,-4.2336
0.7634,-4.2336,0.5784,-4.6256
0.5784,-4.6256,0.5000,3.0106
0.5000,3.0106,0.6047,2.6186
0.6047,2.6186,0.6938,2.2266
0.6938,2.2266,0.7672,1.8346
0.7672,1.8346,0.8249,1.4426
0.8249,1.4426,0.8669,1.0506
0.8669,1.0506,0.8933,0.6586
0.8933,0.6586,0.9039,0.2666
0.9039,0.2666,0.8989,-0.1254
0.8989,-0.1254,0.8782,-0.5174
0.8782,-0.5174,0.8418,-0.9094
0.8418,-0.9094,0.7898,-1.3014
0.7898,-1.3014,0.7220,-1.6934
0.7220,-1.6934,0.6386,-2.0854
0.6386,-2.0854,0.5395,-2.4774
0.5395,-2.4774,0.5000,1.7217
0.5000,1.7217,0.5532,1.3297
0.5532,1.3297,0.5907,0.9377
0.5907,0.9377,0.6125,0.5457
0.6125,0.5457,0.6187,0.1537
0.6187,0.1537,0.6091,-0.2383
0.6091,-0.2383,0.5839,-0.6303
0.5839,-0.6303,0.5430,-1.0223
0.5430,-1.0223,0.5000,0.8486
0.5000,0.8486,0.5183,0.4566
0.5183,0.4566,0.5208,0.0646
0.5208,0.0646,0.5078,-0.3274
0.5078,-0.3274,0.5000,0.4316
0.5000,0.4316,0.5016,0.0396
0.5016,0.0396,0.5000,0.0000
0.5000,0.0000,0.5000,0.0000
0.5000,0.0000,0.5000,0.0000
0.5000,0.0000,0.5000,0.0000
0.5000,0.0000,0.5000,0.0000
0.5000,0.0000,0.5000,0.0000
0.5000,0.0000,0.5000,0.0000
0.5000,0.0000,0.5000,0.0000
0.5000,0.0000,0.5000,0.0000
0.5000,0.0000,0.5000,0.0000
0.5000,0.0000,0.5000,0.0000
0.5000,0.0000,0.5000,0.0000
0.5000,0.0000,0.5000,0.0000
0.5000,0.0000,0.5000,0.0000
0.5000,0.0000,0.5000,0.0000
0.5000,0.0000,0.5000,0.0000
0.5000,0.0000,0.5000,0.0000
0.5000,0.0000,0.5000,0.0000
0.5000,0.0000,0.5000,0.0000
0.5000,0.0000,0.5000,0.0000
0.5000,0.0000,0.5000,0.0000
0.5000,0.0000,0.5000,0.0000
0.5000,0.0000,0.5000,0.0000
0.5000,0.0000,0.5000,0.0000
0.5000,0.0000,0.5000,0.0000
0.5000,0.0000,0.5000,0.0000
0.5000,0.0000,0.5000,0.0000
0.5000,0.0000,0.5000,0.0000
0.5000,0.0000,0.5000,0.0000
0.5000,0.0000,0.5000,0.0000
0.5000,0.0000,0.5000,0.0000
0.5000,0.0000,0.5000,0.0000
0.5000,0.0000,0.5000,0.0000
0.5000,0.0000,0.5000,0.0000
0.5000,0.0000,0.5000,0.0000
0.5000,0.0000,0.5000,0.0000
0.5000,0.0000,0.5000,0.0000
0.5000,0.0000,0.5000,0.0000
0.5000,0.0000,0.5000,0.0000
0.5000,0.0000,0.5000,0.0000
0.5000,0.0000,0.5000,0.0000
0.5000,0.0000,0.5000,0.0000
0.5000,0.0000,0.5000,0.0000
0.5000,0.0000,0.5000,0.0000
0.5000,0.0000,0.5000,0.0000
0.5000,0.0000,0.5000,0.0000
0.5000,0.0000,0.5000,0.0000
0.5000,0.0000,0.5000,0.0000
0.5000,0.0000,0.5000,0.0000
0.5000,0.0000,0.5000,0.0000
0.5000,0.0000,0.5000,0.0000
0.5000,0.0000,0.5000,0.0000
0.5000,0.0000,0.5000,0.0000
0.5000,0.0000,0.5000,0.0000
0.5000,0.0000,0.5000,0.0000
0.5000,0.0000,0.5000,0.0000
0.5000,0.0000,0.5000,0.0000
0.5000,0.0000,0.5000,0.0000
0.5000,0.0000,0.5000,0.0000
0.5000,0.0000,0.5000,0.0000
0.5000,0.0000,0.5000,0.0000
0.5000,0.0000,0.5000,0.0000
0.5000,0.0000,0.5000,0.0000
0.5000,0.0000,0.5000,0.0000
0.5000,0.0000,0.5000,0.0000
0.5000,0.0000,0.5000,0.0000
0.5000,0.0000,0.5000,0.0000
0.5000,0.0000,0.5000,0.0000
0.5000,0.0000,0.5000,0.0000
0.5000,0.0000,0.5000,0.0000
0.5000,0.0000,0.5000,0.0000
0.5000,0.0000,0.5000,0.0000
0.5000,0.0000,0.5000,0.0000
0.5000,0.0000,0.5000,0.0000
0.5000,0.0000,0.5000,0.0000
0.5000,0.0000,0.5000,0.0000
0.5000,0.0000,0.5000,0.0000
0.5000,0.0000,0.5000,0.0000
0.5000,0.0000,0.5000,0.0000
0.5000,0.0000,0.5000,0.0000
0.5000,0.0000,0.5000,0.0000
0.5000,0.0000,0.5000,0.0000
0.5000,0.0000,0.5000,0.0000
0.5000,0.0000,0.5000,0.0000
0.5000,0.0000,0.5000,0.0000
0.5000,0.0000,0.5000,0.0000
0.5000,0.0000,0.5000,0.0000
0.5000,0.0000,0.5000,0.0000
0.5000,0.0000,0.5000,0.0000
0.5000,0.0000,0.5000,0.0000
0.5000,0.0000,0.5000,0.0000
0.5000,0.0000,0.5000,0.0000
0.5000,0.0000,0.5000,0.0000
0.5000,0.0000,0.5000,0.0000
0.5000,0.0000,0.5000,0.0000
0.5000,0.0000,0.5000,0.0000
0.5000,0.0000,0.5000,0.0000
0.5000,0.0000,0.5000,0.0000
0.5000,0.0000,0.5000,0.0000
0.5000,0.0000,0.5000,0.0000
0.5000,0.0000,0.5000,0.0000
0.5000,0.0000,0.5000,0.0000
0.5000,0.0000,0.5000,0.0000
0.5000,0.0000,0.5000,0.0000
0.5000,0.0000,0.5000,0.0000
0.5000,0.0000,0.5000,0.0000
0.5000,0.0000,0.5000,0.0000
0.5000,0.0000,0.5000,0.0000
0.5000,0.0000,0.5000,0.0000
0.5000,0.0000,0.5000,0.0000
0.5000,0.0000,0.5000,0.0000
0.5000,0.0000,0.5000,0.0000
0.5000,0.0000,0.5000,0.0000
0.5000,0.0000,0.5000,0.0000
0.5000,0.0000,0.5000,0.0000
0.5000,0.0000,0.5000,0.0000
0.5000,0.0000,0.5000,0.0000
0.5000,0.0000,0.5000,0.0000
0.5000,0.0000,0.5000,0.0000
0.5000,0.0000,0.5000,0.0000
0.5000,0.0000,0.5000,0.0000
0.5000,0.0000,0.5000,0.0000
0.5000,0.0000,0.5000,0.0000
0.5000,0.0000,0.5000,0.0000
5.1072,0.0000,5.0915,-0.3920
5.0915,-0.3920,5.0602,-0.7840
5.0602,-0.7840,5.0131,-1.1760
5.0131,-1.1760,4.9504,-1.5680
4.9504,-1.5680,4.8720,-1.9600
4.8720,-1.9600,4.7779,-2.3520
4.7779,-2.3520,4.6682,-2.7440
4.6682,-2.7440,4.5427,-3.1360
4.5427,-3.1360,4.4016,-3.5280
4.4016,-3.5280,4.2448,-3.9200
4.2448,-3.9200,4.0723,-4.3120
4.0723,-4.3120,3.8842,-4.7040
3.8842,-4.7040,3.6803,-5.0960
3.6803,-5.0960,3.4608,-5.4880
3.4608,-5.4880,3.2256,-5.8800
3.2256,-5.8800,2.9747,-6.2720
2.9747,-6.2720,2.7082,-6.6640
2.7082,-6.6640,2.4259,-7.0560
2.4259,-7.0560,2.1280,-7.4480
2.1280,-7.4480,1.8144,-7.8400
1.8144,-7.8400,1.4851,-8.2320
1.4851,-8.2320,1.1402,-8.6240
1.1402,-8.6240,0.7795,-9.0160
0.7795,-9.0160,0.5000,5.6448
0.5000,5.6448,0.7101,5.2528
0.7101,5.2528,0.9045,4.8608
0.9045,4.8608,1.0833,4.4688
1.0833,4.4688,1.2464,4.0768
1.2464,4.0768,1.3938,3.6848
1.3938,3.6848,1.5255,3.2928
1.5255,3.2928,1.6415,2.9008
1.6415,2.9008,1.7419,2.5088
1.7419,2.5088,1.8265,2.1168
1.8265,2.1168,1.8955,1.7248
1.8955,1.7248,1.9488,1.3328
1.9488,1.3328,1.9865,0.9408
1.9865,0.9408,2.0084,0.5488
2.0084,0.5488,2.0147,0.1568
2.0147,0.1568,2.0053,-0.2352
2.0053,-0.2352,1.9802,-0.6272
1.9802,-0.6272,1.9394,-1.0192
1.9394,-1.0192,1.8830,-1.4112
1.8830,-1.4112,1.8108,-1.8032
1.8108,-1.8032,1.7230,-2.1952
1.7230,-2.1952,1.6196,-2.5872
1.6196,-2.5872,1.5004,-2.9792
1.5004,-2.9792,1.3655,-3.3712
1.3655,-3.3712,1.2150,-3.7632
1.2150,-3.7632,1.0488,-4.1552
1.0488,-4.1552,0.8669,-4.5472
0.8669,-4.5472,0.6693,-4.9392
0.6693,-4.9392,0.5000,3.1987
0.5000,3.1987,0.6123,2.8067
0.6123,2.8067,0.7089,2.4147
0.7089,2.4147,0.7898,2.0227
0.7898,2.0227,0.8550,1.6307
0.8550,1.6307,0.9045,1.2387
0.9045,1.2387,0.9384,0.8467
0.9384,0.8467,0.9566,0.4547
0.9566,0.4547,0.9591,0.0627
0.9591,0.0627,0.9459,-0.3293
0.9459,-0.3293,0.9171,-0.7213
0.9171,-0.7213,0.8726,-1.1133
0.8726,-1.1133,0.8123,-1.5053
0.8123,-1.5053,0.7365,-1.8973
0.7365,-1.8973,0.6449,-2.2893
0.6449,-2.2893,0.5376,-2.6813
0.5376,-2.6813,0.5000,1.8440
0.5000,1.8440,0.5581,1.4520
0.5581,1.4520,0.6005,1.0600
0.6005,1.0600,0.6272,0.6680
0.6272,0.6680,0.6382,0.2760
0.6382,0.2760,0.6336,-0.1160
0.6336,-0.1160,0.6133,-0.5080
0.6133,-0.5080,0.5773,-0.9000
0.5773,-0.9000,0.5256,-1.2920
0.5256,-1.2920,0.5000,1.0104
0.5000,1.0104,0.5247,0.6184
0.5247,0.6184,0.5338,0.2264
0.5338,0.2264,0.5272,-0.1656
0.5272,-0.1656,0.5049,-0.5576
0.5049,-0.5576,0.5000,0.5697
0.5000,0.5697,0.5071,0.1777
0.5071,0.1777,0.5000,0.0000
0.5000,0.0000,0.5000,0.0000
0.5000,0.0000,0.5000,0.0000
0.5000,0.0000,0.5000,0.0000
0.5000,0.0000,0.5000,0.0000
0.5000,0.0000,0.5000,0.0000
0.5000,0.0000,0.5000,0.0000
0.5000,0.0000,0.5000,0.0000
0.5000,0.0000,0.5000,0.0000
0.5000,0.0000,0.5000,0.0000
0.5000,0.0000,0.5000,0.0000
0.5000,0.0000,0.5000,0.0000
0.5000,0.0000,0.5000,0.0000
0.5000,0.0000,0.5000,0.0000
0.5000,0.0000,0.5000,0.0000
0.5000,0.0000,0.5000,0.0000
0.5000,0.0000,0.5000,0.0000
0.5000,0.0000,0.5000,0.0000
0.5000,0.0000,0.5000,0.0000
0.5000,0.0000,0.5000,0.0000
0.5000,0.0000,0.5000,0.0000
0.5000,0.0000,0.5000,0.0000
0.5000,0.0000,0.5000,0.0000
0.5000,0.0000,0.5000,0.0000
0.5000,0.0000,0.5000,0.0000
0.5000,0.0000,0.5000,0.0000
0.5000,0.0000,0.5000,0.0000
0.5000,0.0000,0.5000,0.0000
0.5000,0.0000,0.5000,0.0000
0.5000,0.0000,0.5000,0.0000
0.5000,0.0000,0.5000,0.0000
0.5000,0.0000,0.5000,0.0000
0.5000,0.0000,0.5000,0.0000
0.5000,0.0000,0.5000,0.0000
0.5000,0.0000,0.5000,0.0000
0.5000,0.0000,0.5000,0.0000
0.5000,0.0000,0.5000,0.0000
0.5000,0.0000,0.5000,0.0000
0.5000,0.0000,0.5000,0.0000
0.5000,0.0000,0.5000,0.0000
0.5000,0.0000,0.5000,0.0000
0.5000,0.0000,0.5000,0.0000
0.5000,0.0000,0.5000,0.0000
0.5000,0.0000,0.5000,0.0000
0.5000,0.0000,0.5000,0.0000
0.5000,0.0000,0.5000,0.0000
0.5000,0.0000,0.5000,0.0000
0.5000,0.0000,0.5000,0.0000
0.5000,0.0000,0.5000,0.0000
0.5000,0.0000,0.5000,0.0000
0.5000,0.0000,0.5000,0.0000
0.5000,0.0000,0.5000,0.0000
0.5000,0.0000,0.5000,0.0000
0.5000,0.0000,0.5000,0.0000
0.5000,0.0000,0.5000,0.0000
0.5000,0.0000,0.5000,0.0000
0.5000,0.0000,0.5000,0.0000
0.5000,0.0000,0.5000,0.0000
0.5000,0.0000,0.5000,0.0000
0.5000,0.0000,0.5000,0.0000
0.5000,0.0000,0.5000,0.0000
0.5000,0.0000,0.5000,0.0000
0.5000,0.0000,0.5000,0.0000
0.5000,0.0000,0.5000,0.0000
0.5000,0.0000,0.5000,0.0000
0.5000,0.0000,0.5000,0.0000
0.5000,0.0000,0.5000,0.0000
0.5000,0.0000,0.5000,0.0000
0.5000,0.0000,0.5000,0.0000
0.5000,0.0000,0.5000,0.0000
0.5000,0.0000,0.5000,0.0000
0.5000,0.0000,0.5000,0.0000
0.5000,0.0000,0.5000,0.0000
0.5000,0.0000,0.5000,0.0000
0.5000,0.0000,0.5000,0.0000
0.5000,0.0000,0.5000,0.0000
0.5000,0.0000,0.5000,0.0000
0.5000,0.0000,0.5000,0.0000
0.5000,0.0000,0.5000,0.0000
0.5000,0.0000,0.5000,0.0000
0.5000,0.0000,0.5000,0.0000
0.5000,0.0000,0.5000,0.0000
0.5000,0.0000,0.5000,0.0000
0.5000,0.0000,0.5000,0.0000
0.5000,0.0000,0.5000,0.0000
0.5000,0.0000,0.5000,0.0000
0.5000,0.0000,0.5000,0.0000
0.5000,0.0000,0.5000,0.0000
0.5000,0.0000,0.5000,0.0000
0.5000,0.0000,0.5000,0.0000
0.5000,0.0000,0.5000,0.0000
0.5000,0.0000,0.5000,0.0000
0.5000,0.0000,0.5000,0.0000
0.5000,0.0000,0.5000,0.0000
0.5000,0.0000,0.5000,0.0000
0.5000,0.0000,0.5000,0.0000
0.5000,0.0000,0.5000,0.0000
0.5000,0.0000,0.5000,0.0000
0.5000,0.0000,0.5000,0.0000
0.5000,0.0000,0.5000,0.0000
0.5000,0.0000,0.5000,0.0000
0.5000,0.0000,0.5000,0.0000
0.5000,0.0000,0.5000,0.0000
0.5000,0.0000,0.5000,0.0000
0.5000,0.0000,0.5000,0.0000
0.5000,0.0000,0.5000,0.0000
0.5000,0.0000,0.5000,0.0000
0.5000,0.0000,0.5000,0.0000
0.5000,0.0000,0.5000,0.0000
0.5000,0.0000,0.5000,0.0000
0.5000,0.0000,0.5000,0.0000
0.5000,0.0000,0.5000,0.0000
0.5000,0.0000,0.5000,0.0000
0.5000,0.0000,0.5000,0.0000
0.5000,0.0000,0.5000,0.0000
0.5000,0.0000,0.5000,0.0000
0.5000,0.0000,0.5000,0.0000
6.9742,0.0000,6.9585,-0.3920
6.9585,-0.3920,6.9271,-0.7840
6.9271,-0.7840,6.8801,-1.1760
6.8801,-1.1760,6.8174,-1.5680
6.8174,-1.5680,6.7390,-1.9600
6.7390,-1.9600,6.6449,-2.3520
6.6449,-2.3520,6.5351,-2.7440
6.5351,-2.7440,6.4097,-3.1360
6.4097,-3.1360,6.2686,-3.5280
6.2686,-3.5280,6.1118,-3.9200
6.1118,-3.9200,5.9393,-4.3120
5.9393,-4.3120,5.7511,-4.7040
5.7511,-4.7040,5.5473,-5.0960
5.5473,-5.0960,5.3278,-5.4880
5.3278,-5.4880,5.0926,-5.8800
5.0926,-5.8800,4.8417,-6.2720
4.8417,-6.2720,4.5751,-6.6640
4.5751,-6.6640,4.2929,-7.0560
4.2929,-7.0560,3.9950,-7.4480
3.9950,-7.4480,3.6814,-7.8400
3.6814,-7.8400,3.3521,-8.2320
3.3521,-8.2320,3.0071,-8.6240
3.0071,-8.6240,2.6465,-9.0160
2.6465,-9.0160,2.2702,-9.4080
2.2702,-9.4080,1.8782,-9.8000
1.8782,-9.8000,1.4705,-10.1920
1.4705,-10.1920,1.0471,-10.5840
1.0471,-10.5840,0.6081,-10.9760
0.6081,-10.9760,0.5000,6.8208
0.5000,6.8208,0.7572,6.4288
0.7572,6.4288,0.9986,6.0368
0.9986,6.0368,1.2244,5.6448
1.2244,5.6448,1.4345,5.2528
1.4345,5.2528,1.6290,4.8608
1.6290,4.8608,1.8077,4.4688
1.8077,4.4688,1.9708,4.0768
1.9708,4.0768,2.1182,3.6848
2.1182,3.6848,2.2499,3.2928
2.2499,3.2928,2.3659,2.9008
2.3659,2.9008,2.4663,2.5088
2.4663,2.5088,2.5509,2.1168
2.5509,2.1168,2.6199,1.7248
2.6199,1.7248,2.6732,1.3328
2.6732,1.3328,2.7109,0.9408
2.7109,0.9408,2.7328,0.5488
2.7328,0.5488,2.7391,0.1568
2.7391,0.1568,2.7297,-0.2352
2.7297,-0.2352,2.7046,-0.6272
2.7046,-0.6272,2.6638,-1.0192
2.6638,-1.0192,2.6074,-1.4112
2.6074,-1.4112,2.5353,-1.8032
2.5353,-1.8032,2.4475,-2.1952
2.4475,-2.1952,2.3440,-2.5872
2.3440,-2.5872,2.2248,-2.9792
2.2248,-2.9792,2.0900,-3.3712
2.0900,-3.3712,1.9394,-3.7632
1.9394,-3.7632,1.7732,-4.1552
1.7732,-4.1552,1.5913,-4.5472
1.5913,-4.5472,1.3938,-4.9392
1.3938,-4.9392,1.1805,-5.3312
1.1805,-5.3312,0.9516,-5.7232
0.9516,-5.7232,0.7070,-6.1152
0.7070,-6.1152,0.5000,3.9043
0.5000,3.9043,0.6405,3.5123
0.6405,3.5123,0.7653,3.1203
0.7653,3.1203,0.8744,2.7283
0.8744,2.7283,0.9679,2.3363
0.9679,2.3363,1.0457,1.9443
1.0457,1.9443,1.1078,1.5523
1.1078,1.5523,1.1542,1.1603
1.1542,1.1603,1.1849,0.7683
1.1849,0.7683,1.2000,0.3763
1.2000,0.3763,1.1993,-0.0157
1.1993,-0.0157,1.1830,-0.4077
1.1830,-0.4077,1.1510,-0.7997
1.1510,-0.7997,1.1034,-1.1917
1.1034,-1.1917,1.0400,-1.5837
1.0400,-1.5837,0.9610,-1.9757
0.9610,-1.9757,0.8663,-2.3677
0.8663,-2.3677,0.7559,-2.7597
0.7559,-2.7597,0.6298,-3.1517
0.6298,-3.1517,0.5000,2.1262
0.5000,2.1262,0.5694,1.7342
0.5694,1.7342,0.6231,1.3422
0.6231,1.3422,0.6611,0.9502
0.6611,0.9502,0.6834,0.5582
0.6834,0.5582,0.6900,0.1662
0.6900,0.1662,0.6810,-0.2258
0.6810,-0.2258,0.6563,-0.6178
0.6563,-0.6178,0.6159,-1.0098
0.6159,-1.0098,0.5598,-1.4018
0.5598,-1.4018,0.5000,1.0763
0.5000,1.0763,0.5274,0.6843
0.5274,0.6843,0.5391,0.2923
0.5391,0.2923,0.5351,-0.0997
0.5351,-0.0997,0.5154,-0.4917
0.5154,-0.4917,0.5000,0.5302
0.5000,0.5302,0.5055,0.1382
0.5055,0.1382,0.5000,0.0000
0.5000,0.0000,0.5000,0.0000
0.5000,0.0000,0.5000,0.0000
0.5000,0.0000,0.5000,0.0000
0.5000,0.0000,0.5000,0.0000
0.5000,0.0000,0.5000,0.0000
0.5000,0.0000,0.5000,0.0000
0.5000,0.0000,0.5000,0.0000
0.5000,0.0000,0.5000,0.0000
0.5000,0.0000,0.5000,0.0000
0.5000,0.0000,0.5000,0.0000
0.5000,0.0000,0.5000,0.0000
0.5000,0.0000,0.5000,0.0000
0.5000,0.0000,0.5000,0.0000
0.5000,0.0000,0.5000,0.0000
0.5000,0.0000,0.5000,0.0000
0.5000,0.0000,0.5000,0.0000
0.5000,0.0000,0.5000,0.0000
0.5000,0.0000,0.5000,0.0000
0.5000,0.0000,0.5000,0.0000
0.5000,0.0000,0.5000,0.0000
0.5000,0.0000,0.5000,0.0000
0.5000,0.0000,0.5000,0.0000
0.5000,0.0000,0.5000,0.0000
0.5000,0.0000,0.5000,0.0000
0.5000,0.0000,0.5000,0.0000
0.5000,0.0000,0.5000,0.0000
0.5000,0.0000,0.5000,0.0000
0.5000,0.0000,0.5000,0.0000
0.5000,0.0000,0.5000,0.0000
0.5000,0.0000,0.5000,0.0000
0.5000,0.0000,0.5000,0.0000
0.5000,0.0000,0.5000,0.0000
0.5000,0.0000,0.5000,0.0000
0.5000,0.0000,0.5000,0.0000
0.5000,0.0000,0.5000,0.0000
0.5000,0.0000,0.5000,0.0000
0.5000,0.0000,0.5000,0.0000
0.5000,0.0000,0.5000,0.0000
0.5000,0.0000,0.5000,0.0000
0.5000,0.0000,0.5000,0.0000
0.5000,0.0000,0.5000,0.0000
0.5000,0.0000,0.5000,0.0000
0.5000,0.0000,0.5000,0.0000
0.5000,0.0000,0.5000,0.0000
0.5000,0.0000,0.5000,0.0000
0.5000,0.0000,0.5000,0.0000
0.5000,0.0000,0.5000,0.0000
0.5000,0.0000,0.5000,0.0000
0.5000,0.0000,0.5000,0.0000
0.5000,0.0000,0.5000,0.0000
0.5000,0.0000,0.5000,0.0000
0.5000,0.0000,0.5000,0.0000
0.5000,0.0000,0.5000,0.0000
0.5000,0.0000,0.5000,0.0000
0.5000,0.0000,0.5000,0.0000
0.5000,0.0000,0.5000,0.0000
0.5000,0.0000,0.5000,0.0000
0.5000,0.0000,0.5000,0.0000
0.5000,0.0000,0.5000,0.0000
0.5000,0.0000,0.5000,0.0000
0.5000,0.0000,0.5000,0.0000
0.5000,0.0000,0.5000,0.0000
0.5000,0.0000,0.5000,0.0000
0.5000,0.0000,0.5000,0.0000
0.5000,0.0000,0.5000,0.0000
0.5000,0.0000,0.5000,0.0000
0.5000,0.0000,0.5000,0.0000
0.5000,0.0000,0.5000,0.0000
0.5000,0.0000,0.5000,0.0000
0.5000,0.0000,0.5000,0.0000
0.5000,0.0000,0.5000,0.0000
0.5000,0.0000,0.5000,0.0000
0.5000,0.0000,0.5000,0.0000
0.5000,0.0000,0.5000,0.0000
0.5000,0.0000,0.5000,0.0000
0.5000,0.0000,0.5000,0.0000
0.5000,0.0000,0.5000,0.0000
0.5000,0.0000,0.5000,0.0000
0.5000,0.0000,0.5000,0.0000
0.5000,0.0000,0.5000,0.0000
0.5000,0.0000,0.5000,0.0000
0.5000,0.0000,0.5000,0.0000
0.5000,0.0000,0.5000,0.0000
0.5000,0.0000,0.5000,0.0000
0.5000,0.0000,0.5000,0.0000
0.5000,0.0000,0.5000,0.0000
0.5000,0.0000,0.5000,0.0000
0.5000,0.0000,0.5000,0.0000
0.5000,0.0000,0.5000,0.0000
0.5000,0.0000,0.5000,0.0000
0.5000,0.0000,0.5000,0.0000
0.5000,0.0000,0.5000,0.0000
0.5000,0.0000,0.5000,0.0000
0.5000,0.0000,0.5000,0.0000
0.5000,0.0000,0.5000,0.0000
0.5000,0.0000,0.5000,0.0000
0.5000,0.0000,0.5000,0.0000
0.5000,0.0000,0.5000,0.0000
0.5000,0.0000,0.5000,0.0000
0.5000,0.0000,0.5000,0.0000
0.5000,0.0000,0.5000,0.0000
6.2123,0.0000,6.1967,-0.3920
6.1967,-0.3920,6.1653,-0.7840
6.1653,-0.7840,6.1183,-1.1760
6.1183,-1.1760,6.0555,-1.5680
6.0555,-1.5680,5.9771,-1.9600
5.9771,-1.9600,5.8831,-2.3520
5.8831,-2.3520,5.7733,-2.7440
5.7733,-2.7440,5.6479,-3.1360
5.6479,-3.1360,5.5067,-3.5280
5.5067,-3.5280,5.3499,-3.9200
5.3499,-3.9200,5.1775,-4.3120
5.1775,-4.3120,4.9893,-4.7040
4.9893,-4.7040,4.7855,-5.0960
4.7855,-5.0960,4.5659,-5.4880
4.5659,-5.4880,4.3307,-5.8800
4.3307,-5.8800,4.0799,-6.2720
4.0799,-6.2720,3.8133,-6.6640
3.8133,-6.6640,3.5311,-7.0560
3.5311,-7.0560,3.2331,-7.4480
3.2331,-7.4480,2.9195,-7.8400
2.9195,-7.8400,2.5903,-8.2320
2.5903,-8.2320,2.2453,-8.6240
2.2453,-8.6240,1.8847,-9.0160
1.8847,-9.0160,1.5083,-9.4080
1.5083,-9.4080,1.1163,-9.8000
1.1163,-9.8000,0.7087,-10.1920
0.7087,-10.1920,0.5000,6.3504
0.5000,6.3504,0.7383,5.9584
0.7383,5.9584,0.9610,5.5664
0.9610,5.5664,1.1680,5.1744
1.1680,5.1744,1.3593,4.7824
1.3593,4.7824,1.5349,4.3904
1.5349,4.3904,1.6948,3.9984
1.6948,3.9984,1.8391,3.6064
1.8391,3.6064,1.9676,3.2144
1.9676,3.2144,2.0805,2.8224
2.0805,2.8224,2.1778,2.4304
2.1778,2.4304,2.2593,2.0384
2.2593,2.0384,2.3252,1.6464
2.3252,1.6464,2.3753,1.2544
2.3753,1.2544,2.4098,0.8624
2.4098,0.8624,2.4286,0.4704
2.4286,0.4704,2.4318,0.0784
2.4318,0.0784,2.4192,-0.3136
2.4192,-0.3136,2.3910,-0.7056
2.3910,-0.7056,2.3471,-1.0976
2.3471,-1.0976,2.2875,-1.4896
2.2875,-1.4896,2.2123,-1.8816
2.2123,-1.8816,2.1213,-2.2736
2.1213,-2.2736,2.0147,-2.6656
2.0147,-2.6656,1.8924,-3.0576
1.8924,-3.0576,1.7544,-3.4496
1.7544,-3.4496,1.6007,-3.8416
1.6007,-3.8416,1.4314,-4.2336
1.4314,-4.2336,1.2464,-4.6256
1.2464,-4.6256,1.0457,-5.0176
1.0457,-5.0176,0.8293,-5.4096
0.8293,-5.4096,0.5972,-5.8016
0.5972,-5.8016,0.5000,3.7162
0.5000,3.7162,0.6330,3.3242
0.6330,3.3242,0.7503,2.9322
0.7503,2.9322,0.8519,2.5402
0.8519,2.5402,0.9378,2.1482
0.9378,2.1482,1.0080,1.7562
1.0080,1.7562,1.0626,1.3642
1.0626,1.3642,1.1015,0.9722
1.1015,0.9722,1.1247,0.5802
1.1247,0.5802,1.1322,0.1882
1.1322,0.1882,1.1241,-0.2038
1.1241,-0.2038,1.1002,-0.5958
1.1002,-0.5958,1.0607,-0.9878
1.0607,-0.9878,1.0055,-1.3798
1.0055,-1.3798,0.9346,-1.7718
0.9346,-1.7718,0.8481,-2.1638
0.8481,-2.1638,0.7459,-2.5558
0.7459,-2.5558,0.6279,-2.9478
0.6279,-2.9478,0.5000,2.0039
0.5000,2.0039,0.5645,1.6119
0.5645,1.6119,0.6133,1.2199
0.6133,1.2199,0.6464,0.8279
0.6464,0.8279,0.6638,0.4359
0.6638,0.4359,0.6656,0.0439
0.6656,0.0439,0.6517,-0.3481
0.6517,-0.3481,0.6221,-0.7401
0.6221,-0.7401,0.5768,-1.1321
0.5768,-1.1321,0.5158,-1.5241
0.5158,-1.5241,0.5000,1.1497
0.5000,1.1497,0.5303,0.7577
0.5303,0.7577,0.5449,0.3657
0.5449,0.3657,0.5439,-0.0263
0.5439,-0.0263,0.5271,-0.4183
0.5271,-0.4183,0.5000,0.4862
0.5000,0.4862,0.5038,0.0942
0.5038,0.0942,0.5000,0.0000
0.5000,0.0000,0.5000,0.0000
0.5000,0.0000,0.5000,0.0000
0.5000,0.0000,0.5000,0.0000
0.5000,0.0000,0.5000,0.0000
0.5000,0.0000,0.5000,0.0000
0.5000,0.0000,0.5000,0.0000
0.5000,0.0000,0.5000,0.0000
0.5000,0.0000,0.5000,0.0000
0.5000,0.0000,0.5000,0.0000
0.5000,0.0000,0.5000,0.0000
0.5000,0.0000,0.5000,0.0000
0.5000,0.0000,0.5000,0.0000
0.5000,0.0000,0.5000,0.0000
0.5000,0.0000,0.5000,0.0000
0.5000,0.0000,0.5000,0.0000
0.5000,0.0000,0.5000,0.0000
0.5000,0.0000,0.5000,0.0000
0.5000,0.0000,0.5000,0.0000
0.5000,0.0000,0.5000,0.0000
0.5000,0.0000,0.5000,0.0000
0.5000,0.0000,0.5000,0.0000
0.5000,0.0000,0.5000,0.0000
0.5000,0.0000,0.5000,0.0000
0.5000,0.0000,0.5000,0.0000
0.5000,0.0000,0.5000,0.0000
0.5000,0.0000,0.5000,0.0000
0.5000,0.0000,0.5000,0.0000
0.5000,0.0000,0.5000,0.0000
0.5000,0.0000,0.5000,0.0000
0.5000,0.0000,0.5000,0.0000
0.5000,0.0000,0.5000,0.0000
0.5000,0.0000,0.5000,0.0000
0.5000,0.0000,0.5000,0.0000
0.5000,0.0000,0.5000,0.0000
0.5000,0.0000,0.5000,0.0000
0.5000,0.0000,0.5000,0.0000
0.5000,0.0000,0.5000,0.0000
0.5000,0.0000,0.5000,0.0000
0.5000,0.0000,0.5000,0.0000
0.5000,0.0000,0.5000,0.0000
0.5000,0.0000,0.5000,0.0000
0.5000,0.0000,0.5000,0.0000
0.5000,0.0000,0.5000,0.0000
0.5000,0.0000,0.5000,0.0000
0.5000,0.0000,0.5000,0.0000
0.5000,0.0000,0.5000,0.0000
0.5000,0.0000,0.5000,0.0000
0.5000,0.0000,0.5000,0.0000
0.5000,0.0000,0.5000,0.0000
0.5000,0.0000,0.5000,0.0000
0.5000,0.0000,0.5000,0.0000
0.5000,0.0000,0.5000,0.0000
0.5000,0.0000,0.5000,0.0000
0.5000,0.0000,0.5000,0.0000
0.5000,0.0000,0.5000,0.0000
0.5000,0.0000,0.5000,0.0000
0.5000,0.0000,0.5000,0.0000
0.5000,0.0000,0.5000,0.0000
0.5000,0.0000,0.5000,0.0000
0.5000,0.0000,0.5000,0.0000
0.5000,0.0000,0.5000,0.0000
0.5000,0.0000,0.5000,0.0000
0.5000,0.0000,0.5000,0.0000
0.5000,0.0000,0.5000,0.0000
0.5000,0.0000,0.5000,0.0000
0.5000,0.0000,0.5000,0.0000
0.5000,0.0000,0.5000,0.0000
0.5000,0.0000,0.5000,0.0000
0.5000,0.0000,0.5000,0.0000
0.5000,0.0000,0.5000,0.0000
0.5000,0.0000,0.5000,0.0000
0.5000,0.0000,0.5000,0.0000
0.5000,0.0000,0.5000,0.0000
0.5000,0.0000,0.5000,0.0000
0.5000,0.0000,0.5000,0.0000
0.5000,0.0000,0.5000,0.0000
0.5000,0.0000,0.5000,0.0000
0.5000,0.0000,0.5000,0.0000
0.5000,0.0000,0.5000,0.0000
0.5000,0.0000,0.5000,0.0000
0.5000,0.0000,0.5000,0.0000
0.5000,0.0000,0.5000,0.0000
0.5000,0.0000,0.5000,0.0000
0.5000,0.0000,0.5000,0.0000
0.5000,0.0000,0.5000,0.0000
0.5000,0.0000,0.5000,0.0000
0.5000,0.0000,0.5000,0.0000
0.5000,0.0000,0.5000,0.0000
0.5000,0.0000,0.5000,0.0000
0.5000,0.0000,0.5000,0.0000
0.5000,0.0000,0.5000,0.0000
0.5000,0.0000,0.5000,0.0000
0.5000,0.0000,0.5000,0.0000
0.5000,0.0000,0.5000,0.0000
0.5000,0.0000,0.5000,0.0000
0.5000,0.0000,0.5000,0.0000
0.5000,0.0000,0.5000,0.0000
0.5000,0.0000,0.5000,0.0000
0.5000,0.0000,0.5000,0.0000
0.5000,0.0000,0.5000,0.0000
0.5000,0.0000,0.5000,0.0000
0.5000,0.0000,0.5000,0.0000
0.5000,0.0000,0.5000,0.0000
0.5000,0.0000,0.5000,0.0000
0.5000,0.0000,0.5000,0.0000
0.5000,0.0000,0.5000,0.0000
2.5804,0.0000,2.5647,-0.3920
2.5647,-0.3920,2.5334,-0.7840
2.5334,-0.7840,2.4863,-1.1760
2.4863,-1.1760,2.4236,-1.5680
2.4236,-1.5680,2.3452,-1.9600
2.3452,-1.9600,2.2511,-2.3520
2.2511,-2.3520,2.1414,-2.7440
2.1414,-2.7440,2.0159,-3.1360
2.0159,-3.1360,1.8748,-3.5280
1.8748,-3.5280,1.7180,-3.9200
1.7180,-3.9200,1.5455,-4.3120
1.5455,-4.3120,1.3574,-4.7040
1.3574,-4.7040,1.1535,-5.0960
1.1535,-5.0960,0.9340,-5.4880
0.9340,-5.4880,0.6988,-5.8800
0.6988,-5.8800,0.5000,3.7632
0.5000,3.7632,0.6348,3.3712
0.6348,3.3712,0.7540,2.9792
0.7540,2.9792,0.8575,2.5872
0.8575,2.5872,0.9453,2.1952
0.9453,2.1952,1.0174,1.8032
1.0174,1.8032,1.0739,1.4112
1.0739,1.4112,1.1147,1.0192
1.1147,1.0192,1.1397,0.6272
1.1397,0.6272,1.1492,0.2352
1.1492,0.2352,1.1429,-0.1568
1.1429,-0.1568,1.1209,-0.5488
1.1209,-0.5488,1.0833,-0.9408
1.0833,-0.9408,1.0300,-1.3328
1.0300,-1.3328,0.9610,-1.7248
0.9610,-1.7248,0.8763,-2.1168
0.8763,-2.1168,0.7760,-2.5088
0.7760,-2.5088,0.6599,-2.9008
0.6599,-2.9008,0.5282,-3.2928
0.5282,-3.2928,0.5000,2.2109
0.5000,2.2109,0.5728,1.8189
0.5728,1.8189,0.6298,1.4269
0.6298,1.4269,0.6712,1.0349
0.6712,1.0349,0.6969,0.6429
0.6969,0.6429,0.7070,0.2509
0.7070,0.2509,0.7013,-0.1411
0.7013,-0.1411,0.6800,-0.5331
0.6800,-0.5331,0.6430,-0.9251
0.6430,-0.9251,0.5903,-1.3171
0.5903,-1.3171,0.5220,-1.7091
0.5220,-1.7091,0.5000,1.2607
0.5000,1.2607,0.5347,0.8687
0.5347,0.8687,0.5538,0.4767
0.5538,0.4767,0.5572,0.0847
0.5572,0.0847,0.5449,-0.3073
0.5449,-0.3073,0.5169,-0.6993
0.5169,-0.6993,0.5000,0.6548
0.5000,0.6548,0.5105,0.2628
0.5105,0.2628,0.5053,-0.1292
0.5053,-0.1292,0.5000,0.0000
0.5000,0.0000,0.5000,0.0000
0.5000,0.0000,0.5000,0.0000
0.5000,0.0000,0.5000,0.0000
0.5000,0.0000,0.5000,0.0000
0.5000,0.0000,0.5000,0.0000
0.5000,0.0000,0.5000,0.0000
0.5000,0.0000,0.5000,0.0000
0.5000,0.0000,0.5000,0.0000
0.5000,0.0000,0.5000,0.0000
0.5000,0.0000,0.5000,0.0000
0.5000,0.0000,0.5000,0.0000
0.5000,0.0000,0.5000,0.0000
0.5000,0.0000,0.5000,0.0000
0.5000,0.0000,0.5000,0.0000
0.5000,0.0000,0.5000,0.0000
0.5000,0.0000,0.5000,0.0000
0.5000,0.0000,0.5000,0.0000
0.5000,0.0000,0.5000,0.0000
0.5000,0.0000,0.5000,0.0000
0.5000,0.0000,0.5000,0.0000
0.5000,0.0000,0.5000,0.0000
0.5000,0.0000,0.5000,0.0000
0.5000,0.0000,0.5000,0.0000
0.5000,0.0000,0.5000,0.0000
0.5000,0.0000,0.5000,0.0000
0.5000,0.0000,0.5000,0.0000
0.5000,0.0000,0.5000,0.0000
0.5000,0.0000,0.5000,0.0000
0.5000,0.0000,0.5000,0.0000
0.5000,0.0000,0.5000,0.0000
0.5000,0.0000,0.5000,0.0000
0.5000,0.0000,0.5000,0.0000
0.5000,0.0000,0.5000,0.0000
0.5000,0.0000,0.5000,0.0000
0.5000,0.0000,0.5000,0.0000
0.5000,0.0000,0.5000,0.0000
0.5000,0.0000,0.5000,0.0000
0.5000,0.0000,0.5000,0.0000
0.5000,0.0000,0.5000,0.0000
0.5000,0.0000,0.5000,0.0000
0.5000,0.0000,0.5000,0.0000
0.5000,0.0000,0.5000,0.0000
0.5000,0.0000,0.5000,0.0000
0.5000,0.0000,0.5000,0.0000
0.5000,0.0000,0.5000,0.0000
0.5000,0.0000,0.5000,0.0000
0.5000,0.0000,0.5000,0.0000
0.5000,0.0000,0.5000,0.0000
0.5000,0.0000,0.5000,0.0000
0.5000,0.0000,0.5000,0.0000
0.5000,0.0000,0.5000,0.0000
0.5000,0.0000,0.5000,0.0000
0.5000,0.0000,0.5000,0.0000
0.5000,0.0000,0.5000,0.0000
0.5000,0.0000,0.5000,0.0000
0.5000,0.0000,0.5000,0.0000
0.5000,0.0000,0.5000,0.0000
0.5000,0.0000,0.5000,0.0000
0.5000,0.0000,0.5000,0.0000
0.5000,0.0000,0.5000,0.0000
0.5000,0.0000,0.5000,0.0000
0.5000,0.0000,0.5000,0.0000
0.5000,0.0000,0.5000,0.0000
0.5000,0.0000,0.5000,0.0000
0.5000,0.0000,0.5000,0.0000
0.5000,0.0000,0.5000,0.0000
0.5000,0.0000,0.5000,0.0000
0.5000,0.0000,0.5000,0.0000
0.5000,0.0000,0.5000,0.0000
0.5000,0.0000,0.5000,0.0000
0.5000,0.0000,0.5000,0.0000
0.5000,0.0000,0.5000,0.0000
0.5000,0.0000,0.5000,0.0000
0.5000,0.0000,0.5000,0.0000
0.5000,0.0000,0.5000,0.0000
0.5000,0.0000,0.5000,0.0000
0.5000,0.0000,0.5000,0.0000
0.5000,0.0000,0.5000,0.0000
0.5000,0.0000,0.5000,0.0000
0.5000,0.0000,0.5000,0.0000
0.5000,0.0000,0.5000,0.0000
0.5000,0.0000,0.5000,0.0000
0.5000,0.0000,0.5000,0.0000
0.5000,0.0000,0.5000,0.0000
0.5000,0.0000,0.5000,0.0000
0.5000,0.0000,0.5000,0.0000
0.5000,0.0000,0.5000,0.0000
0.5000,0.0000,0.5000,0.0000
0.5000,0.0000,0.5000,0.0000
0.5000,0.0000,0.5000,0.0000
0.5000,0.0000,0.5000,0.0000
0.5000,0.0000,0.5000,0.0000
0.5000,0.0000,0.5000,0.0000
0.5000,0.0000,0.5000,0.0000
0.5000,0.0000,0.5000,0.0000
0.5000,0.0000,0.5000,0.0000
0.5000,0.0000,0.5000,0.0000
0.5000,0.0000,0.5000,0.0000
0.5000,0.0000,0.5000,0.0000
0.5000,0.0000,0.5000,0.0000
0.5000,0.0000,0.5000,0.0000
0.5000,0.0000,0.5000,0.0000
0.5000,0.0000,0.5000,0.0000
0.5000,0.0000,0.5000,0.0000
0.5000,0.0000,0.5000,0.0000
0.5000,0.0000,0.5000,0.0000
0.5000,0.0000,0.5000,0.0000
0.5000,0.0000,0.5000,0.0000
0.5000,0.0000,0.5000,0.0000
0.5000,0.0000,0.5000,0.0000
0.5000,0.0000,0.5000,0.0000
0.5000,0.0000,0.5000,0.0000
0.5000,0.0000,0.5000,0.0000
0.5000,0.0000,0.5000,0.0000
0.5000,0.0000,0.5000,0.0000
0.5000,0.0000,0.5000,0.0000
0.5000,0.0000,0.5000,0.0000
0.5000,0.0000,0.5000,0.0000
0.5000,0.0000,0.5000,0.0000
0.5000,0.0000,0.5000,0.0000
0.5000,0.0000,0.5000,0.0000
0.5000,0.0000,0.5000,0.0000
0.5000,0.0000,0.5000,0.0000
0.5000,0.0000,0.5000,0.0000
0.5000,0.0000,0.5000,0.0000
0.5000,0.0000,0.5000,0.0000
0.5000,0.0000,0.5000,0.0000
0.5000,0.0000,0.5000,0.0000
0.5000,0.0000,0.5000,0.0000
0.5000,0.0000,0.5000,0.0000
0.5000,0.0000,0.5000,0.0000
0.5000,0.0000,0.5000,0.0000
0.5000,0.0000,0.5000,0.0000
0.5000,0.0000,0.5000,0.0000
0.5000,0.0000,0.5000,0.0000
0.5000,0.0000,0.5000,0.0000
0.5000,0.0000,0.5000,0.0000
0.5000,0.0000,0.5000,0.0000
0.5000,0.0000,0.5000,0.0000
0.5000,0.0000,0.5000,0.0000
0.5000,0.0000,0.5000,0.0000
0.5000,0.0000,0.5000,0.0000
0.5000,0.0000,0.5000,0.0000
0.5000,0.0000,0.5000,0.0000
0.5000,0.0000,0.5000,0.0000
5.0021,0.0000,4.9864,-0.3920
4.9864,-0.3920,4.9550,-0.7840
4.9550,-0.7840,4.9080,-1.1760
4.9080,-1.1760,4.8453,-1.5680
4.8453,-1.5680,4.7669,-1.9600
4.7669,-1.9600,4.6728,-2.3520
4.6728,-2.3520,4.5630,-2.7440
4.5630,-2.7440,4.4376,-3.1360
4.4376,-3.1360,4.2965,-3.5280
4.2965,-3.5280,4.1397,-3.9200
4.1397,-3.9200,3.9672,-4.3120
3.9672,-4.3120,3.7790,-4.7040
3.7790,-4.7040,3.5752,-5.0960
3.5752,-5.0960,3.3557,-5.4880
3.3557,-5.4880,3.1205,-5.8800
3.1205,-5.8800,2.8696,-6.2720
2.8696,-6.2720,2.6030,-6.6640
2.6030,-6.6640,2.3208,-7.0560
2.3208,-7.0560,2.0229,-7.4480
2.0229,-7.4480,1.7093,-7.8400
1.7093,-7.8400,1.3800,-8.2320
1.3800,-8.2320,1.0350,-8.6240
1.0350,-8.6240,0.6744,-9.0160
0.6744,-9.0160,0.5000,5.6448
0.5000,5.6448,0.7101,5.2528
0.7101,5.2528,0.9045,4.8608
0.9045,4.8608,1.0833,4.4688
1.0833,4.4688,1.2464,4.0768
1.2464,4.0768,1.3938,3.6848
1.3938,3.6848,1.5255,3.2928
1.5255,3.2928,1.6415,2.9008
1.6415,2.9008,1.7419,2.5088
1.7419,2.5088,1.8265,2.1168
1.8265,2.1168,1.8955,1.7248
1.8955,1.7248,1.9488,1.3328
1.9488,1.3328,1.9865,0.9408
1.9865,0.9408,2.0084,0.5488
2.0084,0.5488,2.0147,0.1568
2.0147,0.1568,2.0053,-0.2352
2.0053,-0.2352,1.9802,-0.6272
1.9802,-0.6272,1.9394,-1.0192
1.9394,-1.0192,1.8830,-1.4112
1.8830,-1.4112,1.8108,-1.8032
1.8108,-1.8032,1.7230,-2.1952
1.7230,-2.1952,1.6196,-2.5872
1.6196,-2.5872,1.5004,-2.9792
1.5004,-2.9792,1.3655,-3.3712
1.3655,-3.3712,1.2150,-3.7632
1.2150,-3.7632,1.0488,-4.1552
1.0488,-4.1552,0.8669,-4.5472
0.8669,-4.5472,0.6693,-4.9392
0.6693,-4.9392,0.5000,3.1987
0.5000,3.1987,0.6123,2.8067
0.6123,2.8067,0.7089,2.4147
0.7089,2.4147,0.7898,2.0227
0.7898,2.0227,0.8550,1.6307
0.8550,1.6307,0.9045,1.2387
0.9045,1.2387,0.9384,0.8467
0.9384,0.8467,0.9566,0.4547
0.9566,0.4547,0.9591,0.0627
0.9591,0.0627,0.9459,-0.3293
0.9459,-0.3293,0.9171,-0.7213
0.9171,-0.7213,0.8726,-1.1133
0.8726,-1.1133,0.8123,-1.5053
0.8123,-1.5053,0.7365,-1.8973
0.7365,-1.8973,0.6449,-2.2893
0.6449,-2.2893,0.5376,-2.6813
0.5376,-2.6813,0.5000,1.8440
0.5000,1.8440,0.5581,1.4520
0.5581,1.4520,0.6005,1.0600
0.6005,1.0600,0.6272,0.6680
0.6272,0.6680,0.6382,0.2760
0.6382,0.2760,0.6336,-0.1160
0.6336,-0.1160,0.6133,-0.5080
0.6133,-0.5080,0.5773,-0.9000
0.5773,-0.9000,0.5256,-1.2920
0.5256,-1.2920,0.5000,1.0104
0.5000,1.0104,0.5247,0.6184
0.5247,0.6184,0.5338,0.2264
0.5338,0.2264,0.5272,-0.1656
0.5272,-0.1656,0.5049,-0.5576
0.5049,-0.5576,0.5000,0.5697
0.5000,0.5697,0.5071,0.1777
0.5071,0.1777,0.5000,0.0000
0.5000,0.0000,0.5000,0.0000
0.5000,0.0000,0.5000,0.0000
0.5000,0.0000,0.5000,0.0000
0.5000,0.0000,0.5000,0.0000
0.5000,0.0000,0.5000,0.0000
0.5000,0.0000,0.5000,0.0000
0.5000,0.0000,0.5000,0.0000
0.5000,0.0000,0.5000,0.0000
0.5000,0.0000,0.5000,0.0000
0.5000,0.0000,0.5000,0.0000
0.5000,0.0000,0.5000,0.0000
0.5000,0.0000,0.5000,0.0000
0.5000,0.0000,0.5000,0.0000
0.5000,0.0000,0.5000,0.0000
0.5000,0.0000,0.5000,0.0000
0.5000,0.0000,0.5000,0.0000
0.5000,0.0000,0.5000,0.0000
0.5000,0.0000,0.5000,0.0000
0.5000,0.0000,0.5000,0.0000
0.5000,0.0000,0.5000,0.0000
0.5000,0.0000,0.5000,0.0000
0.5000,0.0000,0.5000,0.0000
0.5000,0.0000,0.5000,0.0000
0.5000,0.0000,0.5000,0.0000
0.5000,0.0000,0.5000,0.0000
0.5000,0.0000,0.5000,0.0000
0.5000,0.0000,0.5000,0.0000
0.5000,0.0000,0.5000,0.0000
0.5000,0.0000,0.5000,0.0000
0.5000,0.0000,0.5000,0.0000
0.5000,0.0000,0.5000,0.0000
0.5000,0.0000,0.5000,0.0000
0.5000,0.0000,0.5000,0.0000
0.5000,0.0000,0.5000,0.0000
0.5000,0.0000,0.5000,0.0000
0.5000,0.0000,0.5000,0.0000
0.5000,0.0000,0.5000,0.0000
0.5000,0.0000,0.5000,0.0000
0.5000,0.0000,0.5000,0.0000
0.5000,0.0000,0.5000,0.0000
0.5000,0.0000,0.5000,0.0000
0.5000,0.0000,0.5000,0.0000
0.5000,0.0000,0.5000,0.0000
0.5000,0.0000,0.5000,0.0000
0.5000,0.0000,0.5000,0.0000
0.5000,0.0000,0.5000,0.0000
0.5000,0.0000,0.5000,0.0000
0.5000,0.0000,0.5000,0.0000
0.5000,0.0000,0.5000,0.0000
0.5000,0.0000,0.5000,0.0000
0.5000,0.0000,0.5000,0.0000
0.5000,0.0000,0.5000,0.0000
0.5000,0.0000,0.5000,0.0000
0.5000,0.0000,0.5000,0.0000
0.5000,0.0000,0.5000,0.0000
0.5000,0.0000,0.5000,0.0000
0.5000,0.0000,0.5000,0.0000
0.5000,0.0000,0.5000,0.0000
0.5000,0.0000,0.5000,0.0000
0.5000,0.0000,0.5000,0.0000
0.5000,0.0000,0.5000,0.0000
0.5000,0.0000,0.5000,0.0000
0.5000,0.0000,0.5000,0.0000
0.5000,0.0000,0.5000,0.0000
0.5000,0.0000,0.5000,0.0000
0.5000,0.0000,0.5000,0.0000
0.5000,0.0000,0.5000,0.0000
0.5000,0.0000,0.5000,0.0000
0.5000,0.0000,0.5000,0.0000
0.5000,0.0000,0.5000,0.0000
0.5000,0.0000,0.5000,0.0000
0.5000,0.0000,0.5000,0.0000
0.5000,0.0000,0.5000,0.0000
0.5000,0.0000,0.5000,0.0000
0.5000,0.0000,0.5000,0.0000
0.5000,0.0000,0.5000,0.0000
0.5000,0.0000,0.5000,0.0000
0.5000,0.0000,0.5000,0.0000
0.5000,0.0000,0.5000,0.0000
0.5000,0.0000,0.5000,0.0000
0.5000,0.0000,0.5000,0.0000
0.5000,0.0000,0.5000,0.0000
0.5000,0.0000,0.5000,0.0000
0.5000,0.0000,0.5000,0.0000
0.5000,0.0000,0.5000,0.0000
0.5000,0.0000,0.5000,0.0000
0.5000,0.0000,0.5000,0.0000
0.5000,0.0000,0.5000,0.0000
0.5000,0.0000,0.5000,0.0000
0.5000,0.0000,0.5000,0.0000
0.5000,0.0000,0.5000,0.0000
0.5000,0.0000,0.5000,0.0000
0.5000,0.0000,0.5000,0.0000
0.5000,0.0000,0.5000,0.0000
0.5000,0.0000,0.5000,0.0000
0.5000,0.0000,0.5000,0.0000
0.5000,0.0000,0.5000,0.0000
0.5000,0.0000,0.5000,0.0000
0.5000,0.0000,0.5000,0.0000
0.5000,0.0000,0.5000,0.0000
0.5000,0.0000,0.5000,0.0000
0.5000,0.0000,0.5000,0.0000
0.5000,0.0000,0.5000,0.0000
0.5000,0.0000,0.5000,0.0000
0.5000,0.0000,0.5000,0.0000
0.5000,0.0000,0.5000,0.0000
0.5000,0.0000,0.5000,0.0000
0.5000,0.0000,0.5000,0.0000
0.5000,0.0000,0.5000,0.0000
0.5000,0.0000,0.5000,0.0000
0.5000,0.0000,0.5000,0.0000
0.5000,0.0000,0.5000,0.0000
0.5000,0.0000,0.5000,0.0000
0.5000,0.0000,0.5000,0.0000
0.5000,0.0000,0.5000,0.0000
0.5000,0.0000,0.5000,0.0000
4.1098,0.0000,4.0941,-0.3920
4.0941,-0.3920,4.0628,-0.7840
4.0628,-0.7840,4.0157,-1.1760
4.0157,-1.1760,3.9530,-1.5680
3.9530,-1.5680,3.8746,-1.9600
3.8746,-1.9600,3.7805,-2.3520
3.7805,-2.3520,3.6708,-2.7440
3.6708,-2.7440,3.5453,-3.1360
3.5453,-3.1360,3.4042,-3.5280
3.4042,-3.5280,3.2474,-3.9200
3.2474,-3.9200,3.0749,-4.3120
3.0749,-4.3120,2.8868,-4.7040
2.8868,-4.7040,2.6829,-5.0960
2.6829,-5.0960,2.4634,-5.4880
2.4634,-5.4880,2.2282,-5.8800
2.2282,-5.8800,1.9773,-6.2720
1.9773,-6.2720,1.7108,-6.6640
1.7108,-6.6640,1.4285,-7.0560
1.4285,-7.0560,1.1306,-7.4480
1.1306,-7.4480,0.8170,-7.8400
0.8170,-7.8400,0.5000,4.9392
0.5000,4.9392,0.6819,4.5472
0.6819,4.5472,0.8481,4.1552
0.8481,4.1552,0.9986,3.7632
0.9986,3.7632,1.1335,3.3712
1.1335,3.3712,1.2526,2.9792
1.2526,2.9792,1.3561,2.5872
1.3561,2.5872,1.4439,2.1952
1.4439,2.1952,1.5161,1.8032
1.5161,1.8032,1.5725,1.4112
1.5725,1.4112,1.6133,1.0192
1.6133,1.0192,1.6384,0.6272
1.6384,0.6272,1.6478,0.2352
1.6478,0.2352,1.6415,-0.1568
1.6415,-0.1568,1.6196,-0.5488
1.6196,-0.5488,1.5819,-0.9408
1.5819,-0.9408,1.5286,-1.3328
1.5286,-1.3328,1.4596,-1.7248
1.4596,-1.7248,1.3749,-2.1168
1.3749,-2.1168,1.2746,-2.5088
1.2746,-2.5088,1.1586,-2.9008
1.1586,-2.9008,1.0268,-3.2928
1.0268,-3.2928,0.8795,-3.6848
0.8795,-3.6848,0.7164,-4.0768
0.7164,-4.0768,0.5376,-4.4688
0.5376,-4.4688,0.5000,2.9165
0.5000,2.9165,0.6010,2.5245
0.6010,2.5245,0.6863,2.1325
0.6863,2.1325,0.7559,1.7405
0.7559,1.7405,0.8098,1.3485
0.8098,1.3485,0.8481,0.9565
0.8481,0.9565,0.8707,0.5645
0.8707,0.5645,0.8776,0.1725
0.8776,0.1725,0.8688,-0.2195
0.8688,-0.2195,0.8443,-0.6115
0.8443,-0.6115,0.8042,-1.0035
0.8042,-1.0035,0.7484,-1.3955
0.7484,-1.3955,0.6769,-1.7875
0.6769,-1.7875,0.5897,-2.1795
0.5897,-2.1795,0.5000,1.5429
0.5000,1.5429,0.5460,1.1509
0.5460,1.1509,0.5764,0.7589
0.5764,0.7589,0.5911,0.3669
0.5911,0.3669,0.5901,-0.0251
0.5901,-0.0251,0.5734,-0.4171
0.5734,-0.4171,0.5410,-0.8091
0.5410,-0.8091,0.5000,0.7207
0.5000,0.7207,0.5131,0.3287
0.5131,0.3287,0.5106,-0.0633
0.5106,-0.0633,0.5000,0.0000
0.5000,0.0000,0.5000,0.0000
0.5000,0.0000,0.5000,0.0000
0.5000,0.0000,0.5000,0.0000
0.5000,0.0000,0.5000,0.0000
0.5000,0.0000,0.5000,0.0000
0.5000,0.0000,0.5000,0.0000
0.5000,0.0000,0.5000,0.0000
0.5000,0.0000,0.5000,0.0000
0.5000,0.0000,0.5000,0.0000
0.5000,0.0000,0.5000,0.0000
0.5000,0.0000,0.5000,0.0000
0.5000,0.0000,0.5000,0.0000
0.5000,0.0000,0.5000,0.0000
0.5000,0.0000,0.5000,0.0000
0.5000,0.0000,0.5000,0.0000
0.5000,0.0000,0.5000,0.0000
0.5000,0.0000,0.5000,0.0000
0.5000,0.0000,0.5000,0.0000
0.5000,0.0000,0.5000,0.0000
0.5000,0.0000,0.5000,0.0000
0.5000,0.0000,0.5000,0.0000
0.5000,0.0000,0.5000,0.0000
0.5000,0.0000,0.5000,0.0000
0.5000,0.0000,0.5000,0.0000
0.5000,0.0000,0.5000,0.0000
0.5000,0.0000,0.5000,0.0000
0.5000,0.0000,0.5000,0.0000
0.5000,0.0000,0.5000,0.0000
0.5000,0.0000,0.5000,0.0000
0.5000,0.0000,0.5000,0.0000
0.5000,0.0000,0.5000,0.0000
0.5000,0.0000,0.5000,0.0000
0.5000,0.0000,0.5000,0.0000
0.5000,0.0000,0.5000,0.0000
0.5000,0.0000,0.5000,0.0000
0.5000,0.0000,0.5000,0.0000
0.5000,0.0000,0.5000,0.0000
0.5000,0.0000,0.5000,0.0000
0.5000,0.0000,0.5000,0.0000
0.5000,0.0000,0.5000,0.0000
0.5000,0.0000,0.5000,0.0000
0.5000,0.0000,0.5000,0.0000
0.5000,0.0000,0.5000,0.0000
0.5000,0.0000,0.5000,0.0000
0.5000,0.0000,0.5000,0.0000
0.5000,0.0000,0.5000,0.0000
0.5000,0.0000,0.5000,0.0000
0.5000,0.0000,0.5000,0.0000
0.5000,0.0000,0.5000,0.0000
0.5000,0.0000,0.5000,0.0000
0.5000,0.0000,0.5000,0.0000
0.5000,0.0000,0.5000,0.0000
0.5000,0.0000,0.5000,0.0000
0.5000,0.0000,0.5000,0.0000
0.5000,0.0000,0.5000,0.0000
0.5000,0.0000,0.5000,0.0000
0.5000,0.0000,0.5000,0.0000
0.5000,0.0000,0.5000,0.0000
0.5000,0.0000,0.5000,0.0000
0.5000,0.0000,0.5000,0.0000
0.5000,0.0000,0.5000,0.0000
0.5000,0.0000,0.5000,0.0000
0.5000,0.0000,0.5000,0.0000
0.5000,0.0000,0.5000,0.0000
0.5000,0.0000,0.5000,0.0000
0.5000,0.0000,0.5000,0.0000
0.5000,0.0000,0.5000,0.0000
0.5000,0.0000,0.5000,0.0000
0.5000,0.0000,0.5000,0.0000
0.5000,0.0000,0.5000,0.0000
0.5000,0.0000,0.5000,0.0000
0.5000,0.0000,0.5000,0.0000
0.5000,0.0000,0.5000,0.0000
0.5000,0.0000,0.5000,0.0000
0.5000,0.0000,0.5000,0.0000
0.5000,0.0000,0.5000,0.0000
0.5000,0.0000,0.5000,0.0000
0.5000,0.0000,0.5000,0.0000
0.5000,0.0000,0.5000,0.0000
0.5000,0.0000,0.5000,0.0000
0.5000,0.0000,0.5000,0.0000
0.5000,0.0000,0.5000,0.0000
0.5000,0.0000,0.5000,0.0000
0.5000,0.0000,0.5000,0.0000
0.5000,0.0000,0.5000,0.0000
0.5000,0.0000,0.5000,0.0000
0.5000,0.0000,0.5000,0.0000
0.5000,0.0000,0.5000,0.0000
0.5000,0.0000,0.5000,0.0000
0.5000,0.0000,0.5000,0.0000
0.5000,0.0000,0.5000,0.0000
0.5000,0.0000,0.5000,0.0000
0.5000,0.0000,0.5000,0.0000
0.5000,0.0000,0.5000,0.0000
0.5000,0.0000,0.5000,0.0000
0.5000,0.0000,0.5000,0.0000
0.5000,0.0000,0.5000,0.0000
0.5000,0.0000,0.5000,0.0000
0.5000,0.0000,0.5000,0.0000
0.5000,0.0000,0.5000,0.0000
0.5000,0.0000,0.5000,0.0000
0.5000,0.0000,0.5000,0.0000
0.5000,0.0000,0.5000,0.0000
0.5000,0.0000,0.5000,0.0000
0.5000,0.0000,0.5000,0.0000
0.5000,0.0000,0.5000,0.0000
0.5000,0.0000,0.5000,0.0000
0.5000,0.0000,0.5000,0.0000
0.5000,0.0000,0.5000,0.0000
0.5000,0.0000,0.5000,0.0000
0.5000,0.0000,0.5000,0.0000
0.5000,0.0000,0.5000,0.0000
0.5000,0.0000,0.5000,0.0000
0.5000,0.0000,0.5000,0.0000
0.5000,0.0000,0.5000,0.0000
0.5000,0.0000,0.5000,0.0000
0.5000,0.0000,0.5000,0.0000
0.5000,0.0000,0.5000,0.0000
0.5000,0.0000,0.5000,0.0000
0.5000,0.0000,0.5000,0.0000
0.5000,0.0000,0.5000,0.0000
0.5000,0.0000,0.5000,0.0000
0.5000,0.0000,0.5000,0.0000
0.5000,0.0000,0.5000,0.0000
0.5000,0.0000,0.5000,0.0000
0.5000,0.0000,0.5000,0.0000
0.5000,0.0000,0.5000,0.0000
0.5000,0.0000,0.5000,0.0000
0.5000,0.0000,0.5000,0.0000
0.5000,0.0000,0.5000,0.0000
7.7822,0.0000,7.7665,-0.3920
7.7665,-0.3920,7.7351,-0.7840
7.7351,-0.7840,7.6881,-1.1760
7.6881,-1.1760,7.6254,-1.5680
7.6254,-1.5680,7.5470,-1.9600
7.5470,-1.9600,7.4529,-2.3520
7.4529,-2.3520,7.3431,-2.7440
7.3431,-2.7440,7.2177,-3.1360
7.2177,-3.1360,7.0766,-3.5280
7.0766,-3.5280,6.9198,-3.9200
6.9198,-3.9200,6.7473,-4.3120
6.7473,-4.3120,6.5591,-4.7040
6.5591,-4.7040,6.3553,-5.0960
6.3553,-5.0960,6.1358,-5.4880
6.1358,-5.4880,5.9006,-5.8800
5.9006,-5.8800,5.6497,-6.2720
5.6497,-6.2720,5.3831,-6.6640
5.3831,-6.6640,5.1009,-7.0560
5.1009,-7.0560,4.8030,-7.4480
4.8030,-7.4480,4.4894,-7.8400
4.4894,-7.8400,4.1601,-8.2320
4.1601,-8.2320,3.8151,-8.6240
3.8151,-8.6240,3.4545,-9.0160
3.4545,-9.0160,3.0782,-9.4080
3.0782,-9.4080,2.6862,-9.8000
2.6862,-9.8000,2.2785,-10.1920
2.2785,-10.1920,1.8551,-10.5840
1.8551,-10.5840,1.4161,-10.9760
1.4161,-10.9760,0.9614,-11.3680
0.9614,-11.3680,0.5000,7.0560
0.5000,7.0560,0.7666,6.6640
0.7666,6.6640,1.0174,6.2720
1.0174,6.2720,1.2526,5.8800
1.2526,5.8800,1.4722,5.4880
1.4722,5.4880,1.6760,5.0960
1.6760,5.0960,1.8642,4.7040
1.8642,4.7040,2.0366,4.3120
2.0366,4.3120,2.1934,3.9200
2.1934,3.9200,2.3346,3.5280
2.3346,3.5280,2.4600,3.1360
2.4600,3.1360,2.5698,2.7440
2.5698,2.7440,2.6638,2.3520
2.6638,2.3520,2.7422,1.9600
2.7422,1.9600,2.8050,1.5680
2.8050,1.5680,2.8520,1.1760
2.8520,1.1760,2.8834,0.7840
2.8834,0.7840,2.8990,0.3920
2.8990,0.3920,2.8990,-0.0000
2.8990,-0.0000,2.8834,-0.3920
2.8834,-0.3920,2.8520,-0.7840
2.8520,-0.7840,2.8050,-1.1760
2.8050,-1.1760,2.7422,-1.5680
2.7422,-1.5680,2.6638,-1.9600
2.6638,-1.9600,2.5698,-2.3520
2.5698,-2.3520,2.4600,-2.7440
2.4600,-2.7440,2.3346,-3.1360
2.3346,-3.1360,2.1934,-3.5280
2.1934,-3.5280,2.0366,-3.9200
2.0366,-3.9200,1.8642,-4.3120
1.8642,-4.3120,1.6760,-4.7040
1.6760,-4.7040,1.4722,-5.0960
1.4722,-5.0960,1.2526,-5.4880
1.2526,-5.4880,1.0174,-5.8800
1.0174,-5.8800,0.7666,-6.2720
0.7666,-6.2720,0.5000,3.9984
0.5000,3.9984,0.6443,3.6064
0.6443,3.6064,0.7728,3.2144
0.7728,3.2144,0.8857,2.8224
0.8857,2.8224,0.9829,2.4304
0.9829,2.4304,1.0645,2.0384
1.0645,2.0384,1.1303,1.6464
1.1303,1.6464,1.1805,1.2544
1.1805,1.2544,1.2150,0.8624
1.2150,0.8624,1.2338,0.4704
1.2338,0.4704,1.2370,0.0784
1.2370,0.0784,1.2244,-0.3136
1.2244,-0.3136,1.1962,-0.7056
1.1962,-0.7056,1.1523,-1.0976
1.1523,-1.0976,1.0927,-1.4896
1.0927,-1.4896,1.0174,-1.8816
1.0174,-1.8816,0.9265,-2.2736
0.9265,-2.2736,0.8199,-2.6656
0.8199,-2.6656,0.6976,-3.0576
0.6976,-3.0576,0.5596,-3.4496
0.5596,-3.4496,0.5000,2.3050
0.5000,2.3050,0.5765,1.9130
0.5765,1.9130,0.6374,1.5210
0.6374,1.5210,0.6825,1.1290
0.6825,1.1290,0.7120,0.7370
0.7120,0.7370,0.7258,0.3450
0.7258,0.3450,0.7239,-0.0470
0.7239,-0.0470,0.7063,-0.4390
0.7063,-0.4390,0.6731,-0.8310
0.6731,-0.8310,0.6242,-1.2230
0.6242,-1.2230,0.5596,-1.6150
0.5596,-1.6150,0.5000,1.2042
0.5000,1.2042,0.5325,0.8122
0.5325,0.8122,0.5493,0.4202
0.5493,0.4202,0.5504,0.0282
0.5504,0.0282,0.5359,-0.3638
0.5359,-0.3638,0.5056,-0.7558
0.5056,-0.7558,0.5000,0.6887
0.5000,0.6887,0.5119,0.2967
0.5119,0.2967,0.5081,-0.0953
0.5081,-0.0953,0.5000,0.0000
0.5000,0.0000,0.5000,0.0000
0.5000,0.0000,0.5000,0.0000
0.5000,0.0000,0.5000,0.0000
0.5000,0.0000,0.5000,0.0000
0.5000,0.0000,0.5000,0.0000
0.5000,0.0000,0.5000,0.0000
0.5000,0.0000,0.5000,0.0000
0.5000,0.0000,0.5000,0.0000
0.5000,0.0000,0.5000,0.0000
0.5000,0.0000,0.5000,0.0000
0.5000,0.0000,0.5000,0.0000
0.5000,0.0000,0.5000,0.0000
0.5000,0.0000,0.5000,0.0000
0.5000,0.0000,0.5000,0.0000
0.5000,0.0000,0.5000,0.0000
0.5000,0.0000,0.5000,0.0000
0.5000,0.0000,0.5000,0.0000
0.5000,0.0000,0.5000,0.0000
0.5000,0.0000,0.5000,0.0000
0.5000,0.0000,0.5000,0.0000
0.5000,0.0000,0.5000,0.0000
0.5000,0.0000,0.5000,0.0000
0.5000,0.0000,0.5000,0.0000
0.5000,0.0000,0.5000,0.0000
0.5000,0.0000,0.5000,0.0000
0.5000,0.0000,0.5000,0.0000
0.5000,0.0000,0.5000,0.0000
0.5000,0.0000,0.5000,0.0000
0.5000,0.0000,0.5000,0.0000
0.5000,0.0000,0.5000,0.0000
0.5000,0.0000,0.5000,0.0000
0.5000,0.0000,0.5000,0.0000
0.5000,0.0000,0.5000,0.0000
0.5000,0.0000,0.5000,0.0000
0.5000,0.0000,0.5000,0.0000
0.5000,0.0000,0.5000,0.0000
0.5000,0.0000,0.5000,0.0000
0.5000,0.0000,0.5000,0.0000
0.5000,0.0000,0.5000,0.0000
0.5000,0.0000,0.5000,0.0000
0.5000,0.0000,0.5000,0.0000
0.5000,0.0000,0.5000,0.0000
0.5000,0.0000,0.5000,0.0000
0.5000,0.0000,0.5000,0.0000
0.5000,0.0000,0.5000,0.0000
0.5000,0.0000,0.5000,0.0000
0.5000,0.0000,0.5000,0.0000
0.5000,0.0000,0.5000,0.0000
0.5000,0.0000,0.5000,0.0000
0.5000,0.0000,0.5000,0.0000
0.5000,0.0000,0.5000,0.0000
0.5000,0.0000,0.5000,0.0000
0.5000,0.0000,0.5000,0.0000
0.5000,0.0000,0.5000,0.0000
0.5000,0.0000,0.5000,0.0000
0.5000,0.0000,0.5000,0.0000
0.5000,0.0000,0.5000,0.0000
0.5000,0.0000,0.5000,0.0000
0.5000,0.0000,0.5000,0.0000
0.5000,0.0000,0.5000,0.0000
0.5000,0.0000,0.5000,0.0000
0.5000,0.0000,0.5000,0.0000
0.5000,0.0000,0.5000,0.0000
0.5000,0.0000,0.5000,0.0000
0.5000,0.0000,0.5000,0.0000
0.5000,0.0000,0.5000,0.0000
0.5000,0.0000,0.5000,0.0000
0.5000,0.0000,0.5000,0.0000
0.5000,0.0000,0.5000,0.0000
0.5000,0.0000,0.5000,0.0000
0.5000,0.0000,0.5000,0.0000
0.5000,0.0000,0.5000,0.0000
0.5000,0.0000,0.5000,0.0000
0.5000,0.0000,0.5000,0.0000
0.5000,0.0000,0.5000,0.0000
0.5000,0.0000,0.5000,0.0000
0.5000,0.0000,0.5000,0.0000
0.5000,0.0000,0.5000,0.0000
0.5000,0.0000,0.5000,0.0000
0.5000,0.0000,0.5000,0.0000
0.5000,0.0000,0.5000,0.0000
0.5000,0.0000,0.5000,0.0000
0.5000,0.0000,0.5000,0.0000
0.5000,0.0000,0.5000,0.0000
0.5000,0.0000,0.5000,0.0000
0.5000,0.0000,0.5000,0.0000
0.5000,0.0000,0.5000,0.0000
0.5000,0.0000,0.5000,0.0000
0.5000,0.0000,0.5000,0.0000
0.5000,0.0000,0.5000,0.0000
0.5000,0.0000,0.5000,0.0000
0.5000,0.0000,0.5000,0.0000
0.5000,0.0000,0.5000,0.0000
0.5000,0.0000,0.5000,0.0000
0.5000,0.0000,0.5000,0.0000
2.5706,0.0000,2.5549,-0.3920
2.5549,-0.3920,2.5236,-0.7840
2.5236,-0.7840,2.4765,-1.1760
2.4765,-1.1760,2.4138,-1.5680
2.4138,-1.5680,2.3354,-1.9600
2.3354,-1.9600,2.2413,-2.3520
2.2413,-2.3520,2.1316,-2.7440
2.1316,-2.7440,2.0061,-3.1360
2.0061,-3.1360,1.8650,-3.5280
1.8650,-3.5280,1.7082,-3.9200
1.7082,-3.9200,1.5357,-4.3120
1.5357,-4.3120,1.3476,-4.7040
1.3476,-4.7040,1.1437,-5.0960
1.1437,-5.0960,0.9242,-5.4880
0.9242,-5.4880,0.6890,-5.8800
0.6890,-5.8800,0.5000,3.7632
0.5000,3.7632,0.6348,3.3712
0.6348,3.3712,0.7540,2.9792
0.7540,2.9792,0.8575,2.5872
0.8575,2.5872,0.9453,2.1952
0.9453,2.1952,1.0174,1.8032
1.0174,1.8032,1.0739,1.4112
1.0739,1.4112,1.1147,1.0192
1.1147,1.0192,1.1397,0.6272
1.1397,0.6272,1.1492,0.2352
1.1492,0.2352,1.1429,-0.1568
1.1429,-0.1568,1.1209,-0.5488
1.1209,-0.5488,1.0833,-0.9408
1.0833,-0.9408,1.0300,-1.3328
1.0300,-1.3328,0.9610,-1.7248
0.9610,-1.7248,0.8763,-2.1168
0.8763,-2.1168,0.7760,-2.5088
0.7760,-2.5088,0.6599,-2.9008
0.6599,-2.9008,0.5282,-3.2928
0.5282,-3.2928,0.5000,2.2109
0.5000,2.2109,0.5728,1.8189
0.5728,1.8189,0.6298,1.4269
0.6298,1.4269,0.6712,1.0349
0.6712,1.0349,0.6969,0.6429
0.6969,0.6429,0.7070,0.2509
0.7070,0.2509,0.7013,-0.1411
0.7013,-0.1411,0.6800,-0.5331
0.6800,-0.5331,0.6430,-0.9251
0.6430,-0.9251,0.5903,-1.3171
0.5903,-1.3171,0.5220,-1.7091
0.5220,-1.7091,0.5000,1.2607
0.5000,1.2607,0.5347,0.8687
0.5347,0.8687,0.5538,0.4767
0.5538,0.4767,0.5572,0.0847
0.5572,0.0847,0.5449,-0.3073
0.5449,-0.3073,0.5169,-0.6993
0.5169,-0.6993,0.5000,0.6548
0.5000,0.6548,0.5105,0.2628
0.5105,0.2628,0.5053,-0.1292
0.5053,-0.1292,0.5000,0.0000
0.5000,0.0000,0.5000,0.0000
0.5000,0.0000,0.5000,0.0000
0.5000,0.0000,0.5000,0.0000
0.5000,0.0000,0.5000,0.0000
0.5000,0.0000,0.5000,0.0000
0.5000,0.0000,0.5000,0.0000
0.5000,0.0000,0.5000,0.0000
0.5000,0.0000,0.5000,0.0000
0.5000,0.0000,0.5000,0.0000
0.5000,0.0000,0.5000,0.0000
0.5000,0.0000,0.5000,0.0000
0.5000,0.0000,0.5000,0.0000
0.5000,0.0000,0.5000,0.0000
0.5000,0.0000,0.5000,0.0000
0.5000,0.0000,0.5000,0.0000
0.5000,0.0000,0.5000,0.0000
0.5000,0.0000,0.5000,0.0000
0.5000,0.0000,0.5000,0.0000
0.5000,0.0000,0.5000,0.0000
0.5000,0.0000,0.5000,0.0000
0.5000,0.0000,0.5000,0.0000
0.5000,0.0000,0.5000,0.0000
0.5000,0.0000,0.5000,0.0000
0.5000,0.0000,0.5000,0.0000
0.5000,0.0000,0.5000,0.0000
0.5000,0.0000,0.5000,0.0000
0.5000,0.0000,0.5000,0.0000
0.5000,0.0000,0.5000,0.0000
0.5000,0.0000,0.5000,0.0000
0.5000,0.0000,0.5000,0.0000
0.5000,0.0000,0.5000,0.0000
0.5000,0.0000,0.5000,0.0000
0.5000,0.0000,0.5000,0.0000
0.5000,0.0000,0.5000,0.0000
0.5000,0.0000,0.5000,0.0000
0.5000,0.0000,0.5000,0.0000
0.5000,0.0000,0.5000,0.0000
0.5000,0.0000,0.5000,0.0000
0.5000,0.0000,0.5000,0.0000
0.5000,0.0000,0.5000,0.0000
0.5000,0.0000,0.5000,0.0000
0.5000,0.0000,0.5000,0.0000
0.5000,0.0000,0.5000,0.0000
0.5000,0.0000,0.5000,0.0000
0.5000,0.0000,0.5000,0.0000
0.5000,0.0000,0.5000,0.0000
0.5000,0.0000,0.5000,0.0000
0.5000,0.0000,0.5000,0.0000
0.5000,0.0000,0.5000,0.0000
0.5000,0.0000,0.5000,0.0000
0.5000,0.0000,0.5000,0.0000
0.5000,0.0000,0.5000,0.0000
0.5000,0.0000,0.5000,0.0000
0.5000,0.0000,0.5000,0.0000
0.5000,0.0000,0.5000,0.0000
0.5000,0.0000,0.5000,0.0000
0.5000,0.0000,0.5000,0.0000
0.5000,0.0000,0.5000,0.0000
0.5000,0.0000,0.5000,0.0000
0.5000,0.0000,0.5000,0.0000
0.5000,0.0000,0.5000,0.0000
0.5000,0.0000,0.5000,0.0000
0.5000,0.0000,0.5000,0.0000
0.5000,0.0000,0.5000,0.0000
0.5000,0.0000,0.5000,0.0000
0.5000,0.0000,0.5000,0.0000
0.5000,0.0000,0.5000,0.0000
0.5000,0.0000,0.5000,0.0000
0.5000,0.0000,0.5000,0.0000
0.5000,0.0000,0.5000,0.0000
0.5000,0.0000,0.5000,0.0000
0.5000,0.0000,0.5000,0.0000
0.5000,0.0000,0.5000,0.0000
0.5000,0.0000,0.5000,0.0000
0.5000,0.0000,0.5000,0.0000
0.5000,0.0000,0.5000,0.0000
0.5000,0.0000,0.5000,0.0000
0.5000,0.0000,0.5000,0.0000
0.5000,0.0000,0.5000,0.0000
0.5000,0.0000,0.5000,0.0000
0.5000,0.0000,0.5000,0.0000
0.5000,0.0000,0.5000,0.0000
0.5000,0.0000,0.5000,0.0000
0.5000,0.0000,0.5000,0.0000
0.5000,0.0000,0.5000,0.0000
0.5000,0.0000,0.5000,0.0000
0.5000,0.0000,0.5000,0.0000
0.5000,0.0000,0.5000,0.0000
0.5000,0.0000,0.5000,0.0000
0.5000,0.0000,0.5000,0.0000
0.5000,0.0000,0.5000,0.0000
0.5000,0.0000,0.5000,0.0000
0.5000,0.0000,0.5000,0.0000
0.5000,0.0000,0.5000,0.0000
0.5000,0.0000,0.5000,0.0000
0.5000,0.0000,0.5000,0.0000
0.5000,0.0000,0.5000,0.0000
0.5000,0.0000,0.5000,0.0000
0.5000,0.0000,0.5000,0.0000
0.5000,0.0000,0.5000,0.0000
0.5000,0.0000,0.5000,0.0000
0.5000,0.0000,0.5000,0.0000
0.5000,0.0000,0.5000,0.0000
0.5000,0.0000,0.5000,0.0000
0.5000,0.0000,0.5000,0.0000
0.5000,0.0000,0.5000,0.0000
0.5000,0.0000,0.5000,0.0000
0.5000,0.0000,0.5000,0.0000
0.5000,0.0000,0.5000,0.0000
0.5000,0.0000,0.5000,0.0000
0.5000,0.0000,0.5000,0.0000
0.5000,0.0000,0.5000,0.0000
0.5000,0.0000,0.5000,0.0000
0.5000,0.0000,0.5000,0.0000
0.5000,0.0000,0.5000,0.0000
0.5000,0.0000,0.5000,0.0000
0.5000,0.0000,0.5000,0.0000
0.5000,0.0000,0.5000,0.0000
0.5000,0.0000,0.5000,0.0000
0.5000,0.0000,0.5000,0.0000
0.5000,0.0000,0.5000,0.0000
0.5000,0.0000,0.5000,0.0000
0.5000,0.0000,0.5000,0.0000
0.5000,0.0000,0.5000,0.0000
0.5000,0.0000,0.5000,0.0000
0.5000,0.0000,0.5000,0.0000
0.5000,0.0000,0.5000,0.0000
0.5000,0.0000,0.5000,0.0000
0.5000,0.0000,0.5000,0.0000
0.5000,0.0000,0.5000,0.0000
0.5000,0.0000,0.5000,0.0000
0.5000,0.0000,0.5000,0.0000
0.5000,0.0000,0.5000,0.0000
0.5000,0.0000,0.5000,0.0000
0.5000,0.0000,0.5000,0.0000
0.5000,0.0000,0.5000,0.0000
0.5000,0.0000,0.5000,0.0000
0.5000,0.0000,0.5000,0.0000
0.5000,0.0000,0.5000,0.0000
0.5000,0.0000,0.5000,0.0000
0.5000,0.0000,0.5000,0.0000
0.5000,0.0000,0.5000,0.0000
0.5000,0.0000,0.5000,0.0000
0.5000,0.0000,0.5000,0.0000
0.5000,0.0000,0.5000,0.0000
3.0381,0.0000,3.0225,-0.3920
3.0225,-0.3920,2.9911,-0.7840
2.9911,-0.7840,2.9441,-1.1760
2.9441,-1.1760,2.8813,-1.5680
2.8813,-1.5680,2.8029,-1.9600
2.8029,-1.9600,2.7089,-2.3520
2.7089,-2.3520,2.5991,-2.7440
2.5991,-2.7440,2.4737,-3.1360
2.4737,-3.1360,2.3325,-3.5280
2.3325,-3.5280,2.1757,-3.9200
2.1757,-3.9200,2.0033,-4.3120
2.0033,-4.3120,1.8151,-4.7040
1.8151,-4.7040,1.6113,-5.0960
1.6113,-5.0960,1.3917,-5.4880
1.3917,-5.4880,1.1565,-5.8800
1.1565,-5.8800,0.9057,-6.2720
0.9057,-6.2720,0.6391,-6.6640
0.6391,-6.6640,0.5000,4.2336
0.5000,4.2336,0.6537,3.8416
0.6537,3.8416,0.7916,3.4496
0.7916,3.4496,0.9140,3.0576
0.9140,3.0576,1.0206,2.6656
1.0206,2.6656,1.1115,2.2736
1.1115,2.2736,1.1868,1.8816
1.1868,1.8816,1.2464,1.4896
1.2464,1.4896,1.2903,1.0976
1.2903,1.0976,1.3185,0.7056
1.3185,0.7056,1.3310,0.3136
1.3310,0.3136,1.3279,-0.0784
1.3279,-0.0784,1.3091,-0.4704
1.3091,-0.4704,1.2746,-0.8624
1.2746,-0.8624,1.2244,-1.2544
1.2244,-1.2544,1.1586,-1.6464
1.1586,-1.6464,1.0770,-2.0384
1.0770,-2.0384,0.9798,-2.4304
0.9798,-2.4304,0.8669,-2.8224
0.8669,-2.8224,0.7383,-3.2144
0.7383,-3.2144,0.5941,-3.6064
0.5941,-3.6064,0.5000,2.3990
0.5000,2.3990,0.5803,2.0070
0.5803,2.0070,0.6449,1.6150
0.6449,1.6150,0.6938,1.2230
0.6938,1.2230,0.7270,0.8310
0.7270,0.8310,0.7446,0.4390
0.7446,0.4390,0.7465,0.0470
0.7465,0.0470,0.7327,-0.3450
0.7327,-0.3450,0.7032,-0.7370
0.7032,-0.7370,0.6581,-1.1290
0.6581,-1.1290,0.5972,-1.5210
0.5972,-1.5210,0.5207,-1.9130
0.5207,-1.9130,0.5000,1.3830
0.5000,1.3830,0.5396,0.9910
0.5396,0.9910,0.5636,0.5990
0.5636,0.5990,0.5719,0.2070
0.5719,0.2070,0.5645,-0.1850
0.5645,-0.1850,0.5414,-0.5770
0.5414,-0.5770,0.5026,-0.9690
0.5026,-0.9690,0.5000,0.8166
0.5000,0.8166,0.5170,0.4246
0.5170,0.4246,0.5183,0.0326
0.5183,0.0326,0.5039,-0.3594
0.5039,-0.3594,0.5000,0.4508
0.5000,0.4508,0.5024,0.0588
0.5024,0.0588,0.5000,0.0000
0.5000,0.0000,0.5000,0.0000
0.5000,0.0000,0.5000,0.0000
0.5000,0.0000,0.5000,0.0000
0.5000,0.0000,0.5000,0.0000
0.5000,0.0000,0.5000,0.0000
0.5000,0.0000,0.5000,0.0000
0.5000,0.0000,0.5000,0.0000
0.5000,0.0000,0.5000,0.0000
0.5000,0.0000,0.5000,0.0000
0.5000,0.0000,0.5000,0.0000
0.5000,0.0000,0.5000,0.0000
0.5000,0.0000,0.5000,0.0000
0.5000,0.0000,0.5000,0.0000
0.5000,0.0000,0.5000,0.0000
0.5000,0.0000,0.5000,0.0000
0.5000,0.0000,0.5000,0.0000
0.5000,0.0000,0.5000,0.0000
0.5000,0.0000,0.5000,0.0000
0.5000,0.0000,0.5000,0.0000
0.5000,0.0000,0.5000,0.0000
0.5000,0.0000,0.5000,0.0000
0.5000,0.0000,0.5000,0.0000
0.5000,0.0000,0.5000,0.0000
0.5000,0.0000,0.5000,0.0000
0.5000,0.0000,0.5000,0.0000
0.5000,0.0000,0.5000,0.0000
0.5000,0.0000,0.5000,0.0000
0.5000,0.0000,0.5000,0.0000
0.5000,0.0000,0.5000,0.0000
0.5000,0.0000,0.5000,0.0000
0.5000,0.0000,0.5000,0.0000
0.5000,0.0000,0.5000,0.0000
0.5000,0.0000,0.5000,0.0000
0.5000,0.0000,0.5000,0.0000
0.5000,0.0000,0.5000,0.0000
0.5000,0.0000,0.5000,0.0000
0.5000,0.0000,0.5000,0.0000
0.5000,0.0000,0.5000,0.0000
0.5000,0.0000,0.5000,0.0000
0.5000,0.0000,0.5000,0.0000
0.5000,0.0000,0.5000,0.0000
0.5000,0.0000,0.5000,0.0000
0.5000,0.0000,0.5000,0.0000
0.5000,0.0000,0.5000,0.0000
0.5000,0.0000,0.5000,0.0000
0.5000,0.0000,0.5000,0.0000
0.5000,0.0000,0.5000,0.0000
0.5000,0.0000,0.5000,0.0000
0.5000,0.0000,0.5000,0.0000
0.5000,0.0000,0.5000,0.0000
0.5000,0.0000,0.5000,0.0000
0.5000,0.0000,0.5000,0.0000
0.5000,0.0000,0.5000,0.0000
0.5000,0.0000,0.5000,0.0000
0.5000,0.0000,0.5000,0.0000
0.5000,0.0000,0.5000,0.0000
0.5000,0.0000,0.5000,0.0000
0.5000,0.0000,0.5000,0.0000
0.5000,0.0000,0.5000,0.0000
0.5000,0.0000,0.5000,0.0000
0.5000,0.0000,0.5000,0.0000
0.5000,0.0000,0.5000,0.0000
0.5000,0.0000,0.5000,0.0000
0.5000,0.0000,0.5000,0.0000
0.5000,0.0000,0.5000,0.0000
0.5000,0.0000,0.5000,0.0000
0.5000,0.0000,0.5000,0.0000
0.5000,0.0000,0.5000,0.0000
0.5000,0.0000,0.5000,0.0000
0.5000,0.0000,0.5000,0.0000
0.5000,0.0000,0.5000,0.0000
0.5000,0.0000,0.5000,0.0000
0.5000,0.0000,0.5000,0.0000
0.5000,0.0000,0.5000,0.0000
0.5000,0.0000,0.5000,0.0000
0.5000,0.0000,0.5000,0.0000
0.5000,0.0000,0.5000,0.0000
0.5000,0.0000,0.5000,0.0000
0.5000,0.0000,0.5000,0.0000
0.5000,0.0000,0.5000,0.0000
0.5000,0.0000,0.5000,0.0000
0.5000,0.0000,0.5000,0.0000
0.5000,0.0000,0.5000,0.0000
0.5000,0.0000,0.5000,0.0000
0.5000,0.0000,0.5000,0.0000
0.5000,0.0000,0.5000,0.0000
0.5000,0.0000,0.5000,0.0000
0.5000,0.0000,0.5000,0.0000
0.5000,0.0000,0.5000,0.0000
0.5000,0.0000,0.5000,0.0000
0.5000,0.0000,0.5000,0.0000
0.5000,0.0000,0.5000,0.0000
0.5000,0.0000,0.5000,0.0000
0.5000,0.0000,0.5000,0.0000
0.5000,0.0000,0.5000,0.0000
0.5000,0.0000,0.5000,0.0000
0.5000,0.0000,0.5000,0.0000
0.5000,0.0000,0.5000,0.0000
0.5000,0.0000,0.5000,0.0000
0.5000,0.0000,0.5000,0.0000
0.5000,0.0000,0.5000,0.0000
0.5000,0.0000,0.5000,0.0000
0.5000,0.0000,0.5000,0.0000
0.5000,0.0000,0.5000,0.0000
0.5000,0.0000,0.5000,0.0000
0.5000,0.0000,0.5000,0.0000
0.5000,0.0000,0.5000,0.0000
0.5000,0.0000,0.5000,0.0000
0.5000,0.0000,0.5000,0.0000
0.5000,0.0000,0.5000,0.0000
0.5000,0.0000,0.5000,0.0000
0.5000,0.0000,0.5000,0.0000
0.5000,0.0000,0.5000,0.0000
0.5000,0.0000,0.5000,0.0000
0.5000,0.0000,0.5000,0.0000
0.5000,0.0000,0.5000,0.0000
0.5000,0.0000,0.5000,0.0000
0.5000,0.0000,0.5000,0.0000
0.5000,0.0000,0.5000,0.0000
0.5000,0.0000,0.5000,0.0000
0.5000,0.0000,0.5000,0.0000
0.5000,0.0000,0.5000,0.0000
0.5000,0.0000,0.5000,0.0000
0.5000,0.0000,0.5000,0.0000
0.5000,0.0000,0.5000,0.0000
0.5000,0.0000,0.5000,0.0000
0.5000,0.0000,0.5000,0.0000
0.5000,0.0000,0.5000,0.0000
0.5000,0.0000,0.5000,0.0000
0.5000,0.0000,0.5000,0.0000
0.5000,0.0000,0.5000,0.0000
0.5000,0.0000,0.5000,0.0000
0.5000,0.0000,0.5000,0.0000
0.5000,0.0000,0.5000,0.0000
0.5000,0.0000,0.5000,0.0000
0.5000,0.0000,0.5000,0.0000
6.5282,0.0000,6.5125,-0.3920
6.5125,-0.3920,6.4812,-0.7840
6.4812,-0.7840,6.4341,-1.1760
6.4341,-1.1760,6.3714,-1.5680
6.3714,-1.5680,6.2930,-1.9600
6.2930,-1.9600,6.1989,-2.3520
6.1989,-2.3520,6.0892,-2.7440
6.0892,-2.7440,5.9637,-3.1360
5.9637,-3.1360,5.8226,-3.5280
5.8226,-3.5280,5.6658,-3.9200
5.6658,-3.9200,5.4933,-4.3120
5.4933,-4.3120,5.3052,-4.7040
5.3052,-4.7040,5.1013,-5.0960
5.1013,-5.0960,4.8818,-5.4880
4.8818,-5.4880,4.6466,-5.8800
4.6466,-5.8800,4.3957,-6.2720
4.3957,-6.2720,4.1292,-6.6640
4.1292,-6.6640,3.8469,-7.0560
3.8469,-7.0560,3.5490,-7.4480
3.5490,-7.4480,3.2354,-7.8400
3.2354,-7.8400,2.9061,-8.2320
2.9061,-8.2320,2.5612,-8.6240
2.5612,-8.6240,2.2005,-9.0160
2.2005,-9.0160,1.8242,-9.4080
1.8242,-9.4080,1.4322,-9.8000
1.4322,-9.8000,1.0245,-10.1920
1.0245,-10.1920,0.6012,-10.5840
0.6012,-10.5840,0.5000,6.5856
0.5000,6.5856,0.7477,6.1936
0.7477,6.1936,0.9798,5.8016
0.9798,5.8016,1.1962,5.4096
1.1962,5.4096,1.3969,5.0176
1.3969,5.0176,1.5819,4.6256
1.5819,4.6256,1.7513,4.2336
1.7513,4.2336,1.9049,3.8416
1.9049,3.8416,2.0429,3.4496
2.0429,3.4496,2.1652,3.0576
2.1652,3.0576,2.2718,2.6656
2.2718,2.6656,2.3628,2.2736
2.3628,2.2736,2.4380,1.8816
2.4380,1.8816,2.4976,1.4896
2.4976,1.4896,2.5415,1.0976
2.5415,1.0976,2.5698,0.7056
2.5698,0.7056,2.5823,0.3136
2.5823,0.3136,2.5792,-0.0784
2.5792,-0.0784,2.5604,-0.4704
2.5604,-0.4704,2.5259,-0.8624
2.5259,-0.8624,2.4757,-1.2544
2.4757,-1.2544,2.4098,-1.6464
2.4098,-1.6464,2.3283,-2.0384
2.3283,-2.0384,2.2311,-2.4304
2.2311,-2.4304,2.1182,-2.8224
2.1182,-2.8224,1.9896,-3.2144
1.9896,-3.2144,1.8453,-3.6064
1.8453,-3.6064,1.6854,-3.9984
1.6854,-3.9984,1.5098,-4.3904
1.5098,-4.3904,1.3185,-4.7824
1.3185,-4.7824,1.1115,-5.1744
1.1115,-5.1744,0.8889,-5.5664
0.8889,-5.5664,0.6505,-5.9584
0.6505,-5.9584,0.5000,3.8102
0.5000,3.8102,0.6367,3.4182
0.6367,3.4182,0.7578,3.0262
0.7578,3.0262,0.8631,2.6342
0.8631,2.6342,0.9528,2.2422
0.9528,2.2422,1.0268,1.8502
1.0268,1.8502,1.0852,1.4582
1.0852,1.4582,1.1278,1.0662
1.1278,1.0662,1.1548,0.6742
1.1548,0.6742,1.1661,0.2822
1.1661,0.2822,1.1617,-0.1098
1.1617,-0.1098,1.1416,-0.5018
1.1416,-0.5018,1.1059,-0.8938
1.1059,-0.8938,1.0544,-1.2858
1.0544,-1.2858,0.9873,-1.6778
0.9873,-1.6778,0.9045,-2.0698
0.9045,-2.0698,0.8061,-2.4618
0.8061,-2.4618,0.6919,-2.8538
0.6919,-2.8538,0.5621,-3.2458
0.5621,-3.2458,0.5000,2.1827
0.5000,2.1827,0.5716,1.7907
0.5716,1.7907,0.6276,1.3987
0.6276,1.3987,0.6678,1.0067
0.6678,1.0067,0.6924,0.6147
0.6924,0.6147,0.7013,0.2227
0.7013,0.2227,0.6946,-0.1693
0.6946,-0.1693,0.6721,-0.5613
0.6721,-0.5613,0.6340,-0.9533
0.6340,-0.9533,0.5802,-1.3453
0.5802,-1.3453,0.5107,-1.7373
0.5107,-1.7373,0.5000,1.2776
0.5000,1.2776,0.5354,0.8856
0.5354,0.8856,0.5552,0.4936
0.5552,0.4936,0.5592,0.1016
0.5592,0.1016,0.5476,-0.2904
0.5476,-0.2904,0.5203,-0.6824
0.5203,-0.6824,0.5000,0.6446
0.5000,0.6446,0.5101,0.2526
0.5101,0.2526,0.5045,-0.1394
0.5045,-0.1394,0.5000,0.0000
0.5000,0.0000,0.5000,0.0000
0.5000,0.0000,0.5000,0.0000
0.5000,0.0000,0.5000,0.0000
0.5000,0.0000,0.5000,0.0000
0.5000,0.0000,0.5000,0.0000
0.5000,0.0000,0.5000,0.0000
0.5000,0.0000,0.5000,0.0000
0.5000,0.0000,0.5000,0.0000
0.5000,0.0000,0.5000,0.0000
0.5000,0.0000,0.5000,0.0000
0.5000,0.0000,0.5000,0.0000
0.5000,0.0000,0.5000,0.0000
0.5000,0.0000,0.5000,0.0000
0.5000,0.0000,0.5000,0.0000
0.5000,0.0000,0.5000,0.0000
0.5000,0.0000,0.5000,0.0000
0.5000,0.0000,0.5000,0.0000
0.5000,0.0000,0.5000,0.0000
0.5000,0.0000,0.5000,0.0000
0.5000,0.0000,0.5000,0.0000
0.5000,0.0000,0.5000,0.0000
0.5000,0.0000,0.5000,0.0000
0.5000,0.0000,0.5000,0.0000
0.5000,0.0000,0.5000,0.0000
0.5000,0.0000,0.5000,0.0000
0.5000,0.0000,0.5000,0.0000
0.5000,0.0000,0.5000,0.0000
0.5000,0.0000,0.5000,0.0000
0.5000,0.0000,0.5000,0.0000
0.5000,0.0000,0.5000,0.0000
0.5000,0.0000,0.5000,0.0000
0.5000,0.0000,0.5000,0.0000
0.5000,0.0000,0.5000,0.0000
0.5000,0.0000,0.5000,0.0000
0.5000,0.0000,0.5000,0.0000
0.5000,0.0000,0.5000,0.0000
0.5000,0.0000,0.5000,0.0000
0.5000,0.0000,0.5000,0.0000
0.5000,0.0000,0.5000,0.0000
0.5000,0.0000,0.5000,0.0000
0.5000,0.0000,0.5000,0.0000
0.5000,0.0000,0.5000,0.0000
0.5000,0.0000,0.5000,0.0000
0.5000,0.0000,0.5000,0.0000
0.5000,0.0000,0.5000,0.0000
0.5000,0.0000,0.5000,0.0000
0.5000,0.0000,0.5000,0.0000
0.5000,0.0000,0.5000,0.0000
0.5000,0.0000,0.5000,0.0000
0.5000,0.0000,0.5000,0.0000
0.5000,0.0000,0.5000,0.0000
0.5000,0.0000,0.5000,0.0000
0.5000,0.0000,0.5000,0.0000
0.5000,0.0000,0.5000,0.0000
0.5000,0.0000,0.5000,0.0000
0.5000,0.0000,0.5000,0.0000
0.5000,0.0000,0.5000,0.0000
0.5000,0.0000,0.5000,0.0000
0.5000,0.0000,0.5000,0.0000
0.5000,0.0000,0.5000,0.0000
0.5000,0.0000,0.5000,0.0000
0.5000,0.0000,0.5000,0.0000
0.5000,0.0000,0.5000,0.0000
0.5000,0.0000,0.5000,0.0000
0.5000,0.0000,0.5000,0.0000
0.5000,0.0000,0.5000,0.0000
0.5000,0.0000,0.5000,0.0000
0.5000,0.0000,0.5000,0.0000
0.5000,0.0000,0.5000,0.0000
0.5000,0.0000,0.5000,0.0000
0.5000,0.0000,0.5000,0.0000
0.5000,0.0000,0.5000,0.0000
0.5000,0.0000,0.5000,0.0000
0.5000,0.0000,0.5000,0.0000
0.5000,0.0000,0.5000,0.0000
0.5000,0.0000,0.5000,0.0000
0.5000,0.0000,0.5000,0.0000
0.5000,0.0000,0.5000,0.0000
0.5000,0.0000,0.5000,0.0000
0.5000,0.0000,0.5000,0.0000
0.5000,0.0000,0.5000,0.0000
0.5000,0.0000,0.5000,0.0000
0.5000,0.0000,0.5000,0.0000
0.5000,0.0000,0.5000,0.0000
0.5000,0.0000,0.5000,0.0000
0.5000,0.0000,0.5000,0.0000
0.5000,0.0000,0.5000,0.0000
0.5000,0.0000,0.5000,0.0000
0.5000,0.0000,0.5000,0.0000
0.5000,0.0000,0.5000,0.0000
0.5000,0.0000,0.5000,0.0000
0.5000,0.0000,0.5000,0.0000
0.5000,0.0000,0.5000,0.0000
0.5000,0.0000,0.5000,0.0000
0.5000,0.0000,0.5000,0.0000
0.5000,0.0000,0.5000,0.0000
0.5000,0.0000,0.5000,0.0000
0.5000,0.0000,0.5000,0.0000
0.5000,0.0000,0.5000,0.0000
0.5000,0.0000,0.5000,0.0000
7.1240,0.0000,7.1083,-0.3920
7.1083,-0.3920,7.0769,-0.7840
7.0769,-0.7840,7.0299,-1.1760
7.0299,-1.1760,6.9672,-1.5680
6.9672,-1.5680,6.8888,-1.9600
6.8888,-1.9600,6.7947,-2.3520
6.7947,-2.3520,6.6849,-2.7440
6.6849,-2.7440,6.5595,-3.1360
6.5595,-3.1360,6.4184,-3.5280
6.4184,-3.5280,6.2616,-3.9200
6.2616,-3.9200,6.0891,-4.3120
6.0891,-4.3120,5.9009,-4.7040
5.9009,-4.7040,5.6971,-5.0960
5.6971,-5.0960,5.4776,-5.4880
5.4776,-5.4880,5.2424,-5.8800
5.2424,-5.8800,4.9915,-6.2720
4.9915,-6.2720,4.7249,-6.6640
4.7249,-6.6640,4.4427,-7.0560
4.4427,-7.0560,4.1448,-7.4480
4.1448,-7.4480,3.8312,-7.8400
3.8312,-7.8400,3.5019,-8.2320
3.5019,-8.2320,3.1569,-8.6240
3.1569,-8.6240,2.7963,-9.0160
2.7963,-9.0160,2.4200,-9.4080
2.4200,-9.4080,2.0280,-9.8000
2.0280,-9.8000,1.6203,-10.1920
1.6203,-10.1920,1.1969,-10.5840
1.1969,-10.5840,0.7579,-10.9760
0.7579,-10.9760,0.5000,6.8208
0.5000,6.8208,0.7572,6.4288
0.7572,6.4288,0.9986,6.0368
0.9986,6.0368,1.2244,5.6448
1.2244,5.6448,1.4345,5.2528
1.4345,5.2528,1.6290,4.8608
1.6290,4.8608,1.8077,4.4688
1.8077,4.4688,1.9708,4.0768
1.9708,4.0768,2.1182,3.6848
2.1182,3.6848,2.2499,3.2928
2.2499,3.2928,2.3659,2.9008
2.3659,2.9008,2.4663,2.5088
2.4663,2.5088,2.5509,2.1168
2.5509,2.1168,2.6199,1.7248
2.6199,1.7248,2.6732,1.3328
2.6732,1.3328,2.7109,0.9408
2.7109,0.9408,2.7328,0.5488
2.7328,0.5488,2.7391,0.1568
2.7391,0.1568,2.7297,-0.2352
2.7297,-0.2352,2.7046,-0.6272
2.7046,-0.6272,2.6638,-1.0192
2.6638,-1.0192,2.6074,-1.4112
2.6074,-1.4112,2.5353,-1.8032
2.5353,-1.8032,2.4475,-2.1952
2.4475,-2.1952,2.3440,-2.5872
2.3440,-2.5872,2.2248,-2.9792
2.2248,-2.9792,2.0900,-3.3712
2.0900,-3.3712,1.9394,-3.7632
1.9394,-3.7632,1.7732,-4.1552
1.7732,-4.1552,1.5913,-4.5472
1.5913,-4.5472,1.3938,-4.9392
1.3938,-4.9392,1.1805,-5.3312
1.1805,-5.3312,0.9516,-5.7232
0.9516,-5.7232,0.7070,-6.1152
0.7070,-6.1152,0.5000,3.9043
0.5000,3.9043,0.6405,3.5123
0.6405,3.5123,0.7653,3.1203
0.7653,3.1203,0.8744,2.7283
0.8744,2.7283,0.9679,2.3363
0.9679,2.3363,1.0457,1.9443
1.0457,1.9443,1.1078,1.5523
1.1078,1.5523,1.1542,1.1603
1.1542,1.1603,1.1849,0.7683
1.1849,0.7683,1.2000,0.3763
1.2000,0.3763,1.1993,-0.0157
1.1993,-0.0157,1.1830,-0.4077
1.1830,-0.4077,1.1510,-0.7997
1.1510,-0.7997,1.1034,-1.1917
1.1034,-1.1917,1.0400,-1.5837
1.0400,-1.5837,0.9610,-1.9757
0.9610,-1.9757,0.8663,-2.3677
0.8663,-2.3677,0.7559,-2.7597
0.7559,-2.7597,0.6298,-3.1517
0.6298,-3.1517,0.5000,2.1262
0.5000,2.1262,0.5694,1.7342
0.5694,1.7342,0.6231,1.3422
0.6231,1.3422,0.6611,0.9502
0.6611,0.9502,0.6834,0.5582
0.6834,0.5582,0.6900,0.1662
0.6900,0.1662,0.6810,-0.2258
0.6810,-0.2258,0.6563,-0.6178
0.6563,-0.6178,0.6159,-1.0098
0.6159,-1.0098,0.5598,-1.4018
0.5598,-1.4018,0.5000,1.0763
0.5000,1.0763,0.5274,0.6843
0.5274,0.6843,0.5391,0.2923
0.5391,0.2923,0.5351,-0.0997
0.5351,-0.0997,0.5154,-0.4917
0.5154,-0.4917,0.5000,0.5302
0.5000,0.5302,0.5055,0.1382
0.5055,0.1382,0.5000,0.0000
0.5000,0.0000,0.5000,0.0000
0.5000,0.0000,0.5000,0.0000
0.5000,0.0000,0.5000,0.0000
0.5000,0.0000,0.5000,0.0000
0.5000,0.0000,0.5000,0.0000
0.5000,0.0000,0.5000,0.0000
0.5000,0.0000,0.5000,0.0000
0.5000,0.0000,0.5000,0.0000
0.5000,0.0000,0.5000,0.0000
0.5000,0.0000,0.5000,0.0000
0.5000,0.0000,0.5000,0.0000
0.5000,0.0000,0.5000,0.0000
0.5000,0.0000,0.5000,0.0000
0.5000,0.0000,0.5000,0.0000
0.5000,0.0000,0.5000,0.0000
0.5000,0.0000,0.5000,0.0000
0.5000,0.0000,0.5000,0.0000
0.5000,0.0000,0.5000,0.0000
0.5000,0.0000,0.5000,0.0000
0.5000,0.0000,0.5000,0.0000
0.5000,0.0000,0.5000,0.0000
0.5000,0.0000,0.5000,0.0000
0.5000,0.0000,0.5000,0.0000
0.5000,0.0000,0.5000,0.0000
0.5000,0.0000,0.5000,0.0000
0.5000,0.0000,0.5000,0.0000
0.5000,0.0000,0.5000,0.0000
0.5000,0.0000,0.5000,0.0000
0.5000,0.0000,0.5000,0.0000
0.5000,0.0000,0.5000,0.0000
0.5000,0.0000,0.5000,0.0000
0.5000,0.0000,0.5000,0.0000
0.5000,0.0000,0.5000,0.0000
0.5000,0.0000,0.5000,0.0000
0.5000,0.0000,0.5000,0.0000
0.5000,0.0000,0.5000,0.0000
0.5000,0.0000,0.5000,0.0000
0.5000,0.0000,0.5000,0.0000
0.5000,0.0000,0.5000,0.0000
0.5000,0.0000,0.5000,0.0000
0.5000,0.0000,0.5000,0.0000
0.5000,0.0000,0.5000,0.0000
0.5000,0.0000,0.5000,0.0000
0.5000,0.0000,0.5000,0.0000
0.5000,0.0000,0.5000,0.0000
0.5000,0.0000,0.5000,0.0000
0.5000,0.0000,0.5000,0.0000
0.5000,0.0000,0.5000,0.0000
0.5000,0.0000,0.5000,0.0000
0.5000,0.0000,0.5000,0.0000
0.5000,0.0000,0.5000,0.0000
0.5000,0.0000,0.5000,0.0000
0.5000,0.0000,0.5000,0.0000
0.5000,0.0000,0.5000,0.0000
0.5000,0.0000,0.5000,0.0000
0.5000,0.0000,0.5000,0.0000
0.5000,0.0000,0.5000,0.0000
0.5000,0.0000,0.5000,0.0000
0.5000,0.0000,0.5000,0.0000
0.5000,0.0000,0.5000,0.0000
0.5000,0.0000,0.5000,0.0000
0.5000,0.0000,0.5000,0.0000
0.5000,0.0000,0.5000,0.0000
0.5000,0.0000,0.5000,0.0000
0.5000,0.0000,0.5000,0.0000
0.5000,0.0000,0.5000,0.0000
0.5000,0.0000,0.5000,0.0000
0.5000,0.0000,0.5000,0.0000
0.5000,0.0000,0.5000,0.0000
0.5000,0.0000,0.5000,0.0000
0.5000,0.0000,0.5000,0.0000
0.5000,0.0000,0.5000,0.0000
0.5000,0.0000,0.5000,0.0000
0.5000,0.0000,0.5000,0.0000
0.5000,0.0000,0.5000,0.0000
0.5000,0.0000,0.5000,0.0000
0.5000,0.0000,0.5000,0.0000
0.5000,0.0000,0.5000,0.0000
0.5000,0.0000,0.5000,0.0000
0.5000,0.0000,0.5000,0.0000
0.5000,0.0000,0.5000,0.0000
0.5000,0.0000,0.5000,0.0000
0.5000,0.0000,0.5000,0.0000
0.5000,0.0000,0.5000,0.0000
0.5000,0.0000,0.5000,0.0000
0.5000,0.0000,0.5000,0.0000
0.5000,0.0000,0.5000,0.0000
0.5000,0.0000,0.5000,0.0000
0.5000,0.0000,0.5000,0.0000
0.5000,0.0000,0.5000,0.0000
0.5000,0.0000,0.5000,0.0000
0.5000,0.0000,0.5000,0.0000
0.5000,0.0000,0.5000,0.0000
0.5000,0.0000,0.5000,0.0000
0.5000,0.0000,0.5000,0.0000
0.5000,0.0000,0.5000,0.0000
0.5000,0.0000,0.5000,0.0000
0.5000,0.0000,0.5000,0.0000
0.5000,0.0000,0.5000,0.0000
0.5000,0.0000,0.5000,0.0000
0.5000,0.0000,0.5000,0.0000
2.4199,0.0000,2.4042,-0.3920
2.4042,-0.3920,2.3729,-0.7840
2.3729,-0.7840,2.3258,-1.1760
2.3258,-1.1760,2.2631,-1.5680
2.2631,-1.5680,2.1847,-1.9600
2.1847,-1.9600,2.0906,-2.3520
2.0906,-2.3520,1.9809,-2.7440
1.9809,-2.7440,1.8554,-3.1360
1.8554,-3.1360,1.7143,-3.5280
1.7143,-3.5280,1.5575,-3.9200
1.5575,-3.9200,1.3850,-4.3120
1.3850,-4.3120,1.1969,-4.7040
1.1969,-4.7040,0.9930,-5.0960
0.9930,-5.0960,0.7735,-5.4880
0.7735,-5.4880,0.5383,-5.8800
0.5383,-5.8800,0.5000,3.7632
0.5000,3.7632,0.6348,3.3712
0.6348,3.3712,0.7540,2.9792
0.7540,2.9792,0.8575,2.5872
0.8575,2.5872,0.9453,2.1952
0.9453,2.1952,1.0174,1.8032
1.0174,1.8032,1.0739,1.4112
1.0739,1.4112,1.1147,1.0192
1.1147,1.0192,1.1397,0.6272
1.1397,0.6272,1.1492,0.2352
1.1492,0.2352,1.1429,-0.1568
1.1429,-0.1568,1.1209,-0.5488
1.1209,-0.5488,1.0833,-0.9408
1.0833,-0.9408,1.0300,-1.3328
1.0300,-1.3328,0.9610,-1.7248
0.9610,-1.7248,0.8763,-2.1168
0.8763,-2.1168,0.7760,-2.5088
0.7760,-2.5088,0.6599,-2.9008
0.6599,-2.9008,0.5282,-3.2928
0.5282,-3.2928,0.5000,2.2109
0.5000,2.2109,0.5728,1.8189
0.5728,1.8189,0.6298,1.4269
0.6298,1.4269,0.6712,1.0349
0.6712,1.0349,0.6969,0.6429
0.6969,0.6429,0.7070,0.2509
0.7070,0.2509,0.7013,-0.1411
0.7013,-0.1411,0.6800,-0.5331
0.6800,-0.5331,0.6430,-0.9251
0.6430,-0.9251,0.5903,-1.3171
0.5903,-1.3171,0.5220,-1.7091
0.5220,-1.7091,0.5000,1.2607
0.5000,1.2607,0.5347,0.8687
0.5347,0.8687,0.5538,0.4767
0.5538,0.4767,0.5572,0.0847
0.5572,0.0847,0.5449,-0.3073
0.5449,-0.3073,0.5169,-0.6993
0.5169,-0.6993,0.5000,0.6548
0.5000,0.6548,0.5105,0.2628
0.5105,0.2628,0.5053,-0.1292
0.5053,-0.1292,0.5000,0.0000
0.5000,0.0000,0.5000,0.0000
0.5000,0.0000,0.5000,0.0000
0.5000,0.0000,0.5000,0.0000
0.5000,0.0000,0.5000,0.0000
0.5000,0.0000,0.5000,0.0000
0.5000,0.0000,0.5000,0.0000
0.5000,0.0000,0.5000,0.0000
0.5000,0.0000,0.5000,0.0000
0.5000,0.0000,0.5000,0.0000
0.5000,0.0000,0.5000,0.0000
0.5000,0.0000,0.5000,0.0000
0.5000,0.0000,0.5000,0.0000
0.5000,0.0000,0.5000,0.0000
0.5000,0.0000,0.5000,0.0000
0.5000,0.0000,0.5000,0.0000
0.5000,0.0000,0.5000,0.0000
0.5000,0.0000,0.5000,0.0000
0.5000,0.0000,0.5000,0.0000
0.5000,0.0000,0.5000,0.0000
0.5000,0.0000,0.5000,0.0000
0.5000,0.0000,0.5000,0.0000
0.5000,0.0000,0.5000,0.0000
0.5000,0.0000,0.5000,0.0000
0.5000,0.0000,0.5000,0.0000
0.5000,0.0000,0.5000,0.0000
0.5000,0.0000,0.5000,0.0000
0.5000,0.0000,0.5000,0.0000
0.5000,0.0000,0.5000,0.0000
0.5000,0.0000,0.5000,0.0000
0.5000,0.0000,0.5000,0.0000
0.5000,0.0000,0.5000,0.0000
0.5000,0.0000,0.5000,0.0000
0.5000,0.0000,0.5000,0.0000
0.5000,0.0000,0.5000,0.0000
0.5000,0.0000,0.5000,0.0000
0.5000,0.0000,0.5000,0.0000
0.5000,0.0000,0.5000,0.0000
0.5000,0.0000,0.5000,0.0000
0.5000,0.0000,0.5000,0.0000
0.5000,0.0000,0.5000,0.0000
0.5000,0.0000,0.5000,0.0000
0.5000,0.0000,0.5000,0.0000
0.5000,0.0000,0.5000,0.0000
0.5000,0.0000,0.5000,0.0000
0.5000,0.0000,0.5000,0.0000
0.5000,0.0000,0.5000,0.0000
0.5000,0.0000,0.5000,0.0000
0.5000,0.0000,0.5000,0.0000
0.5000,0.0000,0.5000,0.0000
0.5000,0.0000,0.5000,0.0000
0.5000,0.0000,0.5000,0.0000
0.5000,0.0000,0.5000,0.0000
0.5000,0.0000,0.5000,0.0000
0.5000,0.0000,0.5000,0.0000
0.5000,0.0000,0.5000,0.0000
0.5000,0.0000,0.5000,0.0000
0.5000,0.0000,0.5000,0.0000
0.5000,0.0000,0.5000,0.0000
0.5000,0.0000,0.5000,0.0000
0.5000,0.0000,0.5000,0.0000
0.5000,0.0000,0.5000,0.0000
0.5000,0.0000,0.5000,0.0000
0.5000,0.0000,0.5000,0.0000
0.5000,0.0000,0.5000,0.0000
0.5000,0.0000,0.5000,0.0000
0.5000,0.0000,0.5000,0.0000
0.5000,0.0000,0.5000,0.0000
0.5000,0.0000,0.5000,0.0000
0.5000,0.0000,0.5000,0.0000
0.5000,0.0000,0.5000,0.0000
0.5000,0.0000,0.5000,0.0000
0.5000,0.0000,0.5000,0.0000
0.5000,0.0000,0.5000,0.0000
0.5000,0.0000,0.5000,0.0000
0.5000,0.0000,0.5000,0.0000
0.5000,0.0000,0.5000,0.0000
0.5000,0.0000,0.5000,0.0000
0.5000,0.0000,0.5000,0.0000
0.5000,0.0000,0.5000,0.0000
0.5000,0.0000,0.5000,0.0000
0.5000,0.0000,0.5000,0.0000
0.5000,0.0000,0.5000,0.0000
0.5000,0.0000,0.5000,0.0000
0.5000,0.0000,0.5000,0.0000
0.5000,0.0000,0.5000,0.0000
0.5000,0.0000,0.5000,0.0000
0.5000,0.0000,0.5000,0.0000
0.5000,0.0000,0.5000,0.0000
0.5000,0.0000,0.5000,0.0000
0.5000,0.0000,0.5000,0.0000
0.5000,0.0000,0.5000,0.0000
0.5000,0.0000,0.5000,0.0000
0.5000,0.0000,0.5000,0.0000
0.5000,0.0000,0.5000,0.0000
0.5000,0.0000,0.5000,0.0000
0.5000,0.0000,0.5000,0.0000
0.5000,0.0000,0.5000,0.0000
0.5000,0.0000,0.5000,0.0000
0.5000,0.0000,0.5000,0.0000
0.5000,0.0000,0.5000,0.0000
0.5000,0.0000,0.5000,0.0000
0.5000,0.0000,0.5000,0.0000
0.5000,0.0000,0.5000,0.0000
0.5000,0.0000,0.5000,0.0000
0.5000,0.0000,0.5000,0.0000
0.5000,0.0000,0.5000,0.0000
0.5000,0.0000,0.5000,0.0000
0.5000,0.0000,0.5000,0.0000
0.5000,0.0000,0.5000,0.0000
0.5000,0.0000,0.5000,0.0000
0.5000,0.0000,0.5000,0.0000
0.5000,0.0000,0.5000,0.0000
0.5000,0.0000,0.5000,0.0000
0.5000,0.0000,0.5000,0.0000
0.5000,0.0000,0.5000,0.0000
0.5000,0.0000,0.5000,0.0000
0.5000,0.0000,0.5000,0.0000
0.5000,0.0000,0.5000,0.0000
0.5000,0.0000,0.5000,0.0000
0.5000,0.0000,0.5000,0.0000
0.5000,0.0000,0.5000,0.0000
0.5000,0.0000,0.5000,0.0000
0.5000,0.0000,0.5000,0.0000
0.5000,0.0000,0.5000,0.0000
0.5000,0.0000,0.5000,0.0000
0.5000,0.0000,0.5000,0.0000
0.5000,0.0000,0.5000,0.0000
0.5000,0.0000,0.5000,0.0000
0.5000,0.0000,0.5000,0.0000
0.5000,0.0000,0.5000,0.0000
0.5000,0.0000,0.5000,0.0000
0.5000,0.0000,0.5000,0.0000
0.5000,0.0000,0.5000,0.0000
0.5000,0.0000,0.5000,0.0000
0.5000,0.0000,0.5000,0.0000
0.5000,0.0000,0.5000,0.0000
0.5000,0.0000,0.5000,0.0000
0.5000,0.0000,0.5000,0.0000
0.5000,0.0000,0.5000,0.0000
0.5000,0.0000,0.5000,0.0000
0.5000,0.0000,0.5000,0.0000
0.5000,0.0000,0.5000,0.0000
0.5000,0.0000,0.5000,0.0000
0.5000,0.0000,0.5000,0.0000
0.5000,0.0000,0.5000,0.0000
4.5248,0.0000,4.5091,-0.3920
4.5091,-0.3920,4.4777,-0.7840
4.4777,-0.7840,4.4307,-1.1760
4.4307,-1.1760,4.3680,-1.5680
4.3680,-1.5680,4.2896,-1.9600
4.2896,-1.9600,4.1955,-2.3520
4.1955,-2.3520,4.0857,-2.7440
4.0857,-2.7440,3.9603,-3.1360
3.9603,-3.1360,3.8192,-3.5280
3.8192,-3.5280,3.6624,-3.9200
3.6624,-3.9200,3.4899,-4.3120
3.4899,-4.3120,3.3017,-4.7040
3.3017,-4.7040,3.0979,-5.0960
3.0979,-5.0960,2.8784,-5.4880
2.8784,-5.4880,2.6432,-5.8800
2.6432,-5.8800,2.3923,-6.2720
2.3923,-6.2720,2.1257,-6.6640
2.1257,-6.6640,1.8435,-7.0560
1.8435,-7.0560,1.5456,-7.4480
1.5456,-7.4480,1.2320,-7.8400
1.2320,-7.8400,0.9027,-8.2320
0.9027,-8.2320,0.5577,-8.6240
0.5577,-8.6240,0.5000,5.4096
0.5000,5.4096,0.7007,5.0176
0.7007,5.0176,0.8857,4.6256
0.8857,4.6256,1.0551,4.2336
1.0551,4.2336,1.2087,3.8416
1.2087,3.8416,1.3467,3.4496
1.3467,3.4496,1.4690,3.0576
1.4690,3.0576,1.5756,2.6656
1.5756,2.6656,1.6666,2.2736
1.6666,2.2736,1.7419,1.8816
1.7419,1.8816,1.8014,1.4896
1.8014,1.4896,1.8453,1.0976
1.8453,1.0976,1.8736,0.7056
1.8736,0.7056,1.8861,0.3136
1.8861,0.3136,1.8830,-0.0784
1.8830,-0.0784,1.8642,-0.4704
1.8642,-0.4704,1.8297,-0.8624
1.8297,-0.8624,1.7795,-1.2544
1.7795,-1.2544,1.7136,-1.6464
1.7136,-1.6464,1.6321,-2.0384
1.6321,-2.0384,1.5349,-2.4304
1.5349,-2.4304,1.4220,-2.8224
1.4220,-2.8224,1.2934,-3.2144
1.2934,-3.2144,1.1492,-3.6064
1.1492,-3.6064,0.9892,-3.9984
0.9892,-3.9984,0.8136,-4.3904
0.8136,-4.3904,0.6223,-4.7824
0.6223,-4.7824,0.5000,3.1046
0.5000,3.1046,0.6085,2.7126
0.6085,2.7126,0.7013,2.3206
0.7013,2.3206,0.7785,1.9286
0.7785,1.9286,0.8399,1.5366
0.8399,1.5366,0.8857,1.1446
0.8857,1.1446,0.9158,0.7526
0.9158,0.7526,0.9303,0.3606
0.9303,0.3606,0.9290,-0.0314
0.9290,-0.0314,0.9121,-0.4234
0.9121,-0.4234,0.8795,-0.8154
0.8795,-0.8154,0.8312,-1.2074
0.8312,-1.2074,0.7672,-1.5994
0.7672,-1.5994,0.6875,-1.9914
0.6875,-1.9914,0.5922,-2.3834
0.5922,-2.3834,0.5000,1.6652
0.5000,1.6652,0.5509,1.2732
0.5509,1.2732,0.5862,0.8812
0.5862,0.8812,0.6057,0.4892
0.6057,0.4892,0.6096,0.0972
0.6096,0.0972,0.5978,-0.2948
0.5978,-0.2948,0.5704,-0.6868
0.5704,-0.6868,0.5272,-1.0788
0.5272,-1.0788,0.5000,0.8825
0.5000,0.8825,0.5196,0.4905
0.5196,0.4905,0.5236,0.0985
0.5236,0.0985,0.5118,-0.2935
0.5118,-0.2935,0.5000,0.4113
0.5000,0.4113,0.5008,0.0193
0.5008,0.0193,0.5000,0.0000
0.5000,0.0000,0.5000,0.0000
0.5000,0.0000,0.5000,0.0000
0.5000,0.0000,0.5000,0.0000
0.5000,0.0000,0.5000,0.0000
0.5000,0.0000,0.5000,0.0000
0.5000,0.0000,0.5000,0.0000
0.5000,0.0000,0.5000,0.0000
0.5000,0.0000,0.5000,0.0000
0.5000,0.0000,0.5000,0.0000
0.5000,0.0000,0.5000,0.0000
0.5000,0.0000,0.5000,0.0000
0.5000,0.0000,0.5000,0.0000
0.5000,0.0000,0.5000,0.0000
0.5000,0.0000,0.5000,0.0000
0.5000,0.0000,0.5000,0.0000
0.5000,0.0000,0.5000,0.0000
0.5000,0.0000,0.5000,0.0000
0.5000,0.0000,0.5000,0.0000
0.5000,0.0000,0.5000,0.0000
0.5000,0.0000,0.5000,0.0000
0.5000,0.0000,0.5000,0.0000
0.5000,0.0000,0.5000,0.0000
0.5000,0.0000,0.5000,0.0000
0.5000,0.0000,0.5000,0.0000
0.5000,0.0000,0.5000,0.0000
0.5000,0.0000,0.5000,0.0000
0.5000,0.0000,0.5000,0.0000
0.5000,0.0000,0.5000,0.0000
0.5000,0.0000,0.5000,0.0000
0.5000,0.0000,0.5000,0.0000
0.5000,0.0000,0.5000,0.0000
0.5000,0.0000,0.5000,0.0000
0.5000,0.0000,0.5000,0.0000
0.5000,0.0000,0.5000,0.0000
0.5000,0.0000,0.5000,0.0000
0.5000,0.0000,0.5000,0.0000
0.5000,0.0000,0.5000,0.0000
0.5000,0.0000,0.5000,0.0000
0.5000,0.0000,0.5000,0.0000
0.5000,0.0000,0.5000,0.0000
0.5000,0.0000,0.5000,0.0000
0.5000,0.0000,0.5000,0.0000
0.5000,0.0000,0.5000,0.0000
0.5000,0.0000,0.5000,0.0000
0.5000,0.0000,0.5000,0.0000
0.5000,0.0000,0.5000,0.0000
0.5000,0.0000,0.5000,0.0000
0.5000,0.0000,0.5000,0.0000
0.5000,0.0000,0.5000,0.0000
0.5000,0.0000,0.5000,0.0000
0.5000,0.0000,0.5000,0.0000
0.5000,0.0000,0.5000,0.0000
0.5000,0.0000,0.5000,0.0000
0.5000,0.0000,0.5000,0.0000
0.5000,0.0000,0.5000,0.0000
0.5000,0.0000,0.5000,0.0000
0.5000,0.0000,0.5000,0.0000
0.5000,0.0000,0.5000,0.0000
0.5000,0.0000,0.5000,0.0000
0.5000,0.0000,0.5000,0.0000
0.5000,0.0000,0.5000,0.0000
0.5000,0.0000,0.5000,0.0000
0.5000,0.0000,0.5000,0.0000
0.5000,0.0000,0.5000,0.0000
0.5000,0.0000,0.5000,0.0000
0.5000,0.0000,0.5000,0.0000
0.5000,0.0000,0.5000,0.0000
0.5000,0.0000,0.5000,0.0000
0.5000,0.0000,0.5000,0.0000
0.5000,0.0000,0.5000,0.0000
0.5000,0.0000,0.5000,0.0000
0.5000,0.0000,0.5000,0.0000
0.5000,0.0000,0.5000,0.0000
0.5000,0.0000,0.5000,0.0000
0.5000,0.0000,0.5000,0.0000
0.5000,0.0000,0.5000,0.0000
0.5000,0.0000,0.5000,0.0000
0.5000,0.0000,0.5000,0.0000
0.5000,0.0000,0.5000,0.0000
0.5000,0.0000,0.5000,0.0000
0.5000,0.0000,0.5000,0.0000
0.5000,0.0000,0.5000,0.0000
0.5000,0.0000,0.5000,0.0000
0.5000,0.0000,0.5000,0.0000
0.5000,0.0000,0.5000,0.0000
0.5000,0.0000,0.5000,0.0000
0.5000,0.0000,0.5000,0.0000
0.5000,0.0000,0.5000,0.0000
0.5000,0.0000,0.5000,0.0000
0.5000,0.0000,0.5000,0.0000
0.5000,0.0000,0.5000,0.0000
0.5000,0.0000,0.5000,0.0000
0.5000,0.0000,0.5000,0.0000
0.5000,0.0000,0.5000,0.0000
0.5000,0.0000,0.5000,0.0000
0.5000,0.0000,0.5000,0.0000
0.5000,0.0000,0.5000,0.0000
0.5000,0.0000,0.5000,0.0000
0.5000,0.0000,0.5000,0.0000
0.5000,0.0000,0.5000,0.0000
0.5000,0.0000,0.5000,0.0000
0.5000,0.0000,0.5000,0.0000
0.5000,0.0000,0.5000,0.0000
0.5000,0.0000,0.5000,0.0000
0.5000,0.0000,0.5000,0.0000
0.5000,0.0000,0.5000,0.0000
0.5000,0.0000,0.5000,0.0000
0.5000,0.0000,0.5000,0.0000
0.5000,0.0000,0.5000,0.0000
0.5000,0.0000,0.5000,0.0000
0.5000,0.0000,0.5000,0.0000
0.5000,0.0000,0.5000,0.0000
0.5000,0.0000,0.5000,0.0000
0.5000,0.0000,0.5000,0.0000
0.5000,0.0000,0.5000,0.0000
0.5000,0.0000,0.5000,0.0000
0.5000,0.0000,0.5000,0.0000
0.5000,0.0000,0.5000,0.0000
0.5000,0.0000,0.5000,0.0000
0.5000,0.0000,0.5000,0.0000
0.5000,0.0000,0.5000,0.0000
5.7342,0.0000,5.7185,-0.3920
5.7185,-0.3920,5.6871,-0.7840
5.6871,-0.7840,5.6401,-1.1760
5.6401,-1.1760,5.5774,-1.5680
5.5774,-1.5680,5.4990,-1.9600
5.4990,-1.9600,5.4049,-2.3520
5.4049,-2.3520,5.2951,-2.7440
5.2951,-2.7440,5.1697,-3.1360
5.1697,-3.1360,5.0286,-3.5280
5.0286,-3.5280,4.8718,-3.9200
4.8718,-3.9200,4.6993,-4.3120
4.6993,-4.3120,4.5111,-4.7040
4.5111,-4.7040,4.3073,-5.0960
4.3073,-5.0960,4.0878,-5.4880
4.0878,-5.4880,3.8526,-5.8800
3.8526,-5.8800,3.6017,-6.2720
3.6017,-6.2720,3.3351,-6.6640
3.3351,-6.6640,3.0529,-7.0560
3.0529,-7.0560,2.7550,-7.4480
2.7550,-7.4480,2.4414,-7.8400
2.4414,-7.8400,2.1121,-8.2320
2.1121,-8.2320,1.7671,-8.6240
1.7671,-8.6240,1.4065,-9.0160
1.4065,-9.0160,1.0302,-9.4080
1.0302,-9.4080,0.6382,-9.8000
0.6382,-9.8000,0.5000,6.1152
0.5000,6.1152,0.7289,5.7232
0.7289,5.7232,0.9422,5.3312
0.9422,5.3312,1.1397,4.9392
1.1397,4.9392,1.3216,4.5472
1.3216,4.5472,1.4878,4.1552
1.4878,4.1552,1.6384,3.7632
1.6384,3.7632,1.7732,3.3712
1.7732,3.3712,1.8924,2.9792
1.8924,2.9792,1.9959,2.5872
1.9959,2.5872,2.0837,2.1952
2.0837,2.1952,2.1558,1.8032
2.1558,1.8032,2.2123,1.4112
2.2123,1.4112,2.2530,1.0192
2.2530,1.0192,2.2781,0.6272
2.2781,0.6272,2.2875,0.2352
2.2875,0.2352,2.2812,-0.1568
2.2812,-0.1568,2.2593,-0.5488
2.2593,-0.5488,2.2217,-0.9408
2.2217,-0.9408,2.1684,-1.3328
2.1684,-1.3328,2.0994,-1.7248
2.0994,-1.7248,2.0147,-2.1168
2.0147,-2.1168,1.9143,-2.5088
1.9143,-2.5088,1.7983,-2.9008
1.7983,-2.9008,1.6666,-3.2928
1.6666,-3.2928,1.5192,-3.6848
1.5192,-3.6848,1.3561,-4.0768
1.3561,-4.0768,1.1774,-4.4688
1.1774,-4.4688,0.9829,-4.8608
0.9829,-4.8608,0.7728,-5.2528
0.7728,-5.2528,0.5470,-5.6448
0.5470,-5.6448,0.5000,3.6221
0.5000,3.6221,0.6292,3.2301
0.6292,3.2301,0.7427,2.8381
0.7427,2.8381,0.8406,2.4461
0.8406,2.4461,0.9227,2.0541
0.9227,2.0541,0.9892,1.6621
0.9892,1.6621,1.0400,1.2701
1.0400,1.2701,1.0751,0.8781
1.0751,0.8781,1.0946,0.4861
1.0946,0.4861,1.0983,0.0941
1.0983,0.0941,1.0864,-0.2979
1.0864,-0.2979,1.0588,-0.6899
1.0588,-0.6899,1.0156,-1.0819
1.0156,-1.0819,0.9566,-1.4739
0.9566,-1.4739,0.8820,-1.8659
0.8820,-1.8659,0.7916,-2.2579
0.7916,-2.2579,0.6857,-2.6499
0.6857,-2.6499,0.5640,-3.0419
0.5640,-3.0419,0.5000,2.0604
0.5000,2.0604,0.5667,1.6684
0.5667,1.6684,0.6178,1.2764
0.6178,1.2764,0.6532,0.8844
0.6532,0.8844,0.6729,0.4924
0.6729,0.4924,0.6769,0.1004
0.6769,0.1004,0.6652,-0.2916
0.6652,-0.2916,0.6379,-0.6836
0.6379,-0.6836,0.5948,-1.0756
0.5948,-1.0756,0.5361,-1.4676
0.5361,-1.4676,0.5000,1.1158
0.5000,1.1158,0.5290,0.7238
0.5290,0.7238,0.5422,0.3318
0.5422,0.3318,0.5398,-0.0602
0.5398,-0.0602,0.5217,-0.4522
0.5217,-0.4522,0.5000,0.5065
0.5000,0.5065,0.5046,0.1145
0.5046,0.1145,0.5000,0.0000
0.5000,0.0000,0.5000,0.0000
0.5000,0.0000,0.5000,0.0000
0.5000,0.0000,0.5000,0.0000
0.5000,0.0000,0.5000,0.0000
0.5000,0.0000,0.5000,0.0000
0.5000,0.0000,0.5000,0.0000
0.5000,0.0000,0.5000,0.0000
0.5000,0.0000,0.5000,0.0000
0.5000,0.0000,0.5000,0.0000
0.5000,0.0000,0.5000,0.0000
0.5000,0.0000,0.5000,0.0000
0.5000,0.0000,0.5000,0.0000
0.5000,0.0000,0.5000,0.0000
0.5000,0.0000,0.5000,0.0000
0.5000,0.0000,0.5000,0.0000
0.5000,0.0000,0.5000,0.0000
0.5000,0.0000,0.5000,0.0000
0.5000,0.0000,0.5000,0.0000
0.5000,0.0000,0.5000,0.0000
0.5000,0.0000,0.5000,0.0000
0.5000,0.0000,0.5000,0.0000
0.5000,0.0000,0.5000,0.0000
0.5000,0.0000,0.5000,0.0000
0.5000,0.0000,0.5000,0.0000
0.5000,0.0000,0.5000,0.0000
0.5000,0.0000,0.5000,0.0000
0.5000,0.0000,0.5000,0.0000
0.5000,0.0000,0.5000,0.0000
0.5000,0.0000,0.5000,0.0000
0.5000,0.0000,0.5000,0.0000
0.5000,0.0000,0.5000,0.0000
0.5000,0.0000,0.5000,0.0000
0.5000,0.0000,0.5000,0.0000
0.5000,0.0000,0.5000,0.0000
0.5000,0.0000,0.5000,0.0000
0.5000,0.0000,0.5000,0.0000
0.5000,0.0000,0.5000,0.0000
0.5000,0.0000,0.5000,0.0000
0.5000,0.0000,0.5000,0.0000
0.5000,0.0000,0.5000,0.0000
0.5000,0.0000,0.5000,0.0000
0.5000,0.0000,0.5000,0.0000
0.5000,0.0000,0.5000,0.0000
0.5000,0.0000,0.5000,0.0000
0.5000,0.0000,0.5000,0.0000
0.5000,0.0000,0.5000,0.0000
0.5000,0.0000,0.5000,0.0000
0.5000,0.0000,0.5000,0.0000
0.5000,0.0000,0.5000,0.0000
0.5000,0.0000,0.5000,0.0000
0.5000,0.0000,0.5000,0.0000
0.5000,0.0000,0.5000,0.0000
0.5000,0.0000,0.5000,0.0000
0.5000,0.0000,0.5000,0.0000
0.5000,0.0000,0.5000,0.0000
0.5000,0.0000,0.5000,0.0000
0.5000,0.0000,0.5000,0.0000
0.5000,0.0000,0.5000,0.0000
0.5000,0.0000,0.5000,0.0000
0.5000,0.0000,0.5000,0.0000
0.5000,0.0000,0.5000,0.0000
0.5000,0.0000,0.5000,0.0000
0.5000,0.0000,0.5000,0.0000
0.5000,0.0000,0.5000,0.0000
0.5000,0.0000,0.5000,0.0000
0.5000,0.0000,0.5000,0.0000
0.5000,0.0000,0.5000,0.0000
0.5000,0.0000,0.5000,0.0000
0.5000,0.0000,0.5000,0.0000
0.5000,0.0000,0.5000,0.0000
0.5000,0.0000,0.5000,0.0000
0.5000,0.0000,0.5000,0.0000
0.5000,0.0000,0.5000,0.0000
0.5000,0.0000,0.5000,0.0000
0.5000,0.0000,0.5000,0.0000
0.5000,0.0000,0.5000,0.0000
0.5000,0.0000,0.5000,0.0000
0.5000,0.0000,0.5000,0.0000
0.5000,0.0000,0.5000,0.0000
0.5000,0.0000,0.5000,0.0000
0.5000,0.0000,0.5000,0.0000
0.5000,0.0000,0.5000,0.0000
0.5000,0.0000,0.5000,0.0000
0.5000,0.0000,0.5000,0.0000
0.5000,0.0000,0.5000,0.0000
0.5000,0.0000,0.5000,0.0000
0.5000,0.0000,0.5000,0.0000
0.5000,0.0000,0.5000,0.0000
0.5000,0.0000,0.5000,0.0000
0.5000,0.0000,0.5000,0.0000
0.5000,0.0000,0.5000,0.0000
0.5000,0.0000,0.5000,0.0000
0.5000,0.0000,0.5000,0.0000
0.5000,0.0000,0.5000,0.0000
0.5000,0.0000,0.5000,0.0000
0.5000,0.0000,0.5000,0.0000
0.5000,0.0000,0.5000,0.0000
0.5000,0.0000,0.5000,0.0000
0.5000,0.0000,0.5000,0.0000
0.5000,0.0000,0.5000,0.0000
0.5000,0.0000,0.5000,0.0000
0.5000,0.0000,0.5000,0.0000
0.5000,0.0000,0.5000,0.0000
0.5000,0.0000,0.5000,0.0000
0.5000,0.0000,0.5000,0.0000
0.5000,0.0000,0.5000,0.0000
0.5000,0.0000,0.5000,0.0000
0.5000,0.0000,0.5000,0.0000
2.0190,0.0000,2.0033,-0.3920
2.0033,-0.3920,1.9720,-0.7840
1.9720,-0.7840,1.9249,-1.1760
1.9249,-1.1760,1.8622,-1.5680
1.8622,-1.5680,1.7838,-1.9600
1.7838,-1.9600,1.6897,-2.3520
1.6897,-2.3520,1.5800,-2.7440
1.5800,-2.7440,1.4545,-3.1360
1.4545,-3.1360,1.3134,-3.5280
1.3134,-3.5280,1.1566,-3.9200
1.1566,-3.9200,0.9841,-4.3120
0.9841,-4.3120,0.7960,-4.7040
0.7960,-4.7040,0.5921,-5.0960
0.5921,-5.0960,0.5000,3.2928
0.5000,3.2928,0.6160,2.9008
0.6160,2.9008,0.7164,2.5088
0.7164,2.5088,0.8011,2.1168
0.8011,2.1168,0.8700,1.7248
0.8700,1.7248,0.9234,1.3328
0.9234,1.3328,0.9610,0.9408
0.9610,0.9408,0.9829,0.5488
0.9829,0.5488,0.9892,0.1568
0.9892,0.1568,0.9798,-0.2352
0.9798,-0.2352,0.9547,-0.6272
0.9547,-0.6272,0.9140,-1.0192
0.9140,-1.0192,0.8575,-1.4112
0.8575,-1.4112,0.7854,-1.8032
0.7854,-1.8032,0.6976,-2.1952
0.6976,-2.1952,0.5941,-2.5872
0.5941,-2.5872,0.5000,1.7875
0.5000,1.7875,0.5558,1.3955
0.5558,1.3955,0.5960,1.0035
0.5960,1.0035,0.6204,0.6115
0.6204,0.6115,0.6292,0.2195
0.6292,0.2195,0.6223,-0.1725
0.6223,-0.1725,0.5997,-0.5645
0.5997,-0.5645,0.5615,-0.9565
0.5615,-0.9565,0.5075,-1.3485
0.5075,-1.3485,0.5000,1.0443
0.5000,1.0443,0.5261,0.6523
0.5261,0.6523,0.5365,0.2603
0.5365,0.2603,0.5312,-0.1317
0.5312,-0.1317,0.5103,-0.5237
0.5103,-0.5237,0.5000,0.5494
0.5000,0.5494,0.5063,0.1574
0.5063,0.1574,0.5000,0.0000
0.5000,0.0000,0.5000,0.0000
0.5000,0.0000,0.5000,0.0000
0.5000,0.0000,0.5000,0.0000
0.5000,0.0000,0.5000,0.0000
0.5000,0.0000,0.5000,0.0000
0.5000,0.0000,0.5000,0.0000
0.5000,0.0000,0.5000,0.0000
0.5000,0.0000,0.5000,0.0000
0.5000,0.0000,0.5000,0.0000
0.5000,0.0000,0.5000,0.0000
0.5000,0.0000,0.5000,0.0000
0.5000,0.0000,0.5000,0.0000
0.5000,0.0000,0.5000,0.0000
0.5000,0.0000,0.5000,0.0000
0.5000,0.0000,0.5000,0.0000
0.5000,0.0000,0.5000,0.0000
0.5000,0.0000,0.5000,0.0000
0.5000,0.0000,0.5000,0.0000
0.5000,0.0000,0.5000,0.0000
0.5000,0.0000,0.5000,0.0000
0.5000,0.0000,0.5000,0.0000
0.5000,0.0000,0.5000,0.0000
0.5000,0.0000,0.5000,0.0000
0.5000,0.0000,0.5000,0.0000
0.5000,0.0000,0.5000,0.0000
0.5000,0.0000,0.5000,0.0000
0.5000,0.0000,0.5000,0.0000
0.5000,0.0000,0.5000,0.0000
0.5000,0.0000,0.5000,0.0000
0.5000,0.0000,0.5000,0.0000
0.5000,0.0000,0.5000,0.0000
0.5000,0.0000,0.5000,0.0000
0.5000,0.0000,0.5000,0.0000
0.5000,0.0000,0.5000,0.0000
0.5000,0.0000,0.5000,0.0000
0.5000,0.0000,0.5000,0.0000
0.5000,0.0000,0.5000,0.0000
0.5000,0.0000,0.5000,0.0000
0.5000,0.0000,0.5000,0.0000
0.5000,0.0000,0.5000,0.0000
0.5000,0.0000,0.5000,0.0000
0.5000,0.0000,0.5000,0.0000
0.5000,0.0000,0.5000,0.0000
0.5000,0.0000,0.5000,0.0000
0.5000,0.0000,0.5000,0.0000
0.5000,0.0000,0.5000,0.0000
0.5000,0.0000,0.5000,0.0000
0.5000,0.0000,0.5000,0.0000
0.5000,0.0000,0.5000,0.0000
0.5000,0.0000,0.5000,0.0000
0.5000,0.0000,0.5000,0.0000
0.5000,0.0000,0.5000,0.0000
0.5000,0.0000,0.5000,0.0000
0.5000,0.0000,0.5000,0.0000
0.5000,0.0000,0.5000,0.0000
0.5000,0.0000,0.5000,0.0000
0.5000,0.0000,0.5000,0.0000
0.5000,0.0000,0.5000,0.0000
0.5000,0.0000,0.5000,0.0000
0.5000,0.0000,0.5000,0.0000
0.5000,0.0000,0.5000,0.0000
0.5000,0.0000,0.5000,0.0000
0.5000,0.0000,0.5000,0.0000
0.5000,0.0000,0.5000,0.0000
0.5000,0.0000,0.5000,0.0000
0.5000,0.0000,0.5000,0.0000
0.5000,0.0000,0.5000,0.0000
0.5000,0.0000,0.5000,0.0000
0.5000,0.0000,0.5000,0.0000
0.5000,0.0000,0.5000,0.0000
0.5000,0.0000,0.5000,0.0000
0.5000,0.0000,0.5000,0.0000
0.5000,0.0000,0.5000,0.0000
0.5000,0.0000,0.5000,0.0000
0.5000,0.0000,0.5000,0.0000
0.5000,0.0000,0.5000,0.0000
0.5000,0.0000,0.5000,0.0000
0.5000,0.0000,0.5000,0.0000
0.5000,0.0000,0.5000,0.0000
0.5000,0.0000,0.5000,0.0000
0.5000,0.0000,0.5000,0.0000
0.5000,0.0000,0.5000,0.0000
0.5000,0.0000,0.5000,0.0000
0.5000,0.0000,0.5000,0.0000
0.5000,0.0000,0.5000,0.0000
0.5000,0.0000,0.5000,0.0000
0.5000,0.0000,0.5000,0.0000
0.5000,0.0000,0.5000,0.0000
0.5000,0.0000,0.5000,0.0000
0.5000,0.0000,0.5000,0.0000
0.5000,0.0000,0.5000,0.0000
0.5000,0.0000,0.5000,0.0000
0.5000,0.0000,0.5000,0.0000
0.5000,0.0000,0.5000,0.0000
0.5000,0.0000,0.5000,0.0000
0.5000,0.0000,0.5000,0.0000
0.5000,0.0000,0.5000,0.0000
0.5000,0.0000,0.5000,0.0000
0.5000,0.0000,0.5000,0.0000
0.5000,0.0000,0.5000,0.0000
0.5000,0.0000,0.5000,0.0000
0.5000,0.0000,0.5000,0.0000
0.5000,0.0000,0.5000,0.0000
0.5000,0.0000,0.5000,0.0000
0.5000,0.0000,0.5000,0.0000
0.5000,0.0000,0.5000,0.0000
0.5000,0.0000,0.5000,0.0000
0.5000,0.0000,0.5000,0.0000
0.5000,0.0000,0.5000,0.0000
0.5000,0.0000,0.5000,0.0000
0.5000,0.0000,0.5000,0.0000
0.5000,0.0000,0.5000,0.0000
0.5000,0.0000,0.5000,0.0000
0.5000,0.0000,0.5000,0.0000
0.5000,0.0000,0.5000,0.0000
0.5000,0.0000,0.5000,0.0000
0.5000,0.0000,0.5000,0.0000
0.5000,0.0000,0.5000,0.0000
0.5000,0.0000,0.5000,0.0000
0.5000,0.0000,0.5000,0.0000
0.5000,0.0000,0.5000,0.0000
0.5000,0.0000,0.5000,0.0000
0.5000,0.0000,0.5000,0.0000
0.5000,0.0000,0.5000,0.0000
0.5000,0.0000,0.5000,0.0000
0.5000,0.0000,0.5000,0.0000
0.5000,0.0000,0.5000,0.0000
0.5000,0.0000,0.5000,0.0000
0.5000,0.0000,0.5000,0.0000
0.5000,0.0000,0.5000,0.0000
0.5000,0.0000,0.5000,0.0000
0.5000,0.0000,0.5000,0.0000
0.5000,0.0000,0.5000,0.0000
0.5000,0.0000,0.5000,0.0000
0.5000,0.0000,0.5000,0.0000
0.5000,0.0000,0.5000,0.0000
0.5000,0.0000,0.5000,0.0000
0.5000,0.0000,0.5000,0.0000
0.5000,0.0000,0.5000,0.0000
0.5000,0.0000,0.5000,0.0000
0.5000,0.0000,0.5000,0.0000
0.5000,0.0000,0.5000,0.0000
0.5000,0.0000,0.5000,0.0000
0.5000,0.0000,0.5000,0.0000
0.5000,0.0000,0.5000,0.0000
0.5000,0.0000,0.5000,0.0000
0.5000,0.0000,0.5000,0.0000
0.5000,0.0000,0.5000,0.0000
0.5000,0.0000,0.5000,0.0000
0.5000,0.0000,0.5000,0.0000
0.5000,0.0000,0.5000,0.0000
0.5000,0.0000,0.5000,0.0000
0.5000,0.0000,0.5000,0.0000
0.5000,0.0000,0.5000,0.0000
9.7873,0.0000,9.7716,-0.3920
9.7716,-0.3920,9.7402,-0.7840
9.7402,-0.7840,9.6932,-1.1760
9.6932,-1.1760,9.6305,-1.5680
9.6305,-1.5680,9.5521,-1.9600
9.5521,-1.9600,9.4580,-2.3520
9.4580,-2.3520,9.3482,-2.7440
9.3482,-2.7440,9.2228,-3.1360
9.2228,-3.1360,9.0817,-3.5280
9.0817,-3.5280,8.9249,-3.9200
8.9249,-3.9200,8.7524,-4.3120
8.7524,-4.3120,8.5642,-4.7040
8.5642,-4.7040,8.3604,-5.0960
8.3604,-5.0960,8.1409,-5.4880
8.1409,-5.4880,7.9057,-5.8800
7.9057,-5.8800,7.6548,-6.2720
7.6548,-6.2720,7.3882,-6.6640
7.3882,-6.6640,7.1060,-7.0560
7.1060,-7.0560,6.8081,-7.4480
6.8081,-7.4480,6.4945,-7.8400
6.4945,-7.8400,6.1652,-8.2320
6.1652,-8.2320,5.8202,-8.6240
5.8202,-8.6240,5.4596,-9.0160
5.4596,-9.0160,5.0833,-9.4080
5.0833,-9.4080,4.6913,-9.8000
4.6913,-9.8000,4.2836,-10.1920
4.2836,-10.1920,3.8602,-10.5840
3.8602,-10.5840,3.4212,-10.9760
3.4212,-10.9760,2.9665,-11.3680
2.9665,-11.3680,2.4961,-11.7600
2.4961,-11.7600,2.0100,-12.1520
2.0100,-12.1520,1.5082,-12.5440
1.5082,-12.5440,0.9908,-12.9360
0.9908,-12.9360,0.5000,7.9968
0.5000,7.9968,0.8042,7.6048
0.8042,7.6048,1.0927,7.2128
1.0927,7.2128,1.3655,6.8208
1.3655,6.8208,1.6227,6.4288
1.6227,6.4288,1.8642,6.0368
1.8642,6.0368,2.0900,5.6448
2.0900,5.6448,2.3001,5.2528
2.3001,5.2528,2.4945,4.8608
2.4945,4.8608,2.6732,4.4688
2.6732,4.4688,2.8363,4.0768
2.8363,4.0768,2.9837,3.6848
2.9837,3.6848,3.1154,3.2928
3.1154,3.2928,3.2315,2.9008
3.2315,2.9008,3.3318,2.5088
3.3318,2.5088,3.4165,2.1168
3.4165,2.1168,3.4855,1.7248
3.4855,1.7248,3.5388,1.3328
3.5388,1.3328,3.5764,0.9408
3.5764,0.9408,3.5984,0.5488
3.5984,0.5488,3.6046,0.1568
3.6046,0.1568,3.5952,-0.2352
3.5952,-0.2352,3.5701,-0.6272
3.5701,-0.6272,3.5294,-1.0192
3.5294,-1.0192,3.4729,-1.4112
3.4729,-1.4112,3.4008,-1.8032
3.4008,-1.8032,3.3130,-2.1952
3.3130,-2.1952,3.2095,-2.5872
3.2095,-2.5872,3.0903,-2.9792
3.0903,-2.9792,2.9555,-3.3712
2.9555,-3.3712,2.8050,-3.7632
2.8050,-3.7632,2.6388,-4.1552
2.6388,-4.1552,2.4569,-4.5472
2.4569,-4.5472,2.2593,-4.9392
2.2593,-4.9392,2.0460,-5.3312
2.0460,-5.3312,1.8171,-5.7232
1.8171,-5.7232,1.5725,-6.1152
1.5725,-6.1152,1.3122,-6.5072
1.3122,-6.5072,1.0363,-6.8992
1.0363,-6.8992,0.7446,-7.2912
0.7446,-7.2912,0.5000,4.6099
0.5000,4.6099,0.6687,4.2179
0.6687,4.2179,0.8218,3.8259
0.8218,3.8259,0.9591,3.4339
0.9591,3.4339,1.0808,3.0419
1.0808,3.0419,1.1868,2.6499
1.1868,2.6499,1.2771,2.2579
1.2771,2.2579,1.3517,1.8659
1.3517,1.8659,1.4107,1.4739
1.4107,1.4739,1.4540,1.0819
1.4540,1.0819,1.4816,0.6899
1.4816,0.6899,1.4935,0.2979
1.4935,0.2979,1.4897,-0.0941
1.4897,-0.0941,1.4703,-0.4861
1.4703,-0.4861,1.4352,-0.8781
1.4352,-0.8781,1.3844,-1.2701
1.3844,-1.2701,1.3179,-1.6621
1.3179,-1.6621,1.2357,-2.0541
1.2357,-2.0541,1.1379,-2.4461
1.1379,-2.4461,1.0243,-2.8381
1.0243,-2.8381,0.8951,-3.2301
0.8951,-3.2301,0.7503,-3.6221
0.7503,-3.6221,0.5897,-4.0141
0.5897,-4.0141,0.5000,2.6436
0.5000,2.6436,0.5901,2.2516
0.5901,2.2516,0.6645,1.8596
0.6645,1.8596,0.7232,1.4676
0.7232,1.4676,0.7662,1.0756
0.7662,1.0756,0.7935,0.6836
0.7935,0.6836,0.8052,0.2916
0.8052,0.2916,0.8012,-0.1004
0.8012,-0.1004,0.7815,-0.4924
0.7815,-0.4924,0.7461,-0.8844
0.7461,-0.8844,0.6951,-1.2764
0.6951,-1.2764,0.6283,-1.6684
0.6283,-1.6684,0.5459,-2.0604
0.5459,-2.0604,0.5000,1.4714
0.5000,1.4714,0.5432,1.0794
0.5432,1.0794,0.5707,0.6874
0.5707,0.6874,0.5825,0.2954
0.5825,0.2954,0.5786,-0.0966
0.5786,-0.0966,0.5591,-0.4886
0.5591,-0.4886,0.5239,-0.8806
0.5239,-0.8806,0.5000,0.7636
0.5000,0.7636,0.5149,0.3716
0.5149,0.3716,0.5140,-0.0204
0.5140,-0.0204,0.5000,0.0000
0.5000,0.0000,0.5000,0.0000
0.5000,0.0000,0.5000,0.0000
0.5000,0.0000,0.5000,0.0000
0.5000,0.0000,0.5000,0.0000
0.5000,0.0000,0.5000,0.0000
0.5000,0.0000,0.5000,0.0000
0.5000,0.0000,0.5000,0.0000
0.5000,0.0000,0.5000,0.0000
0.5000,0.0000,0.5000,0.0000
0.5000,0.0000,0.5000,0.0000
0.5000,0.0000,0.5000,0.0000
0.5000,0.0000,0.5000,0.0000
0.5000,0.0000,0.5000,0.0000
0.5000,0.0000,0.5000,0.0000
0.5000,0.0000,0.5000,0.0000
0.5000,0.0000,0.5000,0.0000
0.5000,0.0000,0.5000,0.0000
0.5000,0.0000,0.5000,0.0000
0.5000,0.0000,0.5000,0.0000
0.5000,0.0000,0.5000,0.0000
0.5000,0.0000,0.5000,0.0000
0.5000,0.0000,0.5000,0.0000
0.5000,0.0000,0.5000,0.0000
0.5000,0.0000,0.5000,0.0000
0.5000,0.0000,0.5000,0.0000
0.5000,0.0000,0.5000,0.0000
0.5000,0.0000,0.5000,0.0000
0.5000,0.0000,0.5000,0.0000
0.5000,0.0000,0.5000,0.0000
0.5000,0.0000,0.5000,0.0000
0.5000,0.0000,0.5000,0.0000
0.5000,0.0000,0.5000,0.0000
0.5000,0.0000,0.5000,0.0000
0.5000,0.0000,0.5000,0.0000
0.5000,0.0000,0.5000,0.0000
0.5000,0.0000,0.5000,0.0000
0.5000,0.0000,0.5000,0.0000
0.5000,0.0000,0.5000,0.0000
0.5000,0.0000,0.5000,0.0000
0.5000,0.0000,0.5000,0.0000
0.5000,0.0000,0.5000,0.0000
0.5000,0.0000,0.5000,0.0000
0.5000,0.0000,0.5000,0.0000
0.5000,0.0000,0.5000,0.0000
0.5000,0.0000,0.5000,0.0000
0.5000,0.0000,0.5000,0.0000
0.5000,0.0000,0.5000,0.0000
0.5000,0.0000,0.5000,0.0000
0.5000,0.0000,0.5000,0.0000
0.5000,0.0000,0.5000,0.0000
0.5000,0.0000,0.5000,0.0000
0.5000,0.0000,0.5000,0.0000
0.5000,0.0000,0.5000,0.0000
0.5000,0.0000,0.5000,0.0000
0.5000,0.0000,0.5000,0.0000
0.5000,0.0000,0.5000,0.0000
0.5000,0.0000,0.5000,0.0000
0.5000,0.0000,0.5000,0.0000
0.5000,0.0000,0.5000,0.0000
0.5000,0.0000,0.5000,0.0000
0.5000,0.0000,0.5000,0.0000
0.5000,0.0000,0.5000,0.0000
0.5000,0.0000,0.5000,0.0000
0.5000,0.0000,0.5000,0.0000
0.5000,0.0000,0.5000,0.0000
0.5000,0.0000,0.5000,0.0000
0.5000,0.0000,0.5000,0.0000
0.5000,0.0000,0.5000,0.0000
0.5000,0.0000,0.5000,0.0000
0.5000,0.0000,0.5000,0.0000
0.5000,0.0000,0.5000,0.0000
0.5000,0.0000,0.5000,0.0000
0.5000,0.0000,0.5000,0.0000
0.5000,0.0000,0.5000,0.0000
0.5000,0.0000,0.5000,0.0000
0.5000,0.0000,0.5000,0.0000
0.5000,0.0000,0.5000,0.0000
0.5000,0.0000,0.5000,0.0000
0.5000,0.0000,0.5000,0.0000
0.5000,0.0000,0.5000,0.0000
8.8392,0.0000,8.8235,-0.3920
8.8235,-0.3920,8.7921,-0.7840
8.7921,-0.7840,8.7451,-1.1760
8.7451,-1.1760,8.6824,-1.5680
8.6824,-1.5680,8.6040,-1.9600
8.6040,-1.9600,8.5099,-2.3520
8.5099,-2.3520,8.4001,-2.7440
8.4001,-2.7440,8.2747,-3.1360
8.2747,-3.1360,8.1336,-3.5280
8.1336,-3.5280,7.9768,-3.9200
7.9768,-3.9200,7.8043,-4.3120
7.8043,-4.3120,7.6161,-4.7040
7.6161,-4.7040,7.4123,-5.0960
7.4123,-5.0960,7.1928,-5.4880
7.1928,-5.4880,6.9576,-5.8800
6.9576,-5.8800,6.7067,-6.2720
6.7067,-6.2720,6.4401,-6.6640
6.4401,-6.6640,6.1579,-7.0560
6.1579,-7.0560,5.8600,-7.4480
5.8600,-7.4480,5.5464,-7.8400
5.5464,-7.8400,5.2171,-8.2320
5.2171,-8.2320,4.8721,-8.6240
4.8721,-8.6240,4.5115,-9.0160
4.5115,-9.0160,4.1352,-9.4080
4.1352,-9.4080,3.7432,-9.8000
3.7432,-9.8000,3.3355,-10.1920
3.3355,-10.1920,2.9121,-10.5840
2.9121,-10.5840,2.4731,-10.9760
2.4731,-10.9760,2.0184,-11.3680
2.0184,-11.3680,1.5480,-11.7600
1.5480,-11.7600,1.0619,-12.1520
1.0619,-12.1520,0.5601,-12.5440
0.5601,-12.5440,0.5000,7.7616
0.5000,7.7616,0.7948,7.3696
0.7948,7.3696,1.0739,6.9776
1.0739,6.9776,1.3373,6.5856
1.3373,6.5856,1.5851,6.1936
1.5851,6.1936,1.8171,5.8016
1.8171,5.8016,2.0335,5.4096
2.0335,5.4096,2.2342,5.0176
2.2342,5.0176,2.4192,4.6256
2.4192,4.6256,2.5886,4.2336
2.5886,4.2336,2.7422,3.8416
2.7422,3.8416,2.8802,3.4496
2.8802,3.4496,3.0025,3.0576
3.0025,3.0576,3.1092,2.6656
3.1092,2.6656,3.2001,2.2736
3.2001,2.2736,3.2754,1.8816
3.2754,1.8816,3.3349,1.4896
3.3349,1.4896,3.3788,1.0976
3.3788,1.0976,3.4071,0.7056
3.4071,0.7056,3.4196,0.3136
3.4196,0.3136,3.4165,-0.0784
3.4165,-0.0784,3.3977,-0.4704
3.3977,-0.4704,3.3632,-0.8624
3.3632,-0.8624,3.3130,-1.2544
3.3130,-1.2544,3.2471,-1.6464
3.2471,-1.6464,3.1656,-2.0384
3.1656,-2.0384,3.0684,-2.4304
3.0684,-2.4304,2.9555,-2.8224
2.9555,-2.8224,2.8269,-3.2144
2.8269,-3.2144,2.6827,-3.6064
2.6827,-3.6064,2.5227,-3.9984
2.5227,-3.9984,2.3471,-4.3904
2.3471,-4.3904,2.1558,-4.7824
2.1558,-4.7824,1.9488,-5.1744
1.9488,-5.1744,1.7262,-5.5664
1.7262,-5.5664,1.4878,-5.9584
1.4878,-5.9584,1.2338,-6.3504
1.2338,-6.3504,0.9641,-6.7424
0.9641,-6.7424,0.6788,-7.1344
0.6788,-7.1344,0.5000,4.5158
0.5000,4.5158,0.6650,4.1238
0.6650,4.1238,0.8142,3.7318
0.8142,3.7318,0.9478,3.3398
0.9478,3.3398,1.0657,2.9478
1.0657,2.9478,1.1680,2.5558
1.1680,2.5558,1.2545,2.1638
1.2545,2.1638,1.3254,1.7718
1.3254,1.7718,1.3806,1.3798
1.3806,1.3798,1.4201,0.9878
1.4201,0.9878,1.4439,0.5958
1.4439,0.5958,1.4521,0.2038
1.4521,0.2038,1.4446,-0.1882
1.4446,-0.1882,1.4214,-0.5802
1.4214,-0.5802,1.3825,-0.9722
1.3825,-0.9722,1.3279,-1.3642
1.3279,-1.3642,1.2577,-1.7562
1.2577,-1.7562,1.1717,-2.1482
1.1717,-2.1482,1.0701,-2.5402
1.0701,-2.5402,0.9528,-2.9322
0.9528,-2.9322,0.8199,-3.3242
0.8199,-3.3242,0.6712,-3.7162
0.6712,-3.7162,0.5069,-4.1082
0.5069,-4.1082,0.5000,2.7001
0.5000,2.7001,0.5923,2.3081
0.5923,2.3081,0.6690,1.9161
0.6690,1.9161,0.7299,1.5241
0.7299,1.5241,0.7752,1.1321
0.7752,1.1321,0.8048,0.7401
0.8048,0.7401,0.8187,0.3481
0.8187,0.3481,0.8170,-0.0439
0.8170,-0.0439,0.7996,-0.4359
0.7996,-0.4359,0.7664,-0.8279
0.7664,-0.8279,0.7176,-1.2199
0.7176,-1.2199,0.6532,-1.6119
0.6532,-1.6119,0.5730,-2.0039
0.5730,-2.0039,0.5000,1.4375
0.5000,1.4375,0.5418,1.0455
0.5418,1.0455,0.5680,0.6535
0.5680,0.6535,0.5784,0.2615
0.5784,0.2615,0.5732,-0.1305
0.5732,-0.1305,0.5523,-0.5225
0.5523,-0.5225,0.5157,-0.9145
0.5157,-0.9145,0.5000,0.7839
0.5000,0.7839,0.5157,0.3919
0.5157,0.3919,0.5157,-0.0001
0.5157,-0.0001,0.5000,0.0000
0.5000,0.0000,0.5000,0.0000
0.5000,0.0000,0.5000,0.0000
0.5000,0.0000,0.5000,0.0000
0.5000,0.0000,0.5000,0.0000
0.5000,0.0000,0.5000,0.0000
0.5000,0.0000,0.5000,0.0000
0.5000,0.0000,0.5000,0.0000
0.5000,0.0000,0.5000,0.0000
0.5000,0.0000,0.5000,0.0000
0.5000,0.0000,0.5000,0.0000
0.5000,0.0000,0.5000,0.0000
0.5000,0.0000,0.5000,0.0000
0.5000,0.0000,0.5000,0.0000
0.5000,0.0000,0.5000,0.0000
0.5000,0.0000,0.5000,0.0000
0.5000,0.0000,0.5000,0.0000
0.5000,0.0000,0.5000,0.0000
0.5000,0.0000,0.5000,0.0000
0.5000,0.0000,0.5000,0.0000
0.5000,0.0000,0.5000,0.0000
0.5000,0.0000,0.5000,0.0000
0.5000,0.0000,0.5000,0.0000
0.5000,0.0000,0.5000,0.0000
0.5000,0.0000,0.5000,0.0000
0.5000,0.0000,0.5000,0.0000
0.5000,0.0000,0.5000,0.0000
0.5000,0.0000,0.5000,0.0000
0.5000,0.0000,0.5000,0.0000
0.5000,0.0000,0.5000,0.0000
0.5000,0.0000,0.5000,0.0000
0.5000,0.0000,0.5000,0.0000
0.5000,0.0000,0.5000,0.0000
0.5000,0.0000,0.5000,0.0000
0.5000,0.0000,0.5000,0.0000
0.5000,0.0000,0.5000,0.0000
0.5000,0.0000,0.5000,0.0000
0.5000,0.0000,0.5000,0.0000
0.5000,0.0000,0.5000,0.0000
0.5000,0.0000,0.5000,0.0000
0.5000,0.0000,0.5000,0.0000
0.5000,0.0000,0.5000,0.0000
0.5000,0.0000,0.5000,0.0000
0.5000,0.0000,0.5000,0.0000
0.5000,0.0000,0.5000,0.0000
0.5000,0.0000,0.5000,0.0000
0.5000,0.0000,0.5000,0.0000
0.5000,0.0000,0.5000,0.0000
0.5000,0.0000,0.5000,0.0000
0.5000,0.0000,0.5000,0.0000
0.5000,0.0000,0.5000,0.0000
0.5000,0.0000,0.5000,0.0000
0.5000,0.0000,0.5000,0.0000
0.5000,0.0000,0.5000,0.0000
0.5000,0.0000,0.5000,0.0000
0.5000,0.0000,0.5000,0.0000
0.5000,0.0000,0.5000,0.0000
0.5000,0.0000,0.5000,0.0000
0.5000,0.0000,0.5000,0.0000
0.5000,0.0000,0.5000,0.0000
0.5000,0.0000,0.5000,0.0000
0.5000,0.0000,0.5000,0.0000
0.5000,0.0000,0.5000,0.0000
0.5000,0.0000,0.5000,0.0000
0.5000,0.0000,0.5000,0.0000
0.5000,0.0000,0.5000,0.0000
0.5000,0.0000,0.5000,0.0000
0.5000,0.0000,0.5000,0.0000
0.5000,0.0000,0.5000,0.0000
0.5000,0.0000,0.5000,0.0000
0.5000,0.0000,0.5000,0.0000
0.5000,0.0000,0.5000,0.0000
0.5000,0.0000,0.5000,0.0000
0.5000,0.0000,0.5000,0.0000
0.5000,0.0000,0.5000,0.0000
0.5000,0.0000,0.5000,0.0000
0.5000,0.0000,0.5000,0.0000
0.5000,0.0000,0.5000,0.0000
0.5000,0.0000,0.5000,0.0000
0.5000,0.0000,0.5000,0.0000
0.5000,0.0000,0.5000,0.0000
0.5000,0.0000,0.5000,0.0000
0.5000,0.0000,0.5000,0.0000
4.8794,0.0000,4.8637,-0.3920
4.8637,-0.3920,4.8324,-0.7840
4.8324,-0.7840,4.7853,-1.1760
4.7853,-1.1760,4.7226,-1.5680
4.7226,-1.5680,4.6442,-1.9600
4.6442,-1.9600,4.5501,-2.3520
4.5501,-2.3520,4.4404,-2.7440
4.4404,-2.7440,4.3149,-3.1360
4.3149,-3.1360,4.1738,-3.5280
4.1738,-3.5280,4.0170,-3.9200
4.0170,-3.9200,3.8445,-4.3120
3.8445,-4.3120,3.6564,-4.7040
3.6564,-4.7040,3.4525,-5.0960
3.4525,-5.0960,3.2330,-5.4880
3.2330,-5.4880,2.9978,-5.8800
2.9978,-5.8800,2.7469,-6.2720
2.7469,-6.2720,2.4804,-6.6640
2.4804,-6.6640,2.1981,-7.0560
2.1981,-7.0560,1.9002,-7.4480
1.9002,-7.4480,1.5866,-7.8400
1.5866,-7.8400,1.2573,-8.2320
1.2573,-8.2320,0.9124,-8.6240
0.9124,-8.6240,0.5517,-9.0160
0.5517,-9.0160,0.5000,5.6448
0.5000,5.6448,0.7101,5.2528
0.7101,5.2528,0.9045,4.8608
0.9045,4.8608,1.0833,4.4688
1.0833,4.4688,1.2464,4.0768
1.2464,4.0768,1.3938,3.6848
1.3938,3.6848,1.5255,3.2928
1.5255,3.2928,1.6415,2.9008
1.6415,2.9008,1.7419,2.5088
1.7419,2.5088,1.8265,2.1168
1.8265,2.1168,1.8955,1.7248
1.8955,1.7248,1.9488,1.3328
1.9488,1.3328,1.9865,0.9408
1.9865,0.9408,2.0084,0.5488
2.0084,0.5488,2.0147,0.1568
2.0147,0.1568,2.0053,-0.2352
2.0053,-0.2352,1.9802,-0.6272
1.9802,-0.6272,1.9394,-1.0192
1.9394,-1.0192,1.8830,-1.4112
1.8830,-1.4112,1.8108,-1.8032
1.8108,-1.8032,1.7230,-2.1952
1.7230,-2.1952,1.6196,-2.5872
1.6196,-2.5872,1.5004,-2.9792
1.5004,-2.9792,1.3655,-3.3712
1.3655,-3.3712,1.2150,-3.7632
1.2150,-3.7632,1.0488,-4.1552
1.0488,-4.1552,0.8669,-4.5472
0.8669,-4.5472,0.6693,-4.9392
0.6693,-4.9392,0.5000,3.1987
0.5000,3.1987,0.6123,2.8067
0.6123,2.8067,0.7089,2.4147
0.7089,2.4147,0.7898,2.0227
0.7898,2.0227,0.8550,1.6307
0.8550,1.6307,0.9045,1.2387
0.9045,1.2387,0.9384,0.8467
0.9384,0.8467,0.9566,0.4547
0.9566,0.4547,0.9591,0.0627
0.9591,0.0627,0.9459,-0.3293
0.9459,-0.3293,0.9171,-0.7213
0.9171,-0.7213,0.8726,-1.1133
0.8726,-1.1133,0.8123,-1.5053
0.8123,-1.5053,0.7365,-1.8973
0.7365,-1.8973,0.6449,-2.2893
0.6449,-2.2893,0.5376,-2.6813
0.5376,-2.6813,0.5000,1.8440
0.5000,1.8440,0.5581,1.4520
0.5581,1.4520,0.6005,1.0600
0.6005,1.0600,0.6272,0.6680
0.6272,0.6680,0.6382,0.2760
0.6382,0.2760,0.6336,-0.1160
0.6336,-0.1160,0.6133,-0.5080
0.6133,-0.5080,0.5773,-0.9000
0.5773,-0.9000,0.5256,-1.2920
0.5256,-1.2920,0.5000,1.0104
0.5000,1.0104,0.5247,0.6184
0.5247,0.6184,0.5338,0.2264
0.5338,0.2264,0.5272,-0.1656
0.5272,-0.1656,0.5049,-0.5576
0.5049,-0.5576,0.5000,0.5697
0.5000,0.5697,0.5071,0.1777
0.5071,0.1777,0.5000,0.0000
0.5000,0.0000,0.5000,0.0000
0.5000,0.0000,0.5000,0.0000
0.5000,0.0000,0.5000,0.0000
0.5000,0.0000,0.5000,0.0000
0.5000,0.0000,0.5000,0.0000
0.5000,0.0000,0.5000,0.0000
0.5000,0.0000,0.5000,0.0000
0.5000,0.0000,0.5000,0.0000
0.5000,0.0000,0.5000,0.0000
0.5000,0.0000,0.5000,0.0000
0.5000,0.0000,0.5000,0.0000
0.5000,0.0000,0.5000,0.0000
0.5000,0.0000,0.5000,0.0000
0.5000,0.0000,0.5000,0.0000
0.5000,0.0000,0.5000,0.0000
0.5000,0.0000,0.5000,0.0000
0.5000,0.0000,0.5000,0.0000
0.5000,0.0000,0.5000,0.0000
0.5000,0.0000,0.5000,0.0000
0.5000,0.0000,0.5000,0.0000
0.5000,0.0000,0.5000,0.0000
0.5000,0.0000,0.5000,0.0000
0.5000,0.0000,0.5000,0.0000
0.5000,0.0000,0.5000,0.0000
0.5000,0.0000,0.5000,0.0000
0.5000,0.0000,0.5000,0.0000
0.5000,0.0000,0.5000,0.0000
0.5000,0.0000,0.5000,0.0000
0.5000,0.0000,0.5000,0.0000
0.5000,0.0000,0.5000,0.0000
0.5000,0.0000,0.5000,0.0000
0.5000,0.0000,0.5000,0.0000
0.5000,0.0000,0.5000,0.0000
0.5000,0.0000,0.5000,0.0000
0.5000,0.0000,0.5000,0.0000
0.5000,0.0000,0.5000,0.0000
0.5000,0.0000,0.5000,0.0000
0.5000,0.0000,0.5000,0.0000
0.5000,0.0000,0.5000,0.0000
0.5000,0.0000,0.5000,0.0000
0.5000,0.0000,0.5000,0.0000
0.5000,0.0000,0.5000,0.0000
0.5000,0.0000,0.5000,0.0000
0.5000,0.0000,0.5000,0.0000
0.5000,0.0000,0.5000,0.0000
0.5000,0.0000,0.5000,0.0000
0.5000,0.0000,0.5000,0.0000
0.5000,0.0000,0.5000,0.0000
0.5000,0.0000,0.5000,0.0000
0.5000,0.0000,0.5000,0.0000
0.5000,0.0000,0.5000,0.0000
0.5000,0.0000,0.5000,0.0000
0.5000,0.0000,0.5000,0.0000
0.5000,0.0000,0.5000,0.0000
0.5000,0.0000,0.5000,0.0000
0.5000,0.0000,0.5000,0.0000
0.5000,0.0000,0.5000,0.0000
0.5000,0.0000,0.5000,0.0000
0.5000,0.0000,0.5000,0.0000
0.5000,0.0000,0.5000,0.0000
0.5000,0.0000,0.5000,0.0000
0.5000,0.0000,0.5000,0.0000
0.5000,0.0000,0.5000,0.0000
0.5000,0.0000,0.5000,0.0000
0.5000,0.0000,0.5000,0.0000
0.5000,0.0000,0.5000,0.0000
0.5000,0.0000,0.5000,0.0000
0.5000,0.0000,0.5000,0.0000
0.5000,0.0000,0.5000,0.0000
0.5000,0.0000,0.5000,0.0000
0.5000,0.0000,0.5000,0.0000
0.5000,0.0000,0.5000,0.0000
0.5000,0.0000,0.5000,0.0000
0.5000,0.0000,0.5000,0.0000
0.5000,0.0000,0.5000,0.0000
0.5000,0.0000,0.5000,0.0000
0.5000,0.0000,0.5000,0.0000
0.5000,0.0000,0.5000,0.0000
0.5000,0.0000,0.5000,0.0000
0.5000,0.0000,0.5000,0.0000
0.5000,0.0000,0.5000,0.0000
0.5000,0.0000,0.5000,0.0000
0.5000,0.0000,0.5000,0.0000
0.5000,0.0000,0.5000,0.0000
0.5000,0.0000,0.5000,0.0000
0.5000,0.0000,0.5000,0.0000
0.5000,0.0000,0.5000,0.0000
0.5000,0.0000,0.5000,0.0000
0.5000,0.0000,0.5000,0.0000
0.5000,0.0000,0.5000,0.0000
0.5000,0.0000,0.5000,0.0000
0.5000,0.0000,0.5000,0.0000
0.5000,0.0000,0.5000,0.0000
0.5000,0.0000,0.5000,0.0000
0.5000,0.0000,0.5000,0.0000
0.5000,0.0000,0.5000,0.0000
0.5000,0.0000,0.5000,0.0000
0.5000,0.0000,0.5000,0.0000
0.5000,0.0000,0.5000,0.0000
0.5000,0.0000,0.5000,0.0000
0.5000,0.0000,0.5000,0.0000
0.5000,0.0000,0.5000,0.0000
0.5000,0.0000,0.5000,0.0000
0.5000,0.0000,0.5000,0.0000
0.5000,0.0000,0.5000,0.0000
0.5000,0.0000,0.5000,0.0000
0.5000,0.0000,0.5000,0.0000
0.5000,0.0000,0.5000,0.0000
0.5000,0.0000,0.5000,0.0000
0.5000,0.0000,0.5000,0.0000
0.5000,0.0000,0.5000,0.0000
0.5000,0.0000,0.5000,0.0000
0.5000,0.0000,0.5000,0.0000
0.5000,0.0000,0.5000,0.0000
0.5000,0.0000,0.5000,0.0000
0.5000,0.0000,0.5000,0.0000
2.8686,0.0000,2.8530,-0.3920
2.8530,-0.3920,2.8216,-0.7840
2.8216,-0.7840,2.7746,-1.1760
2.7746,-1.1760,2.7118,-1.5680
2.7118,-1.5680,2.6334,-1.9600
2.6334,-1.9600,2.5394,-2.3520
2.5394,-2.3520,2.4296,-2.7440
2.4296,-2.7440,2.3042,-3.1360
2.3042,-3.1360,2.1630,-3.5280
2.1630,-3.5280,2.0062,-3.9200
2.0062,-3.9200,1.8338,-4.3120
1.8338,-4.3120,1.6456,-4.7040
1.6456,-4.7040,1.4418,-5.0960
1.4418,-5.0960,1.2222,-5.4880
1.2222,-5.4880,0.9870,-5.8800
0.9870,-5.8800,0.7362,-6.2720
0.7362,-6.2720,0.5000,3.9984
0.5000,3.9984,0.6443,3.6064
0.6443,3.6064,0.7728,3.2144
0.7728,3.2144,0.8857,2.8224
0.8857,2.8224,0.9829,2.4304
0.9829,2.4304,1.0645,2.0384
1.0645,2.0384,1.1303,1.6464
1.1303,1.6464,1.1805,1.2544
1.1805,1.2544,1.2150,0.8624
1.2150,0.8624,1.2338,0.4704
1.2338,0.4704,1.2370,0.0784
1.2370,0.0784,1.2244,-0.3136
1.2244,-0.3136,1.1962,-0.7056
1.1962,-0.7056,1.1523,-1.0976
1.1523,-1.0976,1.0927,-1.4896
1.0927,-1.4896,1.0174,-1.8816
1.0174,-1.8816,0.9265,-2.2736
0.9265,-2.2736,0.8199,-2.6656
0.8199,-2.6656,0.6976,-3.0576
0.6976,-3.0576,0.5596,-3.4496
0.5596,-3.4496,0.5000,2.3050
0.5000,2.3050,0.5765,1.9130
0.5765,1.9130,0.6374,1.5210
0.6374,1.5210,0.6825,1.1290
0.6825,1.1290,0.7120,0.7370
0.7120,0.7370,0.7258,0.3450
0.7258,0.3450,0.7239,-0.0470
0.7239,-0.0470,0.7063,-0.4390
0.7063,-0.4390,0.6731,-0.8310
0.6731,-0.8310,0.6242,-1.2230
0.6242,-1.2230,0.5596,-1.6150
0.5596,-1.6150,0.5000,1.2042
0.5000,1.2042,0.5325,0.8122
0.5325,0.8122,0.5493,0.4202
0.5493,0.4202,0.5504,0.0282
0.5504,0.0282,0.5359,-0.3638
0.5359,-0.3638,0.5056,-0.7558
0.5056,-0.7558,0.5000,0.6887
0.5000,0.6887,0.5119,0.2967
0.5119,0.2967,0.5081,-0.0953
0.5081,-0.0953,0.5000,0.0000
0.5000,0.0000,0.5000,0.0000
0.5000,0.0000,0.5000,0.0000
0.5000,0.0000,0.5000,0.0000
0.5000,0.0000,0.5000,0.0000
0.5000,0.0000,0.5000,0.0000
0.5000,0.0000,0.5000,0.0000
0.5000,0.0000,0.5000,0.0000
0.5000,0.0000,0.5000,0.0000
0.5000,0.0000,0.5000,0.0000
0.5000,0.0000,0.5000,0.0000
0.5000,0.0000,0.5000,0.0000
0.5000,0.0000,0.5000,0.0000
0.5000,0.0000,0.5000,0.0000
0.5000,0.0000,0.5000,0.0000
0.5000,0.0000,0.5000,0.0000
0.5000,0.0000,0.5000,0.0000
0.5000,0.0000,0.5000,0.0000
0.5000,0.0000,0.5000,0.0000
0.5000,0.0000,0.5000,0.0000
0.5000,0.0000,0.5000,0.0000
0.5000,0.0000,0.5000,0.0000
0.5000,0.0000,0.5000,0.0000
0.5000,0.0000,0.5000,0.0000
0.5000,0.0000,0.5000,0.0000
0.5000,0.0000,0.5000,0.0000
0.5000,0.0000,0.5000,0.0000
0.5000,0.0000,0.5000,0.0000
0.5000,0.0000,0.5000,0.0000
0.5000,0.0000,0.5000,0.0000
0.5000,0.0000,0.5000,0.0000
0.5000,0.0000,0.5000,0.0000
0.5000,0.0000,0.5000,0.0000
0.5000,0.0000,0.5000,0.0000
0.5000,0.0000,0.5000,0.0000
0.5000,0.0000,0.5000,0.0000
0.5000,0.0000,0.5000,0.0000
0.5000,0.0000,0.5000,0.0000
0.5000,0.0000,0.5000,0.0000
0.5000,0.0000,0.5000,0.0000
0.5000,0.0000,0.5000,0.0000
0.5000,0.0000,0.5000,0.0000
0.5000,0.0000,0.5000,0.0000
0.5000,0.0000,0.5000,0.0000
0.5000,0.0000,0.5000,0.0000
0.5000,0.0000,0.5000,0.0000
0.5000,0.0000,0.5000,0.0000
0.5000,0.0000,0.5000,0.0000
0.5000,0.0000,0.5000,0.0000
0.5000,0.0000,0.5000,0.0000
0.5000,0.0000,0.5000,0.0000
0.5000,0.0000,0.5000,0.0000
0.5000,0.0000,0.5000,0.0000
0.5000,0.0000,0.5000,0.0000
0.5000,0.0000,0.5000,0.0000
0.5000,0.0000,0.5000,0.0000
0.5000,0.0000,0.5000,0.0000
0.5000,0.0000,0.5000,0.0000
0.5000,0.0000,0.5000,0.0000
0.5000,0.0000,0.5000,0.0000
0.5000,0.0000,0.5000,0.0000
0.5000,0.0000,0.5000,0.0000
0.5000,0.0000,0.5000,0.0000
0.5000,0.0000,0.5000,0.0000
0.5000,0.0000,0.5000,0.0000
0.5000,0.0000,0.5000,0.0000
0.5000,0.0000,0.5000,0.0000
0.5000,0.0000,0.5000,0.0000
0.5000,0.0000,0.5000,0.0000
0.5000,0.0000,0.5000,0.0000
0.5000,0.0000,0.5000,0.0000
0.5000,0.0000,0.5000,0.0000
0.5000,0.0000,0.5000,0.0000
0.5000,0.0000,0.5000,0.0000
0.5000,0.0000,0.5000,0.0000
0.5000,0.0000,0.5000,0.0000
0.5000,0.0000,0.5000,0.0000
0.5000,0.0000,0.5000,0.0000
0.5000,0.0000,0.5000,0.0000
0.5000,0.0000,0.5000,0.0000
0.5000,0.0000,0.5000,0.0000
0.5000,0.0000,0.5000,0.0000
0.5000,0.0000,0.5000,0.0000
0.5000,0.0000,0.5000,0.0000
0.5000,0.0000,0.5000,0.0000
0.5000,0.0000,0.5000,0.0000
0.5000,0.0000,0.5000,0.0000
0.5000,0.0000,0.5000,0.0000
0.5000,0.0000,0.5000,0.0000
0.5000,0.0000,0.5000,0.0000
0.5000,0.0000,0.5000,0.0000
0.5000,0.0000,0.5000,0.0000
0.5000,0.0000,0.5000,0.0000
0.5000,0.0000,0.5000,0.0000
0.5000,0.0000,0.5000,0.0000
0.5000,0.0000,0.5000,0.0000
0.5000,0.0000,0.5000,0.0000
0.5000,0.0000,0.5000,0.0000
0.5000,0.0000,0.5000,0.0000
0.5000,0.0000,0.5000,0.0000
0.5000,0.0000,0.5000,0.0000
0.5000,0.0000,0.5000,0.0000
0.5000,0.0000,0.5000,0.0000
0.5000,0.0000,0.5000,0.0000
0.5000,0.0000,0.5000,0.0000
0.5000,0.0000,0.5000,0.0000
0.5000,0.0000,0.5000,0.0000
0.5000,0.0000,0.5000,0.0000
0.5000,0.0000,0.5000,0.0000
0.5000,0.0000,0.5000,0.0000
0.5000,0.0000,0.5000,0.0000
0.5000,0.0000,0.5000,0.0000
0.5000,0.0000,0.5000,0.0000
0.5000,0.0000,0.5000,0.0000
0.5000,0.0000,0.5000,0.0000
0.5000,0.0000,0.5000,0.0000
0.5000,0.0000,0.5000,0.0000
0.5000,0.0000,0.5000,0.0000
0.5000,0.0000,0.5000,0.0000
0.5000,0.0000,0.5000,0.0000
0.5000,0.0000,0.5000,0.0000
0.5000,0.0000,0.5000,0.0000
0.5000,0.0000,0.5000,0.0000
0.5000,0.0000,0.5000,0.0000
0.5000,0.0000,0.5000,0.0000
0.5000,0.0000,0.5000,0.0000
0.5000,0.0000,0.5000,0.0000
0.5000,0.0000,0.5000,0.0000
0.5000,0.0000,0.5000,0.0000
0.5000,0.0000,0.5000,0.0000
0.5000,0.0000,0.5000,0.0000
0.5000,0.0000,0.5000,0.0000
0.5000,0.0000,0.5000,0.0000
0.5000,0.0000,0.5000,0.0000
0.5000,0.0000,0.5000,0.0000
0.5000,0.0000,0.5000,0.0000
0.5000,0.0000,0.5000,0.0000
0.5000,0.0000,0.5000,0.0000
0.5000,0.0000,0.5000,0.0000
0.5000,0.0000,0.5000,0.0000
0.5000,0.0000,0.5000,0.0000
0.5000,0.0000,0.5000,0.0000
0.5000,0.0000,0.5000,0.0000
0.5000,0.0000,0.5000,0.0000
2.6087,0.0000,2.5930,-0.3920
2.5930,-0.3920,2.5616,-0.7840
2.5616,-0.7840,2.5146,-1.1760
2.5146,-1.1760,2.4519,-1.5680
2.4519,-1.5680,2.3735,-1.9600
2.3735,-1.9600,2.2794,-2.3520
2.2794,-2.3520,2.1696,-2.7440
2.1696,-2.7440,2.0442,-3.1360
2.0442,-3.1360,1.9031,-3.5280
1.9031,-3.5280,1.7463,-3.9200
1.7463,-3.9200,1.5738,-4.3120
1.5738,-4.3120,1.3856,-4.7040
1.3856,-4.7040,1.1818,-5.0960
1.1818,-5.0960,0.9623,-5.4880
0.9623,-5.4880,0.7271,-5.8800
0.7271,-5.8800,0.5000,3.7632
0.5000,3.7632,0.6348,3.3712
0.6348,3.3712,0.7540,2.9792
0.7540,2.9792,0.8575,2.5872
0.8575,2.5872,0.9453,2.1952
0.9453,2.1952,1.0174,1.8032
1.0174,1.8032,1.0739,1.4112
1.0739,1.4112,1.1147,1.0192
1.1147,1.0192,1.1397,0.6272
1.1397,0.6272,1.1492,0.2352
1.1492,0.2352,1.1429,-0.1568
1.1429,-0.1568,1.1209,-0.5488
1.1209,-0.5488,1.0833,-0.9408
1.0833,-0.9408,1.0300,-1.3328
1.0300,-1.3328,0.9610,-1.7248
0.9610,-1.7248,0.8763,-2.1168
0.8763,-2.1168,0.7760,-2.5088
0.7760,-2.5088,0.6599,-2.9008
0.6599,-2.9008,0.5282,-3.2928
0.5282,-3.2928,0.5000,2.2109
0.5000,2.2109,0.5728,1.8189
0.5728,1.8189,0.6298,1.4269
0.6298,1.4269,0.6712,1.0349
0.6712,1.0349,0.6969,0.6429
0.6969,0.6429,0.7070,0.2509
0.7070,0.2509,0.7013,-0.1411
0.7013,-0.1411,0.6800,-0.5331
0.6800,-0.5331,0.6430,-0.9251
0.6430,-0.9251,0.5903,-1.3171
0.5903,-1.3171,0.5220,-1.7091
0.5220,-1.7091,0.5000,1.2607
0.5000,1.2607,0.5347,0.8687
0.5347,0.8687,0.5538,0.4767
0.5538,0.4767,0.5572,0.0847
0.5572,0.0847,0.5449,-0.3073
0.5449,-0.3073,0.5169,-0.6993
0.5169,-0.6993,0.5000,0.6548
0.5000,0.6548,0.5105,0.2628
0.5105,0.2628,0.5053,-0.1292
0.5053,-0.1292,0.5000,0.0000
0.5000,0.0000,0.5000,0.0000
0.5000,0.0000,0.5000,0.0000
0.5000,0.0000,0.5000,0.0000
0.5000,0.0000,0.5000,0.0000
0.5000,0.0000,0.5000,0.0000
0.5000,0.0000,0.5000,0.0000
0.5000,0.0000,0.5000,0.0000
0.5000,0.0000,0.5000,0.0000
0.5000,0.0000,0.5000,0.0000
0.5000,0.0000,0.5000,0.0000
0.5000,0.0000,0.5000,0.0000
0.5000,0.0000,0.5000,0.0000
0.5000,0.0000,0.5000,0.0000
0.5000,0.0000,0.5000,0.0000
0.5000,0.0000,0.5000,0.0000
0.5000,0.0000,0.5000,0.0000
0.5000,0.0000,0.5000,0.0000
0.5000,0.0000,0.5000,0.0000
0.5000,0.0000,0.5000,0.0000
0.5000,0.0000,0.5000,0.0000
0.5000,0.0000,0.5000,0.0000
0.5000,0.0000,0.5000,0.0000
0.5000,0.0000,0.5000,0.0000
0.5000,0.0000,0.5000,0.0000
0.5000,0.0000,0.5000,0.0000
0.5000,0.0000,0.5000,0.0000
0.5000,0.0000,0.5000,0.0000
0.5000,0.0000,0.5000,0.0000
0.5000,0.0000,0.5000,0.0000
0.5000,0.0000,0.5000,0.0000
0.5000,0.0000,0.5000,0.0000
0.5000,0.0000,0.5000,0.0000
0.5000,0.0000,0.5000,0.0000
0.5000,0.0000,0.5000,0.0000
0.5000,0.0000,0.5000,0.0000
0.5000,0.0000,0.5000,0.0000
0.5000,0.0000,0.5000,0.0000
0.5000,0.0000,0.5000,0.0000
0.5000,0.0000,0.5000,0.0000
0.5000,0.0000,0.5000,0.0000
0.5000,0.0000,0.5000,0.0000
0.5000,0.0000,0.5000,0.0000
0.5000,0.0000,0.5000,0.0000
0.5000,0.0000,0.5000,0.0000
0.5000,0.0000,0.5000,0.0000
0.5000,0.0000,0.5000,0.0000
0.5000,0.0000,0.5000,0.0000
0.5000,0.0000,0.5000,0.0000
0.5000,0.0000,0.5000,0.0000
0.5000,0.0000,0.5000,0.0000
0.5000,0.0000,0.5000,0.0000
0.5000,0.0000,0.5000,0.0000
0.5000,0.0000,0.5000,0.0000
0.5000,0.0000,0.5000,0.0000
0.5000,0.0000,0.5000,0.0000
0.5000,0.0000,0.5000,0.0000
0.5000,0.0000,0.5000,0.0000
0.5000,0.0000,0.5000,0.0000
0.5000,0.0000,0.5000,0.0000
0.5000,0.0000,0.5000,0.0000
0.5000,0.0000,0.5000,0.0000
0.5000,0.0000,0.5000,0.0000
0.5000,0.0000,0.5000,0.0000
0.5000,0.0000,0.5000,0.0000
0.5000,0.0000,0.5000,0.0000
0.5000,0.0000,0.5000,0.0000
0.5000,0.0000,0.5000,0.0000
0.5000,0.0000,0.5000,0.0000
0.5000,0.0000,0.5000,0.0000
0.5000,0.0000,0.5000,0.0000
0.5000,0.0000,0.5000,0.0000
0.5000,0.0000,0.5000,0.0000
0.5000,0.0000,0.5000,0.0000
0.5000,0.0000,0.5000,0.0000
0.5000,0.0000,0.5000,0.0000
0.5000,0.0000,0.5000,0.0000
0.5000,0.0000,0.5000,0.0000
0.5000,0.0000,0.5000,0.0000
0.5000,0.0000,0.5000,0.0000
0.5000,0.0000,0.5000,0.0000
0.5000,0.0000,0.5000,0.0000
0.5000,0.0000,0.5000,0.0000
0.5000,0.0000,0.5000,0.0000
0.5000,0.0000,0.5000,0.0000
0.5000,0.0000,0.5000,0.0000
0.5000,0.0000,0.5000,0.0000
0.5000,0.0000,0.5000,0.0000
0.5000,0.0000,0.5000,0.0000
0.5000,0.0000,0.5000,0.0000
0.5000,0.0000,0.5000,0.0000
0.5000,0.0000,0.5000,0.0000
0.5000,0.0000,0.5000,0.0000
0.5000,0.0000,0.5000,0.0000
0.5000,0.0000,0.5000,0.0000
0.5000,0.0000,0.5000,0.0000
0.5000,0.0000,0.5000,0.0000
0.5000,0.0000,0.5000,0.0000
0.5000,0.0000,0.5000,0.0000
0.5000,0.0000,0.5000,0.0000
0.5000,0.0000,0.5000,0.0000
0.5000,0.0000,0.5000,0.0000
0.5000,0.0000,0.5000,0.0000
0.5000,0.0000,0.5000,0.0000
0.5000,0.0000,0.5000,0.0000
0.5000,0.0000,0.5000,0.0000
0.5000,0.0000,0.5000,0.0000
0.5000,0.0000,0.5000,0.0000
0.5000,0.0000,0.5000,0.0000
0.5000,0.0000,0.5000,0.0000
0.5000,0.0000,0.5000,0.0000
0.5000,0.0000,0.5000,0.0000
0.5000,0.0000,0.5000,0.0000
0.5000,0.0000,0.5000,0.0000
0.5000,0.0000,0.5000,0.0000
0.5000,0.0000,0.5000,0.0000
0.5000,0.0000,0.5000,0.0000
0.5000,0.0000,0.5000,0.0000
0.5000,0.0000,0.5000,0.0000
0.5000,0.0000,0.5000,0.0000
0.5000,0.0000,0.5000,0.0000
0.5000,0.0000,0.5000,0.0000
0.5000,0.0000,0.5000,0.0000
0.5000,0.0000,0.5000,0.0000
0.5000,0.0000,0.5000,0.0000
0.5000,0.0000,0.5000,0.0000
0.5000,0.0000,0.5000,0.0000
0.5000,0.0000,0.5000,0.0000
0.5000,0.0000,0.5000,0.0000
0.5000,0.0000,0.5000,0.0000
0.5000,0.0000,0.5000,0.0000
0.5000,0.0000,0.5000,0.0000
0.5000,0.0000,0.5000,0.0000
0.5000,0.0000,0.5000,0.0000
0.5000,0.0000,0.5000,0.0000
0.5000,0.0000,0.5000,0.0000
0.5000,0.0000,0.5000,0.0000
0.5000,0.0000,0.5000,0.0000
0.5000,0.0000,0.5000,0.0000
0.5000,0.0000,0.5000,0.0000
0.5000,0.0000,0.5000,0.0000
0.5000,0.0000,0.5000,0.0000
0.5000,0.0000,0.5000,0.0000
0.5000,0.0000,0.5000,0.0000
0.5000,0.0000,0.5000,0.0000
0.5000,0.0000,0.5000,0.0000
4.7533,0.0000,4.7376,-0.3920
4.7376,-0.3920,4.7062,-0.7840
4.7062,-0.7840,4.6592,-1.1760
4.6592,-1.1760,4.5965,-1.5680
4.5965,-1.5680,4.5181,-1.9600
4.5181,-1.9600,4.4240,-2.3520
4.4240,-2.3520,4.3142,-2.7440
4.3142,-2.7440,4.1888,-3.1360
4.1888,-3.1360,4.0477,-3.5280
4.0477,-3.5280,3.8909,-3.9200
3.8909,-3.9200,3.7184,-4.3120
3.7184,-4.3120,3.5302,-4.7040
3.5302,-4.7040,3.3264,-5.0960
3.3264,-5.0960,3.1069,-5.4880
3.1069,-5.4880,2.8717,-5.8800
2.8717,-5.8800,2.6208,-6.2720
2.6208,-6.2720,2.3542,-6.6640
2.3542,-6.6640,2.0720,-7.0560
2.0720,-7.0560,1.7741,-7.4480
1.7741,-7.4480,1.4605,-7.8400
1.4605,-7.8400,1.1312,-8.2320
1.1312,-8.2320,0.7862,-8.6240
0.7862,-8.6240,0.5000,5.4096
0.5000,5.4096,0.7007,5.0176
0.7007,5.0176,0.8857,4.6256
0.8857,4.6256,1.0551,4.2336
1.0551,4.2336,1.2087,3.8416
1.2087,3.8416,1.3467,3.4496
1.3467,3.4496,1.4690,3.0576
1.4690,3.0576,1.5756,2.6656
1.5756,2.6656,1.6666,2.2736
1.6666,2.2736,1.7419,1.8816
1.7419,1.8816,1.8014,1.4896
1.8014,1.4896,1.8453,1.0976
1.8453,1.0976,1.8736,0.7056
1.8736,0.7056,1.8861,0.3136
1.8861,0.3136,1.8830,-0.0784
1.8830,-0.0784,1.8642,-0.4704
1.8642,-0.4704,1.8297,-0.8624
1.8297,-0.8624,1.7795,-1.2544
1.7795,-1.2544,1.7136,-1.6464
1.7136,-1.6464,1.6321,-2.0384
1.6321,-2.0384,1.5349,-2.4304
1.5349,-2.4304,1.4220,-2.8224
1.4220,-2.8224,1.2934,-3.2144
1.2934,-3.2144,1.1492,-3.6064
1.1492,-3.6064,0.9892,-3.9984
0.9892,-3.9984,0.8136,-4.3904
0.8136,-4.3904,0.6223,-4.7824
0.6223,-4.7824,0.5000,3.1046
0.5000,3.1046,0.6085,2.7126
0.6085,2.7126,0.7013,2.3206
0.7013,2.3206,0.7785,1.9286
0.7785,1.9286,0.8399,1.5366
0.8399,1.5366,0.8857,1.1446
0.8857,1.1446,0.9158,0.7526
0.9158,0.7526,0.9303,0.3606
0.9303,0.3606,0.9290,-0.0314
0.9290,-0.0314,0.9121,-0.4234
0.9121,-0.4234,0.8795,-0.8154
0.8795,-0.8154,0.8312,-1.2074
0.8312,-1.2074,0.7672,-1.5994
0.7672,-1.5994,0.6875,-1.9914
0.6875,-1.9914,0.5922,-2.3834
0.5922,-2.3834,0.5000,1.6652
0.5000,1.6652,0.5509,1.2732
0.5509,1.2732,0.5862,0.8812
0.5862,0.8812,0.6057,0.4892
0.6057,0.4892,0.6096,0.0972
0.6096,0.0972,0.5978,-0.2948
0.5978,-0.2948,0.5704,-0.6868
0.5704,-0.6868,0.5272,-1.0788
0.5272,-1.0788,0.5000,0.8825
0.5000,0.8825,0.5196,0.4905
0.5196,0.4905,0.5236,0.0985
0.5236,0.0985,0.5118,-0.2935
0.5118,-0.2935,0.5000,0.4113
0.5000,0.4113,0.5008,0.0193
0.5008,0.0193,0.5000,0.0000
0.5000,0.0000,0.5000,0.0000
0.5000,0.0000,0.5000,0.0000
0.5000,0.0000,0.5000,0.0000
0.5000,0.0000,0.5000,0.0000
0.5000,0.0000,0.5000,0.0000
0.5000,0.0000,0.5000,0.0000
0.5000,0.0000,0.5000,0.0000
0.5000,0.0000,0.5000,0.0000
0.5000,0.0000,0.5000,0.0000
0.5000,0.0000,0.5000,0.0000
0.5000,0.0000,0.5000,0.0000
0.5000,0.0000,0.5000,0.0000
0.5000,0.0000,0.5000,0.0000
0.5000,0.0000,0.5000,0.0000
0.5000,0.0000,0.5000,0.0000
0.5000,0.0000,0.5000,0.0000
0.5000,0.0000,0.5000,0.0000
0.5000,0.0000,0.5000,0.0000
0.5000,0.0000,0.5000,0.0000
0.5000,0.0000,0.5000,0.0000
0.5000,0.0000,0.5000,0.0000
0.5000,0.0000,0.5000,0.0000
0.5000,0.0000,0.5000,0.0000
0.5000,0.0000,0.5000,0.0000
0.5000,0.0000,0.5000,0.0000
0.5000,0.0000,0.5000,0.0000
0.5000,0.0000,0.5000,0.0000
0.5000,0.0000,0.5000,0.0000
0.5000,0.0000,0.5000,0.0000
0.5000,0.0000,0.5000,0.0000
0.5000,0.0000,0.5000,0.0000
0.5000,0.0000,0.5000,0.0000
0.5000,0.0000,0.5000,0.0000
0.5000,0.0000,0.5000,0.0000
0.5000,0.0000,0.5000,0.0000
0.5000,0.0000,0.5000,0.0000
0.5000,0.0000,0.5000,0.0000
0.5000,0.0000,0.5000,0.0000
0.5000,0.0000,0.5000,0.0000
0.5000,0.0000,0.5000,0.0000
0.5000,0.0000,0.5000,0.0000
0.5000,0.0000,0.5000,0.0000
0.5000,0.0000,0.5000,0.0000
0.5000,0.0000,0.5000,0.0000
0.5000,0.0000,0.5000,0.0000
0.5000,0.0000,0.5000,0.0000
0.5000,0.0000,0.5000,0.0000
0.5000,0.0000,0.5000,0.0000
0.5000,0.0000,0.5000,0.0000
0.5000,0.0000,0.5000,0.0000
0.5000,0.0000,0.5000,0.0000
0.5000,0.0000,0.5000,0.0000
0.5000,0.0000,0.5000,0.0000
0.5000,0.0000,0.5000,0.0000
0.5000,0.0000,0.5000,0.0000
0.5000,0.0000,0.5000,0.0000
0.5000,0.0000,0.5000,0.0000
0.5000,0.0000,0.5000,0.0000
0.5000,0.0000,0.5000,0.0000
0.5000,0.0000,0.5000,0.0000
0.5000,0.0000,0.5000,0.0000
0.5000,0.0000,0.5000,0.0000
0.5000,0.0000,0.5000,0.0000
0.5000,0.0000,0.5000,0.0000
0.5000,0.0000,0.5000,0.0000
0.5000,0.0000,0.5000,0.0000
0.5000,0.0000,0.5000,0.0000
0.5000,0.0000,0.5000,0.0000
0.5000,0.0000,0.5000,0.0000
0.5000,0.0000,0.5000,0.0000
0.5000,0.0000,0.5000,0.0000
0.5000,0.0000,0.5000,0.0000
0.5000,0.0000,0.5000,0.0000
0.5000,0.0000,0.5000,0.0000
0.5000,0.0000,0.5000,0.0000
0.5000,0.0000,0.5000,0.0000
0.5000,0.0000,0.5000,0.0000
0.5000,0.0000,0.5000,0.0000
0.5000,0.0000,0.5000,0.0000
0.5000,0.0000,0.5000,0.0000
0.5000,0.0000,0.5000,0.0000
0.5000,0.0000,0.5000,0.0000
0.5000,0.0000,0.5000,0.0000
0.5000,0.0000,0.5000,0.0000
0.5000,0.0000,0.5000,0.0000
0.5000,0.0000,0.5000,0.0000
0.5000,0.0000,0.5000,0.0000
0.5000,0.0000,0.5000,0.0000
0.5000,0.0000,0.5000,0.0000
0.5000,0.0000,0.5000,0.0000
0.5000,0.0000,0.5000,0.0000
0.5000,0.0000,0.5000,0.0000
0.5000,0.0000,0.5000,0.0000
0.5000,0.0000,0.5000,0.0000
0.5000,0.0000,0.5000,0.0000
0.5000,0.0000,0.5000,0.0000
0.5000,0.0000,0.5000,0.0000
0.5000,0.0000,0.5000,0.0000
0.5000,0.0000,0.5000,0.0000
0.5000,0.0000,0.5000,0.0000
0.5000,0.0000,0.5000,0.0000
0.5000,0.0000,0.5000,0.0000
0.5000,0.0000,0.5000,0.0000
0.5000,0.0000,0.5000,0.0000
0.5000,0.0000,0.5000,0.0000
0.5000,0.0000,0.5000,0.0000
0.5000,0.0000,0.5000,0.0000
0.5000,0.0000,0.5000,0.0000
0.5000,0.0000,0.5000,0.0000
0.5000,0.0000,0.5000,0.0000
0.5000,0.0000,0.5000,0.0000
0.5000,0.0000,0.5000,0.0000
0.5000,0.0000,0.5000,0.0000
0.5000,0.0000,0.5000,0.0000
0.5000,0.0000,0.5000,0.0000
0.5000,0.0000,0.5000,0.0000
0.5000,0.0000,0.5000,0.0000
0.5000,0.0000,0.5000,0.0000
0.5000,0.0000,0.5000,0.0000
0.5000,0.0000,0.5000,0.0000
0.5000,0.0000,0.5000,0.0000
5.5995,0.0000,5.5838,-0.3920
5.5838,-0.3920,5.5524,-0.7840
5.5524,-0.7840,5.5054,-1.1760
5.5054,-1.1760,5.4427,-1.5680
5.4427,-1.5680,5.3643,-1.9600
5.3643,-1.9600,5.2702,-2.3520
5.2702,-2.3520,5.1604,-2.7440
5.1604,-2.7440,5.0350,-3.1360
5.0350,-3.1360,4.8939,-3.5280
4.8939,-3.5280,4.7371,-3.9200
4.7371,-3.9200,4.5646,-4.3120
4.5646,-4.3120,4.3764,-4.7040
4.3764,-4.7040,4.1726,-5.0960
4.1726,-5.0960,3.9531,-5.4880
3.9531,-5.4880,3.7179,-5.8800
3.7179,-5.8800,3.4670,-6.2720
3.4670,-6.2720,3.2004,-6.6640
3.2004,-6.6640,2.9182,-7.0560
2.9182,-7.0560,2.6203,-7.4480
2.6203,-7.4480,2.3067,-7.8400
2.3067,-7.8400,1.9774,-8.2320
1.9774,-8.2320,1.6324,-8.6240
1.6324,-8.6240,1.2718,-9.0160
1.2718,-9.0160,0.8955,-9.4080
0.8955,-9.4080,0.5035,-9.8000
0.5035,-9.8000,0.5000,6.1152
0.5000,6.1152,0.7289,5.7232
0.7289,5.7232,0.9422,5.3312
0.9422,5.3312,1.1397,4.9392
1.1397,4.9392,1.3216,4.5472
1.3216,4.5472,1.4878,4.1552
1.4878,4.1552,1.6384,3.7632
1.6384,3.7632,1.7732,3.3712
1.7732,3.3712,1.8924,2.9792
1.8924,2.9792,1.9959,2.5872
1.9959,2.5872,2.0837,2.1952
2.0837,2.1952,2.1558,1.8032
2.1558,1.8032,2.2123,1.4112
2.2123,1.4112,2.2530,1.0192
2.2530,1.0192,2.2781,0.6272
2.2781,0.6272,2.2875,0.2352
2.2875,0.2352,2.2812,-0.1568
2.2812,-0.1568,2.2593,-0.5488
2.2593,-0.5488,2.2217,-0.9408
2.2217,-0.9408,2.1684,-1.3328
2.1684,-1.3328,2.0994,-1.7248
2.0994,-1.7248,2.0147,-2.1168
2.0147,-2.1168,1.9143,-2.5088
1.9143,-2.5088,1.7983,-2.9008
1.7983,-2.9008,1.6666,-3.2928
1.6666,-3.2928,1.5192,-3.6848
1.5192,-3.6848,1.3561,-4.0768
1.3561,-4.0768,1.1774,-4.4688
1.1774,-4.4688,0.9829,-4.8608
0.9829,-4.8608,0.7728,-5.2528
0.7728,-5.2528,0.5470,-5.6448
0.5470,-5.6448,0.5000,3.6221
0.5000,3.6221,0.6292,3.2301
0.6292,3.2301,0.7427,2.8381
0.7427,2.8381,0.8406,2.4461
0.8406,2.4461,0.9227,2.0541
0.9227,2.0541,0.9892,1.6621
0.9892,1.6621,1.0400,1.2701
1.0400,1.2701,1.0751,0.8781
1.0751,0.8781,1.0946,0.4861
1.0946,0.4861,1.0983,0.0941
1.0983,0.0941,1.0864,-0.2979
1.0864,-0.2979,1.0588,-0.6899
1.0588,-0.6899,1.0156,-1.0819
1.0156,-1.0819,0.9566,-1.4739
0.9566,-1.4739,0.8820,-1.8659
0.8820,-1.8659,0.7916,-2.2579
0.7916,-2.2579,0.6857,-2.6499
0.6857,-2.6499,0.5640,-3.0419
0.5640,-3.0419,0.5000,2.0604
0.5000,2.0604,0.5667,1.6684
0.5667,1.6684,0.6178,1.2764
0.6178,1.2764,0.6532,0.8844
0.6532,0.8844,0.6729,0.4924
0.6729,0.4924,0.6769,0.1004
0.6769,0.1004,0.6652,-0.2916
0.6652,-0.2916,0.6379,-0.6836
0.6379,-0.6836,0.5948,-1.0756
0.5948,-1.0756,0.5361,-1.4676
0.5361,-1.4676,0.5000,1.1158
0.5000,1.1158,0.5290,0.7238
0.5290,0.7238,0.5422,0.3318
0.5422,0.3318,0.5398,-0.0602
0.5398,-0.0602,0.5217,-0.4522
0.5217,-0.4522,0.5000,0.5065
0.5000,0.5065,0.5046,0.1145
0.5046,0.1145,0.5000,0.0000
0.5000,0.0000,0.5000,0.0000
0.5000,0.0000,0.5000,0.0000
0.5000,0.0000,0.5000,0.0000
0.5000,0.0000,0.5000,0.0000
0.5000,0.0000,0.5000,0.0000
0.5000,0.0000,0.5000,0.0000
0.5000,0.0000,0.5000,0.0000
0.5000,0.0000,0.5000,0.0000
0.5000,0.0000,0.5000,0.0000
0.5000,0.0000,0.5000,0.0000
0.5000,0.0000,0.5000,0.0000
0.5000,0.0000,0.5000,0.0000
0.5000,0.0000,0.5000,0.0000
0.5000,0.0000,0.5000,0.0000
0.5000,0.0000,0.5000,0.0000
0.5000,0.0000,0.5000,0.0000
0.5000,0.0000,0.5000,0.0000
0.5000,0.0000,0.5000,0.0000
0.5000,0.0000,0.5000,0.0000
0.5000,0.0000,0.5000,0.0000
0.5000,0.0000,0.5000,0.0000
0.5000,0.0000,0.5000,0.0000
0.5000,0.0000,0.5000,0.0000
0.5000,0.0000,0.5000,0.0000
0.5000,0.0000,0.5000,0.0000
0.5000,0.0000,0.5000,0.0000
0.5000,0.0000,0.5000,0.0000
0.5000,0.0000,0.5000,0.0000
0.5000,0.0000,0.5000,0.0000
0.5000,0.0000,0.5000,0.0000
0.5000,0.0000,0.5000,0.0000
0.5000,0.0000,0.5000,0.0000
0.5000,0.0000,0.5000,0.0000
0.5000,0.0000,0.5000,0.0000
0.5000,0.0000,0.5000,0.0000
0.5000,0.0000,0.5000,0.0000
0.5000,0.0000,0.5000,0.0000
0.5000,0.0000,0.5000,0.0000
0.5000,0.0000,0.5000,0.0000
0.5000,0.0000,0.5000,0.0000
0.5000,0.0000,0.5000,0.0000
0.5000,0.0000,0.5000,0.0000
0.5000,0.0000,0.5000,0.0000
0.5000,0.0000,0.5000,0.0000
0.5000,0.0000,0.5000,0.0000
0.5000,0.0000,0.5000,0.0000
0.5000,0.0000,0.5000,0.0000
0.5000,0.0000,0.5000,0.0000
0.5000,0.0000,0.5000,0.0000
0.5000,0.0000,0.5000,0.0000
0.5000,0.0000,0.5000,0.0000
0.5000,0.0000,0.5000,0.0000
0.5000,0.0000,0.5000,0.0000
0.5000,0.0000,0.5000,0.0000
0.5000,0.0000,0.5000,0.0000
0.5000,0.0000,0.5000,0.0000
0.5000,0.0000,0.5000,0.0000
0.5000,0.0000,0.5000,0.0000
0.5000,0.0000,0.5000,0.0000
0.5000,0.0000,0.5000,0.0000
0.5000,0.0000,0.5000,0.0000
0.5000,0.0000,0.5000,0.0000
0.5000,0.0000,0.5000,0.0000
0.5000,0.0000,0.5000,0.0000
0.5000,0.0000,0.5000,0.0000
0.5000,0.0000,0.5000,0.0000
0.5000,0.0000,0.5000,0.0000
0.5000,0.0000,0.5000,0.0000
0.5000,0.0000,0.5000,0.0000
0.5000,0.0000,0.5000,0.0000
0.5000,0.0000,0.5000,0.0000
0.5000,0.0000,0.5000,0.0000
0.5000,0.0000,0.5000,0.0000
0.5000,0.0000,0.5000,0.0000
0.5000,0.0000,0.5000,0.0000
0.5000,0.0000,0.5000,0.0000
0.5000,0.0000,0.5000,0.0000
0.5000,0.0000,0.5000,0.0000
0.5000,0.0000,0.5000,0.0000
0.5000,0.0000,0.5000,0.0000
0.5000,0.0000,0.5000,0.0000
0.5000,0.0000,0.5000,0.0000
0.5000,0.0000,0.5000,0.0000
0.5000,0.0000,0.5000,0.0000
0.5000,0.0000,0.5000,0.0000
0.5000,0.0000,0.5000,0.0000
0.5000,0.0000,0.5000,0.0000
0.5000,0.0000,0.5000,0.0000
0.5000,0.0000,0.5000,0.0000
0.5000,0.0000,0.5000,0.0000
0.5000,0.0000,0.5000,0.0000
0.5000,0.0000,0.5000,0.0000
0.5000,0.0000,0.5000,0.0000
0.5000,0.0000,0.5000,0.0000
0.5000,0.0000,0.5000,0.0000
0.5000,0.0000,0.5000,0.0000
0.5000,0.0000,0.5000,0.0000
0.5000,0.0000,0.5000,0.0000
0.5000,0.0000,0.5000,0.0000
0.5000,0.0000,0.5000,0.0000
0.5000,0.0000,0.5000,0.0000
0.5000,0.0000,0.5000,0.0000
0.5000,0.0000,0.5000,0.0000
0.5000,0.0000,0.5000,0.0000
0.5000,0.0000,0.5000,0.0000
0.5000,0.0000,0.5000,0.0000
0.5000,0.0000,0.5000,0.0000
0.5000,0.0000,0.5000,0.0000
3.4658,0.0000,3.4501,-0.3920
3.4501,-0.3920,3.4187,-0.7840
3.4187,-0.7840,3.3717,-1.1760
3.3717,-1.1760,3.3090,-1.5680
3.3090,-1.5680,3.2306,-1.9600
3.2306,-1.9600,3.1365,-2.3520
3.1365,-2.3520,3.0267,-2.7440
3.0267,-2.7440,2.9013,-3.1360
2.9013,-3.1360,2.7602,-3.5280
2.7602,-3.5280,2.6034,-3.9200
2.6034,-3.9200,2.4309,-4.3120
2.4309,-4.3120,2.2427,-4.7040
2.2427,-4.7040,2.0389,-5.0960
2.0389,-5.0960,1.8194,-5.4880
1.8194,-5.4880,1.5842,-5.8800
1.5842,-5.8800,1.3333,-6.2720
1.3333,-6.2720,1.0667,-6.6640
1.0667,-6.6640,0.7845,-7.0560
0.7845,-7.0560,0.5000,4.4688
0.5000,4.4688,0.6631,4.0768
0.6631,4.0768,0.8105,3.6848
0.8105,3.6848,0.9422,3.2928
0.9422,3.2928,1.0582,2.9008
1.0582,2.9008,1.1586,2.5088
1.1586,2.5088,1.2432,2.1168
1.2432,2.1168,1.3122,1.7248
1.3122,1.7248,1.3655,1.3328
1.3655,1.3328,1.4032,0.9408
1.4032,0.9408,1.4251,0.5488
1.4251,0.5488,1.4314,0.1568
1.4314,0.1568,1.4220,-0.2352
1.4220,-0.2352,1.3969,-0.6272
1.3969,-0.6272,1.3561,-1.0192
1.3561,-1.0192,1.2997,-1.4112
1.2997,-1.4112,1.2276,-1.8032
1.2276,-1.8032,1.1397,-2.1952
1.1397,-2.1952,1.0363,-2.5872
1.0363,-2.5872,0.9171,-2.9792
0.9171,-2.9792,0.7822,-3.3712
0.7822,-3.3712,0.6317,-3.7632
0.6317,-3.7632,0.5000,2.4931
0.5000,2.4931,0.5840,2.1011
0.5840,2.1011,0.6524,1.7091
0.6524,1.7091,0.7051,1.3171
0.7051,1.3171,0.7421,0.9251
0.7421,0.9251,0.7634,0.5331
0.7634,0.5331,0.7691,0.1411
0.7691,0.1411,0.7590,-0.2509
0.7590,-0.2509,0.7333,-0.6429
0.7333,-0.6429,0.6919,-1.0349
0.6919,-1.0349,0.6348,-1.4269
0.6348,-1.4269,0.5621,-1.8189
0.5621,-1.8189,0.5000,1.3265
0.5000,1.3265,0.5374,0.9345
0.5374,0.9345,0.5591,0.5425
0.5591,0.5425,0.5651,0.1505
0.5651,0.1505,0.5554,-0.2415
0.5554,-0.2415,0.5301,-0.6335
0.5301,-0.6335,0.5000,0.6153
0.5000,0.6153,0.5089,0.2233
0.5089,0.2233,0.5022,-0.1687
0.5022,-0.1687,0.5000,0.0000
0.5000,0.0000,0.5000,0.0000
0.5000,0.0000,0.5000,0.0000
0.5000,0.0000,0.5000,0.0000
0.5000,0.0000,0.5000,0.0000
0.5000,0.0000,0.5000,0.0000
0.5000,0.0000,0.5000,0.0000
0.5000,0.0000,0.5000,0.0000
0.5000,0.0000,0.5000,0.0000
0.5000,0.0000,0.5000,0.0000
0.5000,0.0000,0.5000,0.0000
0.5000,0.0000,0.5000,0.0000
0.5000,0.0000,0.5000,0.0000
0.5000,0.0000,0.5000,0.0000
0.5000,0.0000,0.5000,0.0000
0.5000,0.0000,0.5000,0.0000
0.5000,0.0000,0.5000,0.0000
0.5000,0.0000,0.5000,0.0000
0.5000,0.0000,0.5000,0.0000
0.5000,0.0000,0.5000,0.0000
0.5000,0.0000,0.5000,0.0000
0.5000,0.0000,0.5000,0.0000
0.5000,0.0000,0.5000,0.0000
0.5000,0.0000,0.5000,0.0000
0.5000,0.0000,0.5000,0.0000
0.5000,0.0000,0.5000,0.0000
0.5000,0.0000,0.5000,0.0000
0.5000,0.0000,0.5000,0.0000
0.5000,0.0000,0.5000,0.0000
0.5000,0.0000,0.5000,0.0000
0.5000,0.0000,0.5000,0.0000
0.5000,0.0000,0.5000,0.0000
0.5000,0.0000,0.5000,0.0000
0.5000,0.0000,0.5000,0.0000
0.5000,0.0000,0.5000,0.0000
0.5000,0.0000,0.5000,0.0000
0.5000,0.0000,0.5000,0.0000
0.5000,0.0000,0.5000,0.0000
0.5000,0.0000,0.5000,0.0000
0.5000,0.0000,0.5000,0.0000
0.5000,0.0000,0.5000,0.0000
0.5000,0.0000,0.5000,0.0000
0.5000,0.0000,0.5000,0.0000
0.5000,0.0000,0.5000,0.0000
0.5000,0.0000,0.5000,0.0000
0.5000,0.0000,0.5000,0.0000
0.5000,0.0000,0.5000,0.0000
0.5000,0.0000,0.5000,0.0000
0.5000,0.0000,0.5000,0.0000
0.5000,0.0000,0.5000,0.0000
0.5000,0.0000,0.5000,0.0000
0.5000,0.0000,0.5000,0.0000
0.5000,0.0000,0.5000,0.0000
0.5000,0.0000,0.5000,0.0000
0.5000,0.0000,0.5000,0.0000
0.5000,0.0000,0.5000,0.0000
0.5000,0.0000,0.5000,0.0000
0.5000,0.0000,0.5000,0.0000
0.5000,0.0000,0.5000,0.0000
0.5000,0.0000,0.5000,0.0000
0.5000,0.0000,0.5000,0.0000
0.5000,0.0000,0.5000,0.0000
0.5000,0.0000,0.5000,0.0000
0.5000,0.0000,0.5000,0.0000
0.5000,0.0000,0.5000,0.0000
0.5000,0.0000,0.5000,0.0000
0.5000,0.0000,0.5000,0.0000
0.5000,0.0000,0.5000,0.0000
0.5000,0.0000,0.5000,0.0000
0.5000,0.0000,0.5000,0.0000
0.5000,0.0000,0.5000,0.0000
0.5000,0.0000,0.5000,0.0000
0.5000,0.0000,0.5000,0.0000
0.5000,0.0000,0.5000,0.0000
0.5000,0.0000,0.5000,0.0000
0.5000,0.0000,0.5000,0.0000
0.5000,0.0000,0.5000,0.0000
0.5000,0.0000,0.5000,0.0000
0.5000,0.0000,0.5000,0.0000
0.5000,0.0000,0.5000,0.0000
0.5000,0.0000,0.5000,0.0000
0.5000,0.0000,0.5000,0.0000
0.5000,0.0000,0.5000,0.0000
0.5000,0.0000,0.5000,0.0000
0.5000,0.0000,0.5000,0.0000
0.5000,0.0000,0.5000,0.0000
0.5000,0.0000,0.5000,0.0000
0.5000,0.0000,0.5000,0.0000
0.5000,0.0000,0.5000,0.0000
0.5000,0.0000,0.5000,0.0000
0.5000,0.0000,0.5000,0.0000
0.5000,0.0000,0.5000,0.0000
0.5000,0.0000,0.5000,0.0000
0.5000,0.0000,0.5000,0.0000
0.5000,0.0000,0.5000,0.0000
0.5000,0.0000,0.5000,0.0000
0.5000,0.0000,0.5000,0.0000
0.5000,0.0000,0.5000,0.0000
0.5000,0.0000,0.5000,0.0000
0.5000,0.0000,0.5000,0.0000
0.5000,0.0000,0.5000,0.0000
0.5000,0.0000,0.5000,0.0000
0.5000,0.0000,0.5000,0.0000
0.5000,0.0000,0.5000,0.0000
0.5000,0.0000,0.5000,0.0000
0.5000,0.0000,0.5000,0.0000
0.5000,0.0000,0.5000,0.0000
0.5000,0.0000,0.5000,0.0000
0.5000,0.0000,0.5000,0.0000
0.5000,0.0000,0.5000,0.0000
0.5000,0.0000,0.5000,0.0000
0.5000,0.0000,0.5000,0.0000
0.5000,0.0000,0.5000,0.0000
0.5000,0.0000,0.5000,0.0000
0.5000,0.0000,0.5000,0.0000
0.5000,0.0000,0.5000,0.0000
0.5000,0.0000,0.5000,0.0000
0.5000,0.0000,0.5000,0.0000
0.5000,0.0000,0.5000,0.0000
0.5000,0.0000,0.5000,0.0000
0.5000,0.0000,0.5000,0.0000
0.5000,0.0000,0.5000,0.0000
0.5000,0.0000,0.5000,0.0000
0.5000,0.0000,0.5000,0.0000
0.5000,0.0000,0.5000,0.0000
0.5000,0.0000,0.5000,0.0000
0.5000,0.0000,0.5000,0.0000
0.5000,0.0000,0.5000,0.0000
0.5000,0.0000,0.5000,0.0000
0.5000,0.0000,0.5000,0.0000
0.5000,0.0000,0.5000,0.0000
0.5000,0.0000,0.5000,0.0000
0.5000,0.0000,0.5000,0.0000
0.5000,0.0000,0.5000,0.0000
0.5000,0.0000,0.5000,0.0000
0.5000,0.0000,0.5000,0.0000
0.5000,0.0000,0.5000,0.0000
0.5000,0.0000,0.5000,0.0000
0.5000,0.0000,0.5000,0.0000
2.5228,0.0000,2.5071,-0.3920
2.5071,-0.3920,2.4757,-0.7840
2.4757,-0.7840,2.4287,-1.1760
2.4287,-1.1760,2.3660,-1.5680
2.3660,-1.5680,2.2876,-1.9600
2.2876,-1.9600,2.1935,-2.3520
2.1935,-2.3520,2.0837,-2.7440
2.0837,-2.7440,1.9583,-3.1360
1.9583,-3.1360,1.8172,-3.5280
1.8172,-3.5280,1.6604,-3.9200
1.6604,-3.9200,1.4879,-4.3120
1.4879,-4.3120,1.2997,-4.7040
1.2997,-4.7040,1.0959,-5.0960
1.0959,-5.0960,0.8764,-5.4880
0.8764,-5.4880,0.6412,-5.8800
0.6412,-5.8800,0.5000,3.7632
0.5000,3.7632,0.6348,3.3712
0.6348,3.3712,0.7540,2.9792
0.7540,2.9792,0.8575,2.5872
0.8575,2.5872,0.9453,2.1952
0.9453,2.1952,1.0174,1.8032
1.0174,1.8032,1.0739,1.4112
1.0739,1.4112,1.1147,1.0192
1.1147,1.0192,1.1397,0.6272
1.1397,0.6272,1.1492,0.2352
1.1492,0.2352,1.1429,-0.1568
1.1429,-0.1568,1.1209,-0.5488
1.1209,-0.5488,1.0833,-0.9408
1.0833,-0.9408,1.0300,-1.3328
1.0300,-1.3328,0.9610,-1.7248
0.9610,-1.7248,0.8763,-2.1168
0.8763,-2.1168,0.7760,-2.5088
0.7760,-2.5088,0.6599,-2.9008
0.6599,-2.9008,0.5282,-3.2928
0.5282,-3.2928,0.5000,2.2109
0.5000,2.2109,0.5728,1.8189
0.5728,1.8189,0.6298,1.4269
0.6298,1.4269,0.6712,1.0349
0.6712,1.0349,0.6969,0.6429
0.6969,0.6429,0.7070,0.2509
0.7070,0.2509,0.7013,-0.1411
0.7013,-0.1411,0.6800,-0.5331
0.6800,-0.5331,0.6430,-0.9251
0.6430,-0.9251,0.5903,-1.3171
0.5903,-1.3171,0.5220,-1.7091
0.5220,-1.7091,0.5000,1.2607
0.5000,1.2607,0.5347,0.8687
0.5347,0.8687,0.5538,0.4767
0.5538,0.4767,0.5572,0.0847
0.5572,0.0847,0.5449,-0.3073
0.5449,-0.3073,0.5169,-0.6993
0.5169,-0.6993,0.5000,0.6548
0.5000,0.6548,0.5105,0.2628
0.5105,0.2628,0.5053,-0.1292
0.5053,-0.1292,0.5000,0.0000
0.5000,0.0000,0.5000,0.0000
0.5000,0.0000,0.5000,0.0000
0.5000,0.0000,0.5000,0.0000
0.5000,0.0000,0.5000,0.0000
0.5000,0.0000,0.5000,0.0000
0.5000,0.0000,0.5000,0.0000
0.5000,0.0000,0.5000,0.0000
0.5000,0.0000,0.5000,0.0000
0.5000,0.0000,0.5000,0.0000
0.5000,0.0000,0.5000,0.0000
0.5000,0.0000,0.5000,0.0000
0.5000,0.0000,0.5000,0.0000
0.5000,0.0000,0.5000,0.0000
0.5000,0.0000,0.5000,0.0000
0.5000,0.0000,0.5000,0.0000
0.5000,0.0000,0.5000,0.0000
0.5000,0.0000,0.5000,0.0000
0.5000,0.0000,0.5000,0.0000
0.5000,0.0000,0.5000,0.0000
0.5000,0.0000,0.5000,0.0000
0.5000,0.0000,0.5000,0.0000
0.5000,0.0000,0.5000,0.0000
0.5000,0.0000,0.5000,0.0000
0.5000,0.0000,0.5000,0.0000
0.5000,0.0000,0.5000,0.0000
0.5000,0.0000,0.5000,0.0000
0.5000,0.0000,0.5000,0.0000
0.5000,0.0000,0.5000,0.0000
0.5000,0.0000,0.5000,0.0000
0.5000,0.0000,0.5000,0.0000
0.5000,0.0000,0.5000,0.0000
0.5000,0.0000,0.5000,0.0000
0.5000,0.0000,0.5000,0.0000
0.5000,0.0000,0.5000,0.0000
0.5000,0.0000,0.5000,0.0000
0.5000,0.0000,0.5000,0.0000
0.5000,0.0000,0.5000,0.0000
0.5000,0.0000,0.5000,0.0000
0.5000,0.0000,0.5000,0.0000
0.5000,0.0000,0.5000,0.0000
0.5000,0.0000,0.5000,0.0000
0.5000,0.0000,0.5000,0.0000
0.5000,0.0000,0.5000,0.0000
0.5000,0.0000,0.5000,0.0000
0.5000,0.0000,0.5000,0.0000
0.5000,0.0000,0.5000,0.0000
0.5000,0.0000,0.5000,0.0000
0.5000,0.0000,0.5000,0.0000
0.5000,0.0000,0.5000,0.0000
0.5000,0.0000,0.5000,0.0000
0.5000,0.0000,0.5000,0.0000
0.5000,0.0000,0.5000,0.0000
0.5000,0.0000,0.5000,0.0000
0.5000,0.0000,0.5000,0.0000
0.5000,0.0000,0.5000,0.0000
0.5000,0.0000,0.5000,0.0000
0.5000,0.0000,0.5000,0.0000
0.5000,0.0000,0.5000,0.0000
0.5000,0.0000,0.5000,0.0000
0.5000,0.0000,0.5000,0.0000
0.5000,0.0000,0.5000,0.0000
0.5000,0.0000,0.5000,0.0000
0.5000,0.0000,0.5000,0.0000
0.5000,0.0000,0.5000,0.0000
0.5000,0.0000,0.5000,0.0000
0.5000,0.0000,0.5000,0.0000
0.5000,0.0000,0.5000,0.0000
0.5000,0.0000,0.5000,0.0000
0.5000,0.0000,0.5000,0.0000
0.5000,0.0000,0.5000,0.0000
0.5000,0.0000,0.5000,0.0000
0.5000,0.0000,0.5000,0.0000
0.5000,0.0000,0.5000,0.0000
0.5000,0.0000,0.5000,0.0000
0.5000,0.0000,0.5000,0.0000
0.5000,0.0000,0.5000,0.0000
0.5000,0.0000,0.5000,0.0000
0.5000,0.0000,0.5000,0.0000
0.5000,0.0000,0.5000,0.0000
0.5000,0.0000,0.5000,0.0000
0.5000,0.0000,0.5000,0.0000
0.5000,0.0000,0.5000,0.0000
0.5000,0.0000,0.5000,0.0000
0.5000,0.0000,0.5000,0.0000
0.5000,0.0000,0.5000,0.0000
0.5000,0.0000,0.5000,0.0000
0.5000,0.0000,0.5000,0.0000
0.5000,0.0000,0.5000,0.0000
0.5000,0.0000,0.5000,0.0000
0.5000,0.0000,0.5000,0.0000
0.5000,0.0000,0.5000,0.0000
0.5000,0.0000,0.5000,0.0000
0.5000,0.0000,0.5000,0.0000
0.5000,0.0000,0.5000,0.0000
0.5000,0.0000,0.5000,0.0000
0.5000,0.0000,0.5000,0.0000
0.5000,0.0000,0.5000,0.0000
0.5000,0.0000,0.5000,0.0000
0.5000,0.0000,0.5000,0.0000
0.5000,0.0000,0.5000,0.0000
0.5000,0.0000,0.5000,0.0000
0.5000,0.0000,0.5000,0.0000
0.5000,0.0000,0.5000,0.0000
0.5000,0.0000,0.5000,0.0000
0.5000,0.0000,0.5000,0.0000
0.5000,0.0000,0.5000,0.0000
0.5000,0.0000,0.5000,0.0000
0.5000,0.0000,0.5000,0.0000
0.5000,0.0000,0.5000,0.0000
0.5000,0.0000,0.5000,0.0000
0.5000,0.0000,0.5000,0.0000
0.5000,0.0000,0.5000,0.0000
0.5000,0.0000,0.5000,0.0000
0.5000,0.0000,0.5000,0.0000
0.5000,0.0000,0.5000,0.0000
0.5000,0.0000,0.5000,0.0000
0.5000,0.0000,0.5000,0.0000
0.5000,0.0000,0.5000,0.0000
0.5000,0.0000,0.5000,0.0000
0.5000,0.0000,0.5000,0.0000
0.5000,0.0000,0.5000,0.0000
0.5000,0.0000,0.5000,0.0000
0.5000,0.0000,0.5000,0.0000
0.5000,0.0000,0.5000,0.0000
0.5000,0.0000,0.5000,0.0000
0.5000,0.0000,0.5000,0.0000
0.5000,0.0000,0.5000,0.0000
0.5000,0.0000,0.5000,0.0000
0.5000,0.0000,0.5000,0.0000
0.5000,0.0000,0.5000,0.0000
0.5000,0.0000,0.5000,0.0000
0.5000,0.0000,0.5000,0.0000
0.5000,0.0000,0.5000,0.0000
0.5000,0.0000,0.5000,0.0000
0.5000,0.0000,0.5000,0.0000
0.5000,0.0000,0.5000,0.0000
0.5000,0.0000,0.5000,0.0000
0.5000,0.0000,0.5000,0.0000
0.5000,0.0000,0.5000,0.0000
0.5000,0.0000,0.5000,0.0000
0.5000,0.0000,0.5000,0.0000
0.5000,0.0000,0.5000,0.0000
0.5000,0.0000,0.5000,0.0000
0.5000,0.0000,0.5000,0.0000
0.5000,0.0000,0.5000,0.0000
6.2092,0.0000,6.1935,-0.3920
6.1935,-0.3920,6.1622,-0.7840
6.1622,-0.7840,6.1151,-1.1760
6.1151,-1.1760,6.0524,-1.5680
6.0524,-1.5680,5.9740,-1.9600
5.9740,-1.9600,5.8799,-2.3520
5.8799,-2.3520,5.7702,-2.7440
5.7702,-2.7440,5.6447,-3.1360
5.6447,-3.1360,5.5036,-3.5280
5.5036,-3.5280,5.3468,-3.9200
5.3468,-3.9200,5.1743,-4.3120
5.1743,-4.3120,4.9862,-4.7040
4.9862,-4.7040,4.7823,-5.0960
4.7823,-5.0960,4.5628,-5.4880
4.5628,-5.4880,4.3276,-5.8800
4.3276,-5.8800,4.0767,-6.2720
4.0767,-6.2720,3.8102,-6.6640
3.8102,-6.6640,3.5279,-7.0560
3.5279,-7.0560,3.2300,-7.4480
3.2300,-7.4480,2.9164,-7.8400
2.9164,-7.8400,2.5871,-8.2320
2.5871,-8.2320,2.2422,-8.6240
2.2422,-8.6240,1.8815,-9.0160
1.8815,-9.0160,1.5052,-9.4080
1.5052,-9.4080,1.1132,-9.8000
1.1132,-9.8000,0.7055,-10.1920
0.7055,-10.1920,0.5000,6.3504
0.5000,6.3504,0.7383,5.9584
0.7383,5.9584,0.9610,5.5664
0.9610,5.5664,1.1680,5.1744
1.1680,5.1744,1.3593,4.7824
1.3593,4.7824,1.5349,4.3904
1.5349,4.3904,1.6948,3.9984
1.6948,3.9984,1.8391,3.6064
1.8391,3.6064,1.9676,3.2144
1.9676,3.2144,2.0805,2.8224
2.0805,2.8224,2.1778,2.4304
2.1778,2.4304,2.2593,2.0384
2.2593,2.0384,2.3252,1.6464
2.3252,1.6464,2.3753,1.2544
2.3753,1.2544,2.4098,0.8624
2.4098,0.8624,2.4286,0.4704
2.4286,0.4704,2.4318,0.0784
2.4318,0.0784,2.4192,-0.3136
2.4192,-0.3136,2.3910,-0.7056
2.3910,-0.7056,2.3471,-1.0976
2.3471,-1.0976,2.2875,-1.4896
2.2875,-1.4896,2.2123,-1.8816
2.2123,-1.8816,2.1213,-2.2736
2.1213,-2.2736,2.0147,-2.6656
2.0147,-2.6656,1.8924,-3.0576
1.8924,-3.0576,1.7544,-3.4496
1.7544,-3.4496,1.6007,-3.8416
1.6007,-3.8416,1.4314,-4.2336
1.4314,-4.2336,1.2464,-4.6256
1.2464,-4.6256,1.0457,-5.0176
1.0457,-5.0176,0.8293,-5.4096
0.8293,-5.4096,0.5972,-5.8016
0.5972,-5.8016,0.5000,3.7162
0.5000,3.7162,0.6330,3.3242
0.6330,3.3242,0.7503,2.9322
0.7503,2.9322,0.8519,2.5402
0.8519,2.5402,0.9378,2.1482
0.9378,2.1482,1.0080,1.7562
1.0080,1.7562,1.0626,1.3642
1.0626,1.3642,1.1015,0.9722
1.1015,0.9722,1.1247,0.5802
1.1247,0.5802,1.1322,0.1882
1.1322,0.1882,1.1241,-0.2038
1.1241,-0.2038,1.1002,-0.5958
1.1002,-0.5958,1.0607,-0.9878
1.0607,-0.9878,1.0055,-1.3798
1.0055,-1.3798,0.9346,-1.7718
0.9346,-1.7718,0.8481,-2.1638
0.8481,-2.1638,0.7459,-2.5558
0.7459,-2.5558,0.6279,-2.9478
0.6279,-2.9478,0.5000,2.0039
0.5000,2.0039,0.5645,1.6119
0.5645,1.6119,0.6133,1.2199
0.6133,1.2199,0.6464,0.8279
0.6464,0.8279,0.6638,0.4359
0.6638,0.4359,0.6656,0.0439
0.6656,0.0439,0.6517,-0.3481
0.6517,-0.3481,0.6221,-0.7401
0.6221,-0.7401,0.5768,-1.1321
0.5768,-1.1321,0.5158,-1.5241
0.5158,-1.5241,0.5000,1.1497
0.5000,1.1497,0.5303,0.7577
0.5303,0.7577,0.5449,0.3657
0.5449,0.3657,0.5439,-0.0263
0.5439,-0.0263,0.5271,-0.4183
0.5271,-0.4183,0.5000,0.4862
0.5000,0.4862,0.5038,0.0942
0.5038,0.0942,0.5000,0.0000
0.5000,0.0000,0.5000,0.0000
0.5000,0.0000,0.5000,0.0000
0.5000,0.0000,0.5000,0.0000
0.5000,0.0000,0.5000,0.0000
0.5000,0.0000,0.5000,0.0000
0.5000,0.0000,0.5000,0.0000
0.5000,0.0000,0.5000,0.0000
0.5000,0.0000,0.5000,0.0000
0.5000,0.0000,0.5000,0.0000
0.5000,0.0000,0.5000,0.0000
0.5000,0.0000,0.5000,0.0000
0.5000,0.0000,0.5000,0.0000
0.5000,0.0000,0.5000,0.0000
0.5000,0.0000,0.5000,0.0000
0.5000,0.0000,0.5000,0.0000
0.5000,0.0000,0.5000,0.0000
0.5000,0.0000,0.5000,0.0000
0.5000,0.0000,0.5000,0.0000
0.5000,0.0000,0.5000,0.0000
0.5000,0.0000,0.5000,0.0000
0.5000,0.0000,0.5000,0.0000
0.5000,0.0000,0.5000,0.0000
0.5000,0.0000,0.5000,0.0000
0.5000,0.0000,0.5000,0.0000
0.5000,0.0000,0.5000,0.0000
0.5000,0.0000,0.5000,0.0000
0.5000,0.0000,0.5000,0.0000
0.5000,0.0000,0.5000,0.0000
0.5000,0.0000,0.5000,0.0000
0.5000,0.0000,0.5000,0.0000
0.5000,0.0000,0.5000,0.0000
0.5000,0.0000,0.5000,0.0000
0.5000,0.0000,0.5000,0.0000
0.5000,0.0000,0.5000,0.0000
0.5000,0.0000,0.5000,0.0000
0.5000,0.0000,0.5000,0.0000
0.5000,0.0000,0.5000,0.0000
0.5000,0.0000,0.5000,0.0000
0.5000,0.0000,0.5000,0.0000
0.5000,0.0000,0.5000,0.0000
0.5000,0.0000,0.5000,0.0000
0.5000,0.0000,0.5000,0.0000
0.5000,0.0000,0.5000,0.0000
0.5000,0.0000,0.5000,0.0000
0.5000,0.0000,0.5000,0.0000
0.5000,0.0000,0.5000,0.0000
0.5000,0.0000,0.5000,0.0000
0.5000,0.0000,0.5000,0.0000
0.5000,0.0000,0.5000,0.0000
0.5000,0.0000,0.5000,0.0000
0.5000,0.0000,0.5000,0.0000
0.5000,0.0000,0.5000,0.0000
0.5000,0.0000,0.5000,0.0000
0.5000,0.0000,0.5000,0.0000
0.5000,0.0000,0.5000,0.0000
0.5000,0.0000,0.5000,0.0000
0.5000,0.0000,0.5000,0.0000
0.5000,0.0000,0.5000,0.0000
0.5000,0.0000,0.5000,0.0000
0.5000,0.0000,0.5000,0.0000
0.5000,0.0000,0.5000,0.0000
0.5000,0.0000,0.5000,0.0000
0.5000,0.0000,0.5000,0.0000
0.5000,0.0000,0.5000,0.0000
0.5000,0.0000,0.5000,0.0000
0.5000,0.0000,0.5000,0.0000
0.5000,0.0000,0.5000,0.0000
0.5000,0.0000,0.5000,0.0000
0.5000,0.0000,0.5000,0.0000
0.5000,0.0000,0.5000,0.0000
0.5000,0.0000,0.5000,0.0000
0.5000,0.0000,0.5000,0.0000
0.5000,0.0000,0.5000,0.0000
0.5000,0.0000,0.5000,0.0000
0.5000,0.0000,0.5000,0.0000
0.5000,0.0000,0.5000,0.0000
0.5000,0.0000,0.5000,0.0000
0.5000,0.0000,0.5000,0.0000
0.5000,0.0000,0.5000,0.0000
0.5000,0.0000,0.5000,0.0000
0.5000,0.0000,0.5000,0.0000
0.5000,0.0000,0.5000,0.0000
0.5000,0.0000,0.5000,0.0000
0.5000,0.0000,0.5000,0.0000
0.5000,0.0000,0.5000,0.0000
0.5000,0.0000,0.5000,0.0000
0.5000,0.0000,0.5000,0.0000
0.5000,0.0000,0.5000,0.0000
0.5000,0.0000,0.5000,0.0000
0.5000,0.0000,0.5000,0.0000
0.5000,0.0000,0.5000,0.0000
0.5000,0.0000,0.5000,0.0000
0.5000,0.0000,0.5000,0.0000
0.5000,0.0000,0.5000,0.0000
0.5000,0.0000,0.5000,0.0000
0.5000,0.0000,0.5000,0.0000
0.5000,0.0000,0.5000,0.0000
0.5000,0.0000,0.5000,0.0000
0.5000,0.0000,0.5000,0.0000
0.5000,0.0000,0.5000,0.0000
0.5000,0.0000,0.5000,0.0000
0.5000,0.0000,0.5000,0.0000
0.5000,0.0000,0.5000,0.0000
0.5000,0.0000,0.5000,0.0000
0.5000,0.0000,0.5000,0.0000
0.5000,0.0000,0.5000,0.0000
7.5725,0.0000,7.5568,-0.3920
7.5568,-0.3920,7.5255,-0.7840
7.5255,-0.7840,7.4784,-1.1760
7.4784,-1.1760,7.4157,-1.5680
7.4157,-1.5680,7.3373,-1.9600
7.3373,-1.9600,7.2432,-2.3520
7.2432,-2.3520,7.1335,-2.7440
7.1335,-2.7440,7.0080,-3.1360
7.0080,-3.1360,6.8669,-3.5280
6.8669,-3.5280,6.7101,-3.9200
6.7101,-3.9200,6.5376,-4.3120
6.5376,-4.3120,6.3495,-4.7040
6.3495,-4.7040,6.1456,-5.0960
6.1456,-5.0960,5.9261,-5.4880
5.9261,-5.4880,5.6909,-5.8800
5.6909,-5.8800,5.4400,-6.2720
5.4400,-6.2720,5.1735,-6.6640
5.1735,-6.6640,4.8912,-7.0560
4.8912,-7.0560,4.5933,-7.4480
4.5933,-7.4480,4.2797,-7.8400
4.2797,-7.8400,3.9504,-8.2320
3.9504,-8.2320,3.6055,-8.6240
3.6055,-8.6240,3.2448,-9.0160
3.2448,-9.0160,2.8685,-9.4080
2.8685,-9.4080,2.4765,-9.8000
2.4765,-9.8000,2.0688,-10.1920
2.0688,-10.1920,1.6455,-10.5840
1.6455,-10.5840,1.2064,-10.9760
1.2064,-10.9760,0.7517,-11.3680
0.7517,-11.3680,0.5000,7.0560
0.5000,7.0560,0.7666,6.6640
0.7666,6.6640,1.0174,6.2720
1.0174,6.2720,1.2526,5.8800
1.2526,5.8800,1.4722,5.4880
1.4722,5.4880,1.6760,5.0960
1.6760,5.0960,1.8642,4.7040
1.8642,4.7040,2.0366,4.3120
2.0366,4.3120,2.1934,3.9200
2.1934,3.9200,2.3346,3.5280
2.3346,3.5280,2.4600,3.1360
2.4600,3.1360,2.5698,2.7440
2.5698,2.7440,2.6638,2.3520
2.6638,2.3520,2.7422,1.9600
2.7422,1.9600,2.8050,1.5680
2.8050,1.5680,2.8520,1.1760
2.8520,1.1760,2.8834,0.7840
2.8834,0.7840,2.8990,0.3920
2.8990,0.3920,2.8990,-0.0000
2.8990,-0.0000,2.8834,-0.3920
2.8834,-0.3920,2.8520,-0.7840
2.8520,-0.7840,2.8050,-1.1760
2.8050,-1.1760,2.7422,-1.5680
2.7422,-1.5680,2.6638,-1.9600
2.6638,-1.9600,2.5698,-2.3520
2.5698,-2.3520,2.4600,-2.7440
2.4600,-2.7440,2.3346,-3.1360
2.3346,-3.1360,2.1934,-3.5280
2.1934,-3.5280,2.0366,-3.9200
2.0366,-3.9200,1.8642,-4.3120
1.8642,-4.3120,1.6760,-4.7040
1.6760,-4.7040,1.4722,-5.0960
1.4722,-5.0960,1.2526,-5.4880
1.2526,-5.4880,1.0174,-5.8800
1.0174,-5.8800,0.7666,-6.2720
0.7666,-6.2720,0.5000,3.9984
0.5000,3.9984,0.6443,3.6064
0.6443,3.6064,0.7728,3.2144
0.7728,3.2144,0.8857,2.8224
0.8857,2.8224,0.9829,2.4304
0.9829,2.4304,1.0645,2.0384
1.0645,2.0384,1.1303,1.6464
1.1303,1.6464,1.1805,1.2544
1.1805,1.2544,1.2150,0.8624
1.2150,0.8624,1.2338,0.4704
1.2338,0.4704,1.2370,0.0784
1.2370,0.0784,1.2244,-0.3136
1.2244,-0.3136,1.1962,-0.7056
1.1962,-0.7056,1.1523,-1.0976
1.1523,-1.0976,1.0927,-1.4896
1.0927,-1.4896,1.0174,-1.8816
1.0174,-1.8816,0.9265,-2.2736
0.9265,-2.2736,0.8199,-2.6656
0.8199,-2.6656,0.6976,-3.0576
0.6976,-3.0576,0.5596,-3.4496
0.5596,-3.4496,0.5000,2.3050
0.5000,2.3050,0.5765,1.9130
0.5765,1.9130,0.6374,1.5210
0.6374,1.5210,0.6825,1.1290
0.6825,1.1290,0.7120,0.7370
0.7120,0.7370,0.7258,0.3450
0.7258,0.3450,0.7239,-0.0470
0.7239,-0.0470,0.7063,-0.4390
0.7063,-0.4390,0.6731,-0.8310
0.6731,-0.8310,0.6242,-1.2230
0.6242,-1.2230,0.5596,-1.6150
0.5596,-1.6150,0.5000,1.2042
0.5000,1.2042,0.5325,0.8122
0.5325,0.8122,0.5493,0.4202
0.5493,0.4202,0.5504,0.0282
0.5504,0.0282,0.5359,-0.3638
0.5359,-0.3638,0.5056,-0.7558
0.5056,-0.7558,0.5000,0.6887
0.5000,0.6887,0.5119,0.2967
0.5119,0.2967,0.5081,-0.0953
0.5081,-0.0953,0.5000,0.0000
0.5000,0.0000,0.5000,0.0000
0.5000,0.0000,0.5000,0.0000
0.5000,0.0000,0.5000,0.0000
0.5000,0.0000,0.5000,0.0000
0.5000,0.0000,0.5000,0.0000
0.5000,0.0000,0.5000,0.0000
0.5000,0.0000,0.5000,0.0000
0.5000,0.0000,0.5000,0.0000
0.5000,0.0000,0.5000,0.0000
0.5000,0.0000,0.5000,0.0000
0.5000,0.0000,0.5000,0.0000
0.5000,0.0000,0.5000,0.0000
0.5000,0.0000,0.5000,0.0000
0.5000,0.0000,0.5000,0.0000
0.5000,0.0000,0.5000,0.0000
0.5000,0.0000,0.5000,0.0000
0.5000,0.0000,0.5000,0.0000
0.5000,0.0000,0.5000,0.0000
0.5000,0.0000,0.5000,0.0000
0.5000,0.0000,0.5000,0.0000
0.5000,0.0000,0.5000,0.0000
0.5000,0.0000,0.5000,0.0000
0.5000,0.0000,0.5000,0.0000
0.5000,0.0000,0.5000,0.0000
0.5000,0.0000,0.5000,0.0000
0.5000,0.0000,0.5000,0.0000
0.5000,0.0000,0.5000,0.0000
0.5000,0.0000,0.5000,0.0000
0.5000,0.0000,0.5000,0.0000
0.5000,0.0000,0.5000,0.0000
0.5000,0.0000,0.5000,0.0000
0.5000,0.0000,0.5000,0.0000
0.5000,0.0000,0.5000,0.0000
0.5000,0.0000,0.5000,0.0000
0.5000,0.0000,0.5000,0.0000
0.5000,0.0000,0.5000,0.0000
0.5000,0.0000,0.5000,0.0000
0.5000,0.0000,0.5000,0.0000
0.5000,0.0000,0.5000,0.0000
0.5000,0.0000,0.5000,0.0000
0.5000,0.0000,0.5000,0.0000
0.5000,0.0000,0.5000,0.0000
0.5000,0.0000,0.5000,0.0000
0.5000,0.0000,0.5000,0.0000
0.5000,0.0000,0.5000,0.0000
0.5000,0.0000,0.5000,0.0000
0.5000,0.0000,0.5000,0.0000
0.5000,0.0000,0.5000,0.0000
0.5000,0.0000,0.5000,0.0000
0.5000,0.0000,0.5000,0.0000
0.5000,0.0000,0.5000,0.0000
0.5000,0.0000,0.5000,0.0000
0.5000,0.0000,0.5000,0.0000
0.5000,0.0000,0.5000,0.0000
0.5000,0.0000,0.5000,0.0000
0.5000,0.0000,0.5000,0.0000
0.5000,0.0000,0.5000,0.0000
0.5000,0.0000,0.5000,0.0000
0.5000,0.0000,0.5000,0.0000
0.5000,0.0000,0.5000,0.0000
0.5000,0.0000,0.5000,0.0000
0.5000,0.0000,0.5000,0.0000
0.5000,0.0000,0.5000,0.0000
0.5000,0.0000,0.5000,0.0000
0.5000,0.0000,0.5000,0.0000
0.5000,0.0000,0.5000,0.0000
0.5000,0.0000,0.5000,0.0000
0.5000,0.0000,0.5000,0.0000
0.5000,0.0000,0.5000,0.0000
0.5000,0.0000,0.5000,0.0000
0.5000,0.0000,0.5000,0.0000
0.5000,0.0000,0.5000,0.0000
0.5000,0.0000,0.5000,0.0000
0.5000,0.0000,0.5000,0.0000
0.5000,0.0000,0.5000,0.0000
0.5000,0.0000,0.5000,0.0000
0.5000,0.0000,0.5000,0.0000
0.5000,0.0000,0.5000,0.0000
0.5000,0.0000,0.5000,0.0000
0.5000,0.0000,0.5000,0.0000
0.5000,0.0000,0.5000,0.0000
0.5000,0.0000,0.5000,0.0000
0.5000,0.0000,0.5000,0.0000
0.5000,0.0000,0.5000,0.0000
0.5000,0.0000,0.5000,0.0000
0.5000,0.0000,0.5000,0.0000
0.5000,0.0000,0.5000,0.0000
0.5000,0.0000,0.5000,0.0000
0.5000,0.0000,0.5000,0.0000
0.5000,0.0000,0.5000,0.0000
0.5000,0.0000,0.5000,0.0000
0.5000,0.0000,0.5000,0.0000
0.5000,0.0000,0.5000,0.0000
0.5000,0.0000,0.5000,0.0000
0.5000,0.0000,0.5000,0.0000
6.6967,0.0000,6.6810,-0.3920
6.6810,-0.3920,6.6496,-0.7840
6.6496,-0.7840,6.6026,-1.1760
6.6026,-1.1760,6.5399,-1.5680
6.5399,-1.5680,6.4615,-1.9600
6.4615,-1.9600,6.3674,-2.3520
6.3674,-2.3520,6.2576,-2.7440
6.2576,-2.7440,6.1322,-3.1360
6.1322,-3.1360,5.9911,-3.5280
5.9911,-3.5280,5.8343,-3.9200
5.8343,-3.9200,5.6618,-4.3120
5.6618,-4.3120,5.4736,-4.7040
5.4736,-4.7040,5.2698,-5.0960
5.2698,-5.0960,5.0503,-5.4880
5.0503,-5.4880,4.8151,-5.8800
4.8151,-5.8800,4.5642,-6.2720
4.5642,-6.2720,4.2976,-6.6640
4.2976,-6.6640,4.0154,-7.0560
4.0154,-7.0560,3.7175,-7.4480
3.7175,-7.4480,3.4039,-7.8400
3.4039,-7.8400,3.0746,-8.2320
3.0746,-8.2320,2.7296,-8.6240
2.7296,-8.6240,2.3690,-9.0160
2.3690,-9.0160,1.9927,-9.4080
1.9927,-9.4080,1.6007,-9.8000
1.6007,-9.8000,1.1930,-10.1920
1.1930,-10.1920,0.7696,-10.5840
0.7696,-10.5840,0.5000,6.5856
0.5000,6.5856,0.7477,6.1936
0.7477,6.1936,0.9798,5.8016
0.9798,5.8016,1.1962,5.4096
1.1962,5.4096,1.3969,5.0176
1.3969,5.0176,1.5819,4.6256
1.5819,4.6256,1.7513,4.2336
1.7513,4.2336,1.9049,3.8416
1.9049,3.8416,2.0429,3.4496
2.0429,3.4496,2.1652,3.0576
2.1652,3.0576,2.2718,2.6656
2.2718,2.6656,2.3628,2.2736
2.3628,2.2736,2.4380,1.8816
2.4380,1.8816,2.4976,1.4896
2.4976,1.4896,2.5415,1.0976
2.5415,1.0976,2.5698,0.7056
2.5698,0.7056,2.5823,0.3136
2.5823,0.3136,2.5792,-0.0784
2.5792,-0.0784,2.5604,-0.4704
2.5604,-0.4704,2.5259,-0.8624
2.5259,-0.8624,2.4757,-1.2544
2.4757,-1.2544,2.4098,-1.6464
2.4098,-1.6464,2.3283,-2.0384
2.3283,-2.0384,2.2311,-2.4304
2.2311,-2.4304,2.1182,-2.8224
2.1182,-2.8224,1.9896,-3.2144
1.9896,-3.2144,1.8453,-3.6064
1.8453,-3.6064,1.6854,-3.9984
1.6854,-3.9984,1.5098,-4.3904
1.5098,-4.3904,1.3185,-4.7824
1.3185,-4.7824,1.1115,-5.1744
1.1115,-5.1744,0.8889,-5.5664
0.8889,-5.5664,0.6505,-5.9584
0.6505,-5.9584,0.5000,3.8102
0.5000,3.8102,0.6367,3.4182
0.6367,3.4182,0.7578,3.0262
0.7578,3.0262,0.8631,2.6342
0.8631,2.6342,0.9528,2.2422
0.9528,2.2422,1.0268,1.8502
1.0268,1.8502,1.0852,1.4582
1.0852,1.4582,1.1278,1.0662
1.1278,1.0662,1.1548,0.6742
1.1548,0.6742,1.1661,0.2822
1.1661,0.2822,1.1617,-0.1098
1.1617,-0.1098,1.1416,-0.5018
1.1416,-0.5018,1.1059,-0.8938
1.1059,-0.8938,1.0544,-1.2858
1.0544,-1.2858,0.9873,-1.6778
0.9873,-1.6778,0.9045,-2.0698
0.9045,-2.0698,0.8061,-2.4618
0.8061,-2.4618,0.6919,-2.8538
0.6919,-2.8538,0.5621,-3.2458
0.5621,-3.2458,0.5000,2.1827
0.5000,2.1827,0.5716,1.7907
0.5716,1.7907,0.6276,1.3987
0.6276,1.3987,0.6678,1.0067
0.6678,1.0067,0.6924,0.6147
0.6924,0.6147,0.7013,0.2227
0.7013,0.2227,0.6946,-0.1693
0.6946,-0.1693,0.6721,-0.5613
0.6721,-0.5613,0.6340,-0.9533
0.6340,-0.9533,0.5802,-1.3453
0.5802,-1.3453,0.5107,-1.7373
0.5107,-1.7373,0.5000,1.2776
0.5000,1.2776,0.5354,0.8856
0.5354,0.8856,0.5552,0.4936
0.5552,0.4936,0.5592,0.1016
0.5592,0.1016,0.5476,-0.2904
0.5476,-0.2904,0.5203,-0.6824
0.5203,-0.6824,0.5000,0.6446
0.5000,0.6446,0.5101,0.2526
0.5101,0.2526,0.5045,-0.1394
0.5045,-0.1394,0.5000,0.0000
0.5000,0.0000,0.5000,0.0000
0.5000,0.0000,0.5000,0.0000
0.5000,0.0000,0.5000,0.0000
0.5000,0.0000,0.5000,0.0000
0.5000,0.0000,0.5000,0.0000
0.5000,0.0000,0.5000,0.0000
0.5000,0.0000,0.5000,0.0000
0.5000,0.0000,0.5000,0.0000
0.5000,0.0000,0.5000,0.0000
0.5000,0.0000,0.5000,0.0000
0.5000,0.0000,0.5000,0.0000
0.5000,0.0000,0.5000,0.0000
0.5000,0.0000,0.5000,0.0000
0.5000,0.0000,0.5000,0.0000
0.5000,0.0000,0.5000,0.0000
0.5000,0.0000,0.5000,0.0000
0.5000,0.0000,0.5000,0.0000
0.5000,0.0000,0.5000,0.0000
0.5000,0.0000,0.5000,0.0000
0.5000,0.0000,0.5000,0.0000
0.5000,0.0000,0.5000,0.0000
0.5000,0.0000,0.5000,0.0000
0.5000,0.0000,0.5000,0.0000
0.5000,0.0000,0.5000,0.0000
0.5000,0.0000,0.5000,0.0000
0.5000,0.0000,0.5000,0.0000
0.5000,0.0000,0.5000,0.0000
0.5000,0.0000,0.5000,0.0000
0.5000,0.0000,0.5000,0.0000
0.5000,0.0000,0.5000,0.0000
0.5000,0.0000,0.5000,0.0000
0.5000,0.0000,0.5000,0.0000
0.5000,0.0000,0.5000,0.0000
0.5000,0.0000,0.5000,0.0000
0.5000,0.0000,0.5000,0.0000
0.5000,0.0000,0.5000,0.0000
0.5000,0.0000,0.5000,0.0000
0.5000,0.0000,0.5000,0.0000
0.5000,0.0000,0.5000,0.0000
0.5000,0.0000,0.5000,0.0000
0.5000,0.0000,0.5000,0.0000
0.5000,0.0000,0.5000,0.0000
0.5000,0.0000,0.5000,0.0000
0.5000,0.0000,0.5000,0.0000
0.5000,0.0000,0.5000,0.0000
0.5000,0.0000,0.5000,0.0000
0.5000,0.0000,0.5000,0.0000
0.5000,0.0000,0.5000,0.0000
0.5000,0.0000,0.5000,0.0000
0.5000,0.0000,0.5000,0.0000
0.5000,0.0000,0.5000,0.0000
0.5000,0.0000,0.5000,0.0000
0.5000,0.0000,0.5000,0.0000
0.5000,0.0000,0.5000,0.0000
0.5000,0.0000,0.5000,0.0000
0.5000,0.0000,0.5000,0.0000
0.5000,0.0000,0.5000,0.0000
0.5000,0.0000,0.5000,0.0000
0.5000,0.0000,0.5000,0.0000
0.5000,0.0000,0.5000,0.0000
0.5000,0.0000,0.5000,0.0000
0.5000,0.0000,0.5000,0.0000
0.5000,0.0000,0.5000,0.0000
0.5000,0.0000,0.5000,0.0000
0.5000,0.0000,0.5000,0.0000
0.5000,0.0000,0.5000,0.0000
0.5000,0.0000,0.5000,0.0000
0.5000,0.0000,0.5000,0.0000
0.5000,0.0000,0.5000,0.0000
0.5000,0.0000,0.5000,0.0000
0.5000,0.0000,0.5000,0.0000
0.5000,0.0000,0.5000,0.0000
0.5000,0.0000,0.5000,0.0000
0.5000,0.0000,0.5000,0.0000
0.5000,0.0000,0.5000,0.0000
0.5000,0.0000,0.5000,0.0000
0.5000,0.0000,0.5000,0.0000
0.5000,0.0000,0.5000,0.0000
0.5000,0.0000,0.5000,0.0000
0.5000,0.0000,0.5000,0.0000
0.5000,0.0000,0.5000,0.0000
0.5000,0.0000,0.5000,0.0000
0.5000,0.0000,0.5000,0.0000
0.5000,0.0000,0.5000,0.0000
0.5000,0.0000,0.5000,0.0000
0.5000,0.0000,0.5000,0.0000
0.5000,0.0000,0.5000,0.0000
0.5000,0.0000,0.5000,0.0000
0.5000,0.0000,0.5000,0.0000
0.5000,0.0000,0.5000,0.0000
0.5000,0.0000,0.5000,0.0000
0.5000,0.0000,0.5000,0.0000
0.5000,0.0000,0.5000,0.0000
0.5000,0.0000,0.5000,0.0000
0.5000,0.0000,0.5000,0.0000
0.5000,0.0000,0.5000,0.0000
0.5000,0.0000,0.5000,0.0000
0.5000,0.0000,0.5000,0.0000
0.5000,0.0000,0.5000,0.0000
0.5000,0.0000,0.5000,0.0000
7.2606,0.0000,7.2449,-0.3920
7.2449,-0.3920,7.2136,-0.7840
7.2136,-0.7840,7.1665,-1.1760
7.1665,-1.1760,7.1038,-1.5680
7.1038,-1.5680,7.0254,-1.9600
7.0254,-1.9600,6.9313,-2.3520
6.9313,-2.3520,6.8216,-2.7440
6.8216,-2.7440,6.6961,-3.1360
6.6961,-3.1360,6.5550,-3.5280
6.5550,-3.5280,6.3982,-3.9200
6.3982,-3.9200,6.2257,-4.3120
6.2257,-4.3120,6.0376,-4.7040
6.0376,-4.7040,5.8337,-5.0960
5.8337,-5.0960,5.6142,-5.4880
5.6142,-5.4880,5.3790,-5.8800
5.3790,-5.8800,5.1281,-6.2720
5.1281,-6.2720,4.8616,-6.6640
4.8616,-6.6640,4.5793,-7.0560
4.5793,-7.0560,4.2814,-7.4480
4.2814,-7.4480,3.9678,-7.8400
3.9678,-7.8400,3.6385,-8.2320
3.6385,-8.2320,3.2936,-8.6240
3.2936,-8.6240,2.9329,-9.0160
2.9329,-9.0160,2.5566,-9.4080
2.5566,-9.4080,2.1646,-9.8000
2.1646,-9.8000,1.7569,-10.1920
1.7569,-10.1920,1.3336,-10.5840
1.3336,-10.5840,0.8945,-10.9760
0.8945,-10.9760,0.5000,6.8208
0.5000,6.8208,0.7572,6.4288
0.7572,6.4288,0.9986,6.0368
0.9986,6.0368,1.2244,5.6448
1.2244,5.6448,1.4345,5.2528
1.4345,5.2528,1.6290,4.8608
1.6290,4.8608,1.8077,4.4688
1.8077,4.4688,1.9708,4.0768
1.9708,4.0768,2.1182,3.6848
2.1182,3.6848,2.2499,3.2928
2.2499,3.2928,2.3659,2.9008
2.3659,2.9008,2.4663,2.5088
2.4663,2.5088,2.5509,2.1168
2.5509,2.1168,2.6199,1.7248
2.6199,1.7248,2.6732,1.3328
2.6732,1.3328,2.7109,0.9408
2.7109,0.9408,2.7328,0.5488
2.7328,0.5488,2.7391,0.1568
2.7391,0.1568,2.7297,-0.2352
2.7297,-0.2352,2.7046,-0.6272
2.7046,-0.6272,2.6638,-1.0192
2.6638,-1.0192,2.6074,-1.4112
2.6074,-1.4112,2.5353,-1.8032
2.5353,-1.8032,2.4475,-2.1952
2.4475,-2.1952,2.3440,-2.5872
2.3440,-2.5872,2.2248,-2.9792
2.2248,-2.9792,2.0900,-3.3712
2.0900,-3.3712,1.9394,-3.7632
1.9394,-3.7632,1.7732,-4.1552
1.7732,-4.1552,1.5913,-4.5472
1.5913,-4.5472,1.3938,-4.9392
1.3938,-4.9392,1.1805,-5.3312
1.1805,-5.3312,0.9516,-5.7232
0.9516,-5.7232,0.7070,-6.1152
0.7070,-6.1152,0.5000,3.9043
0.5000,3.9043,0.6405,3.5123
0.6405,3.5123,0.7653,3.1203
0.7653,3.1203,0.8744,2.7283
0.8744,2.7283,0.9679,2.3363
0.9679,2.3363,1.0457,1.9443
1.0457,1.9443,1.1078,1.5523
1.1078,1.5523,1.1542,1.1603
1.1542,1.1603,1.1849,0.7683
1.1849,0.7683,1.2000,0.3763
1.2000,0.3763,1.1993,-0.0157
1.1993,-0.0157,1.1830,-0.4077
1.1830,-0.4077,1.1510,-0.7997
1.1510,-0.7997,1.1034,-1.1917
1.1034,-1.1917,1.0400,-1.5837
1.0400,-1.5837,0.9610,-1.9757
0.9610,-1.9757,0.8663,-2.3677
0.8663,-2.3677,0.7559,-2.7597
0.7559,-2.7597,0.6298,-3.1517
0.6298,-3.1517,0.5000,2.1262
0.5000,2.1262,0.5694,1.7342
0.5694,1.7342,0.6231,1.3422
0.6231,1.3422,0.6611,0.9502
0.6611,0.9502,0.6834,0.5582
0.6834,0.5582,0.6900,0.1662
0.6900,0.1662,0.6810,-0.2258
0.6810,-0.2258,0.6563,-0.6178
0.6563,-0.6178,0.6159,-1.0098
0.6159,-1.0098,0.5598,-1.4018
0.5598,-1.4018,0.5000,1.0763
0.5000,1.0763,0.5274,0.6843
0.5274,0.6843,0.5391,0.2923
0.5391,0.2923,0.5351,-0.0997
0.5351,-0.0997,0.5154,-0.4917
0.5154,-0.4917,0.5000,0.5302
0.5000,0.5302,0.5055,0.1382
0.5055,0.1382,0.5000,0.0000
0.5000,0.0000,0.5000,0.0000
0.5000,0.0000,0.5000,0.0000
0.5000,0.0000,0.5000,0.0000
0.5000,0.0000,0.5000,0.0000
0.5000,0.0000,0.5000,0.0000
0.5000,0.0000,0.5000,0.0000
0.5000,0.0000,0.5000,0.0000
0.5000,0.0000,0.5000,0.0000
0.5000,0.0000,0.5000,0.0000
0.5000,0.0000,0.5000,0.0000
0.5000,0.0000,0.5000,0.0000
0.5000,0.0000,0.5000,0.0000
0.5000,0.0000,0.5000,0.0000
0.5000,0.0000,0.5000,0.0000
0.5000,0.0000,0.5000,0.0000
0.5000,0.0000,0.5000,0.0000
0.5000,0.0000,0.5000,0.0000
0.5000,0.0000,0.5000,0.0000
0.5000,0.0000,0.5000,0.0000
0.5000,0.0000,0.5000,0.0000
0.5000,0.0000,0.5000,0.0000
0.5000,0.0000,0.5000,0.0000
0.5000,0.0000,0.5000,0.0000
0.5000,0.0000,0.5000,0.0000
0.5000,0.0000,0.5000,0.0000
0.5000,0.0000,0.5000,0.0000
0.5000,0.0000,0.5000,0.0000
0.5000,0.0000,0.5000,0.0000
0.5000,0.0000,0.5000,0.0000
0.5000,0.0000,0.5000,0.0000
0.5000,0.0000,0.5000,0.0000
0.5000,0.0000,0.5000,0.0000
0.5000,0.0000,0.5000,0.0000
0.5000,0.0000,0.5000,0.0000
0.5000,0.0000,0.5000,0.0000
0.5000,0.0000,0.5000,0.0000
0.5000,0.0000,0.5000,0.0000
0.5000,0.0000,0.5000,0.0000
0.5000,0.0000,0.5000,0.0000
0.5000,0.0000,0.5000,0.0000
0.5000,0.0000,0.5000,0.0000
0.5000,0.0000,0.5000,0.0000
0.5000,0.0000,0.5000,0.0000
0.5000,0.0000,0.5000,0.0000
0.5000,0.0000,0.5000,0.0000
0.5000,0.0000,0.5000,0.0000
0.5000,0.0000,0.5000,0.0000
0.5000,0.0000,0.5000,0.0000
0.5000,0.0000,0.5000,0.0000
0.5000,0.0000,0.5000,0.0000
0.5000,0.0000,0.5000,0.0000
0.5000,0.0000,0.5000,0.0000
0.5000,0.0000,0.5000,0.0000
0.5000,0.0000,0.5000,0.0000
0.5000,0.0000,0.5000,0.0000
0.5000,0.0000,0.5000,0.0000
0.5000,0.0000,0.5000,0.0000
0.5000,0.0000,0.5000,0.0000
0.5000,0.0000,0.5000,0.0000
0.5000,0.0000,0.5000,0.0000
0.5000,0.0000,0.5000,0.0000
0.5000,0.0000,0.5000,0.0000
0.5000,0.0000,0.5000,0.0000
0.5000,0.0000,0.5000,0.0000
0.5000,0.0000,0.5000,0.0000
0.5000,0.0000,0.5000,0.0000
0.5000,0.0000,0.5000,0.0000
0.5000,0.0000,0.5000,0.0000
0.5000,0.0000,0.5000,0.0000
0.5000,0.0000,0.5000,0.0000
0.5000,0.0000,0.5000,0.0000
0.5000,0.0000,0.5000,0.0000
0.5000,0.0000,0.5000,0.0000
0.5000,0.0000,0.5000,0.0000
0.5000,0.0000,0.5000,0.0000
0.5000,0.0000,0.5000,0.0000
0.5000,0.0000,0.5000,0.0000
0.5000,0.0000,0.5000,0.0000
0.5000,0.0000,0.5000,0.0000
0.5000,0.0000,0.5000,0.0000
0.5000,0.0000,0.5000,0.0000
0.5000,0.0000,0.5000,0.0000
0.5000,0.0000,0.5000,0.0000
0.5000,0.0000,0.5000,0.0000
0.5000,0.0000,0.5000,0.0000
0.5000,0.0000,0.5000,0.0000
0.5000,0.0000,0.5000,0.0000
0.5000,0.0000,0.5000,0.0000
0.5000,0.0000,0.5000,0.0000
0.5000,0.0000,0.5000,0.0000
0.5000,0.0000,0.5000,0.0000
0.5000,0.0000,0.5000,0.0000
0.5000,0.0000,0.5000,0.0000
0.5000,0.0000,0.5000,0.0000
0.5000,0.0000,0.5000,0.0000
0.5000,0.0000,0.5000,0.0000
0.5000,0.0000,0.5000,0.0000
0.5000,0.0000,0.5000,0.0000
0.5000,0.0000,0.5000,0.0000
0.5000,0.0000,0.5000,0.0000
0.5000,0.0000,0.5000,0.0000
3.1133,0.0000,3.0976,-0.3920
3.0976,-0.3920,3.0662,-0.7840
3.0662,-0.7840,3.0192,-1.1760
3.0192,-1.1760,2.9565,-1.5680
2.9565,-1.5680,2.8781,-1.9600
2.8781,-1.9600,2.7840,-2.3520
2.7840,-2.3520,2.6742,-2.7440
2.6742,-2.7440,2.5488,-3.1360
2.5488,-3.1360,2.4077,-3.5280
2.4077,-3.5280,2.2509,-3.9200
2.2509,-3.9200,2.0784,-4.3120
2.0784,-4.3120,1.8902,-4.7040
1.8902,-4.7040,1.6864,-5.0960
1.6864,-5.0960,1.4669,-5.4880
1.4669,-5.4880,1.2317,-5.8800
1.2317,-5.8800,0.9808,-6.2720
0.9808,-6.2720,0.7142,-6.6640
0.7142,-6.6640,0.5000,4.2336
0.5000,4.2336,0.6537,3.8416
0.6537,3.8416,0.7916,3.4496
0.7916,3.4496,0.9140,3.0576
0.9140,3.0576,1.0206,2.6656
1.0206,2.6656,1.1115,2.2736
1.1115,2.2736,1.1868,1.8816
1.1868,1.8816,1.2464,1.4896
1.2464,1.4896,1.2903,1.0976
1.2903,1.0976,1.3185,0.7056
1.3185,0.7056,1.3310,0.3136
1.3310,0.3136,1.3279,-0.0784
1.3279,-0.0784,1.3091,-0.4704
1.3091,-0.4704,1.2746,-0.8624
1.2746,-0.8624,1.2244,-1.2544
1.2244,-1.2544,1.1586,-1.6464
1.1586,-1.6464,1.0770,-2.0384
1.0770,-2.0384,0.9798,-2.4304
0.9798,-2.4304,0.8669,-2.8224
0.8669,-2.8224,0.7383,-3.2144
0.7383,-3.2144,0.5941,-3.6064
0.5941,-3.6064,0.5000,2.3990
0.5000,2.3990,0.5803,2.0070
0.5803,2.0070,0.6449,1.6150
0.6449,1.6150,0.6938,1.2230
0.6938,1.2230,0.7270,0.8310
0.7270,0.8310,0.7446,0.4390
0.7446,0.4390,0.7465,0.0470
0.7465,0.0470,0.7327,-0.3450
0.7327,-0.3450,0.7032,-0.7370
0.7032,-0.7370,0.6581,-1.1290
0.6581,-1.1290,0.5972,-1.5210
0.5972,-1.5210,0.5207,-1.9130
0.5207,-1.9130,0.5000,1.3830
0.5000,1.3830,0.5396,0.9910
0.5396,0.9910,0.5636,0.5990
0.5636,0.5990,0.5719,0.2070
0.5719,0.2070,0.5645,-0.1850
0.5645,-0.1850,0.5414,-0.5770
0.5414,-0.5770,0.5026,-0.9690
0.5026,-0.9690,0.5000,0.8166
0.5000,0.8166,0.5170,0.4246
0.5170,0.4246,0.5183,0.0326
0.5183,0.0326,0.5039,-0.3594
0.5039,-0.3594,0.5000,0.4508
0.5000,0.4508,0.5024,0.0588
0.5024,0.0588,0.5000,0.0000
0.5000,0.0000,0.5000,0.0000
0.5000,0.0000,0.5000,0.0000
0.5000,0.0000,0.5000,0.0000
0.5000,0.0000,0.5000,0.0000
0.5000,0.0000,0.5000,0.0000
0.5000,0.0000,0.5000,0.0000
0.5000,0.0000,0.5000,0.0000
0.5000,0.0000,0.5000,0.0000
0.5000,0.0000,0.5000,0.0000
0.5000,0.0000,0.5000,0.0000
0.5000,0.0000,0.5000,0.0000
0.5000,0.0000,0.5000,0.0000
0.5000,0.0000,0.5000,0.0000
0.5000,0.0000,0.5000,0.0000
0.5000,0.0000,0.5000,0.0000
0.5000,0.0000,0.5000,0.0000
0.5000,0.0000,0.5000,0.0000
0.5000,0.0000,0.5000,0.0000
0.5000,0.0000,0.5000,0.0000
0.5000,0.0000,0.5000,0.0000
0.5000,0.0000,0.5000,0.0000
0.5000,0.0000,0.5000,0.0000
0.5000,0.0000,0.5000,0.0000
0.5000,0.0000,0.5000,0.0000
0.5000,0.0000,0.5000,0.0000
0.5000,0.0000,0.5000,0.0000
0.5000,0.0000,0.5000,0.0000
0.5000,0.0000,0.5000,0.0000
0.5000,0.0000,0.5000,0.0000
0.5000,0.0000,0.5000,0.0000
0.5000,0.0000,0.5000,0.0000
0.5000,0.0000,0.5000,0.0000
0.5000,0.0000,0.5000,0.0000
0.5000,0.0000,0.5000,0.0000
0.5000,0.0000,0.5000,0.0000
0.5000,0.0000,0.5000,0.0000
0.5000,0.0000,0.5000,0.0000
0.5000,0.0000,0.5000,0.0000
0.5000,0.0000,0.5000,0.0000
0.5000,0.0000,0.5000,0.0000
0.5000,0.0000,0.5000,0.0000
0.5000,0.0000,0.5000,0.0000
0.5000,0.0000,0.5000,0.0000
0.5000,0.0000,0.5000,0.0000
0.5000,0.0000,0.5000,0.0000
0.5000,0.0000,0.5000,0.0000
0.5000,0.0000,0.5000,0.0000
0.5000,0.0000,0.5000,0.0000
0.5000,0.0000,0.5000,0.0000
0.5000,0.0000,0.5000,0.0000
0.5000,0.0000,0.5000,0.0000
0.5000,0.0000,0.5000,0.0000
0.5000,0.0000,0.5000,0.0000
0.5000,0.0000,0.5000,0.0000
0.5000,0.0000,0.5000,0.0000
0.5000,0.0000,0.5000,0.0000
0.5000,0.0000,0.5000,0.0000
0.5000,0.0000,0.5000,0.0000
0.5000,0.0000,0.5000,0.0000
0.5000,0.0000,0.5000,0.0000
0.5000,0.0000,0.5000,0.0000
0.5000,0.0000,0.5000,0.0000
0.5000,0.0000,0.5000,0.0000
0.5000,0.0000,0.5000,0.0000
0.5000,0.0000,0.5000,0.0000
0.5000,0.0000,0.5000,0.0000
0.5000,0.0000,0.5000,0.0000
0.5000,0.0000,0.5000,0.0000
0.5000,0.0000,0.5000,0.0000
0.5000,0.0000,0.5000,0.0000
0.5000,0.0000,0.5000,0.0000
0.5000,0.0000,0.5000,0.0000
0.5000,0.0000,0.5000,0.0000
0.5000,0.0000,0.5000,0.0000
0.5000,0.0000,0.5000,0.0000
0.5000,0.0000,0.5000,0.0000
0.5000,0.0000,0.5000,0.0000
0.5000,0.0000,0.5000,0.0000
0.5000,0.0000,0.5000,0.0000
0.5000,0.0000,0.5000,0.0000
0.5000,0.0000,0.5000,0.0000
0.5000,0.0000,0.5000,0.0000
0.5000,0.0000,0.5000,0.0000
0.5000,0.0000,0.5000,0.0000
0.5000,0.0000,0.5000,0.0000
0.5000,0.0000,0.5000,0.0000
0.5000,0.0000,0.5000,0.0000
0.5000,0.0000,0.5000,0.0000
0.5000,0.0000,0.5000,0.0000
0.5000,0.0000,0.5000,0.0000
0.5000,0.0000,0.5000,0.0000
0.5000,0.0000,0.5000,0.0000
0.5000,0.0000,0.5000,0.0000
0.5000,0.0000,0.5000,0.0000
0.5000,0.0000,0.5000,0.0000
0.5000,0.0000,0.5000,0.0000
0.5000,0.0000,0.5000,0.0000
0.5000,0.0000,0.5000,0.0000
0.5000,0.0000,0.5000,0.0000
0.5000,0.0000,0.5000,0.0000
0.5000,0.0000,0.5000,0.0000
0.5000,0.0000,0.5000,0.0000
0.5000,0.0000,0.5000,0.0000
0.5000,0.0000,0.5000,0.0000
0.5000,0.0000,0.5000,0.0000
0.5000,0.0000,0.5000,0.0000
0.5000,0.0000,0.5000,0.0000
0.5000,0.0000,0.5000,0.0000
0.5000,0.0000,0.5000,0.0000
0.5000,0.0000,0.5000,0.0000
0.5000,0.0000,0.5000,0.0000
0.5000,0.0000,0.5000,0.0000
0.5000,0.0000,0.5000,0.0000
0.5000,0.0000,0.5000,0.0000
0.5000,0.0000,0.5000,0.0000
0.5000,0.0000,0.5000,0.0000
0.5000,0.0000,0.5000,0.0000
0.5000,0.0000,0.5000,0.0000
0.5000,0.0000,0.5000,0.0000
0.5000,0.0000,0.5000,0.0000
0.5000,0.0000,0.5000,0.0000
0.5000,0.0000,0.5000,0.0000
0.5000,0.0000,0.5000,0.0000
0.5000,0.0000,0.5000,0.0000
0.5000,0.0000,0.5000,0.0000
0.5000,0.0000,0.5000,0.0000
0.5000,0.0000,0.5000,0.0000
0.5000,0.0000,0.5000,0.0000
0.5000,0.0000,0.5000,0.0000
0.5000,0.0000,0.5000,0.0000
0.5000,0.0000,0.5000,0.0000
0.5000,0.0000,0.5000,0.0000
0.5000,0.0000,0.5000,0.0000
0.5000,0.0000,0.5000,0.0000
0.5000,0.0000,0.5000,0.0000
0.5000,0.0000,0.5000,0.0000
3.8327,0.0000,3.8171,-0.3920
3.8171,-0.3920,3.7857,-0.7840
3.7857,-0.7840,3.7387,-1.1760
3.7387,-1.1760,3.6759,-1.5680
3.6759,-1.5680,3.5975,-1.9600
3.5975,-1.9600,3.5035,-2.3520
3.5035,-2.3520,3.3937,-2.7440
3.3937,-2.7440,3.2683,-3.1360
3.2683,-3.1360,3.1271,-3.5280
3.1271,-3.5280,2.9703,-3.9200
2.9703,-3.9200,2.7979,-4.3120
2.7979,-4.3120,2.6097,-4.7040
2.6097,-4.7040,2.4059,-5.0960
2.4059,-5.0960,2.1863,-5.4880
2.1863,-5.4880,1.9511,-5.8800
1.9511,-5.8800,1.7003,-6.2720
1.7003,-6.2720,1.4337,-6.6640
1.4337,-6.6640,1.1515,-7.0560
1.1515,-7.0560,0.8535,-7.4480
0.8535,-7.4480,0.5399,-7.8400
0.5399,-7.8400,0.5000,4.9392
0.5000,4.9392,0.6819,4.5472
0.6819,4.5472,0.8481,4.1552
0.8481,4.1552,0.9986,3.7632
0.9986,3.7632,1.1335,3.3712
1.1335,3.3712,1.2526,2.9792
1.2526,2.9792,1.3561,2.5872
1.3561,2.5872,1.4439,2.1952
1.4439,2.1952,1.5161,1.8032
1.5161,1.8032,1.5725,1.4112
1.5725,1.4112,1.6133,1.0192
1.6133,1.0192,1.6384,0.6272
1.6384,0.6272,1.6478,0.2352
1.6478,0.2352,1.6415,-0.1568
1.6415,-0.1568,1.6196,-0.5488
1.6196,-0.5488,1.5819,-0.9408
1.5819,-0.9408,1.5286,-1.3328
1.5286,-1.3328,1.4596,-1.7248
1.4596,-1.7248,1.3749,-2.1168
1.3749,-2.1168,1.2746,-2.5088
1.2746,-2.5088,1.1586,-2.9008
1.1586,-2.9008,1.0268,-3.2928
1.0268,-3.2928,0.8795,-3.6848
0.8795,-3.6848,0.7164,-4.0768
0.7164,-4.0768,0.5376,-4.4688
0.5376,-4.4688,0.5000,2.9165
0.5000,2.9165,0.6010,2.5245
0.6010,2.5245,0.6863,2.1325
0.6863,2.1325,0.7559,1.7405
0.7559,1.7405,0.8098,1.3485
0.8098,1.3485,0.8481,0.9565
0.8481,0.9565,0.8707,0.5645
0.8707,0.5645,0.8776,0.1725
0.8776,0.1725,0.8688,-0.2195
0.8688,-0.2195,0.8443,-0.6115
0.8443,-0.6115,0.8042,-1.0035
0.8042,-1.0035,0.7484,-1.3955
0.7484,-1.3955,0.6769,-1.7875
0.6769,-1.7875,0.5897,-2.1795
0.5897,-2.1795,0.5000,1.5429
0.5000,1.5429,0.5460,1.1509
0.5460,1.1509,0.5764,0.7589
0.5764,0.7589,0.5911,0.3669
0.5911,0.3669,0.5901,-0.0251
0.5901,-0.0251,0.5734,-0.4171
0.5734,-0.4171,0.5410,-0.8091
0.5410,-0.8091,0.5000,0.7207
0.5000,0.7207,0.5131,0.3287
0.5131,0.3287,0.5106,-0.0633
0.5106,-0.0633,0.5000,0.0000
0.5000,0.0000,0.5000,0.0000
0.5000,0.0000,0.5000,0.0000
0.5000,0.0000,0.5000,0.0000
0.5000,0.0000,0.5000,0.0000
0.5000,0.0000,0.5000,0.0000
0.5000,0.0000,0.5000,0.0000
0.5000,0.0000,0.5000,0.0000
0.5000,0.0000,0.5000,0.0000
0.5000,0.0000,0.5000,0.0000
0.5000,0.0000,0.5000,0.0000
0.5000,0.0000,0.5000,0.0000
0.5000,0.0000,0.5000,0.0000
0.5000,0.0000,0.5000,0.0000
0.5000,0.0000,0.5000,0.0000
0.5000,0.0000,0.5000,0.0000
0.5000,0.0000,0.5000,0.0000
0.5000,0.0000,0.5000,0.0000
0.5000,0.0000,0.5000,0.0000
0.5000,0.0000,0.5000,0.0000
0.5000,0.0000,0.5000,0.0000
0.5000,0.0000,0.5000,0.0000
0.5000,0.0000,0.5000,0.0000
0.5000,0.0000,0.5000,0.0000
0.5000,0.0000,0.5000,0.0000
0.5000,0.0000,0.5000,0.0000
0.5000,0.0000,0.5000,0.0000
0.5000,0.0000,0.5000,0.0000
0.5000,0.0000,0.5000,0.0000
0.5000,0.0000,0.5000,0.0000
0.5000,0.0000,0.5000,0.0000
0.5000,0.0000,0.5000,0.0000
0.5000,0.0000,0.5000,0.0000
0.5000,0.0000,0.5000,0.0000
0.5000,0.0000,0.5000,0.0000
0.5000,0.0000,0.5000,0.0000
0.5000,0.0000,0.5000,0.0000
0.5000,0.0000,0.5000,0.0000
0.5000,0.0000,0.5000,0.0000
0.5000,0.0000,0.5000,0.0000
0.5000,0.0000,0.5000,0.0000
0.5000,0.0000,0.5000,0.0000
0.5000,0.0000,0.5000,0.0000
0.5000,0.0000,0.5000,0.0000
0.5000,0.0000,0.5000,0.0000
0.5000,0.0000,0.5000,0.0000
0.5000,0.0000,0.5000,0.0000
0.5000,0.0000,0.5000,0.0000
0.5000,0.0000,0.5000,0.0000
0.5000,0.0000,0.5000,0.0000
0.5000,0.0000,0.5000,0.0000
0.5000,0.0000,0.5000,0.0000
0.5000,0.0000,0.5000,0.0000
0.5000,0.0000,0.5000,0.0000
0.5000,0.0000,0.5000,0.0000
0.5000,0.0000,0.5000,0.0000
0.5000,0.0000,0.5000,0.0000
0.5000,0.0000,0.5000,0.0000
0.5000,0.0000,0.5000,0.0000
0.5000,0.0000,0.5000,0.0000
0.5000,0.0000,0.5000,0.0000
0.5000,0.0000,0.5000,0.0000
0.5000,0.0000,0.5000,0.0000
0.5000,0.0000,0.5000,0.0000
0.5000,0.0000,0.5000,0.0000
0.5000,0.0000,0.5000,0.0000
0.5000,0.0000,0.5000,0.0000
0.5000,0.0000,0.5000,0.0000
0.5000,0.0000,0.5000,0.0000
0.5000,0.0000,0.5000,0.0000
0.5000,0.0000,0.5000,0.0000
0.5000,0.0000,0.5000,0.0000
0.5000,0.0000,0.5000,0.0000
0.5000,0.0000,0.5000,0.0000
0.5000,0.0000,0.5000,0.0000
0.5000,0.0000,0.5000,0.0000
0.5000,0.0000,0.5000,0.0000
0.5000,0.0000,0.5000,0.0000
0.5000,0.0000,0.5000,0.0000
0.5000,0.0000,0.5000,0.0000
0.5000,0.0000,0.5000,0.0000
0.5000,0.0000,0.5000,0.0000
0.5000,0.0000,0.5000,0.0000
0.5000,0.0000,0.5000,0.0000
0.5000,0.0000,0.5000,0.0000
0.5000,0.0000,0.5000,0.0000
0.5000,0.0000,0.5000,0.0000
0.5000,0.0000,0.5000,0.0000
0.5000,0.0000,0.5000,0.0000
0.5000,0.0000,0.5000,0.0000
0.5000,0.0000,0.5000,0.0000
0.5000,0.0000,0.5000,0.0000
0.5000,0.0000,0.5000,0.0000
0.5000,0.0000,0.5000,0.0000
0.5000,0.0000,0.5000,0.0000
0.5000,0.0000,0.5000,0.0000
0.5000,0.0000,0.5000,0.0000
0.5000,0.0000,0.5000,0.0000
0.5000,0.0000,0.5000,0.0000
0.5000,0.0000,0.5000,0.0000
0.5000,0.0000,0.5000,0.0000
0.5000,0.0000,0.5000,0.0000
0.5000,0.0000,0.5000,0.0000
0.5000,0.0000,0.5000,0.0000
0.5000,0.0000,0.5000,0.0000
0.5000,0.0000,0.5000,0.0000
0.5000,0.0000,0.5000,0.0000
0.5000,0.0000,0.5000,0.0000
0.5000,0.0000,0.5000,0.0000
0.5000,0.0000,0.5000,0.0000
0.5000,0.0000,0.5000,0.0000
0.5000,0.0000,0.5000,0.0000
0.5000,0.0000,0.5000,0.0000
0.5000,0.0000,0.5000,0.0000
0.5000,0.0000,0.5000,0.0000
0.5000,0.0000,0.5000,0.0000
0.5000,0.0000,0.5000,0.0000
0.5000,0.0000,0.5000,0.0000
0.5000,0.0000,0.5000,0.0000
0.5000,0.0000,0.5000,0.0000
0.5000,0.0000,0.5000,0.0000
0.5000,0.0000,0.5000,0.0000
0.5000,0.0000,0.5000,0.0000
0.5000,0.0000,0.5000,0.0000
0.5000,0.0000,0.5000,0.0000
0.5000,0.0000,0.5000,0.0000
0.5000,0.0000,0.5000,0.0000
0.5000,0.0000,0.5000,0.0000
0.5000,0.0000,0.5000,0.0000
0.5000,0.0000,0.5000,0.0000
0.5000,0.0000,0.5000,0.0000
9.6963,0.0000,9.6806,-0.3920
9.6806,-0.3920,9.6493,-0.7840
9.6493,-0.7840,9.6022,-1.1760
9.6022,-1.1760,9.5395,-1.5680
9.5395,-1.5680,9.4611,-1.9600
9.4611,-1.9600,9.3670,-2.3520
9.3670,-2.3520,9.2573,-2.7440
9.2573,-2.7440,9.1318,-3.1360
9.1318,-3.1360,8.9907,-3.5280
8.9907,-3.5280,8.8339,-3.9200
8.8339,-3.9200,8.6614,-4.3120
8.6614,-4.3120,8.4733,-4.7040
8.4733,-4.7040,8.2694,-5.0960
8.2694,-5.0960,8.0499,-5.4880
8.0499,-5.4880,7.8147,-5.8800
7.8147,-5.8800,7.5638,-6.2720
7.5638,-6.2720,7.2973,-6.6640
7.2973,-6.6640,7.0150,-7.0560
7.0150,-7.0560,6.7171,-7.4480
6.7171,-7.4480,6.4035,-7.8400
6.4035,-7.8400,6.0742,-8.2320
6.0742,-8.2320,5.7293,-8.6240
5.7293,-8.6240,5.3686,-9.0160
5.3686,-9.0160,4.9923,-9.4080
4.9923,-9.4080,4.6003,-9.8000
4.6003,-9.8000,4.1926,-10.1920
4.1926,-10.1920,3.7693,-10.5840
3.7693,-10.5840,3.3302,-10.9760
3.3302,-10.9760,2.8755,-11.3680
2.8755,-11.3680,2.4051,-11.7600
2.4051,-11.7600,1.9190,-12.1520
1.9190,-12.1520,1.4173,-12.5440
1.4173,-12.5440,0.8998,-12.9360
0.8998,-12.9360,0.5000,7.9968
0.5000,7.9968,0.8042,7.6048
0.8042,7.6048,1.0927,7.2128
1.0927,7.2128,1.3655,6.8208
1.3655,6.8208,1.6227,6.4288
1.6227,6.4288,1.8642,6.0368
1.8642,6.0368,2.0900,5.6448
2.0900,5.6448,2.3001,5.2528
2.3001,5.2528,2.4945,4.8608
2.4945,4.8608,2.6732,4.4688
2.6732,4.4688,2.8363,4.0768
2.8363,4.0768,2.9837,3.6848
2.9837,3.6848,3.1154,3.2928
3.1154,3.2928,3.2315,2.9008
3.2315,2.9008,3.3318,2.5088
3.3318,2.5088,3.4165,2.1168
3.4165,2.1168,3.4855,1.7248
3.4855,1.7248,3.5388,1.3328
3.5388,1.3328,3.5764,0.9408
3.5764,0.9408,3.5984,0.5488
3.5984,0.5488,3.6046,0.1568
3.6046,0.1568,3.5952,-0.2352
3.5952,-0.2352,3.5701,-0.6272
3.5701,-0.6272,3.5294,-1.0192
3.5294,-1.0192,3.4729,-1.4112
3.4729,-1.4112,3.4008,-1.8032
3.4008,-1.8032,3.3130,-2.1952
3.3130,-2.1952,3.2095,-2.5872
3.2095,-2.5872,3.0903,-2.9792
3.0903,-2.9792,2.9555,-3.3712
2.9555,-3.3712,2.8050,-3.7632
2.8050,-3.7632,2.6388,-4.1552
2.6388,-4.1552,2.4569,-4.5472
2.4569,-4.5472,2.2593,-4.9392
2.2593,-4.9392,2.0460,-5.3312
2.0460,-5.3312,1.8171,-5.7232
1.8171,-5.7232,1.5725,-6.1152
1.5725,-6.1152,1.3122,-6.5072
1.3122,-6.5072,1.0363,-6.8992
1.0363,-6.8992,0.7446,-7.2912
0.7446,-7.2912,0.5000,4.6099
0.5000,4.6099,0.6687,4.2179
0.6687,4.2179,0.8218,3.8259
0.8218,3.8259,0.9591,3.4339
0.9591,3.4339,1.0808,3.0419
1.0808,3.0419,1.1868,2.6499
1.1868,2.6499,1.2771,2.2579
1.2771,2.2579,1.3517,1.8659
1.3517,1.8659,1.4107,1.4739
1.4107,1.4739,1.4540,1.0819
1.4540,1.0819,1.4816,0.6899
1.4816,0.6899,1.4935,0.2979
1.4935,0.2979,1.4897,-0.0941
1.4897,-0.0941,1.4703,-0.4861
1.4703,-0.4861,1.4352,-0.8781
1.4352,-0.8781,1.3844,-1.2701
1.3844,-1.2701,1.3179,-1.6621
1.3179,-1.6621,1.2357,-2.0541
1.2357,-2.0541,1.1379,-2.4461
1.1379,-2.4461,1.0243,-2.8381
1.0243,-2.8381,0.8951,-3.2301
0.8951,-3.2301,0.7503,-3.6221
0.7503,-3.6221,0.5897,-4.0141
0.5897,-4.0141,0.5000,2.6436
0.5000,2.6436,0.5901,2.2516
0.5901,2.2516,0.6645,1.8596
0.6645,1.8596,0.7232,1.4676
0.7232,1.4676,0.7662,1.0756
0.7662,1.0756,0.7935,0.6836
0.7935,0.6836,0.8052,0.2916
0.8052,0.2916,0.8012,-0.1004
0.8012,-0.1004,0.7815,-0.4924
0.7815,-0.4924,0.7461,-0.8844
0.7461,-0.8844,0.6951,-1.2764
0.6951,-1.2764,0.6283,-1.6684
0.6283,-1.6684,0.5459,-2.0604
0.5459,-2.0604,0.5000,1.4714
0.5000,1.4714,0.5432,1.0794
0.5432,1.0794,0.5707,0.6874
0.5707,0.6874,0.5825,0.2954
0.5825,0.2954,0.5786,-0.0966
0.5786,-0.0966,0.5591,-0.4886
0.5591,-0.4886,0.5239,-0.8806
0.5239,-0.8806,0.5000,0.7636
0.5000,0.7636,0.5149,0.3716
0.5149,0.3716,0.5140,-0.0204
0.5140,-0.0204,0.5000,0.0000
0.5000,0.0000,0.5000,0.0000
0.5000,0.0000,0.5000,0.0000
0.5000,0.0000,0.5000,0.0000
0.5000,0.0000,0.5000,0.0000
0.5000,0.0000,0.5000,0.0000
0.5000,0.0000,0.5000,0.0000
0.5000,0.0000,0.5000,0.0000
0.5000,0.0000,0.5000,0.0000
0.5000,0.0000,0.5000,0.0000
0.5000,0.0000,0.5000,0.0000
0.5000,0.0000,0.5000,0.0000
0.5000,0.0000,0.5000,0.0000
0.5000,0.0000,0.5000,0.0000
0.5000,0.0000,0.5000,0.0000
0.5000,0.0000,0.5000,0.0000
0.5000,0.0000,0.5000,0.0000
0.5000,0.0000,0.5000,0.0000
0.5000,0.0000,0.5000,0.0000
0.5000,0.0000,0.5000,0.0000
0.5000,0.0000,0.5000,0.0000
0.5000,0.0000,0.5000,0.0000
0.5000,0.0000,0.5000,0.0000
0.5000,0.0000,0.5000,0.0000
0.5000,0.0000,0.5000,0.0000
0.5000,0.0000,0.5000,0.0000
0.5000,0.0000,0.5000,0.0000
0.5000,0.0000,0.5000,0.0000
0.5000,0.0000,0.5000,0.0000
0.5000,0.0000,0.5000,0.0000
0.5000,0.0000,0.5000,0.0000
0.5000,0.0000,0.5000,0.0000
0.5000,0.0000,0.5000,0.0000
0.5000,0.0000,0.5000,0.0000
0.5000,0.0000,0.5000,0.0000
0.5000,0.0000,0.5000,0.0000
0.5000,0.0000,0.5000,0.0000
0.5000,0.0000,0.5000,0.0000
0.5000,0.0000,0.5000,0.0000
0.5000,0.0000,0.5000,0.0000
0.5000,0.0000,0.5000,0.0000
0.5000,0.0000,0.5000,0.0000
0.5000,0.0000,0.5000,0.0000
0.5000,0.0000,0.5000,0.0000
0.5000,0.0000,0.5000,0.0000
0.5000,0.0000,0.5000,0.0000
0.5000,0.0000,0.5000,0.0000
0.5000,0.0000,0.5000,0.0000
0.5000,0.0000,0.5000,0.0000
0.5000,0.0000,0.5000,0.0000
0.5000,0.0000,0.5000,0.0000
0.5000,0.0000,0.5000,0.0000
0.5000,0.0000,0.5000,0.0000
0.5000,0.0000,0.5000,0.0000
0.5000,0.0000,0.5000,0.0000
0.5000,0.0000,0.5000,0.0000
0.5000,0.0000,0.5000,0.0000
0.5000,0.0000,0.5000,0.0000
0.5000,0.0000,0.5000,0.0000
0.5000,0.0000,0.5000,0.0000
0.5000,0.0000,0.5000,0.0000
0.5000,0.0000,0.5000,0.0000
0.5000,0.0000,0.5000,0.0000
0.5000,0.0000,0.5000,0.0000
0.5000,0.0000,0.5000,0.0000
0.5000,0.0000,0.5000,0.0000
0.5000,0.0000,0.5000,0.0000
0.5000,0.0000,0.5000,0.0000
0.5000,0.0000,0.5000,0.0000
0.5000,0.0000,0.5000,0.0000
0.5000,0.0000,0.5000,0.0000
0.5000,0.0000,0.5000,0.0000
0.5000,0.0000,0.5000,0.0000
0.5000,0.0000,0.5000,0.0000
0.5000,0.0000,0.5000,0.0000
0.5000,0.0000,0.5000,0.0000
0.5000,0.0000,0.5000,0.0000
0.5000,0.0000,0.5000,0.0000
0.5000,0.0000,0.5000,0.0000
0.5000,0.0000,0.5000,0.0000
0.5000,0.0000,0.5000,0.0000
4.0273,0.0000,4.0117,-0.3920
4.0117,-0.3920,3.9803,-0.7840
3.9803,-0.7840,3.9333,-1.1760
3.9333,-1.1760,3.8705,-1.5680
3.8705,-1.5680,3.7921,-1.9600
3.7921,-1.9600,3.6981,-2.3520
3.6981,-2.3520,3.5883,-2.7440
3.5883,-2.7440,3.4629,-3.1360
3.4629,-3.1360,3.3217,-3.5280
3.3217,-3.5280,3.1649,-3.9200
3.1649,-3.9200,2.9925,-4.3120
2.9925,-4.3120,2.8043,-4.7040
2.8043,-4.7040,2.6005,-5.0960
2.6005,-5.0960,2.3809,-5.4880
2.3809,-5.4880,2.1457,-5.8800
2.1457,-5.8800,1.8949,-6.2720
1.8949,-6.2720,1.6283,-6.6640
1.6283,-6.6640,1.3461,-7.0560
1.3461,-7.0560,1.0481,-7.4480
1.0481,-7.4480,0.7345,-7.8400
0.7345,-7.8400,0.5000,4.9392
0.5000,4.9392,0.6819,4.5472
0.6819,4.5472,0.8481,4.1552
0.8481,4.1552,0.9986,3.7632
0.9986,3.7632,1.1335,3.3712
1.1335,3.3712,1.2526,2.9792
1.2526,2.9792,1.3561,2.5872
1.3561,2.5872,1.4439,2.1952
1.4439,2.1952,1.5161,1.8032
1.5161,1.8032,1.5725,1.4112
1.5725,1.4112,1.6133,1.0192
1.6133,1.0192,1.6384,0.6272
1.6384,0.6272,1.6478,0.2352
1.6478,0.2352,1.6415,-0.1568
1.6415,-0.1568,1.6196,-0.5488
1.6196,-0.5488,1.5819,-0.9408
1.5819,-0.9408,1.5286,-1.3328
1.5286,-1.3328,1.4596,-1.7248
1.4596,-1.7248,1.3749,-2.1168
1.3749,-2.1168,1.2746,-2.5088
1.2746,-2.5088,1.1586,-2.9008
1.1586,-2.9008,1.0268,-3.2928
1.0268,-3.2928,0.8795,-3.6848
0.8795,-3.6848,0.7164,-4.0768
0.7164,-4.0768,0.5376,-4.4688
0.5376,-4.4688,0.5000,2.9165
0.5000,2.9165,0.6010,2.5245
0.6010,2.5245,0.6863,2.1325
0.6863,2.1325,0.7559,1.7405
0.7559,1.7405,0.8098,1.3485
0.8098,1.3485,0.8481,0.9565
0.8481,0.9565,0.8707,0.5645
0.8707,0.5645,0.8776,0.1725
0.8776,0.1725,0.8688,-0.2195
0.8688,-0.2195,0.8443,-0.6115
0.8443,-0.6115,0.8042,-1.0035
0.8042,-1.0035,0.7484,-1.3955
0.7484,-1.3955,0.6769,-1.7875
0.6769,-1.7875,0.5897,-2.1795
0.5897,-2.1795,0.5000,1.5429
0.5000,1.5429,0.5460,1.1509
0.5460,1.1509,0.5764,0.7589
0.5764,0.7589,0.5911,0.3669
0.5911,0.3669,0.5901,-0.0251
0.5901,-0.0251,0.5734,-0.4171
0.5734,-0.4171,0.5410,-0.8091
0.5410,-0.8091,0.5000,0.7207
0.5000,0.7207,0.5131,0.3287
0.5131,0.3287,0.5106,-0.0633
0.5106,-0.0633,0.5000,0.0000
0.5000,0.0000,0.5000,0.0000
0.5000,0.0000,0.5000,0.0000
0.5000,0.0000,0.5000,0.0000
0.5000,0.0000,0.5000,0.0000
0.5000,0.0000,0.5000,0.0000
0.5000,0.0000,0.5000,0.0000
0.5000,0.0000,0.5000,0.0000
0.5000,0.0000,0.5000,0.0000
0.5000,0.0000,0.5000,0.0000
0.5000,0.0000,0.5000,0.0000
0.5000,0.0000,0.5000,0.0000
0.5000,0.0000,0.5000,0.0000
0.5000,0.0000,0.5000,0.0000
0.5000,0.0000,0.5000,0.0000
0.5000,0.0000,0.5000,0.0000
0.5000,0.0000,0.5000,0.0000
0.5000,0.0000,0.5000,0.0000
0.5000,0.0000,0.5000,0.0000
0.5000,0.0000,0.5000,0.0000
0.5000,0.0000,0.5000,0.0000
0.5000,0.0000,0.5000,0.0000
0.5000,0.0000,0.5000,0.0000
0.5000,0.0000,0.5000,0.0000
0.5000,0.0000,0.5000,0.0000
0.5000,0.0000,0.5000,0.0000
0.5000,0.0000,0.5000,0.0000
0.5000,0.0000,0.5000,0.0000
0.5000,0.0000,0.5000,0.0000
0.5000,0.0000,0.5000,0.0000
0.5000,0.0000,0.5000,0.0000
0.5000,0.0000,0.5000,0.0000
0.5000,0.0000,0.5000,0.0000
0.5000,0.0000,0.5000,0.0000
0.5000,0.0000,0.5000,0.0000
0.5000,0.0000,0.5000,0.0000
0.5000,0.0000,0.5000,0.0000
0.5000,0.0000,0.5000,0.0000
0.5000,0.0000,0.5000,0.0000
0.5000,0.0000,0.5000,0.0000
0.5000,0.0000,0.5000,0.0000
0.5000,0.0000,0.5000,0.0000
0.5000,0.0000,0.5000,0.0000
0.5000,0.0000,0.5000,0.0000
0.5000,0.0000,0.5000,0.0000
0.5000,0.0000,0.5000,0.0000
0.5000,0.0000,0.5000,0.0000
0.5000,0.0000,0.5000,0.0000
0.5000,0.0000,0.5000,0.0000
0.5000,0.0000,0.5000,0.0000
0.5000,0.0000,0.5000,0.0000
0.5000,0.0000,0.5000,0.0000
0.5000,0.0000,0.5000,0.0000
0.5000,0.0000,0.5000,0.0000
0.5000,0.0000,0.5000,0.0000
0.5000,0.0000,0.5000,0.0000
0.5000,0.0000,0.5000,0.0000
0.5000,0.0000,0.5000,0.0000
0.5000,0.0000,0.5000,0.0000
0.5000,0.0000,0.5000,0.0000
0.5000,0.0000,0.5000,0.0000
0.5000,0.0000,0.5000,0.0000
0.5000,0.0000,0.5000,0.0000
0.5000,0.0000,0.5000,0.0000
0.5000,0.0000,0.5000,0.0000
0.5000,0.0000,0.5000,0.0000
0.5000,0.0000,0.5000,0.0000
0.5000,0.0000,0.5000,0.0000
0.5000,0.0000,0.5000,0.0000
0.5000,0.0000,0.5000,0.0000
0.5000,0.0000,0.5000,0.0000
0.5000,0.0000,0.5000,0.0000
0.5000,0.0000,0.5000,0.0000
0.5000,0.0000,0.5000,0.0000
0.5000,0.0000,0.5000,0.0000
0.5000,0.0000,0.5000,0.0000
0.5000,0.0000,0.5000,0.0000
0.5000,0.0000,0.5000,0.0000
0.5000,0.0000,0.5000,0.0000
0.5000,0.0000,0.5000,0.0000
0.5000,0.0000,0.5000,0.0000
0.5000,0.0000,0.5000,0.0000
0.5000,0.0000,0.5000,0.0000
0.5000,0.0000,0.5000,0.0000
0.5000,0.0000,0.5000,0.0000
0.5000,0.0000,0.5000,0.0000
0.5000,0.0000,0.5000,0.0000
0.5000,0.0000,0.5000,0.0000
0.5000,0.0000,0.5000,0.0000
0.5000,0.0000,0.5000,0.0000
0.5000,0.0000,0.5000,0.0000
0.5000,0.0000,0.5000,0.0000
0.5000,0.0000,0.5000,0.0000
0.5000,0.0000,0.5000,0.0000
0.5000,0.0000,0.5000,0.0000
0.5000,0.0000,0.5000,0.0000
0.5000,0.0000,0.5000,0.0000
0.5000,0.0000,0.5000,0.0000
0.5000,0.0000,0.5000,0.0000
0.5000,0.0000,0.5000,0.0000
0.5000,0.0000,0.5000,0.0000
0.5000,0.0000,0.5000,0.0000
0.5000,0.0000,0.5000,0.0000
0.5000,0.0000,0.5000,0.0000
0.5000,0.0000,0.5000,0.0000
0.5000,0.0000,0.5000,0.0000
0.5000,0.0000,0.5000,0.0000
0.5000,0.0000,0.5000,0.0000
0.5000,0.0000,0.5000,0.0000
0.5000,0.0000,0.5000,0.0000
0.5000,0.0000,0.5000,0.0000
0.5000,0.0000,0.5000,0.0000
0.5000,0.0000,0.5000,0.0000
0.5000,0.0000,0.5000,0.0000
0.5000,0.0000,0.5000,0.0000
0.5000,0.0000,0.5000,0.0000
0.5000,0.0000,0.5000,0.0000
0.5000,0.0000,0.5000,0.0000
0.5000,0.0000,0.5000,0.0000
0.5000,0.0000,0.5000,0.0000
0.5000,0.0000,0.5000,0.0000
0.5000,0.0000,0.5000,0.0000
0.5000,0.0000,0.5000,0.0000
0.5000,0.0000,0.5000,0.0000
0.5000,0.0000,0.5000,0.0000
0.5000,0.0000,0.5000,0.0000
0.5000,0.0000,0.5000,0.0000
0.5000,0.0000,0.5000,0.0000
0.5000,0.0000,0.5000,0.0000
0.5000,0.0000,0.5000,0.0000
0.5000,0.0000,0.5000,0.0000
7.8387,0.0000,7.8230,-0.3920
7.8230,-0.3920,7.7916,-0.7840
7.7916,-0.7840,7.7446,-1.1760
7.7446,-1.1760,7.6819,-1.5680
7.6819,-1.5680,7.6035,-1.9600
7.6035,-1.9600,7.5094,-2.3520
7.5094,-2.3520,7.3996,-2.7440
7.3996,-2.7440,7.2742,-3.1360
7.2742,-3.1360,7.1331,-3.5280
7.1331,-3.5280,6.9763,-3.9200
6.9763,-3.9200,6.8038,-4.3120
6.8038,-4.3120,6.6156,-4.7040
6.6156,-4.7040,6.4118,-5.0960
6.4118,-5.0960,6.1923,-5.4880
6.1923,-5.4880,5.9571,-5.8800
5.9571,-5.8800,5.7062,-6.2720
5.7062,-6.2720,5.4396,-6.6640
5.4396,-6.6640,5.1574,-7.0560
5.1574,-7.0560,4.8595,-7.4480
4.8595,-7.4480,4.5459,-7.8400
4.5459,-7.8400,4.2166,-8.2320
4.2166,-8.2320,3.8716,-8.6240
3.8716,-8.6240,3.5110,-9.0160
3.5110,-9.0160,3.1347,-9.4080
3.1347,-9.4080,2.7427,-9.8000
2.7427,-9.8000,2.3350,-10.1920
2.3350,-10.1920,1.9116,-10.5840
1.9116,-10.5840,1.4726,-10.9760
1.4726,-10.9760,1.0179,-11.3680
1.0179,-11.3680,0.5475,-11.7600
0.5475,-11.7600,0.5000,7.2912
0.5000,7.2912,0.7760,6.8992
0.7760,6.8992,1.0363,6.5072
1.0363,6.5072,1.2809,6.1152
1.2809,6.1152,1.5098,5.7232
1.5098,5.7232,1.7230,5.3312
1.7230,5.3312,1.9206,4.9392
1.9206,4.9392,2.1025,4.5472
2.1025,4.5472,2.2687,4.1552
2.2687,4.1552,2.4192,3.7632
2.4192,3.7632,2.5541,3.3712
2.5541,3.3712,2.6732,2.9792
2.6732,2.9792,2.7767,2.5872
2.7767,2.5872,2.8645,2.1952
2.8645,2.1952,2.9367,1.8032
2.9367,1.8032,2.9931,1.4112
2.9931,1.4112,3.0339,1.0192
3.0339,1.0192,3.0590,0.6272
3.0590,0.6272,3.0684,0.2352
3.0684,0.2352,3.0621,-0.1568
3.0621,-0.1568,3.0402,-0.5488
3.0402,-0.5488,3.0025,-0.9408
3.0025,-0.9408,2.9492,-1.3328
2.9492,-1.3328,2.8802,-1.7248
2.8802,-1.7248,2.7956,-2.1168
2.7956,-2.1168,2.6952,-2.5088
2.6952,-2.5088,2.5792,-2.9008
2.5792,-2.9008,2.4475,-3.2928
2.4475,-3.2928,2.3001,-3.6848
2.3001,-3.6848,2.1370,-4.0768
2.1370,-4.0768,1.9582,-4.4688
1.9582,-4.4688,1.7638,-4.8608
1.7638,-4.8608,1.5537,-5.2528
1.5537,-5.2528,1.3279,-5.6448
1.3279,-5.6448,1.0864,-6.0368
1.0864,-6.0368,0.8293,-6.4288
0.8293,-6.4288,0.5564,-6.8208
0.5564,-6.8208,0.5000,4.3277
0.5000,4.3277,0.6574,3.9357
0.6574,3.9357,0.7992,3.5437
0.7992,3.5437,0.9252,3.1517
0.9252,3.1517,1.0356,2.7597
1.0356,2.7597,1.1303,2.3677
1.1303,2.3677,1.2094,1.9757
1.2094,1.9757,1.2727,1.5837
1.2727,1.5837,1.3204,1.1917
1.3204,1.1917,1.3524,0.7997
1.3524,0.7997,1.3687,0.4077
1.3687,0.4077,1.3693,0.0157
1.3693,0.0157,1.3542,-0.3763
1.3542,-0.3763,1.3235,-0.7683
1.3235,-0.7683,1.2771,-1.1603
1.2771,-1.1603,1.2150,-1.5523
1.2150,-1.5523,1.1372,-1.9443
1.1372,-1.9443,1.0438,-2.3363
1.0438,-2.3363,0.9346,-2.7283
0.9346,-2.7283,0.8098,-3.1203
0.8098,-3.1203,0.6693,-3.5123
0.6693,-3.5123,0.5132,-3.9043
0.5132,-3.9043,0.5000,2.5778
0.5000,2.5778,0.5874,2.1858
0.5874,2.1858,0.6592,1.7938
0.6592,1.7938,0.7153,1.4018
0.7153,1.4018,0.7556,1.0098
0.7556,1.0098,0.7804,0.6178
0.7804,0.6178,0.7894,0.2258
0.7894,0.2258,0.7827,-0.1662
0.7827,-0.1662,0.7604,-0.5582
0.7604,-0.5582,0.7224,-0.9502
0.7224,-0.9502,0.6687,-1.3422
0.6687,-1.3422,0.5993,-1.7342
0.5993,-1.7342,0.5143,-2.1262
0.5143,-2.1262,0.5000,1.5109
0.5000,1.5109,0.5448,1.1189
0.5448,1.1189,0.5738,0.7269
0.5738,0.7269,0.5872,0.3349
0.5872,0.3349,0.5849,-0.0571
0.5849,-0.0571,0.5670,-0.4491
0.5670,-0.4491,0.5333,-0.8411
0.5333,-0.8411,0.5000,0.7398
0.5000,0.7398,0.5139,0.3478
0.5139,0.3478,0.5121,-0.0442
0.5121,-0.0442,0.5000,0.0000
0.5000,0.0000,0.5000,0.0000
0.5000,0.0000,0.5000,0.0000
0.5000,0.0000,0.5000,0.0000
0.5000,0.0000,0.5000,0.0000
0.5000,0.0000,0.5000,0.0000
0.5000,0.0000,0.5000,0.0000
0.5000,0.0000,0.5000,0.0000
0.5000,0.0000,0.5000,0.0000
0.5000,0.0000,0.5000,0.0000
0.5000,0.0000,0.5000,0.0000
0.5000,0.0000,0.5000,0.0000
0.5000,0.0000,0.5000,0.0000
0.5000,0.0000,0.5000,0.0000
0.5000,0.0000,0.5000,0.0000
0.5000,0.0000,0.5000,0.0000
0.5000,0.0000,0.5000,0.0000
0.5000,0.0000,0.5000,0.0000
0.5000,0.0000,0.5000,0.0000
0.5000,0.0000,0.5000,0.0000
0.5000,0.0000,0.5000,0.0000
0.5000,0.0000,0.5000,0.0000
0.5000,0.0000,0.5000,0.0000
0.5000,0.0000,0.5000,0.0000
0.5000,0.0000,0.5000,0.0000
0.5000,0.0000,0.5000,0.0000
0.5000,0.0000,0.5000,0.0000
0.5000,0.0000,0.5000,0.0000
0.5000,0.0000,0.5000,0.0000
0.5000,0.0000,0.5000,0.0000
0.5000,0.0000,0.5000,0.0000
0.5000,0.0000,0.5000,0.0000
0.5000,0.0000,0.5000,0.0000
0.5000,0.0000,0.5000,0.0000
0.5000,0.0000,0.5000,0.0000
0.5000,0.0000,0.5000,0.0000
0.5000,0.0000,0.5000,0.0000
0.5000,0.0000,0.5000,0.0000
0.5000,0.0000,0.5000,0.0000
0.5000,0.0000,0.5000,0.0000
0.5000,0.0000,0.5000,0.0000
0.5000,0.0000,0.5000,0.0000
0.5000,0.0000,0.5000,0.0000
0.5000,0.0000,0.5000,0.0000
0.5000,0.0000,0.5000,0.0000
0.5000,0.0000,0.5000,0.0000
0.5000,0.0000,0.5000,0.0000
0.5000,0.0000,0.5000,0.0000
0.5000,0.0000,0.5000,0.0000
0.5000,0.0000,0.5000,0.0000
0.5000,0.0000,0.5000,0.0000
0.5000,0.0000,0.5000,0.0000
0.5000,0.0000,0.5000,0.0000
0.5000,0.0000,0.5000,0.0000
0.5000,0.0000,0.5000,0.0000
0.5000,0.0000,0.5000,0.0000
0.5000,0.0000,0.5000,0.0000
0.5000,0.0000,0.5000,0.0000
0.5000,0.0000,0.5000,0.0000
0.5000,0.0000,0.5000,0.0000
0.5000,0.0000,0.5000,0.0000
0.5000,0.0000,0.5000,0.0000
0.5000,0.0000,0.5000,0.0000
0.5000,0.0000,0.5000,0.0000
0.5000,0.0000,0.5000,0.0000
0.5000,0.0000,0.5000,0.0000
0.5000,0.0000,0.5000,0.0000
0.5000,0.0000,0.5000,0.0000
0.5000,0.0000,0.5000,0.0000
0.5000,0.0000,0.5000,0.0000
0.5000,0.0000,0.5000,0.0000
0.5000,0.0000,0.5000,0.0000
0.5000,0.0000,0.5000,0.0000
0.5000,0.0000,0.5000,0.0000
0.5000,0.0000,0.5000,0.0000
0.5000,0.0000,0.5000,0.0000
0.5000,0.0000,0.5000,0.0000
0.5000,0.0000,0.5000,0.0000
0.5000,0.0000,0.5000,0.0000
0.5000,0.0000,0.5000,0.0000
0.5000,0.0000,0.5000,0.0000
0.5000,0.0000,0.5000,0.0000
0.5000,0.0000,0.5000,0.0000
0.5000,0.0000,0.5000,0.0000
0.5000,0.0000,0.5000,0.0000
0.5000,0.0000,0.5000,0.0000
0.5000,0.0000,0.5000,0.0000
0.5000,0.0000,0.5000,0.0000
4.1262,0.0000,4.1105,-0.3920
4.1105,-0.3920,4.0792,-0.7840
4.0792,-0.7840,4.0321,-1.1760
4.0321,-1.1760,3.9694,-1.5680
3.9694,-1.5680,3.8910,-1.9600
3.8910,-1.9600,3.7969,-2.3520
3.7969,-2.3520,3.6872,-2.7440
3.6872,-2.7440,3.5617,-3.1360
3.5617,-3.1360,3.4206,-3.5280
3.4206,-3.5280,3.2638,-3.9200
3.2638,-3.9200,3.0913,-4.3120
3.0913,-4.3120,2.9032,-4.7040
2.9032,-4.7040,2.6993,-5.0960
2.6993,-5.0960,2.4798,-5.4880
2.4798,-5.4880,2.2446,-5.8800
2.2446,-5.8800,1.9937,-6.2720
1.9937,-6.2720,1.7272,-6.6640
1.7272,-6.6640,1.4449,-7.0560
1.4449,-7.0560,1.1470,-7.4480
1.1470,-7.4480,0.8334,-7.8400
0.8334,-7.8400,0.5041,-8.2320
0.5041,-8.2320,0.5000,5.1744
0.5000,5.1744,0.6913,4.7824
0.6913,4.7824,0.8669,4.3904
0.8669,4.3904,1.0268,3.9984
1.0268,3.9984,1.1711,3.6064
1.1711,3.6064,1.2997,3.2144
1.2997,3.2144,1.4126,2.8224
1.4126,2.8224,1.5098,2.4304
1.5098,2.4304,1.5913,2.0384
1.5913,2.0384,1.6572,1.6464
1.6572,1.6464,1.7074,1.2544
1.7074,1.2544,1.7419,0.8624
1.7419,0.8624,1.7607,0.4704
1.7607,0.4704,1.7638,0.0784
1.7638,0.0784,1.7513,-0.3136
1.7513,-0.3136,1.7230,-0.7056
1.7230,-0.7056,1.6791,-1.0976
1.6791,-1.0976,1.6196,-1.4896
1.6196,-1.4896,1.5443,-1.8816
1.5443,-1.8816,1.4533,-2.2736
1.4533,-2.2736,1.3467,-2.6656
1.3467,-2.6656,1.2244,-3.0576
1.2244,-3.0576,1.0864,-3.4496
1.0864,-3.4496,0.9328,-3.8416
0.9328,-3.8416,0.7634,-4.2336
0.7634,-4.2336,0.5784,-4.6256
0.5784,-4.6256,0.5000,3.0106
0.5000,3.0106,0.6047,2.6186
0.6047,2.6186,0.6938,2.2266
0.6938,2.2266,0.7672,1.8346
0.7672,1.8346,0.8249,1.4426
0.8249,1.4426,0.8669,1.0506
0.8669,1.0506,0.8933,0.6586
0.8933,0.6586,0.9039,0.2666
0.9039,0.2666,0.8989,-0.1254
0.8989,-0.1254,0.8782,-0.5174
0.8782,-0.5174,0.8418,-0.9094
0.8418,-0.9094,0.7898,-1.3014
0.7898,-1.3014,0.7220,-1.6934
0.7220,-1.6934,0.6386,-2.0854
0.6386,-2.0854,0.5395,-2.4774
0.5395,-2.4774,0.5000,1.7217
0.5000,1.7217,0.5532,1.3297
0.5532,1.3297,0.5907,0.9377
0.5907,0.9377,0.6125,0.5457
0.6125,0.5457,0.6187,0.1537
0.6187,0.1537,0.6091,-0.2383
0.6091,-0.2383,0.5839,-0.6303
0.5839,-0.6303,0.5430,-1.0223
0.5430,-1.0223,0.5000,0.8486
0.5000,0.8486,0.5183,0.4566
0.5183,0.4566,0.5208,0.0646
0.5208,0.0646,0.5078,-0.3274
0.5078,-0.3274,0.5000,0.4316
0.5000,0.4316,0.5016,0.0396
0.5016,0.0396,0.5000,0.0000
0.5000,0.0000,0.5000,0.0000
0.5000,0.0000,0.5000,0.0000
0.5000,0.0000,0.5000,0.0000
0.5000,0.0000,0.5000,0.0000
0.5000,0.0000,0.5000,0.0000
0.5000,0.0000,0.5000,0.0000
0.5000,0.0000,0.5000,0.0000
0.5000,0.0000,0.5000,0.0000
0.5000,0.0000,0.5000,0.0000
0.5000,0.0000,0.5000,0.0000
0.5000,0.0000,0.5000,0.0000
0.5000,0.0000,0.5000,0.0000
0.5000,0.0000,0.5000,0.0000
0.5000,0.0000,0.5000,0.0000
0.5000,0.0000,0.5000,0.0000
0.5000,0.0000,0.5000,0.0000
0.5000,0.0000,0.5000,0.0000
0.5000,0.0000,0.5000,0.0000
0.5000,0.0000,0.5000,0.0000
0.5000,0.0000,0.5000,0.0000
0.5000,0.0000,0.5000,0.0000
0.5000,0.0000,0.5000,0.0000
0.5000,0.0000,0.5000,0.0000
0.5000,0.0000,0.5000,0.0000
0.5000,0.0000,0.5000,0.0000
0.5000,0.0000,0.5000,0.0000
0.5000,0.0000,0.5000,0.0000
0.5000,0.0000,0.5000,0.0000
0.5000,0.0000,0.5000,0.0000
0.5000,0.0000,0.5000,0.0000
0.5000,0.0000,0.5000,0.0000
0.5000,0.0000,0.5000,0.0000
0.5000,0.0000,0.5000,0.0000
0.5000,0.0000,0.5000,0.0000
0.5000,0.0000,0.5000,0.0000
0.5000,0.0000,0.5000,0.0000
0.5000,0.0000,0.5000,0.0000
0.5000,0.0000,0.5000,0.0000
0.5000,0.0000,0.5000,0.0000
0.5000,0.0000,0.5000,0.0000
0.5000,0.0000,0.5000,0.0000
0.5000,0.0000,0.5000,0.0000
0.5000,0.0000,0.5000,0.0000
0.5000,0.0000,0.5000,0.0000
0.5000,0.0000,0.5000,0.0000
0.5000,0.0000,0.5000,0.0000
0.5000,0.0000,0.5000,0.0000
0.5000,0.0000,0.5000,0.0000
0.5000,0.0000,0.5000,0.0000
0.5000,0.0000,0.5000,0.0000
0.5000,0.0000,0.5000,0.0000
0.5000,0.0000,0.5000,0.0000
0.5000,0.0000,0.5000,0.0000
0.5000,0.0000,0.5000,0.0000
0.5000,0.0000,0.5000,0.0000
0.5000,0.0000,0.5000,0.0000
0.5000,0.0000,0.5000,0.0000
0.5000,0.0000,0.5000,0.0000
0.5000,0.0000,0.5000,0.0000
0.5000,0.0000,0.5000,0.0000
0.5000,0.0000,0.5000,0.0000
0.5000,0.0000,0.5000,0.0000
0.5000,0.0000,0.5000,0.0000
0.5000,0.0000,0.5000,0.0000
0.5000,0.0000,0.5000,0.0000
0.5000,0.0000,0.5000,0.0000
0.5000,0.0000,0.5000,0.0000
0.5000,0.0000,0.5000,0.0000
0.5000,0.0000,0.5000,0.0000
0.5000,0.0000,0.5000,0.0000
0.5000,0.0000,0.5000,0.0000
0.5000,0.0000,0.5000,0.0000
0.5000,0.0000,0.5000,0.0000
0.5000,0.0000,0.5000,0.0000
0.5000,0.0000,0.5000,0.0000
0.5000,0.0000,0.5000,0.0000
0.5000,0.0000,0.5000,0.0000
0.5000,0.0000,0.5000,0.0000
0.5000,0.0000,0.5000,0.0000
0.5000,0.0000,0.5000,0.0000
0.5000,0.0000,0.5000,0.0000
0.5000,0.0000,0.5000,0.0000
0.5000,0.0000,0.5000,0.0000
0.5000,0.0000,0.5000,0.0000
0.5000,0.0000,0.5000,0.0000
0.5000,0.0000,0.5000,0.0000
0.5000,0.0000,0.5000,0.0000
0.5000,0.0000,0.5000,0.0000
0.5000,0.0000,0.5000,0.0000
0.5000,0.0000,0.5000,0.0000
0.5000,0.0000,0.5000,0.0000
0.5000,0.0000,0.5000,0.0000
0.5000,0.0000,0.5000,0.0000
0.5000,0.0000,0.5000,0.0000
0.5000,0.0000,0.5000,0.0000
0.5000,0.0000,0.5000,0.0000
0.5000,0.0000,0.5000,0.0000
0.5000,0.0000,0.5000,0.0000
0.5000,0.0000,0.5000,0.0000
0.5000,0.0000,0.5000,0.0000
0.5000,0.0000,0.5000,0.0000
0.5000,0.0000,0.5000,0.0000
0.5000,0.0000,0.5000,0.0000
0.5000,0.0000,0.5000,0.0000
0.5000,0.0000,0.5000,0.0000
0.5000,0.0000,0.5000,0.0000
0.5000,0.0000,0.5000,0.0000
0.5000,0.0000,0.5000,0.0000
0.5000,0.0000,0.5000,0.0000
0.5000,0.0000,0.5000,0.0000
0.5000,0.0000,0.5000,0.0000
0.5000,0.0000,0.5000,0.0000
0.5000,0.0000,0.5000,0.0000
0.5000,0.0000,0.5000,0.0000
0.5000,0.0000,0.5000,0.0000
0.5000,0.0000,0.5000,0.0000
0.5000,0.0000,0.5000,0.0000
0.5000,0.0000,0.5000,0.0000
0.5000,0.0000,0.5000,0.0000
0.5000,0.0000,0.5000,0.0000
0.5000,0.0000,0.5000,0.0000
0.5000,0.0000,0.5000,0.0000
0.5000,0.0000,0.5000,0.0000
7.6828,0.0000,7.6671,-0.3920
7.6671,-0.3920,7.6358,-0.7840
7.6358,-0.7840,7.5887,-1.1760
7.5887,-1.1760,7.5260,-1.5680
7.5260,-1.5680,7.4476,-1.9600
7.4476,-1.9600,7.3535,-2.3520
7.3535,-2.3520,7.2438,-2.7440
7.2438,-2.7440,7.1183,-3.1360
7.1183,-3.1360,6.9772,-3.5280
6.9772,-3.5280,6.8204,-3.9200
6.8204,-3.9200,6.6479,-4.3120
6.6479,-4.3120,6.4598,-4.7040
6.4598,-4.7040,6.2559,-5.0960
6.2559,-5.0960,6.0364,-5.4880
6.0364,-5.4880,5.8012,-5.8800
5.8012,-5.8800,5.5503,-6.2720
5.5503,-6.2720,5.2838,-6.6640
5.2838,-6.6640,5.0015,-7.0560
5.0015,-7.0560,4.7036,-7.4480
4.7036,-7.4480,4.3900,-7.8400
4.3900,-7.8400,4.0607,-8.2320
4.0607,-8.2320,3.7158,-8.6240
3.7158,-8.6240,3.3551,-9.0160
3.3551,-9.0160,2.9788,-9.4080
2.9788,-9.4080,2.5868,-9.8000
2.5868,-9.8000,2.1791,-10.1920
2.1791,-10.1920,1.7558,-10.5840
1.7558,-10.5840,1.3167,-10.9760
1.3167,-10.9760,0.8620,-11.3680
0.8620,-11.3680,0.5000,7.0560
0.5000,7.0560,0.7666,6.6640
0.7666,6.6640,1.0174,6.2720
1.0174,6.2720,1.2526,5.8800
1.2526,5.8800,1.4722,5.4880
1.4722,5.4880,1.6760,5.0960
1.6760,5.0960,1.8642,4.7040
1.8642,4.7040,2.0366,4.3120
2.0366,4.3120,2.1934,3.9200
2.1934,3.9200,2.3346,3.5280
2.3346,3.5280,2.4600,3.1360
2.4600,3.1360,2.5698,2.7440
2.5698,2.7440,2.6638,2.3520
2.6638,2.3520,2.7422,1.9600
2.7422,1.9600,2.8050,1.5680
2.8050,1.5680,2.8520,1.1760
2.8520,1.1760,2.8834,0.7840
2.8834,0.7840,2.8990,0.3920
2.8990,0.3920,2.8990,-0.0000
2.8990,-0.0000,2.8834,-0.3920
2.8834,-0.3920,2.8520,-0.7840
2.8520,-0.7840,2.8050,-1.1760
2.8050,-1.1760,2.7422,-1.5680
2.7422,-1.5680,2.6638,-1.9600
2.6638,-1.9600,2.5698,-2.3520
2.5698,-2.3520,2.4600,-2.7440
2.4600,-2.7440,2.3346,-3.1360
2.3346,-3.1360,2.1934,-3.5280
2.1934,-3.5280,2.0366,-3.9200
2.0366,-3.9200,1.8642,-4.3120
1.8642,-4.3120,1.6760,-4.7040
1.6760,-4.7040,1.4722,-5.0960
1.4722,-5.0960,1.2526,-5.4880
1.2526,-5.4880,1.0174,-5.8800
1.0174,-5.8800,0.7666,-6.2720
0.7666,-6.2720,0.5000,3.9984
0.5000,3.9984,0.6443,3.6064
0.6443,3.6064,0.7728,3.2144
0.7728,3.2144,0.8857,2.8224
0.8857,2.8224,0.9829,2.4304
0.9829,2.4304,1.0645,2.0384
1.0645,2.0384,1.1303,1.6464
1.1303,1.6464,1.1805,1.2544
1.1805,1.2544,1.2150,0.8624
1.2150,0.8624,1.2338,0.4704
1.2338,0.4704,1.2370,0.0784
1.2370,0.0784,1.2244,-0.3136
1.2244,-0.3136,1.1962,-0.7056
1.1962,-0.7056,1.1523,-1.0976
1.1523,-1.0976,1.0927,-1.4896
1.0927,-1.4896,1.0174,-1.8816
1.0174,-1.8816,0.9265,-2.2736
0.9265,-2.2736,0.8199,-2.6656
0.8199,-2.6656,0.6976,-3.0576
0.6976,-3.0576,0.5596,-3.4496
0.5596,-3.4496,0.5000,2.3050
0.5000,2.3050,0.5765,1.9130
0.5765,1.9130,0.6374,1.5210
0.6374,1.5210,0.6825,1.1290
0.6825,1.1290,0.7120,0.7370
0.7120,0.7370,0.7258,0.3450
0.7258,0.3450,0.7239,-0.0470
0.7239,-0.0470,0.7063,-0.4390
0.7063,-0.4390,0.6731,-0.8310
0.6731,-0.8310,0.6242,-1.2230
0.6242,-1.2230,0.5596,-1.6150
0.5596,-1.6150,0.5000,1.2042
0.5000,1.2042,0.5325,0.8122
0.5325,0.8122,0.5493,0.4202
0.5493,0.4202,0.5504,0.0282
0.5504,0.0282,0.5359,-0.3638
0.5359,-0.3638,0.5056,-0.7558
0.5056,-0.7558,0.5000,0.6887
0.5000,0.6887,0.5119,0.2967
0.5119,0.2967,0.5081,-0.0953
0.5081,-0.0953,0.5000,0.0000
0.5000,0.0000,0.5000,0.0000
0.5000,0.0000,0.5000,0.0000
0.5000,0.0000,0.5000,0.0000
0.5000,0.0000,0.5000,0.0000
0.5000,0.0000,0.5000,0.0000
0.5000,0.0000,0.5000,0.0000
0.5000,0.0000,0.5000,0.0000
0.5000,0.0000,0.5000,0.0000
0.5000,0.0000,0.5000,0.0000
0.5000,0.0000,0.5000,0.0000
0.5000,0.0000,0.5000,0.0000
0.5000,0.0000,0.5000,0.0000
0.5000,0.0000,0.5000,0.0000
0.5000,0.0000,0.5000,0.0000
0.5000,0.0000,0.5000,0.0000
0.5000,0.0000,0.5000,0.0000
0.5000,0.0000,0.5000,0.0000
0.5000,0.0000,0.5000,0.0000
0.5000,0.0000,0.5000,0.0000
0.5000,0.0000,0.5000,0.0000
0.5000,0.0000,0.5000,0.0000
0.5000,0.0000,0.5000,0.0000
0.5000,0.0000,0.5000,0.0000
0.5000,0.0000,0.5000,0.0000
0.5000,0.0000,0.5000,0.0000
0.5000,0.0000,0.5000,0.0000
0.5000,0.0000,0.5000,0.0000
0.5000,0.0000,0.5000,0.0000
0.5000,0.0000,0.5000,0.0000
0.5000,0.0000,0.5000,0.0000
0.5000,0.0000,0.5000,0.0000
0.5000,0.0000,0.5000,0.0000
0.5000,0.0000,0.5000,0.0000
0.5000,0.0000,0.5000,0.0000
0.5000,0.0000,0.5000,0.0000
0.5000,0.0000,0.5000,0.0000
0.5000,0.0000,0.5000,0.0000
0.5000,0.0000,0.5000,0.0000
0.5000,0.0000,0.5000,0.0000
0.5000,0.0000,0.5000,0.0000
0.5000,0.0000,0.5000,0.0000
0.5000,0.0000,0.5000,0.0000
0.5000,0.0000,0.5000,0.0000
0.5000,0.0000,0.5000,0.0000
0.5000,0.0000,0.5000,0.0000
0.5000,0.0000,0.5000,0.0000
0.5000,0.0000,0.5000,0.0000
0.5000,0.0000,0.5000,0.0000
0.5000,0.0000,0.5000,0.0000
0.5000,0.0000,0.5000,0.0000
0.5000,0.0000,0.5000,0.0000
0.5000,0.0000,0.5000,0.0000
0.5000,0.0000,0.5000,0.0000
0.5000,0.0000,0.5000,0.0000
0.5000,0.0000,0.5000,0.0000
0.5000,0.0000,0.5000,0.0000
0.5000,0.0000,0.5000,0.0000
0.5000,0.0000,0.5000,0.0000
0.5000,0.0000,0.5000,0.0000
0.5000,0.0000,0.5000,0.0000
0.5000,0.0000,0.5000,0.0000
0.5000,0.0000,0.5000,0.0000
0.5000,0.0000,0.5000,0.0000
0.5000,0.0000,0.5000,0.0000
0.5000,0.0000,0.5000,0.0000
0.5000,0.0000,0.5000,0.0000
0.5000,0.0000,0.5000,0.0000
0.5000,0.0000,0.5000,0.0000
0.5000,0.0000,0.5000,0.0000
0.5000,0.0000,0.5000,0.0000
0.5000,0.0000,0.5000,0.0000
0.5000,0.0000,0.5000,0.0000
0.5000,0.0000,0.5000,0.0000
0.5000,0.0000,0.5000,0.0000
0.5000,0.0000,0.5000,0.0000
0.5000,0.0000,0.5000,0.0000
0.5000,0.0000,0.5000,0.0000
0.5000,0.0000,0.5000,0.0000
0.5000,0.0000,0.5000,0.0000
0.5000,0.0000,0.5000,0.0000
0.5000,0.0000,0.5000,0.0000
0.5000,0.0000,0.5000,0.0000
0.5000,0.0000,0.5000,0.0000
0.5000,0.0000,0.5000,0.0000
0.5000,0.0000,0.5000,0.0000
0.5000,0.0000,0.5000,0.0000
0.5000,0.0000,0.5000,0.0000
0.5000,0.0000,0.5000,0.0000
0.5000,0.0000,0.5000,0.0000
0.5000,0.0000,0.5000,0.0000
0.5000,0.0000,0.5000,0.0000
0.5000,0.0000,0.5000,0.0000
0.5000,0.0000,0.5000,0.0000
0.5000,0.0000,0.5000,0.0000
0.5000,0.0000,0.5000,0.0000
3.1158,0.0000,3.1001,-0.3920
3.1001,-0.3920,3.0688,-0.7840
3.0688,-0.7840,3.0217,-1.1760
3.0217,-1.1760,2.9590,-1.5680
2.9590,-1.5680,2.8806,-1.9600
2.8806,-1.9600,2.7865,-2.3520
2.7865,-2.3520,2.6768,-2.7440
2.6768,-2.7440,2.5513,-3.1360
2.5513,-3.1360,2.4102,-3.5280
2.4102,-3.5280,2.2534,-3.9200
2.2534,-3.9200,2.0809,-4.3120
2.0809,-4.3120,1.8928,-4.7040
1.8928,-4.7040,1.6889,-5.0960
1.6889,-5.0960,1.4694,-5.4880
1.4694,-5.4880,1.2342,-5.8800
1.2342,-5.8800,0.9833,-6.2720
0.9833,-6.2720,0.7168,-6.6640
0.7168,-6.6640,0.5000,4.2336
0.5000,4.2336,0.6537,3.8416
0.6537,3.8416,0.7916,3.4496
0.7916,3.4496,0.9140,3.0576
0.9140,3.0576,1.0206,2.6656
1.0206,2.6656,1.1115,2.2736
1.1115,2.2736,1.1868,1.8816
1.1868,1.8816,1.2464,1.4896
1.2464,1.4896,1.2903,1.0976
1.2903,1.0976,1.3185,0.7056
1.3185,0.7056,1.3310,0.3136
1.3310,0.3136,1.3279,-0.0784
1.3279,-0.0784,1.3091,-0.4704
1.3091,-0.4704,1.2746,-0.8624
1.2746,-0.8624,1.2244,-1.2544
1.2244,-1.2544,1.1586,-1.6464
1.1586,-1.6464,1.0770,-2.0384
1.0770,-2.0384,0.9798,-2.4304
0.9798,-2.4304,0.8669,-2.8224
0.8669,-2.8224,0.7383,-3.2144
0.7383,-3.2144,0.5941,-3.6064
0.5941,-3.6064,0.5000,2.3990
0.5000,2.3990,0.5803,2.0070
0.5803,2.0070,0.6449,1.6150
0.6449,1.6150,0.6938,1.2230
0.6938,1.2230,0.7270,0.8310
0.7270,0.8310,0.7446,0.4390
0.7446,0.4390,0.7465,0.0470
0.7465,0.0470,0.7327,-0.3450
0.7327,-0.3450,0.7032,-0.7370
0.7032,-0.7370,0.6581,-1.1290
0.6581,-1.1290,0.5972,-1.5210
0.5972,-1.5210,0.5207,-1.9130
0.5207,-1.9130,0.5000,1.3830
0.5000,1.3830,0.5396,0.9910
0.5396,0.9910,0.5636,0.5990
0.5636,0.5990,0.5719,0.2070
0.5719,0.2070,0.5645,-0.1850
0.5645,-0.1850,0.5414,-0.5770
0.5414,-0.5770,0.5026,-0.9690
0.5026,-0.9690,0.5000,0.8166
0.5000,0.8166,0.5170,0.4246
0.5170,0.4246,0.5183,0.0326
0.5183,0.0326,0.5039,-0.3594
0.5039,-0.3594,0.5000,0.4508
0.5000,0.4508,0.5024,0.0588
0.5024,0.0588,0.5000,0.0000
0.5000,0.0000,0.5000,0.0000
0.5000,0.0000,0.5000,0.0000
0.5000,0.0000,0.5000,0.0000
0.5000,0.0000,0.5000,0.0000
0.5000,0.0000,0.5000,0.0000
0.5000,0.0000,0.5000,0.0000
0.5000,0.0000,0.5000,0.0000
0.5000,0.0000,0.5000,0.0000
0.5000,0.0000,0.5000,0.0000
0.5000,0.0000,0.5000,0.0000
0.5000,0.0000,0.5000,0.0000
0.5000,0.0000,0.5000,0.0000
0.5000,0.0000,0.5000,0.0000
0.5000,0.0000,0.5000,0.0000
0.5000,0.0000,0.5000,0.0000
0.5000,0.0000,0.5000,0.0000
0.5000,0.0000,0.5000,0.0000
0.5000,0.0000,0.5000,0.0000
0.5000,0.0000,0.5000,0.0000
0.5000,0.0000,0.5000,0.0000
0.5000,0.0000,0.5000,0.0000
0.5000,0.0000,0.5000,0.0000
0.5000,0.0000,0.5000,0.0000
0.5000,0.0000,0.5000,0.0000
0.5000,0.0000,0.5000,0.0000
0.5000,0.0000,0.5000,0.0000
0.5000,0.0000,0.5000,0.0000
0.5000,0.0000,0.5000,0.0000
0.5000,0.0000,0.5000,0.0000
0.5000,0.0000,0.5000,0.0000
0.5000,0.0000,0.5000,0.0000
0.5000,0.0000,0.5000,0.0000
0.5000,0.0000,0.5000,0.0000
0.5000,0.0000,0.5000,0.0000
0.5000,0.0000,0.5000,0.0000
0.5000,0.0000,0.5000,0.0000
0.5000,0.0000,0.5000,0.0000
0.5000,0.0000,0.5000,0.0000
0.5000,0.0000,0.5000,0.0000
0.5000,0.0000,0.5000,0.0000
0.5000,0.0000,0.5000,0.0000
0.5000,0.0000,0.5000,0.0000
0.5000,0.0000,0.5000,0.0000
0.5000,0.0000,0.5000,0.0000
0.5000,0.0000,0.5000,0.0000
0.5000,0.0000,0.5000,0.0000
0.5000,0.0000,0.5000,0.0000
0.5000,0.0000,0.5000,0.0000
0.5000,0.0000,0.5000,0.0000
0.5000,0.0000,0.5000,0.0000
0.5000,0.0000,0.5000,0.0000
0.5000,0.0000,0.5000,0.0000
0.5000,0.0000,0.5000,0.0000
0.5000,0.0000,0.5000,0.0000
0.5000,0.0000,0.5000,0.0000
0.5000,0.0000,0.5000,0.0000
0.5000,0.0000,0.5000,0.0000
0.5000,0.0000,0.5000,0.0000
0.5000,0.0000,0.5000,0.0000
0.5000,0.0000,0.5000,0.0000
0.5000,0.0000,0.5000,0.0000
0.5000,0.0000,0.5000,0.0000
0.5000,0.0000,0.5000,0.0000
0.5000,0.0000,0.5000,0.0000
0.5000,0.0000,0.5000,0.0000
0.5000,0.0000,0.5000,0.0000
0.5000,0.0000,0.5000,0.0000
0.5000,0.0000,0.5000,0.0000
0.5000,0.0000,0.5000,0.0000
0.5000,0.0000,0.5000,0.0000
0.5000,0.0000,0.5000,0.0000
0.5000,0.0000,0.5000,0.0000
0.5000,0.0000,0.5000,0.0000
0.5000,0.0000,0.5000,0.0000
0.5000,0.0000,0.5000,0.0000
0.5000,0.0000,0.5000,0.0000
0.5000,0.0000,0.5000,0.0000
0.5000,0.0000,0.5000,0.0000
0.5000,0.0000,0.5000,0.0000
0.5000,0.0000,0.5000,0.0000
0.5000,0.0000,0.5000,0.0000
0.5000,0.0000,0.5000,0.0000
0.5000,0.0000,0.5000,0.0000
0.5000,0.0000,0.5000,0.0000
0.5000,0.0000,0.5000,0.0000
0.5000,0.0000,0.5000,0.0000
0.5000,0.0000,0.5000,0.0000
0.5000,0.0000,0.5000,0.0000
0.5000,0.0000,0.5000,0.0000
0.5000,0.0000,0.5000,0.0000
0.5000,0.0000,0.5000,0.0000
0.5000,0.0000,0.5000,0.0000
0.5000,0.0000,0.5000,0.0000
0.5000,0.0000,0.5000,0.0000
0.5000,0.0000,0.5000,0.0000
0.5000,0.0000,0.5000,0.0000
0.5000,0.0000,0.5000,0.0000
0.5000,0.0000,0.5000,0.0000
0.5000,0.0000,0.5000,0.0000
0.5000,0.0000,0.5000,0.0000
0.5000,0.0000,0.5000,0.0000
0.5000,0.0000,0.5000,0.0000
0.5000,0.0000,0.5000,0.0000
0.5000,0.0000,0.5000,0.0000
0.5000,0.0000,0.5000,0.0000
0.5000,0.0000,0.5000,0.0000
0.5000,0.0000,0.5000,0.0000
0.5000,0.0000,0.5000,0.0000
0.5000,0.0000,0.5000,0.0000
0.5000,0.0000,0.5000,0.0000
0.5000,0.0000,0.5000,0.0000
0.5000,0.0000,0.5000,0.0000
0.5000,0.0000,0.5000,0.0000
0.5000,0.0000,0.5000,0.0000
0.5000,0.0000,0.5000,0.0000
0.5000,0.0000,0.5000,0.0000
0.5000,0.0000,0.5000,0.0000
0.5000,0.0000,0.5000,0.0000
0.5000,0.0000,0.5000,0.0000
0.5000,0.0000,0.5000,0.0000
0.5000,0.0000,0.5000,0.0000
0.5000,0.0000,0.5000,0.0000
0.5000,0.0000,0.5000,0.0000
0.5000,0.0000,0.5000,0.0000
0.5000,0.0000,0.5000,0.0000
0.5000,0.0000,0.5000,0.0000
0.5000,0.0000,0.5000,0.0000
0.5000,0.0000,0.5000,0.0000
0.5000,0.0000,0.5000,0.0000
0.5000,0.0000,0.5000,0.0000
0.5000,0.0000,0.5000,0.0000
0.5000,0.0000,0.5000,0.0000
0.5000,0.0000,0.5000,0.0000
0.5000,0.0000,0.5000,0.0000
0.5000,0.0000,0.5000,0.0000
0.5000,0.0000,0.5000,0.0000
9.4282,0.0000,9.4125,-0.3920
9.4125,-0.3920,9.3811,-0.7840
9.3811,-0.7840,9.3341,-1.1760
9.3341,-1.1760,9.2714,-1.5680
9.2714,-1.5680,9.1930,-1.9600
9.1930,-1.9600,9.0989,-2.3520
9.0989,-2.3520,8.9891,-2.7440
8.9891,-2.7440,8.8637,-3.1360
8.8637,-3.1360,8.7226,-3.5280
8.7226,-3.5280,8.5658,-3.9200
8.5658,-3.9200,8.3933,-4.3120
8.3933,-4.3120,8.2051,-4.7040
8.2051,-4.7040,8.0013,-5.0960
8.0013,-5.0960,7.7818,-5.4880
7.7818,-5.4880,7.5466,-5.8800
7.5466,-5.8800,7.2957,-6.2720
7.2957,-6.2720,7.0291,-6.6640
7.0291,-6.6640,6.7469,-7.0560
6.7469,-7.0560,6.4490,-7.4480
6.4490,-7.4480,6.1354,-7.8400
6.1354,-7.8400,5.8061,-8.2320
5.8061,-8.2320,5.4611,-8.6240
5.4611,-8.6240,5.1005,-9.0160
5.1005,-9.0160,4.7242,-9.4080
4.7242,-9.4080,4.3322,-9.8000
4.3322,-9.8000,3.9245,-10.1920
3.9245,-10.1920,3.5011,-10.5840
3.5011,-10.5840,3.0621,-10.9760
3.0621,-10.9760,2.6074,-11.3680
2.6074,-11.3680,2.1370,-11.7600
2.1370,-11.7600,1.6509,-12.1520
1.6509,-12.1520,1.1491,-12.5440
1.1491,-12.5440,0.6317,-12.9360
0.6317,-12.9360,0.5000,7.9968
0.5000,7.9968,0.8042,7.6048
0.8042,7.6048,1.0927,7.2128
1.0927,7.2128,1.3655,6.8208
1.3655,6.8208,1.6227,6.4288
1.6227,6.4288,1.8642,6.0368
1.8642,6.0368,2.0900,5.6448
2.0900,5.6448,2.3001,5.2528
2.3001,5.2528,2.4945,4.8608
2.4945,4.8608,2.6732,4.4688
2.6732,4.4688,2.8363,4.0768
2.8363,4.0768,2.9837,3.6848
2.9837,3.6848,3.1154,3.2928
3.1154,3.2928,3.2315,2.9008
3.2315,2.9008,3.3318,2.5088
3.3318,2.5088,3.4165,2.1168
3.4165,2.1168,3.4855,1.7248
3.4855,1.7248,3.5388,1.3328
3.5388,1.3328,3.5764,0.9408
3.5764,0.9408,3.5984,0.5488
3.5984,0.5488,3.6046,0.1568
3.6046,0.1568,3.5952,-0.2352
3.5952,-0.2352,3.5701,-0.6272
3.5701,-0.6272,3.5294,-1.0192
3.5294,-1.0192,3.4729,-1.4112
3.4729,-1.4112,3.4008,-1.8032
3.4008,-1.8032,3.3130,-2.1952
3.3130,-2.1952,3.2095,-2.5872
3.2095,-2.5872,3.0903,-2.9792
3.0903,-2.9792,2.9555,-3.3712
2.9555,-3.3712,2.8050,-3.7632
2.8050,-3.7632,2.6388,-4.1552
2.6388,-4.1552,2.4569,-4.5472
2.4569,-4.5472,2.2593,-4.9392
2.2593,-4.9392,2.0460,-5.3312
2.0460,-5.3312,1.8171,-5.7232
1.8171,-5.7232,1.5725,-6.1152
1.5725,-6.1152,1.3122,-6.5072
1.3122,-6.5072,1.0363,-6.8992
1.0363,-6.8992,0.7446,-7.2912
0.7446,-7.2912,0.5000,4.6099
0.5000,4.6099,0.6687,4.2179
0.6687,4.2179,0.8218,3.8259
0.8218,3.8259,0.9591,3.4339
0.9591,3.4339,1.0808,3.0419
1.0808,3.0419,1.1868,2.6499
1.1868,2.6499,1.2771,2.2579
1.2771,2.2579,1.3517,1.8659
1.3517,1.8659,1.4107,1.4739
1.4107,1.4739,1.4540,1.0819
1.4540,1.0819,1.4816,0.6899
1.4816,0.6899,1.4935,0.2979
1.4935,0.2979,1.4897,-0.0941
1.4897,-0.0941,1.4703,-0.4861
1.4703,-0.4861,1.4352,-0.8781
1.4352,-0.8781,1.3844,-1.2701
1.3844,-1.2701,1.3179,-1.6621
1.3179,-1.6621,1.2357,-2.0541
1.2357,-2.0541,1.1379,-2.4461
1.1379,-2.4461,1.0243,-2.8381
1.0243,-2.8381,0.8951,-3.2301
0.8951,-3.2301,0.7503,-3.6221
0.7503,-3.6221,0.5897,-4.0141
0.5897,-4.0141,0.5000,2.6436
0.5000,2.6436,0.5901,2.2516
0.5901,2.2516,0.6645,1.8596
0.6645,1.8596,0.7232,1.4676
0.7232,1.4676,0.7662,1.0756
0.7662,1.0756,0.7935,0.6836
0.7935,0.6836,0.8052,0.2916
0.8052,0.2916,0.8012,-0.1004
0.8012,-0.1004,0.7815,-0.4924
0.7815,-0.4924,0.7461,-0.8844
0.7461,-0.8844,0.6951,-1.2764
0.6951,-1.2764,0.6283,-1.6684
0.6283,-1.6684,0.5459,-2.0604
0.5459,-2.0604,0.5000,1.4714
0.5000,1.4714,0.5432,1.0794
0.5432,1.0794,0.5707,0.6874
0.5707,0.6874,0.5825,0.2954
0.5825,0.2954,0.5786,-0.0966
0.5786,-0.0966,0.5591,-0.4886
0.5591,-0.4886,0.5239,-0.8806
0.5239,-0.8806,0.5000,0.7636
0.5000,0.7636,0.5149,0.3716
0.5149,0.3716,0.5140,-0.0204
0.5140,-0.0204,0.5000,0.0000
0.5000,0.0000,0.5000,0.0000
0.5000,0.0000,0.5000,0.0000
0.5000,0.0000,0.5000,0.0000
0.5000,0.0000,0.5000,0.0000
0.5000,0.0000,0.5000,0.0000
0.5000,0.0000,0.5000,0.0000
0.5000,0.0000,0.5000,0.0000
0.5000,0.0000,0.5000,0.0000
0.5000,0.0000,0.5000,0.0000
0.5000,0.0000,0.5000,0.0000
0.5000,0.0000,0.5000,0.0000
0.5000,0.0000,0.5000,0.0000
0.5000,0.0000,0.5000,0.0000
0.5000,0.0000,0.5000,0.0000
0.5000,0.0000,0.5000,0.0000
0.5000,0.0000,0.5000,0.0000
0.5000,0.0000,0.5000,0.0000
0.5000,0.0000,0.5000,0.0000
0.5000,0.0000,0.5000,0.0000
0.5000,0.0000,0.5000,0.0000
0.5000,0.0000,0.5000,0.0000
0.5000,0.0000,0.5000,0.0000
0.5000,0.0000,0.5000,0.0000
0.5000,0.0000,0.5000,0.0000
0.5000,0.0000,0.5000,0.0000
0.5000,0.0000,0.5000,0.0000
0.5000,0.0000,0.5000,0.0000
0.5000,0.0000,0.5000,0.0000
0.5000,0.0000,0.5000,0.0000
0.5000,0.0000,0.5000,0.0000
0.5000,0.0000,0.5000,0.0000
0.5000,0.0000,0.5000,0.0000
0.5000,0.0000,0.5000,0.0000
0.5000,0.0000,0.5000,0.0000
0.5000,0.0000,0.5000,0.0000
0.5000,0.0000,0.5000,0.0000
0.5000,0.0000,0.5000,0.0000
0.5000,0.0000,0.5000,0.0000
0.5000,0.0000,0.5000,0.0000
0.5000,0.0000,0.5000,0.0000
0.5000,0.0000,0.5000,0.0000
0.5000,0.0000,0.5000,0.0000
0.5000,0.0000,0.5000,0.0000
0.5000,0.0000,0.5000,0.0000
0.5000,0.0000,0.5000,0.0000
0.5000,0.0000,0.5000,0.0000
0.5000,0.0000,0.5000,0.0000
0.5000,0.0000,0.5000,0.0000
0.5000,0.0000,0.5000,0.0000
0.5000,0.0000,0.5000,0.0000
0.5000,0.0000,0.5000,0.0000
0.5000,0.0000,0.5000,0.0000
0.5000,0.0000,0.5000,0.0000
0.5000,0.0000,0.5000,0.0000
0.5000,0.0000,0.5000,0.0000
0.5000,0.0000,0.5000,0.0000
0.5000,0.0000,0.5000,0.0000
0.5000,0.0000,0.5000,0.0000
0.5000,0.0000,0.5000,0.0000
0.5000,0.0000,0.5000,0.0000
0.5000,0.0000,0.5000,0.0000
0.5000,0.0000,0.5000,0.0000
0.5000,0.0000,0.5000,0.0000
0.5000,0.0000,0.5000,0.0000
0.5000,0.0000,0.5000,0.0000
0.5000,0.0000,0.5000,0.0000
0.5000,0.0000,0.5000,0.0000
0.5000,0.0000,0.5000,0.0000
0.5000,0.0000,0.5000,0.0000
0.5000,0.0000,0.5000,0.0000
0.5000,0.0000,0.5000,0.0000
0.5000,0.0000,0.5000,0.0000
0.5000,0.0000,0.5000,0.0000
0.5000,0.0000,0.5000,0.0000
0.5000,0.0000,0.5000,0.0000
0.5000,0.0000,0.5000,0.0000
0.5000,0.0000,0.5000,0.0000
0.5000,0.0000,0.5000,0.0000
0.5000,0.0000,0.5000,0.0000
0.5000,0.0000,0.5000,0.0000
8.9866,0.0000,8.9709,-0.3920
8.9709,-0.3920,8.9396,-0.7840
8.9396,-0.7840,8.8925,-1.1760
8.8925,-1.1760,8.8298,-1.5680
8.8298,-1.5680,8.7514,-1.9600
8.7514,-1.9600,8.6573,-2.3520
8.6573,-2.3520,8.5476,-2.7440
8.5476,-2.7440,8.4221,-3.1360
8.4221,-3.1360,8.2810,-3.5280
8.2810,-3.5280,8.1242,-3.9200
8.1242,-3.9200,7.9517,-4.3120
7.9517,-4.3120,7.7636,-4.7040
7.7636,-4.7040,7.5597,-5.0960
7.5597,-5.0960,7.3402,-5.4880
7.3402,-5.4880,7.1050,-5.8800
7.1050,-5.8800,6.8541,-6.2720
6.8541,-6.2720,6.5876,-6.6640
6.5876,-6.6640,6.3053,-7.0560
6.3053,-7.0560,6.0074,-7.4480
6.0074,-7.4480,5.6938,-7.8400
5.6938,-7.8400,5.3645,-8.2320
5.3645,-8.2320,5.0196,-8.6240
5.0196,-8.6240,4.6589,-9.0160
4.6589,-9.0160,4.2826,-9.4080
4.2826,-9.4080,3.8906,-9.8000
3.8906,-9.8000,3.4829,-10.1920
3.4829,-10.1920,3.0596,-10.5840
3.0596,-10.5840,2.6205,-10.9760
2.6205,-10.9760,2.1658,-11.3680
2.1658,-11.3680,1.6954,-11.7600
1.6954,-11.7600,1.2093,-12.1520
1.2093,-12.1520,0.7076,-12.5440
0.7076,-12.5440,0.5000,7.7616
0.5000,7.7616,0.7948,7.3696
0.7948,7.3696,1.0739,6.9776
1.0739,6.9776,1.3373,6.5856
1.3373,6.5856,1.5851,6.1936
1.5851,6.1936,1.8171,5.8016
1.8171,5.8016,2.0335,5.4096
2.0335,5.4096,2.2342,5.0176
2.2342,5.0176,2.4192,4.6256
2.4192,4.6256,2.5886,4.2336
2.5886,4.2336,2.7422,3.8416
2.7422,3.8416,2.8802,3.4496
2.8802,3.4496,3.0025,3.0576
3.0025,3.0576,3.1092,2.6656
3.1092,2.6656,3.2001,2.2736
3.2001,2.2736,3.2754,1.8816
3.2754,1.8816,3.3349,1.4896
3.3349,1.4896,3.3788,1.0976
3.3788,1.0976,3.4071,0.7056
3.4071,0.7056,3.4196,0.3136
3.4196,0.3136,3.4165,-0.0784
3.4165,-0.0784,3.3977,-0.4704
3.3977,-0.4704,3.3632,-0.8624
3.3632,-0.8624,3.3130,-1.2544
3.3130,-1.2544,3.2471,-1.6464
3.2471,-1.6464,3.1656,-2.0384
3.1656,-2.0384,3.0684,-2.4304
3.0684,-2.4304,2.9555,-2.8224
2.9555,-2.8224,2.8269,-3.2144
2.8269,-3.2144,2.6827,-3.6064
2.6827,-3.6064,2.5227,-3.9984
2.5227,-3.9984,2.3471,-4.3904
2.3471,-4.3904,2.1558,-4.7824
2.1558,-4.7824,1.9488,-5.1744
1.9488,-5.1744,1.7262,-5.5664
1.7262,-5.5664,1.4878,-5.9584
1.4878,-5.9584,1.2338,-6.3504
1.2338,-6.3504,0.9641,-6.7424
0.9641,-6.7424,0.6788,-7.1344
0.6788,-7.1344,0.5000,4.5158
0.5000,4.5158,0.6650,4.1238
0.6650,4.1238,0.8142,3.7318
0.8142,3.7318,0.9478,3.3398
0.9478,3.3398,1.0657,2.9478
1.0657,2.9478,1.1680,2.5558
1.1680,2.5558,1.2545,2.1638
1.2545,2.1638,1.3254,1.7718
1.3254,1.7718,1.3806,1.3798
1.3806,1.3798,1.4201,0.9878
1.4201,0.9878,1.4439,0.5958
1.4439,0.5958,1.4521,0.2038
1.4521,0.2038,1.4446,-0.1882
1.4446,-0.1882,1.4214,-0.5802
1.4214,-0.5802,1.3825,-0.9722
1.3825,-0.9722,1.3279,-1.3642
1.3279,-1.3642,1.2577,-1.7562
1.2577,-1.7562,1.1717,-2.1482
1.1717,-2.1482,1.0701,-2.5402
1.0701,-2.5402,0.9528,-2.9322
0.9528,-2.9322,0.8199,-3.3242
0.8199,-3.3242,0.6712,-3.7162
0.6712,-3.7162,0.5069,-4.1082
0.5069,-4.1082,0.5000,2.7001
0.5000,2.7001,0.5923,2.3081
0.5923,2.3081,0.6690,1.9161
0.6690,1.9161,0.7299,1.5241
0.7299,1.5241,0.7752,1.1321
0.7752,1.1321,0.8048,0.7401
0.8048,0.7401,0.8187,0.3481
0.8187,0.3481,0.8170,-0.0439
0.8170,-0.0439,0.7996,-0.4359
0.7996,-0.4359,0.7664,-0.8279
0.7664,-0.8279,0.7176,-1.2199
0.7176,-1.2199,0.6532,-1.6119
0.6532,-1.6119,0.5730,-2.0039
0.5730,-2.0039,0.5000,1.4375
0.5000,1.4375,0.5418,1.0455
0.5418,1.0455,0.5680,0.6535
0.5680,0.6535,0.5784,0.2615
0.5784,0.2615,0.5732,-0.1305
0.5732,-0.1305,0.5523,-0.5225
0.5523,-0.5225,0.5157,-0.9145
0.5157,-0.9145,0.5000,0.7839
0.5000,0.7839,0.5157,0.3919
0.5157,0.3919,0.5157,-0.0001
0.5157,-0.0001,0.5000,0.0000
0.5000,0.0000,0.5000,0.0000
0.5000,0.0000,0.5000,0.0000
0.5000,0.0000,0.5000,0.0000
0.5000,0.0000,0.5000,0.0000
0.5000,0.0000,0.5000,0.0000
0.5000,0.0000,0.5000,0.0000
0.5000,0.0000,0.5000,0.0000
0.5000,0.0000,0.5000,0.0000
0.5000,0.0000,0.5000,0.0000
0.5000,0.0000,0.5000,0.0000
0.5000,0.0000,0.5000,0.0000
0.5000,0.0000,0.5000,0.0000
0.5000,0.0000,0.5000,0.0000
0.5000,0.0000,0.5000,0.0000
0.5000,0.0000,0.5000,0.0000
0.5000,0.0000,0.5000,0.0000
0.5000,0.0000,0.5000,0.0000
0.5000,0.0000,0.5000,0.0000
0.5000,0.0000,0.5000,0.0000
0.5000,0.0000,0.5000,0.0000
0.5000,0.0000,0.5000,0.0000
0.5000,0.0000,0.5000,0.0000
0.5000,0.0000,0.5000,0.0000
0.5000,0.0000,0.5000,0.0000
0.5000,0.0000,0.5000,0.0000
0.5000,0.0000,0.5000,0.0000
0.5000,0.0000,0.5000,0.0000
0.5000,0.0000,0.5000,0.0000
0.5000,0.0000,0.5000,0.0000
0.5000,0.0000,0.5000,0.0000
0.5000,0.0000,0.5000,0.0000
0.5000,0.0000,0.5000,0.0000
0.5000,0.0000,0.5000,0.0000
0.5000,0.0000,0.5000,0.0000
0.5000,0.0000,0.5000,0.0000
0.5000,0.0000,0.5000,0.0000
0.5000,0.0000,0.5000,0.0000
0.5000,0.0000,0.5000,0.0000
0.5000,0.0000,0.5000,0.0000
0.5000,0.0000,0.5000,0.0000
0.5000,0.0000,0.5000,0.0000
0.5000,0.0000,0.5000,0.0000
0.5000,0.0000,0.5000,0.0000
0.5000,0.0000,0.5000,0.0000
0.5000,0.0000,0.5000,0.0000
0.5000,0.0000,0.5000,0.0000
0.5000,0.0000,0.5000,0.0000
0.5000,0.0000,0.5000,0.0000
0.5000,0.0000,0.5000,0.0000
0.5000,0.0000,0.5000,0.0000
0.5000,0.0000,0.5000,0.0000
0.5000,0.0000,0.5000,0.0000
0.5000,0.0000,0.5000,0.0000
0.5000,0.0000,0.5000,0.0000
0.5000,0.0000,0.5000,0.0000
0.5000,0.0000,0.5000,0.0000
0.5000,0.0000,0.5000,0.0000
0.5000,0.0000,0.5000,0.0000
0.5000,0.0000,0.5000,0.0000
0.5000,0.0000,0.5000,0.0000
0.5000,0.0000,0.5000,0.0000
0.5000,0.0000,0.5000,0.0000
0.5000,0.0000,0.5000,0.0000
0.5000,0.0000,0.5000,0.0000
0.5000,0.0000,0.5000,0.0000
0.5000,0.0000,0.5000,0.0000
0.5000,0.0000,0.5000,0.0000
0.5000,0.0000,0.5000,0.0000
0.5000,0.0000,0.5000,0.0000
0.5000,0.0000,0.5000,0.0000
0.5000,0.0000,0.5000,0.0000
0.5000,0.0000,0.5000,0.0000
0.5000,0.0000,0.5000,0.0000
0.5000,0.0000,0.5000,0.0000
0.5000,0.0000,0.5000,0.0000
0.5000,0.0000,0.5000,0.0000
0.5000,0.0000,0.5000,0.0000
0.5000,0.0000,0.5000,0.0000
0.5000,0.0000,0.5000,0.0000
0.5000,0.0000,0.5000,0.0000
0.5000,0.0000,0.5000,0.0000
0.5000,0.0000,0.5000,0.0000
9.1776,0.0000,9.1619,-0.3920
9.1619,-0.3920,9.1305,-0.7840
9.1305,-0.7840,9.0835,-1.1760
9.0835,-1.1760,9.0208,-1.5680
9.0208,-1.5680,8.9424,-1.9600
8.9424,-1.9600,8.8483,-2.3520
8.8483,-2.3520,8.7385,-2.7440
8.7385,-2.7440,8.6131,-3.1360
8.6131,-3.1360,8.4720,-3.5280
8.4720,-3.5280,8.3152,-3.9200
8.3152,-3.9200,8.1427,-4.3120
8.1427,-4.3120,7.9545,-4.7040
7.9545,-4.7040,7.7507,-5.0960
7.7507,-5.0960,7.5312,-5.4880
7.5312,-5.4880,7.2960,-5.8800
7.2960,-5.8800,7.0451,-6.2720
7.0451,-6.2720,6.7785,-6.6640
6.7785,-6.6640,6.4963,-7.0560
6.4963,-7.0560,6.1984,-7.4480
6.1984,-7.4480,5.8848,-7.8400
5.8848,-7.8400,5.5555,-8.2320
5.5555,-8.2320,5.2105,-8.6240
5.2105,-8.6240,4.8499,-9.0160
4.8499,-9.0160,4.4736,-9.4080
4.4736,-9.4080,4.0816,-9.8000
4.0816,-9.8000,3.6739,-10.1920
3.6739,-10.1920,3.2505,-10.5840
3.2505,-10.5840,2.8115,-10.9760
2.8115,-10.9760,2.3568,-11.3680
2.3568,-11.3680,1.8864,-11.7600
1.8864,-11.7600,1.4003,-12.1520
1.4003,-12.1520,0.8985,-12.5440
0.8985,-12.5440,0.5000,7.7616
0.5000,7.7616,0.7948,7.3696
0.7948,7.3696,1.0739,6.9776
1.0739,6.9776,1.3373,6.5856
1.3373,6.5856,1.5851,6.1936
1.5851,6.1936,1.8171,5.8016
1.8171,5.8016,2.0335,5.4096
2.0335,5.4096,2.2342,5.0176
2.2342,5.0176,2.4192,4.6256
2.4192,4.6256,2.5886,4.2336
2.5886,4.2336,2.7422,3.8416
2.7422,3.8416,2.8802,3.4496
2.8802,3.4496,3.0025,3.0576
3.0025,3.0576,3.1092,2.6656
3.1092,2.6656,3.2001,2.2736
3.2001,2.2736,3.2754,1.8816
3.2754,1.8816,3.3349,1.4896
3.3349,1.4896,3.3788,1.0976
3.3788,1.0976,3.4071,0.7056
3.4071,0.7056,3.4196,0.3136
3.4196,0.3136,3.4165,-0.0784
3.4165,-0.0784,3.3977,-0.4704
3.3977,-0.4704,3.3632,-0.8624
3.3632,-0.8624,3.3130,-1.2544
3.3130,-1.2544,3.2471,-1.6464
3.2471,-1.6464,3.1656,-2.0384
3.1656,-2.0384,3.0684,-2.4304
3.0684,-2.4304,2.9555,-2.8224
2.9555,-2.8224,2.8269,-3.2144
2.8269,-3.2144,2.6827,-3.6064
2.6827,-3.6064,2.5227,-3.9984
2.5227,-3.9984,2.3471,-4.3904
2.3471,-4.3904,2.1558,-4.7824
2.1558,-4.7824,1.9488,-5.1744
1.9488,-5.1744,1.7262,-5.5664
1.7262,-5.5664,1.4878,-5.9584
1.4878,-5.9584,1.2338,-6.3504
1.2338,-6.3504,0.9641,-6.7424
0.9641,-6.7424,0.6788,-7.1344
0.6788,-7.1344,0.5000,4.5158
0.5000,4.5158,0.6650,4.1238
0.6650,4.1238,0.8142,3.7318
0.8142,3.7318,0.9478,3.3398
0.9478,3.3398,1.0657,2.9478
1.0657,2.9478,1.1680,2.5558
1.1680,2.5558,1.2545,2.1638
1.2545,2.1638,1.3254,1.7718
1.3254,1.7718,1.3806,1.3798
1.3806,1.3798,1.4201,0.9878
1.4201,0.9878,1.4439,0.5958
1.4439,0.5958,1.4521,0.2038
1.4521,0.2038,1.4446,-0.1882
1.4446,-0.1882,1.4214,-0.5802
1.4214,-0.5802,1.3825,-0.9722
1.3825,-0.9722,1.3279,-1.3642
1.3279,-1.3642,1.2577,-1.7562
1.2577,-1.7562,1.1717,-2.1482
1.1717,-2.1482,1.0701,-2.5402
1.0701,-2.5402,0.9528,-2.9322
0.9528,-2.9322,0.8199,-3.3242
0.8199,-3.3242,0.6712,-3.7162
0.6712,-3.7162,0.5069,-4.1082
0.5069,-4.1082,0.5000,2.7001
0.5000,2.7001,0.5923,2.3081
0.5923,2.3081,0.6690,1.9161
0.6690,1.9161,0.7299,1.5241
0.7299,1.5241,0.7752,1.1321
0.7752,1.1321,0.8048,0.7401
0.8048,0.7401,0.8187,0.3481
0.8187,0.3481,0.8170,-0.0439
0.8170,-0.0439,0.7996,-0.4359
0.7996,-0.4359,0.7664,-0.8279
0.7664,-0.8279,0.7176,-1.2199
0.7176,-1.2199,0.6532,-1.6119
0.6532,-1.6119,0.5730,-2.0039
0.5730,-2.0039,0.5000,1.4375
0.5000,1.4375,0.5418,1.0455
0.5418,1.0455,0.5680,0.6535
0.5680,0.6535,0.5784,0.2615
0.5784,0.2615,0.5732,-0.1305
0.5732,-0.1305,0.5523,-0.5225
0.5523,-0.5225,0.5157,-0.9145
0.5157,-0.9145,0.5000,0.7839
0.5000,0.7839,0.5157,0.3919
0.5157,0.3919,0.5157,-0.0001
0.5157,-0.0001,0.5000,0.0000
0.5000,0.0000,0.5000,0.0000
0.5000,0.0000,0.5000,0.0000
0.5000,0.0000,0.5000,0.0000
0.5000,0.0000,0.5000,0.0000
0.5000,0.0000,0.5000,0.0000
0.5000,0.0000,0.5000,0.0000
0.5000,0.0000,0.5000,0.0000
0.5000,0.0000,0.5000,0.0000
0.5000,0.0000,0.5000,0.0000
0.5000,0.0000,0.5000,0.0000
0.5000,0.0000,0.5000,0.0000
0.5000,0.0000,0.5000,0.0000
0.5000,0.0000,0.5000,0.0000
0.5000,0.0000,0.5000,0.0000
0.5000,0.0000,0.5000,0.0000
0.5000,0.0000,0.5000,0.0000
0.5000,0.0000,0.5000,0.0000
0.5000,0.0000,0.5000,0.0000
0.5000,0.0000,0.5000,0.0000
0.5000,0.0000,0.5000,0.0000
0.5000,0.0000,0.5000,0.0000
0.5000,0.0000,0.5000,0.0000
0.5000,0.0000,0.5000,0.0000
0.5000,0.0000,0.5000,0.0000
0.5000,0.0000,0.5000,0.0000
0.5000,0.0000,0.5000,0.0000
0.5000,0.0000,0.5000,0.0000
0.5000,0.0000,0.5000,0.0000
0.5000,0.0000,0.5000,0.0000
0.5000,0.0000,0.5000,0.0000
0.5000,0.0000,0.5000,0.0000
0.5000,0.0000,0.5000,0.0000
0.5000,0.0000,0.5000,0.0000
0.5000,0.0000,0.5000,0.0000
0.5000,0.0000,0.5000,0.0000
0.5000,0.0000,0.5000,0.0000
0.5000,0.0000,0.5000,0.0000
0.5000,0.0000,0.5000,0.0000
0.5000,0.0000,0.5000,0.0000
0.5000,0.0000,0.5000,0.0000
0.5000,0.0000,0.5000,0.0000
0.5000,0.0000,0.5000,0.0000
0.5000,0.0000,0.5000,0.0000
0.5000,0.0000,0.5000,0.0000
0.5000,0.0000,0.5000,0.0000
0.5000,0.0000,0.5000,0.0000
0.5000,0.0000,0.5000,0.0000
0.5000,0.0000,0.5000,0.0000
0.5000,0.0000,0.5000,0.0000
0.5000,0.0000,0.5000,0.0000
0.5000,0.0000,0.5000,0.0000
0.5000,0.0000,0.5000,0.0000
0.5000,0.0000,0.5000,0.0000
0.5000,0.0000,0.5000,0.0000
0.5000,0.0000,0.5000,0.0000
0.5000,0.0000,0.5000,0.0000
0.5000,0.0000,0.5000,0.0000
0.5000,0.0000,0.5000,0.0000
0.5000,0.0000,0.5000,0.0000
0.5000,0.0000,0.5000,0.0000
0.5000,0.0000,0.5000,0.0000
0.5000,0.0000,0.5000,0.0000
0.5000,0.0000,0.5000,0.0000
0.5000,0.0000,0.5000,0.0000
0.5000,0.0000,0.5000,0.0000
0.5000,0.0000,0.5000,0.0000
0.5000,0.0000,0.5000,0.0000
0.5000,0.0000,0.5000,0.0000
0.5000,0.0000,0.5000,0.0000
0.5000,0.0000,0.5000,0.0000
0.5000,0.0000,0.5000,0.0000
0.5000,0.0000,0.5000,0.0000
0.5000,0.0000,0.5000,0.0000
0.5000,0.0000,0.5000,0.0000
0.5000,0.0000,0.5000,0.0000
0.5000,0.0000,0.5000,0.0000
0.5000,0.0000,0.5000,0.0000
0.5000,0.0000,0.5000,0.0000
0.5000,0.0000,0.5000,0.0000
0.5000,0.0000,0.5000,0.0000
0.5000,0.0000,0.5000,0.0000
0.5000,0.0000,0.5000,0.0000
4.9673,0.0000,4.9517,-0.3920
4.9517,-0.3920,4.9203,-0.7840
4.9203,-0.7840,4.8733,-1.1760
4.8733,-1.1760,4.8105,-1.5680
4.8105,-1.5680,4.7321,-1.9600
4.7321,-1.9600,4.6381,-2.3520
4.6381,-2.3520,4.5283,-2.7440
4.5283,-2.7440,4.4029,-3.1360
4.4029,-3.1360,4.2617,-3.5280
4.2617,-3.5280,4.1049,-3.9200
4.1049,-3.9200,3.9325,-4.3120
3.9325,-4.3120,3.7443,-4.7040
3.7443,-4.7040,3.5405,-5.0960
3.5405,-5.0960,3.3209,-5.4880
3.3209,-5.4880,3.0857,-5.8800
3.0857,-5.8800,2.8349,-6.2720
2.8349,-6.2720,2.5683,-6.6640
2.5683,-6.6640,2.2861,-7.0560
2.2861,-7.0560,1.9881,-7.4480
1.9881,-7.4480,1.6745,-7.8400
1.6745,-7.8400,1.3453,-8.2320
1.3453,-8.2320,1.0003,-8.6240
1.0003,-8.6240,0.6397,-9.0160
0.6397,-9.0160,0.5000,5.6448
0.5000,5.6448,0.7101,5.2528
0.7101,5.2528,0.9045,4.8608
0.9045,4.8608,1.0833,4.4688
1.0833,4.4688,1.2464,4.0768
1.2464,4.0768,1.3938,3.6848
1.3938,3.6848,1.5255,3.2928
1.5255,3.2928,1.6415,2.9008
1.6415,2.9008,1.7419,2.5088
1.7419,2.5088,1.8265,2.1168
1.8265,2.1168,1.8955,1.7248
1.8955,1.7248,1.9488,1.3328
1.9488,1.3328,1.9865,0.9408
1.9865,0.9408,2.0084,0.5488
2.0084,0.5488,2.0147,0.1568
2.0147,0.1568,2.0053,-0.2352
2.0053,-0.2352,1.9802,-0.6272
1.9802,-0.6272,1.9394,-1.0192
1.9394,-1.0192,1.8830,-1.4112
1.8830,-1.4112,1.8108,-1.8032
1.8108,-1.8032,1.7230,-2.1952
1.7230,-2.1952,1.6196,-2.5872
1.6196,-2.5872,1.5004,-2.9792
1.5004,-2.9792,1.3655,-3.3712
1.3655,-3.3712,1.2150,-3.7632
1.2150,-3.7632,1.0488,-4.1552
1.0488,-4.1552,0.8669,-4.5472
0.8669,-4.5472,0.6693,-4.9392
0.6693,-4.9392,0.5000,3.1987
0.5000,3.1987,0.6123,2.8067
0.6123,2.8067,0.7089,2.4147
0.7089,2.4147,0.7898,2.0227
0.7898,2.0227,0.8550,1.6307
0.8550,1.6307,0.9045,1.2387
0.9045,1.2387,0.9384,0.8467
0.9384,0.8467,0.9566,0.4547
0.9566,0.4547,0.9591,0.0627
0.9591,0.0627,0.9459,-0.3293
0.9459,-0.3293,0.9171,-0.7213
0.9171,-0.7213,0.8726,-1.1133
0.8726,-1.1133,0.8123,-1.5053
0.8123,-1.5053,0.7365,-1.8973
0.7365,-1.8973,0.6449,-2.2893
0.6449,-2.2893,0.5376,-2.6813
0.5376,-2.6813,0.5000,1.8440
0.5000,1.8440,0.5581,1.4520
0.5581,1.4520,0.6005,1.0600
0.6005,1.0600,0.6272,0.6680
0.6272,0.6680,0.6382,0.2760
0.6382,0.2760,0.6336,-0.1160
0.6336,-0.1160,0.6133,-0.5080
0.6133,-0.5080,0.5773,-0.9000
0.5773,-0.9000,0.5256,-1.2920
0.5256,-1.2920,0.5000,1.0104
0.5000,1.0104,0.5247,0.6184
0.5247,0.6184,0.5338,0.2264
0.5338,0.2264,0.5272,-0.1656
0.5272,-0.1656,0.5049,-0.5576
0.5049,-0.5576,0.5000,0.5697
0.5000,0.5697,0.5071,0.1777
0.5071,0.1777,0.5000,0.0000
0.5000,0.0000,0.5000,0.0000
0.5000,0.0000,0.5000,0.0000
0.5000,0.0000,0.5000,0.0000
0.5000,0.0000,0.5000,0.0000
0.5000,0.0000,0.5000,0.0000
0.5000,0.0000,0.5000,0.0000
0.5000,0.0000,0.5000,0.0000
0.5000,0.0000,0.5000,0.0000
0.5000,0.0000,0.5000,0.0000
0.5000,0.0000,0.5000,0.0000
0.5000,0.0000,0.5000,0.0000
0.5000,0.0000,0.5000,0.0000
0.5000,0.0000,0.5000,0.0000
0.5000,0.0000,0.5000,0.0000
0.5000,0.0000,0.5000,0.0000
0.5000,0.0000,0.5000,0.0000
0.5000,0.0000,0.5000,0.0000
0.5000,0.0000,0.5000,0.0000
0.5000,0.0000,0.5000,0.0000
0.5000,0.0000,0.5000,0.0000
0.5000,0.0000,0.5000,0.0000
0.5000,0.0000,0.5000,0.0000
0.5000,0.0000,0.5000,0.0000
0.5000,0.0000,0.5000,0.0000
0.5000,0.0000,0.5000,0.0000
0.5000,0.0000,0.5000,0.0000
0.5000,0.0000,0.5000,0.0000
0.5000,0.0000,0.5000,0.0000
0.5000,0.0000,0.5000,0.0000
0.5000,0.0000,0.5000,0.0000
0.5000,0.0000,0.5000,0.0000
0.5000,0.0000,0.5000,0.0000
0.5000,0.0000,0.5000,0.0000
0.5000,0.0000,0.5000,0.0000
0.5000,0.0000,0.5000,0.0000
0.5000,0.0000,0.5000,0.0000
0.5000,0.0000,0.5000,0.0000
0.5000,0.0000,0.5000,0.0000
0.5000,0.0000,0.5000,0.0000
0.5000,0.0000,0.5000,0.0000
0.5000,0.0000,0.5000,0.0000
0.5000,0.0000,0.5000,0.0000
0.5000,0.0000,0.5000,0.0000
0.5000,0.0000,0.5000,0.0000
0.5000,0.0000,0.5000,0.0000
0.5000,0.0000,0.5000,0.0000
0.5000,0.0000,0.5000,0.0000
0.5000,0.0000,0.5000,0.0000
0.5000,0.0000,0.5000,0.0000
0.5000,0.0000,0.5000,0.0000
0.5000,0.0000,0.5000,0.0000
0.5000,0.0000,0.5000,0.0000
0.5000,0.0000,0.5000,0.0000
0.5000,0.0000,0.5000,0.0000
0.5000,0.0000,0.5000,0.0000
0.5000,0.0000,0.5000,0.0000
0.5000,0.0000,0.5000,0.0000
0.5000,0.0000,0.5000,0.0000
0.5000,0.0000,0.5000,0.0000
0.5000,0.0000,0.5000,0.0000
0.5000,0.0000,0.5000,0.0000
0.5000,0.0000,0.5000,0.0000
0.5000,0.0000,0.5000,0.0000
0.5000,0.0000,0.5000,0.0000
0.5000,0.0000,0.5000,0.0000
0.5000,0.0000,0.5000,0.0000
0.5000,0.0000,0.5000,0.0000
0.5000,0.0000,0.5000,0.0000
0.5000,0.0000,0.5000,0.0000
0.5000,0.0000,0.5000,0.0000
0.5000,0.0000,0.5000,0.0000
0.5000,0.0000,0.5000,0.0000
0.5000,0.0000,0.5000,0.0000
0.5000,0.0000,0.5000,0.0000
0.5000,0.0000,0.5000,0.0000
0.5000,0.0000,0.5000,0.0000
0.5000,0.0000,0.5000,0.0000
0.5000,0.0000,0.5000,0.0000
0.5000,0.0000,0.5000,0.0000
0.5000,0.0000,0.5000,0.0000
0.5000,0.0000,0.5000,0.0000
0.5000,0.0000,0.5000,0.0000
0.5000,0.0000,0.5000,0.0000
0.5000,0.0000,0.5000,0.0000
0.5000,0.0000,0.5000,0.0000
0.5000,0.0000,0.5000,0.0000
0.5000,0.0000,0.5000,0.0000
0.5000,0.0000,0.5000,0.0000
0.5000,0.0000,0.5000,0.0000
0.5000,0.0000,0.5000,0.0000
0.5000,0.0000,0.5000,0.0000
0.5000,0.0000,0.5000,0.0000
0.5000,0.0000,0.5000,0.0000
0.5000,0.0000,0.5000,0.0000
0.5000,0.0000,0.5000,0.0000
0.5000,0.0000,0.5000,0.0000
0.5000,0.0000,0.5000,0.0000
0.5000,0.0000,0.5000,0.0000
0.5000,0.0000,0.5000,0.0000
0.5000,0.0000,0.5000,0.0000
0.5000,0.0000,0.5000,0.0000
0.5000,0.0000,0.5000,0.0000
0.5000,0.0000,0.5000,0.0000
0.5000,0.0000,0.5000,0.0000
0.5000,0.0000,0.5000,0.0000
0.5000,0.0000,0.5000,0.0000
0.5000,0.0000,0.5000,0.0000
0.5000,0.0000,0.5000,0.0000
0.5000,0.0000,0.5000,0.0000
0.5000,0.0000,0.5000,0.0000
0.5000,0.0000,0.5000,0.0000
0.5000,0.0000,0.5000,0.0000
0.5000,0.0000,0.5000,0.0000
0.5000,0.0000,0.5000,0.0000
0.5000,0.0000,0.5000,0.0000
0.5000,0.0000,0.5000,0.0000
2.2352,0.0000,2.2195,-0.3920
2.2195,-0.3920,2.1882,-0.7840
2.1882,-0.7840,2.1411,-1.1760
2.1411,-1.1760,2.0784,-1.5680
2.0784,-1.5680,2.0000,-1.9600
2.0000,-1.9600,1.9059,-2.3520
1.9059,-2.3520,1.7962,-2.7440
1.7962,-2.7440,1.6707,-3.1360
1.6707,-3.1360,1.5296,-3.5280
1.5296,-3.5280,1.3728,-3.9200
1.3728,-3.9200,1.2003,-4.3120
1.2003,-4.3120,1.0122,-4.7040
1.0122,-4.7040,0.8083,-5.0960
0.8083,-5.0960,0.5888,-5.4880
0.5888,-5.4880,0.5000,3.5280
0.5000,3.5280,0.6254,3.1360
0.6254,3.1360,0.7352,2.7440
0.7352,2.7440,0.8293,2.3520
0.8293,2.3520,0.9077,1.9600
0.9077,1.9600,0.9704,1.5680
0.9704,1.5680,1.0174,1.1760
1.0174,1.1760,1.0488,0.7840
1.0488,0.7840,1.0645,0.3920
1.0645,0.3920,1.0645,0.0000
1.0645,0.0000,1.0488,-0.3920
1.0488,-0.3920,1.0174,-0.7840
1.0174,-0.7840,0.9704,-1.1760
0.9704,-1.1760,0.9077,-1.5680
0.9077,-1.5680,0.8293,-1.9600
0.8293,-1.9600,0.7352,-2.3520
0.7352,-2.3520,0.6254,-2.7440
0.6254,-2.7440,0.5000,-3.1360
0.5000,-3.1360,0.5000,2.1168
0.5000,2.1168,0.5690,1.7248
0.5690,1.7248,0.6223,1.3328
0.6223,1.3328,0.6599,0.9408
0.6599,0.9408,0.6819,0.5488
0.6819,0.5488,0.6882,0.1568
0.6882,0.1568,0.6788,-0.2352
0.6788,-0.2352,0.6537,-0.6272
0.6537,-0.6272,0.6129,-1.0192
0.6129,-1.0192,0.5564,-1.4112
0.5564,-1.4112,0.5000,1.0819
0.5000,1.0819,0.5276,0.6899
0.5276,0.6899,0.5395,0.2979
0.5395,0.2979,0.5358,-0.0941
0.5358,-0.0941,0.5163,-0.4861
0.5163,-0.4861,0.5000,0.5268
0.5000,0.5268,0.5054,0.1348
0.5054,0.1348,0.5000,0.0000
0.5000,0.0000,0.5000,0.0000
0.5000,0.0000,0.5000,0.0000
0.5000,0.0000,0.5000,0.0000
0.5000,0.0000,0.5000,0.0000
0.5000,0.0000,0.5000,0.0000
0.5000,0.0000,0.5000,0.0000
0.5000,0.0000,0.5000,0.0000
0.5000,0.0000,0.5000,0.0000
0.5000,0.0000,0.5000,0.0000
0.5000,0.0000,0.5000,0.0000
0.5000,0.0000,0.5000,0.0000
0.5000,0.0000,0.5000,0.0000
0.5000,0.0000,0.5000,0.0000
0.5000,0.0000,0.5000,0.0000
0.5000,0.0000,0.5000,0.0000
0.5000,0.0000,0.5000,0.0000
0.5000,0.0000,0.5000,0.0000
0.5000,0.0000,0.5000,0.0000
0.5000,0.0000,0.5000,0.0000
0.5000,0.0000,0.5000,0.0000
0.5000,0.0000,0.5000,0.0000
0.5000,0.0000,0.5000,0.0000
0.5000,0.0000,0.5000,0.0000
0.5000,0.0000,0.5000,0.0000
0.5000,0.0000,0.5000,0.0000
0.5000,0.0000,0.5000,0.0000
0.5000,0.0000,0.5000,0.0000
0.5000,0.0000,0.5000,0.0000
0.5000,0.0000,0.5000,0.0000
0.5000,0.0000,0.5000,0.0000
0.5000,0.0000,0.5000,0.0000
0.5000,0.0000,0.5000,0.0000
0.5000,0.0000,0.5000,0.0000
0.5000,0.0000,0.5000,0.0000
0.5000,0.0000,0.5000,0.0000
0.5000,0.0000,0.5000,0.0000
0.5000,0.0000,0.5000,0.0000
0.5000,0.0000,0.5000,0.0000
0.5000,0.0000,0.5000,0.0000
0.5000,0.0000,0.5000,0.0000
0.5000,0.0000,0.5000,0.0000
0.5000,0.0000,0.5000,0.0000
0.5000,0.0000,0.5000,0.0000
0.5000,0.0000,0.5000,0.0000
0.5000,0.0000,0.5000,0.0000
0.5000,0.0000,0.5000,0.0000
0.5000,0.0000,0.5000,0.0000
0.5000,0.0000,0.5000,0.0000
0.5000,0.0000,0.5000,0.0000
0.5000,0.0000,0.5000,0.0000
0.5000,0.0000,0.5000,0.0000
0.5000,0.0000,0.5000,0.0000
0.5000,0.0000,0.5000,0.0000
0.5000,0.0000,0.5000,0.0000
0.5000,0.0000,0.5000,0.0000
0.5000,0.0000,0.5000,0.0000
0.5000,0.0000,0.5000,0.0000
0.5000,0.0000,0.5000,0.0000
0.5000,0.0000,0.5000,0.0000
0.5000,0.0000,0.5000,0.0000
0.5000,0.0000,0.5000,0.0000
0.5000,0.0000,0.5000,0.0000
0.5000,0.0000,0.5000,0.0000
0.5000,0.0000,0.5000,0.0000
0.5000,0.0000,0.5000,0.0000
0.5000,0.0000,0.5000,0.0000
0.5000,0.0000,0.5000,0.0000
0.5000,0.0000,0.5000,0.0000
0.5000,0.0000,0.5000,0.0000
0.5000,0.0000,0.5000,0.0000
0.5000,0.0000,0.5000,0.0000
0.5000,0.0000,0.5000,0.0000
0.5000,0.0000,0.5000,0.0000
0.5000,0.0000,0.5000,0.0000
0.5000,0.0000,0.5000,0.0000
0.5000,0.0000,0.5000,0.0000
0.5000,0.0000,0.5000,0.0000
0.5000,0.0000,0.5000,0.0000
0.5000,0.0000,0.5000,0.0000
0.5000,0.0000,0.5000,0.0000
0.5000,0.0000,0.5000,0.0000
0.5000,0.0000,0.5000,0.0000
0.5000,0.0000,0.5000,0.0000
0.5000,0.0000,0.5000,0.0000
0.5000,0.0000,0.5000,0.0000
0.5000,0.0000,0.5000,0.0000
0.5000,0.0000,0.5000,0.0000
0.5000,0.0000,0.5000,0.0000
0.5000,0.0000,0.5000,0.0000
0.5000,0.0000,0.5000,0.0000
0.5000,0.0000,0.5000,0.0000
0.5000,0.0000,0.5000,0.0000
0.5000,0.0000,0.5000,0.0000
0.5000,0.0000,0.5000,0.0000
0.5000,0.0000,0.5000,0.0000
0.5000,0.0000,0.5000,0.0000
0.5000,0.0000,0.5000,0.0000
0.5000,0.0000,0.5000,0.0000
0.5000,0.0000,0.5000,0.0000
0.5000,0.0000,0.5000,0.0000
0.5000,0.0000,0.5000,0.0000
0.5000,0.0000,0.5000,0.0000
0.5000,0.0000,0.5000,0.0000
0.5000,0.0000,0.5000,0.0000
0.5000,0.0000,0.5000,0.0000
0.5000,0.0000,0.5000,0.0000
0.5000,0.0000,0.5000,0.0000
0.5000,0.0000,0.5000,0.0000
0.5000,0.0000,0.5000,0.0000
0.5000,0.0000,0.5000,0.0000
0.5000,0.0000,0.5000,0.0000
0.5000,0.0000,0.5000,0.0000
0.5000,0.0000,0.5000,0.0000
0.5000,0.0000,0.5000,0.0000
0.5000,0.0000,0.5000,0.0000
0.5000,0.0000,0.5000,0.0000
0.5000,0.0000,0.5000,0.0000
0.5000,0.0000,0.5000,0.0000
0.5000,0.0000,0.5000,0.0000
0.5000,0.0000,0.5000,0.0000
0.5000,0.0000,0.5000,0.0000
0.5000,0.0000,0.5000,0.0000
0.5000,0.0000,0.5000,0.0000
0.5000,0.0000,0.5000,0.0000
0.5000,0.0000,0.5000,0.0000
0.5000,0.0000,0.5000,0.0000
0.5000,0.0000,0.5000,0.0000
0.5000,0.0000,0.5000,0.0000
0.5000,0.0000,0.5000,0.0000
0.5000,0.0000,0.5000,0.0000
0.5000,0.0000,0.5000,0.0000
0.5000,0.0000,0.5000,0.0000
0.5000,0.0000,0.5000,0.0000
0.5000,0.0000,0.5000,0.0000
0.5000,0.0000,0.5000,0.0000
0.5000,0.0000,0.5000,0.0000
0.5000,0.0000,0.5000,0.0000
0.5000,0.0000,0.5000,0.0000
0.5000,0.0000,0.5000,0.0000
0.5000,0.0000,0.5000,0.0000
0.5000,0.0000,0.5000,0.0000
0.5000,0.0000,0.5000,0.0000
0.5000,0.0000,0.5000,0.0000
0.5000,0.0000,0.5000,0.0000
0.5000,0.0000,0.5000,0.0000
0.5000,0.0000,0.5000,0.0000
0.5000,0.0000,0.5000,0.0000
0.5000,0.0000,0.5000,0.0000
0.5000,0.0000,0.5000,0.0000
0.5000,0.0000,0.5000,0.0000
4.4089,0.0000,4.3932,-0.3920
4.3932,-0.3920,4.3619,-0.7840
4.3619,-0.7840,4.3148,-1.1760
4.3148,-1.1760,4.2521,-1.5680
4.2521,-1.5680,4.1737,-1.9600
4.1737,-1.9600,4.0796,-2.3520
4.0796,-2.3520,3.9699,-2.7440
3.9699,-2.7440,3.8444,-3.1360
3.8444,-3.1360,3.7033,-3.5280
3.7033,-3.5280,3.5465,-3.9200
3.5465,-3.9200,3.3740,-4.3120
3.3740,-4.3120,3.1859,-4.7040
3.1859,-4.7040,2.9820,-5.0960
2.9820,-5.0960,2.7625,-5.4880
2.7625,-5.4880,2.5273,-5.8800
2.5273,-5.8800,2.2764,-6.2720
2.2764,-6.2720,2.0099,-6.6640
2.0099,-6.6640,1.7276,-7.0560
1.7276,-7.0560,1.4297,-7.4480
1.4297,-7.4480,1.1161,-7.8400
1.1161,-7.8400,0.7868,-8.2320
0.7868,-8.2320,0.5000,5.1744
0.5000,5.1744,0.6913,4.7824
0.6913,4.7824,0.8669,4.3904
0.8669,4.3904,1.0268,3.9984
1.0268,3.9984,1.1711,3.6064
1.1711,3.6064,1.2997,3.2144
1.2997,3.2144,1.4126,2.8224
1.4126,2.8224,1.5098,2.4304
1.5098,2.4304,1.5913,2.0384
1.5913,2.0384,1.6572,1.6464
1.6572,1.6464,1.7074,1.2544
1.7074,1.2544,1.7419,0.8624
1.7419,0.8624,1.7607,0.4704
1.7607,0.4704,1.7638,0.0784
1.7638,0.0784,1.7513,-0.3136
1.7513,-0.3136,1.7230,-0.7056
1.7230,-0.7056,1.6791,-1.0976
1.6791,-1.0976,1.6196,-1.4896
1.6196,-1.4896,1.5443,-1.8816
1.5443,-1.8816,1.4533,-2.2736
1.4533,-2.2736,1.3467,-2.6656
1.3467,-2.6656,1.2244,-3.0576
1.2244,-3.0576,1.0864,-3.4496
1.0864,-3.4496,0.9328,-3.8416
0.9328,-3.8416,0.7634,-4.2336
0.7634,-4.2336,0.5784,-4.6256
0.5784,-4.6256,0.5000,3.0106
0.5000,3.0106,0.6047,2.6186
0.6047,2.6186,0.6938,2.2266
0.6938,2.2266,0.7672,1.8346
0.7672,1.8346,0.8249,1.4426
0.8249,1.4426,0.8669,1.0506
0.8669,1.0506,0.8933,0.6586
0.8933,0.6586,0.9039,0.2666
0.9039,0.2666,0.8989,-0.1254
0.8989,-0.1254,0.8782,-0.5174
0.8782,-0.5174,0.8418,-0.9094
0.8418,-0.9094,0.7898,-1.3014
0.7898,-1.3014,0.7220,-1.6934
0.7220,-1.6934,0.6386,-2.0854
0.6386,-2.0854,0.5395,-2.4774
0.5395,-2.4774,0.5000,1.7217
0.5000,1.7217,0.5532,1.3297
0.5532,1.3297,0.5907,0.9377
0.5907,0.9377,0.6125,0.5457
0.6125,0.5457,0.6187,0.1537
0.6187,0.1537,0.6091,-0.2383
0.6091,-0.2383,0.5839,-0.6303
0.5839,-0.6303,0.5430,-1.0223
0.5430,-1.0223,0.5000,0.8486
0.5000,0.8486,0.5183,0.4566
0.5183,0.4566,0.5208,0.0646
0.5208,0.0646,0.5078,-0.3274
0.5078,-0.3274,0.5000,0.4316
0.5000,0.4316,0.5016,0.0396
0.5016,0.0396,0.5000,0.0000
0.5000,0.0000,0.5000,0.0000
0.5000,0.0000,0.5000,0.0000
0.5000,0.0000,0.5000,0.0000
0.5000,0.0000,0.5000,0.0000
0.5000,0.0000,0.5000,0.0000
0.5000,0.0000,0.5000,0.0000
0.5000,0.0000,0.5000,0.0000
0.5000,0.0000,0.5000,0.0000
0.5000,0.0000,0.5000,0.0000
0.5000,0.0000,0.5000,0.0000
0.5000,0.0000,0.5000,0.0000
0.5000,0.0000,0.5000,0.0000
0.5000,0.0000,0.5000,0.0000
0.5000,0.0000,0.5000,0.0000
0.5000,0.0000,0.5000,0.0000
0.5000,0.0000,0.5000,0.0000
0.5000,0.0000,0.5000,0.0000
0.5000,0.0000,0.5000,0.0000
0.5000,0.0000,0.5000,0.0000
0.5000,0.0000,0.5000,0.0000
0.5000,0.0000,0.5000,0.0000
0.5000,0.0000,0.5000,0.0000
0.5000,0.0000,0.5000,0.0000
0.5000,0.0000,0.5000,0.0000
0.5000,0.0000,0.5000,0.0000
0.5000,0.0000,0.5000,0.0000
0.5000,0.0000,0.5000,0.0000
0.5000,0.0000,0.5000,0.0000
0.5000,0.0000,0.5000,0.0000
0.5000,0.0000,0.5000,0.0000
0.5000,0.0000,0.5000,0.0000
0.5000,0.0000,0.5000,0.0000
0.5000,0.0000,0.5000,0.0000
0.5000,0.0000,0.5000,0.0000
0.5000,0.0000,0.5000,0.0000
0.5000,0.0000,0.5000,0.0000
0.5000,0.0000,0.5000,0.0000
0.5000,0.0000,0.5000,0.0000
0.5000,0.0000,0.5000,0.0000
0.5000,0.0000,0.5000,0.0000
0.5000,0.0000,0.5000,0.0000
0.5000,0.0000,0.5000,0.0000
0.5000,0.0000,0.5000,0.0000
0.5000,0.0000,0.5000,0.0000
0.5000,0.0000,0.5000,0.0000
0.5000,0.0000,0.5000,0.0000
0.5000,0.0000,0.5000,0.0000
0.5000,0.0000,0.5000,0.0000
0.5000,0.0000,0.5000,0.0000
0.5000,0.0000,0.5000,0.0000
0.5000,0.0000,0.5000,0.0000
0.5000,0.0000,0.5000,0.0000
0.5000,0.0000,0.5000,0.0000
0.5000,0.0000,0.5000,0.0000
0.5000,0.0000,0.5000,0.0000
0.5000,0.0000,0.5000,0.0000
0.5000,0.0000,0.5000,0.0000
0.5000,0.0000,0.5000,0.0000
0.5000,0.0000,0.5000,0.0000
0.5000,0.0000,0.5000,0.0000
0.5000,0.0000,0.5000,0.0000
0.5000,0.0000,0.5000,0.0000
0.5000,0.0000,0.5000,0.0000
0.5000,0.0000,0.5000,0.0000
0.5000,0.0000,0.5000,0.0000
0.5000,0.0000,0.5000,0.0000
0.5000,0.0000,0.5000,0.0000
0.5000,0.0000,0.5000,0.0000
0.5000,0.0000,0.5000,0.0000
0.5000,0.0000,0.5000,0.0000
0.5000,0.0000,0.5000,0.0000
0.5000,0.0000,0.5000,0.0000
0.5000,0.0000,0.5000,0.0000
0.5000,0.0000,0.5000,0.0000
0.5000,0.0000,0.5000,0.0000
0.5000,0.0000,0.5000,0.0000
0.5000,0.0000,0.5000,0.0000
0.5000,0.0000,0.5000,0.0000
0.5000,0.0000,0.5000,0.0000
0.5000,0.0000,0.5000,0.0000
0.5000,0.0000,0.5000,0.0000
0.5000,0.0000,0.5000,0.0000
0.5000,0.0000,0.5000,0.0000
0.5000,0.0000,0.5000,0.0000
0.5000,0.0000,0.5000,0.0000
0.5000,0.0000,0.5000,0.0000
0.5000,0.0000,0.5000,0.0000
0.5000,0.0000,0.5000,0.0000
0.5000,0.0000,0.5000,0.0000
0.5000,0.0000,0.5000,0.0000
0.5000,0.0000,0.5000,0.0000
0.5000,0.0000,0.5000,0.0000
0.5000,0.0000,0.5000,0.0000
0.5000,0.0000,0.5000,0.0000
0.5000,0.0000,0.5000,0.0000
0.5000,0.0000,0.5000,0.0000
0.5000,0.0000,0.5000,0.0000
0.5000,0.0000,0.5000,0.0000
0.5000,0.0000,0.5000,0.0000
0.5000,0.0000,0.5000,0.0000
0.5000,0.0000,0.5000,0.0000
0.5000,0.0000,0.5000,0.0000
0.5000,0.0000,0.5000,0.0000
0.5000,0.0000,0.5000,0.0000
0.5000,0.0000,0.5000,0.0000
0.5000,0.0000,0.5000,0.0000
0.5000,0.0000,0.5000,0.0000
0.5000,0.0000,0.5000,0.0000
0.5000,0.0000,0.5000,0.0000
0.5000,0.0000,0.5000,0.0000
0.5000,0.0000,0.5000,0.0000
0.5000,0.0000,0.5000,0.0000
0.5000,0.0000,0.5000,0.0000
0.5000,0.0000,0.5000,0.0000
0.5000,0.0000,0.5000,0.0000
0.5000,0.0000,0.5000,0.0000
0.5000,0.0000,0.5000,0.0000
0.5000,0.0000,0.5000,0.0000
0.5000,0.0000,0.5000,0.0000
0.5000,0.0000,0.5000,0.0000
0.5000,0.0000,0.5000,0.0000
0.5000,0.0000,0.5000,0.0000
0.5000,0.0000,0.5000,0.0000
6.4963,0.0000,6.4806,-0.3920
6.4806,-0.3920,6.4493,-0.7840
6.4493,-0.7840,6.4022,-1.1760
6.4022,-1.1760,6.3395,-1.5680
6.3395,-1.5680,6.2611,-1.9600
6.2611,-1.9600,6.1670,-2.3520
6.1670,-2.3520,6.0573,-2.7440
6.0573,-2.7440,5.9318,-3.1360
5.9318,-3.1360,5.7907,-3.5280
5.7907,-3.5280,5.6339,-3.9200
5.6339,-3.9200,5.4614,-4.3120
5.4614,-4.3120,5.2733,-4.7040
5.2733,-4.7040,5.0694,-5.0960
5.0694,-5.0960,4.8499,-5.4880
4.8499,-5.4880,4.6147,-5.8800
4.6147,-5.8800,4.3638,-6.2720
4.3638,-6.2720,4.0973,-6.6640
4.0973,-6.6640,3.8150,-7.0560
3.8150,-7.0560,3.5171,-7.4480
3.5171,-7.4480,3.2035,-7.8400
3.2035,-7.8400,2.8742,-8.2320
2.8742,-8.2320,2.5293,-8.6240
2.5293,-8.6240,2.1686,-9.0160
2.1686,-9.0160,1.7923,-9.4080
1.7923,-9.4080,1.4003,-9.8000
1.4003,-9.8000,0.9926,-10.1920
0.9926,-10.1920,0.5693,-10.5840
0.5693,-10.5840,0.5000,6.5856
0.5000,6.5856,0.7477,6.1936
0.7477,6.1936,0.9798,5.8016
0.9798,5.8016,1.1962,5.4096
1.1962,5.4096,1.3969,5.0176
1.3969,5.0176,1.5819,4.6256
1.5819,4.6256,1.7513,4.2336
1.7513,4.2336,1.9049,3.8416
1.9049,3.8416,2.0429,3.4496
2.0429,3.4496,2.1652,3.0576
2.1652,3.0576,2.2718,2.6656
2.2718,2.6656,2.3628,2.2736
2.3628,2.2736,2.4380,1.8816
2.4380,1.8816,2.4976,1.4896
2.4976,1.4896,2.5415,1.0976
2.5415,1.0976,2.5698,0.7056
2.5698,0.7056,2.5823,0.3136
2.5823,0.3136,2.5792,-0.0784
2.5792,-0.0784,2.5604,-0.4704
2.5604,-0.4704,2.5259,-0.8624
2.5259,-0.8624,2.4757,-1.2544
2.4757,-1.2544,2.4098,-1.6464
2.4098,-1.6464,2.3283,-2.0384
2.3283,-2.0384,2.2311,-2.4304
2.2311,-2.4304,2.1182,-2.8224
2.1182,-2.8224,1.9896,-3.2144
1.9896,-3.2144,1.8453,-3.6064
1.8453,-3.6064,1.6854,-3.9984
1.6854,-3.9984,1.5098,-4.3904
1.5098,-4.3904,1.3185,-4.7824
1.3185,-4.7824,1.1115,-5.1744
1.1115,-5.1744,0.8889,-5.5664
0.8889,-5.5664,0.6505,-5.9584
0.6505,-5.9584,0.5000,3.8102
0.5000,3.8102,0.6367,3.4182
0.6367,3.4182,0.7578,3.0262
0.7578,3.0262,0.8631,2.6342
0.8631,2.6342,0.9528,2.2422
0.9528,2.2422,1.0268,1.8502
1.0268,1.8502,1.0852,1.4582
1.0852,1.4582,1.1278,1.0662
1.1278,1.0662,1.1548,0.6742
1.1548,0.6742,1.1661,0.2822
1.1661,0.2822,1.1617,-0.1098
1.1617,-0.1098,1.1416,-0.5018
1.1416,-0.5018,1.1059,-0.8938
1.1059,-0.8938,1.0544,-1.2858
1.0544,-1.2858,0.9873,-1.6778
0.9873,-1.6778,0.9045,-2.0698
0.9045,-2.0698,0.8061,-2.4618
0.8061,-2.4618,0.6919,-2.8538
0.6919,-2.8538,0.5621,-3.2458
0.5621,-3.2458,0.5000,2.1827
0.5000,2.1827,0.5716,1.7907
0.5716,1.7907,0.6276,1.3987
0.6276,1.3987,0.6678,1.0067
0.6678,1.0067,0.6924,0.6147
0.6924,0.6147,0.7013,0.2227
0.7013,0.2227,0.6946,-0.1693
0.6946,-0.1693,0.6721,-0.5613
0.6721,-0.5613,0.6340,-0.9533
0.6340,-0.9533,0.5802,-1.3453
0.5802,-1.3453,0.5107,-1.7373
0.5107,-1.7373,0.5000,1.2776
0.5000,1.2776,0.5354,0.8856
0.5354,0.8856,0.5552,0.4936
0.5552,0.4936,0.5592,0.1016
0.5592,0.1016,0.5476,-0.2904
0.5476,-0.2904,0.5203,-0.6824
0.5203,-0.6824,0.5000,0.6446
0.5000,0.6446,0.5101,0.2526
0.5101,0.2526,0.5045,-0.1394
0.5045,-0.1394,0.5000,0.0000
0.5000,0.0000,0.5000,0.0000
0.5000,0.0000,0.5000,0.0000
0.5000,0.0000,0.5000,0.0000
0.5000,0.0000,0.5000,0.0000
0.5000,0.0000,0.5000,0.0000
0.5000,0.0000,0.5000,0.0000
0.5000,0.0000,0.5000,0.0000
0.5000,0.0000,0.5000,0.0000
0.5000,0.0000,0.5000,0.0000
0.5000,0.0000,0.5000,0.0000
0.5000,0.0000,0.5000,0.0000
0.5000,0.0000,0.5000,0.0000
0.5000,0.0000,0.5000,0.0000
0.5000,0.0000,0.5000,0.0000
0.5000,0.0000,0.5000,0.0000
0.5000,0.0000,0.5000,0.0000
0.5000,0.0000,0.5000,0.0000
0.5000,0.0000,0.5000,0.0000
0.5000,0.0000,0.5000,0.0000
0.5000,0.0000,0.5000,0.0000
0.5000,0.0000,0.5000,0.0000
0.5000,0.0000,0.5000,0.0000
0.5000,0.0000,0.5000,0.0000
0.5000,0.0000,0.5000,0.0000
0.5000,0.0000,0.5000,0.0000
0.5000,0.0000,0.5000,0.0000
0.5000,0.0000,0.5000,0.0000
0.5000,0.0000,0.5000,0.0000
0.5000,0.0000,0.5000,0.0000
0.5000,0.0000,0.5000,0.0000
0.5000,0.0000,0.5000,0.0000
0.5000,0.0000,0.5000,0.0000
0.5000,0.0000,0.5000,0.0000
0.5000,0.0000,0.5000,0.0000
0.5000,0.0000,0.5000,0.0000
0.5000,0.0000,0.5000,0.0000
0.5000,0.0000,0.5000,0.0000
0.5000,0.0000,0.5000,0.0000
0.5000,0.0000,0.5000,0.0000
0.5000,0.0000,0.5000,0.0000
0.5000,0.0000,0.5000,0.0000
0.5000,0.0000,0.5000,0.0000
0.5000,0.0000,0.5000,0.0000
0.5000,0.0000,0.5000,0.0000
0.5000,0.0000,0.5000,0.0000
0.5000,0.0000,0.5000,0.0000
0.5000,0.0000,0.5000,0.0000
0.5000,0.0000,0.5000,0.0000
0.5000,0.0000,0.5000,0.0000
0.5000,0.0000,0.5000,0.0000
0.5000,0.0000,0.5000,0.0000
0.5000,0.0000,0.5000,0.0000
0.5000,0.0000,0.5000,0.0000
0.5000,0.0000,0.5000,0.0000
0.5000,0.0000,0.5000,0.0000
0.5000,0.0000,0.5000,0.0000
0.5000,0.0000,0.5000,0.0000
0.5000,0.0000,0.5000,0.0000
0.5000,0.0000,0.5000,0.0000
0.5000,0.0000,0.5000,0.0000
0.5000,0.0000,0.5000,0.0000
0.5000,0.0000,0.5000,0.0000
0.5000,0.0000,0.5000,0.0000
0.5000,0.0000,0.5000,0.0000
0.5000,0.0000,0.5000,0.0000
0.5000,0.0000,0.5000,0.0000
0.5000,0.0000,0.5000,0.0000
0.5000,0.0000,0.5000,0.0000
0.5000,0.0000,0.5000,0.0000
0.5000,0.0000,0.5000,0.0000
0.5000,0.0000,0.5000,0.0000
0.5000,0.0000,0.5000,0.0000
0.5000,0.0000,0.5000,0.0000
0.5000,0.0000,0.5000,0.0000
0.5000,0.0000,0.5000,0.0000
0.5000,0.0000,0.5000,0.0000
0.5000,0.0000,0.5000,0.0000
0.5000,0.0000,0.5000,0.0000
0.5000,0.0000,0.5000,0.0000
0.5000,0.0000,0.5000,0.0000
0.5000,0.0000,0.5000,0.0000
0.5000,0.0000,0.5000,0.0000
0.5000,0.0000,0.5000,0.0000
0.5000,0.0000,0.5000,0.0000
0.5000,0.0000,0.5000,0.0000
0.5000,0.0000,0.5000,0.0000
0.5000,0.0000,0.5000,0.0000
0.5000,0.0000,0.5000,0.0000
0.5000,0.0000,0.5000,0.0000
0.5000,0.0000,0.5000,0.0000
0.5000,0.0000,0.5000,0.0000
0.5000,0.0000,0.5000,0.0000
0.5000,0.0000,0.5000,0.0000
0.5000,0.0000,0.5000,0.0000
0.5000,0.0000,0.5000,0.0000
0.5000,0.0000,0.5000,0.0000
0.5000,0.0000,0.5000,0.0000
0.5000,0.0000,0.5000,0.0000
0.5000,0.0000,0.5000,0.0000
0.5000,0.0000,0.5000,0.0000
6.3455,0.0000,6.3298,-0.3920
6.3298,-0.3920,6.2985,-0.7840
6.2985,-0.7840,6.2514,-1.1760
6.2514,-1.1760,6.1887,-1.5680
6.1887,-1.5680,6.1103,-1.9600
6.1103,-1.9600,6.0162,-2.3520
6.0162,-2.3520,5.9065,-2.7440
5.9065,-2.7440,5.7810,-3.1360
5.7810,-3.1360,5.6399,-3.5280
5.6399,-3.5280,5.4831,-3.9200
5.4831,-3.9200,5.3106,-4.3120
5.3106,-4.3120,5.1225,-4.7040
5.1225,-4.7040,4.9186,-5.0960
4.9186,-5.0960,4.6991,-5.4880
4.6991,-5.4880,4.4639,-5.8800
4.4639,-5.8800,4.2130,-6.2720
4.2130,-6.2720,3.9465,-6.6640
3.9465,-6.6640,3.6642,-7.0560
3.6642,-7.0560,3.3663,-7.4480
3.3663,-7.4480,3.0527,-7.8400
3.0527,-7.8400,2.7234,-8.2320
2.7234,-8.2320,2.3785,-8.6240
2.3785,-8.6240,2.0178,-9.0160
2.0178,-9.0160,1.6415,-9.4080
1.6415,-9.4080,1.2495,-9.8000
1.2495,-9.8000,0.8418,-10.1920
0.8418,-10.1920,0.5000,6.3504
0.5000,6.3504,0.7383,5.9584
0.7383,5.9584,0.9610,5.5664
0.9610,5.5664,1.1680,5.1744
1.1680,5.1744,1.3593,4.7824
1.3593,4.7824,1.5349,4.3904
1.5349,4.3904,1.6948,3.9984
1.6948,3.9984,1.8391,3.6064
1.8391,3.6064,1.9676,3.2144
1.9676,3.2144,2.0805,2.8224
2.0805,2.8224,2.1778,2.4304
2.1778,2.4304,2.2593,2.0384
2.2593,2.0384,2.3252,1.6464
2.3252,1.6464,2.3753,1.2544
2.3753,1.2544,2.4098,0.8624
2.4098,0.8624,2.4286,0.4704
2.4286,0.4704,2.4318,0.0784
2.4318,0.0784,2.4192,-0.3136
2.4192,-0.3136,2.3910,-0.7056
2.3910,-0.7056,2.3471,-1.0976
2.3471,-1.0976,2.2875,-1.4896
2.2875,-1.4896,2.2123,-1.8816
2.2123,-1.8816,2.1213,-2.2736
2.1213,-2.2736,2.0147,-2.6656
2.0147,-2.6656,1.8924,-3.0576
1.8924,-3.0576,1.7544,-3.4496
1.7544,-3.4496,1.6007,-3.8416
1.6007,-3.8416,1.4314,-4.2336
1.4314,-4.2336,1.2464,-4.6256
1.2464,-4.6256,1.0457,-5.0176
1.0457,-5.0176,0.8293,-5.4096
0.8293,-5.4096,0.5972,-5.8016
0.5972,-5.8016,0.5000,3.7162
0.5000,3.7162,0.6330,3.3242
0.6330,3.3242,0.7503,2.9322
0.7503,2.9322,0.8519,2.5402
0.8519,2.5402,0.9378,2.1482
0.9378,2.1482,1.0080,1.7562
1.0080,1.7562,1.0626,1.3642
1.0626,1.3642,1.1015,0.9722
1.1015,0.9722,1.1247,0.5802
1.1247,0.5802,1.1322,0.1882
1.1322,0.1882,1.1241,-0.2038
1.1241,-0.2038,1.1002,-0.5958
1.1002,-0.5958,1.0607,-0.9878
1.0607,-0.9878,1.0055,-1.3798
1.0055,-1.3798,0.9346,-1.7718
0.9346,-1.7718,0.8481,-2.1638
0.8481,-2.1638,0.7459,-2.5558
0.7459,-2.5558,0.6279,-2.9478
0.6279,-2.9478,0.5000,2.0039
0.5000,2.0039,0.5645,1.6119
0.5645,1.6119,0.6133,1.2199
0.6133,1.2199,0.6464,0.8279
0.6464,0.8279,0.6638,0.4359
0.6638,0.4359,0.6656,0.0439
0.6656,0.0439,0.6517,-0.3481
0.6517,-0.3481,0.6221,-0.7401
0.6221,-0.7401,0.5768,-1.1321
0.5768,-1.1321,0.5158,-1.5241
0.5158,-1.5241,0.5000,1.1497
0.5000,1.1497,0.5303,0.7577
0.5303,0.7577,0.5449,0.3657
0.5449,0.3657,0.5439,-0.0263
0.5439,-0.0263,0.5271,-0.4183
0.5271,-0.4183,0.5000,0.4862
0.5000,0.4862,0.5038,0.0942
0.5038,0.0942,0.5000,0.0000
0.5000,0.0000,0.5000,0.0000
0.5000,0.0000,0.5000,0.0000
0.5000,0.0000,0.5000,0.0000
0.5000,0.0000,0.5000,0.0000
0.5000,0.0000,0.5000,0.0000
0.5000,0.0000,0.5000,0.0000
0.5000,0.0000,0.5000,0.0000
0.5000,0.0000,0.5000,0.0000
0.5000,0.0000,0.5000,0.0000
0.5000,0.0000,0.5000,0.0000
0.5000,0.0000,0.5000,0.0000
0.5000,0.0000,0.5000,0.0000
0.5000,0.0000,0.5000,0.0000
0.5000,0.0000,0.5000,0.0000
0.5000,0.0000,0.5000,0.0000
0.5000,0.0000,0.5000,0.0000
0.5000,0.0000,0.5000,0.0000
0.5000,0.0000,0.5000,0.0000
0.5000,0.0000,0.5000,0.0000
0.5000,0.0000,0.5000,0.0000
0.5000,0.0000,0.5000,0.0000
0.5000,0.0000,0.5000,0.0000
0.5000,0.0000,0.5000,0.0000
0.5000,0.0000,0.5000,0.0000
0.5000,0.0000,0.5000,0.0000
0.5000,0.0000,0.5000,0.0000
0.5000,0.0000,0.5000,0.0000
0.5000,0.0000,0.5000,0.0000
0.5000,0.0000,0.5000,0.0000
0.5000,0.0000,0.5000,0.0000
0.5000,0.0000,0.5000,0.0000
0.5000,0.0000,0.5000,0.0000
0.5000,0.0000,0.5000,0.0000
0.5000,0.0000,0.5000,0.0000
0.5000,0.0000,0.5000,0.0000
0.5000,0.0000,0.5000,0.0000
0.5000,0.0000,0.5000,0.0000
0.5000,0.0000,0.5000,0.0000
0.5000,0.0000,0.5000,0.0000
0.5000,0.0000,0.5000,0.0000
0.5000,0.0000,0.5000,0.0000
0.5000,0.0000,0.5000,0.0000
0.5000,0.0000,0.5000,0.0000
0.5000,0.0000,0.5000,0.0000
0.5000,0.0000,0.5000,0.0000
0.5000,0.0000,0.5000,0.0000
0.5000,0.0000,0.5000,0.0000
0.5000,0.0000,0.5000,0.0000
0.5000,0.0000,0.5000,0.0000
0.5000,0.0000,0.5000,0.0000
0.5000,0.0000,0.5000,0.0000
0.5000,0.0000,0.5000,0.0000
0.5000,0.0000,0.5000,0.0000
0.5000,0.0000,0.5000,0.0000
0.5000,0.0000,0.5000,0.0000
0.5000,0.0000,0.5000,0.0000
0.5000,0.0000,0.5000,0.0000
0.5000,0.0000,0.5000,0.0000
0.5000,0.0000,0.5000,0.0000
0.5000,0.0000,0.5000,0.0000
0.5000,0.0000,0.5000,0.0000
0.5000,0.0000,0.5000,0.0000
0.5000,0.0000,0.5000,0.0000
0.5000,0.0000,0.5000,0.0000
0.5000,0.0000,0.5000,0.0000
0.5000,0.0000,0.5000,0.0000
0.5000,0.0000,0.5000,0.0000
0.5000,0.0000,0.5000,0.0000
0.5000,0.0000,0.5000,0.0000
0.5000,0.0000,0.5000,0.0000
0.5000,0.0000,0.5000,0.0000
0.5000,0.0000,0.5000,0.0000
0.5000,0.0000,0.5000,0.0000
0.5000,0.0000,0.5000,0.0000
0.5000,0.0000,0.5000,0.0000
0.5000,0.0000,0.5000,0.0000
0.5000,0.0000,0.5000,0.0000
0.5000,0.0000,0.5000,0.0000
0.5000,0.0000,0.5000,0.0000
0.5000,0.0000,0.5000,0.0000
0.5000,0.0000,0.5000,0.0000
0.5000,0.0000,0.5000,0.0000
0.5000,0.0000,0.5000,0.0000
0.5000,0.0000,0.5000,0.0000
0.5000,0.0000,0.5000,0.0000
0.5000,0.0000,0.5000,0.0000
0.5000,0.0000,0.5000,0.0000
0.5000,0.0000,0.5000,0.0000
0.5000,0.0000,0.5000,0.0000
0.5000,0.0000,0.5000,0.0000
0.5000,0.0000,0.5000,0.0000
0.5000,0.0000,0.5000,0.0000
0.5000,0.0000,0.5000,0.0000
0.5000,0.0000,0.5000,0.0000
0.5000,0.0000,0.5000,0.0000
0.5000,0.0000,0.5000,0.0000
0.5000,0.0000,0.5000,0.0000
0.5000,0.0000,0.5000,0.0000
0.5000,0.0000,0.5000,0.0000
0.5000,0.0000,0.5000,0.0000
0.5000,0.0000,0.5000,0.0000
0.5000,0.0000,0.5000,0.0000
0.5000,0.0000,0.5000,0.0000
0.5000,0.0000,0.5000,0.0000
0.5000,0.0000,0.5000,0.0000
0.5000,0.0000,0.5000,0.0000
3.5759,0.0000,3.5603,-0.3920
3.5603,-0.3920,3.5289,-0.7840
3.5289,-0.7840,3.4819,-1.1760
3.4819,-1.1760,3.4191,-1.5680
3.4191,-1.5680,3.3407,-1.9600
3.3407,-1.9600,3.2467,-2.3520
3.2467,-2.3520,3.1369,-2.7440
3.1369,-2.7440,3.0115,-3.1360
3.0115,-3.1360,2.8703,-3.5280
2.8703,-3.5280,2.7135,-3.9200
2.7135,-3.9200,2.5411,-4.3120
2.5411,-4.3120,2.3529,-4.7040
2.3529,-4.7040,2.1491,-5.0960
2.1491,-5.0960,1.9295,-5.4880
1.9295,-5.4880,1.6943,-5.8800
1.6943,-5.8800,1.4435,-6.2720
1.4435,-6.2720,1.1769,-6.6640
1.1769,-6.6640,0.8947,-7.0560
0.8947,-7.0560,0.5967,-7.4480
0.5967,-7.4480,0.5000,4.7040
0.5000,4.7040,0.6725,4.3120
0.6725,4.3120,0.8293,3.9200
0.8293,3.9200,0.9704,3.5280
0.9704,3.5280,1.0958,3.1360
1.0958,3.1360,1.2056,2.7440
1.2056,2.7440,1.2997,2.3520
1.2997,2.3520,1.3781,1.9600
1.3781,1.9600,1.4408,1.5680
1.4408,1.5680,1.4878,1.1760
1.4878,1.1760,1.5192,0.7840
1.5192,0.7840,1.5349,0.3920
1.5349,0.3920,1.5349,0.0000
1.5349,0.0000,1.5192,-0.3920
1.5192,-0.3920,1.4878,-0.7840
1.4878,-0.7840,1.4408,-1.1760
1.4408,-1.1760,1.3781,-1.5680
1.3781,-1.5680,1.2997,-1.9600
1.2997,-1.9600,1.2056,-2.3520
1.2056,-2.3520,1.0958,-2.7440
1.0958,-2.7440,0.9704,-3.1360
0.9704,-3.1360,0.8293,-3.5280
0.8293,-3.5280,0.6725,-3.9200
0.6725,-3.9200,0.5000,-4.3120
0.5000,-4.3120,0.5000,2.8224
0.5000,2.8224,0.5972,2.4304
0.5972,2.4304,0.6788,2.0384
0.6788,2.0384,0.7446,1.6464
0.7446,1.6464,0.7948,1.2544
0.7948,1.2544,0.8293,0.8624
0.8293,0.8624,0.8481,0.4704
0.8481,0.4704,0.8512,0.0784
0.8512,0.0784,0.8387,-0.3136
0.8387,-0.3136,0.8105,-0.7056
0.8105,-0.7056,0.7666,-1.0976
0.7666,-1.0976,0.7070,-1.4896
0.7070,-1.4896,0.6317,-1.8816
0.6317,-1.8816,0.5408,-2.2736
0.5408,-2.2736,0.5000,1.5994
0.5000,1.5994,0.5483,1.2074
0.5483,1.2074,0.5809,0.8154
0.5809,0.8154,0.5978,0.4234
0.5978,0.4234,0.5991,0.0314
0.5991,0.0314,0.5847,-0.3606
0.5847,-0.3606,0.5546,-0.7526
0.5546,-0.7526,0.5088,-1.1446
0.5088,-1.1446,0.5000,0.9220
0.5000,0.9220,0.5212,0.5300
0.5212,0.5300,0.5267,0.1380
0.5267,0.1380,0.5166,-0.2540
0.5166,-0.2540,0.5000,0.0000
0.5000,0.0000,0.5000,0.0000
0.5000,0.0000,0.5000,0.0000
0.5000,0.0000,0.5000,0.0000
0.5000,0.0000,0.5000,0.0000
0.5000,0.0000,0.5000,0.0000
0.5000,0.0000,0.5000,0.0000
0.5000,0.0000,0.5000,0.0000
0.5000,0.0000,0.5000,0.0000
0.5000,0.0000,0.5000,0.0000
0.5000,0.0000,0.5000,0.0000
0.5000,0.0000,0.5000,0.0000
0.5000,0.0000,0.5000,0.0000
0.5000,0.0000,0.5000,0.0000
0.5000,0.0000,0.5000,0.0000
0.5000,0.0000,0.5000,0.0000
0.5000,0.0000,0.5000,0.0000
0.5000,0.0000,0.5000,0.0000
0.5000,0.0000,0.5000,0.0000
0.5000,0.0000,0.5000,0.0000
0.5000,0.0000,0.5000,0.0000
0.5000,0.0000,0.5000,0.0000
0.5000,0.0000,0.5000,0.0000
0.5000,0.0000,0.5000,0.0000
0.5000,0.0000,0.5000,0.0000
0.5000,0.0000,0.5000,0.0000
0.5000,0.0000,0.5000,0.0000
0.5000,0.0000,0.5000,0.0000
0.5000,0.0000,0.5000,0.0000
0.5000,0.0000,0.5000,0.0000
0.5000,0.0000,0.5000,0.0000
0.5000,0.0000,0.5000,0.0000
0.5000,0.0000,0.5000,0.0000
0.5000,0.0000,0.5000,0.0000
0.5000,0.0000,0.5000,0.0000
0.5000,0.0000,0.5000,0.0000
0.5000,0.0000,0.5000,0.0000
0.5000,0.0000,0.5000,0.0000
0.5000,0.0000,0.5000,0.0000
0.5000,0.0000,0.5000,0.0000
0.5000,0.0000,0.5000,0.0000
0.5000,0.0000,0.5000,0.0000
0.5000,0.0000,0.5000,0.0000
0.5000,0.0000,0.5000,0.0000
0.5000,0.0000,0.5000,0.0000
0.5000,0.0000,0.5000,0.0000
0.5000,0.0000,0.5000,0.0000
0.5000,0.0000,0.5000,0.0000
0.5000,0.0000,0.5000,0.0000
0.5000,0.0000,0.5000,0.0000
0.5000,0.0000,0.5000,0.0000
0.5000,0.0000,0.5000,0.0000
0.5000,0.0000,0.5000,0.0000
0.5000,0.0000,0.5000,0.0000
0.5000,0.0000,0.5000,0.0000
0.5000,0.0000,0.5000,0.0000
0.5000,0.0000,0.5000,0.0000
0.5000,0.0000,0.5000,0.0000
0.5000,0.0000,0.5000,0.0000
0.5000,0.0000,0.5000,0.0000
0.5000,0.0000,0.5000,0.0000
0.5000,0.0000,0.5000,0.0000
0.5000,0.0000,0.5000,0.0000
0.5000,0.0000,0.5000,0.0000
0.5000,0.0000,0.5000,0.0000
0.5000,0.0000,0.5000,0.0000
0.5000,0.0000,0.5000,0.0000
0.5000,0.0000,0.5000,0.0000
0.5000,0.0000,0.5000,0.0000
0.5000,0.0000,0.5000,0.0000
0.5000,0.0000,0.5000,0.0000
0.5000,0.0000,0.5000,0.0000
0.5000,0.0000,0.5000,0.0000
0.5000,0.0000,0.5000,0.0000
0.5000,0.0000,0.5000,0.0000
0.5000,0.0000,0.5000,0.0000
0.5000,0.0000,0.5000,0.0000
0.5000,0.0000,0.5000,0.0000
0.5000,0.0000,0.5000,0.0000
0.5000,0.0000,0.5000,0.0000
0.5000,0.0000,0.5000,0.0000
0.5000,0.0000,0.5000,0.0000
0.5000,0.0000,0.5000,0.0000
0.5000,0.0000,0.5000,0.0000
0.5000,0.0000,0.5000,0.0000
0.5000,0.0000,0.5000,0.0000
0.5000,0.0000,0.5000,0.0000
0.5000,0.0000,0.5000,0.0000
0.5000,0.0000,0.5000,0.0000
0.5000,0.0000,0.5000,0.0000
0.5000,0.0000,0.5000,0.0000
0.5000,0.0000,0.5000,0.0000
0.5000,0.0000,0.5000,0.0000
0.5000,0.0000,0.5000,0.0000
0.5000,0.0000,0.5000,0.0000
0.5000,0.0000,0.5000,0.0000
0.5000,0.0000,0.5000,0.0000
0.5000,0.0000,0.5000,0.0000
0.5000,0.0000,0.5000,0.0000
0.5000,0.0000,0.5000,0.0000
0.5000,0.0000,0.5000,0.0000
0.5000,0.0000,0.5000,0.0000
0.5000,0.0000,0.5000,0.0000
0.5000,0.0000,0.5000,0.0000
0.5000,0.0000,0.5000,0.0000
0.5000,0.0000,0.5000,0.0000
0.5000,0.0000,0.5000,0.0000
0.5000,0.0000,0.5000,0.0000
0.5000,0.0000,0.5000,0.0000
0.5000,0.0000,0.5000,0.0000
0.5000,0.0000,0.5000,0.0000
0.5000,0.0000,0.5000,0.0000
0.5000,0.0000,0.5000,0.0000
0.5000,0.0000,0.5000,0.0000
0.5000,0.0000,0.5000,0.0000
0.5000,0.0000,0.5000,0.0000
0.5000,0.0000,0.5000,0.0000
0.5000,0.0000,0.5000,0.0000
0.5000,0.0000,0.5000,0.0000
0.5000,0.0000,0.5000,0.0000
0.5000,0.0000,0.5000,0.0000
0.5000,0.0000,0.5000,0.0000
0.5000,0.0000,0.5000,0.0000
0.5000,0.0000,0.5000,0.0000
0.5000,0.0000,0.5000,0.0000
0.5000,0.0000,0.5000,0.0000
0.5000,0.0000,0.5000,0.0000
0.5000,0.0000,0.5000,0.0000
0.5000,0.0000,0.5000,0.0000
0.5000,0.0000,0.5000,0.0000
0.5000,0.0000,0.5000,0.0000
4.4053,0.0000,4.3896,-0.3920
4.3896,-0.3920,4.3582,-0.7840
4.3582,-0.7840,4.3112,-1.1760
4.3112,-1.1760,4.2485,-1.5680
4.2485,-1.5680,4.1701,-1.9600
4.1701,-1.9600,4.0760,-2.3520
4.0760,-2.3520,3.9662,-2.7440
3.9662,-2.7440,3.8408,-3.1360
3.8408,-3.1360,3.6997,-3.5280
3.6997,-3.5280,3.5429,-3.9200
3.5429,-3.9200,3.3704,-4.3120
3.3704,-4.3120,3.1822,-4.7040
3.1822,-4.7040,2.9784,-5.0960
2.9784,-5.0960,2.7589,-5.4880
2.7589,-5.4880,2.5237,-5.8800
2.5237,-5.8800,2.2728,-6.2720
2.2728,-6.2720,2.0062,-6.6640
2.0062,-6.6640,1.7240,-7.0560
1.7240,-7.0560,1.4261,-7.4480
1.4261,-7.4480,1.1125,-7.8400
1.1125,-7.8400,0.7832,-8.2320
0.7832,-8.2320,0.5000,5.1744
0.5000,5.1744,0.6913,4.7824
0.6913,4.7824,0.8669,4.3904
0.8669,4.3904,1.0268,3.9984
1.0268,3.9984,1.1711,3.6064
1.1711,3.6064,1.2997,3.2144
1.2997,3.2144,1.4126,2.8224
1.4126,2.8224,1.5098,2.4304
1.5098,2.4304,1.5913,2.0384
1.5913,2.0384,1.6572,1.6464
1.6572,1.6464,1.7074,1.2544
1.7074,1.2544,1.7419,0.8624
1.7419,0.8624,1.7607,0.4704
1.7607,0.4704,1.7638,0.0784
1.7638,0.0784,1.7513,-0.3136
1.7513,-0.3136,1.7230,-0.7056
1.7230,-0.7056,1.6791,-1.0976
1.6791,-1.0976,1.6196,-1.4896
1.6196,-1.4896,1.5443,-1.8816
1.5443,-1.8816,1.4533,-2.2736
1.4533,-2.2736,1.3467,-2.6656
1.3467,-2.6656,1.2244,-3.0576
1.2244,-3.0576,1.0864,-3.4496
1.0864,-3.4496,0.9328,-3.8416
0.9328,-3.8416,0.7634,-4.2336
0.7634,-4.2336,0.5784,-4.6256
0.5784,-4.6256,0.5000,3.0106
0.5000,3.0106,0.6047,2.6186
0.6047,2.6186,0.6938,2.2266
0.6938,2.2266,0.7672,1.8346
0.7672,1.8346,0.8249,1.4426
0.8249,1.4426,0.8669,1.0506
0.8669,1.0506,0.8933,0.6586
0.8933,0.6586,0.9039,0.2666
0.9039,0.2666,0.8989,-0.1254
0.8989,-0.1254,0.8782,-0.5174
0.8782,-0.5174,0.8418,-0.9094
0.8418,-0.9094,0.7898,-1.3014
0.7898,-1.3014,0.7220,-1.6934
0.7220,-1.6934,0.6386,-2.0854
0.6386,-2.0854,0.5395,-2.4774
0.5395,-2.4774,0.5000,1.7217
0.5000,1.7217,0.5532,1.3297
0.5532,1.3297,0.5907,0.9377
0.5907,0.9377,0.6125,0.5457
0.6125,0.5457,0.6187,0.1537
0.6187,0.1537,0.6091,-0.2383
0.6091,-0.2383,0.5839,-0.6303
0.5839,-0.6303,0.5430,-1.0223
0.5430,-1.0223,0.5000,0.8486
0.5000,0.8486,0.5183,0.4566
0.5183,0.4566,0.5208,0.0646
0.5208,0.0646,0.5078,-0.3274
0.5078,-0.3274,0.5000,0.4316
0.5000,0.4316,0.5016,0.0396
0.5016,0.0396,0.5000,0.0000
0.5000,0.0000,0.5000,0.0000
0.5000,0.0000,0.5000,0.0000
0.5000,0.0000,0.5000,0.0000
0.5000,0.0000,0.5000,0.0000
0.5000,0.0000,0.5000,0.0000
0.5000,0.0000,0.5000,0.0000
0.5000,0.0000,0.5000,0.0000
0.5000,0.0000,0.5000,0.0000
0.5000,0.0000,0.5000,0.0000
0.5000,0.0000,0.5000,0.0000
0.5000,0.0000,0.5000,0.0000
0.5000,0.0000,0.5000,0.0000
0.5000,0.0000,0.5000,0.0000
0.5000,0.0000,0.5000,0.0000
0.5000,0.0000,0.5000,0.0000
0.5000,0.0000,0.5000,0.0000
0.5000,0.0000,0.5000,0.0000
0.5000,0.0000,0.5000,0.0000
0.5000,0.0000,0.5000,0.0000
0.5000,0.0000,0.5000,0.0000
0.5000,0.0000,0.5000,0.0000
0.5000,0.0000,0.5000,0.0000
0.5000,0.0000,0.5000,0.0000
0.5000,0.0000,0.5000,0.0000
0.5000,0.0000,0.5000,0.0000
0.5000,0.0000,0.5000,0.0000
0.5000,0.0000,0.5000,0.0000
0.5000,0.0000,0.5000,0.0000
0.5000,0.0000,0.5000,0.0000
0.5000,0.0000,0.5000,0.0000
0.5000,0.0000,0.5000,0.0000
0.5000,0.0000,0.5000,0.0000
0.5000,0.0000,0.5000,0.0000
0.5000,0.0000,0.5000,0.0000
0.5000,0.0000,0.5000,0.0000
0.5000,0.0000,0.5000,0.0000
0.5000,0.0000,0.5000,0.0000
0.5000,0.0000,0.5000,0.0000
0.5000,0.0000,0.5000,0.0000
0.5000,0.0000,0.5000,0.0000
0.5000,0.0000,0.5000,0.0000
0.5000,0.0000,0.5000,0.0000
0.5000,0.0000,0.5000,0.0000
0.5000,0.0000,0.5000,0.0000
0.5000,0.0000,0.5000,0.0000
0.5000,0.0000,0.5000,0.0000
0.5000,0.0000,0.5000,0.0000
0.5000,0.0000,0.5000,0.0000
0.5000,0.0000,0.5000,0.0000
0.5000,0.0000,0.5000,0.0000
0.5000,0.0000,0.5000,0.0000
0.5000,0.0000,0.5000,0.0000
0.5000,0.0000,0.5000,0.0000
0.5000,0.0000,0.5000,0.0000
0.5000,0.0000,0.5000,0.0000
0.5000,0.0000,0.5000,0.0000
0.5000,0.0000,0.5000,0.0000
0.5000,0.0000,0.5000,0.0000
0.5000,0.0000,0.5000,0.0000
0.5000,0.0000,0.5000,0.0000
0.5000,0.0000,0.5000,0.0000
0.5000,0.0000,0.5000,0.0000
0.5000,0.0000,0.5000,0.0000
0.5000,0.0000,0.5000,0.0000
0.5000,0.0000,0.5000,0.0000
0.5000,0.0000,0.5000,0.0000
0.5000,0.0000,0.5000,0.0000
0.5000,0.0000,0.5000,0.0000
0.5000,0.0000,0.5000,0.0000
0.5000,0.0000,0.5000,0.0000
0.5000,0.0000,0.5000,0.0000
0.5000,0.0000,0.5000,0.0000
0.5000,0.0000,0.5000,0.0000
0.5000,0.0000,0.5000,0.0000
0.5000,0.0000,0.5000,0.0000
0.5000,0.0000,0.5000,0.0000
0.5000,0.0000,0.5000,0.0000
0.5000,0.0000,0.5000,0.0000
0.5000,0.0000,0.5000,0.0000
0.5000,0.0000,0.5000,0.0000
0.5000,0.0000,0.5000,0.0000
0.5000,0.0000,0.5000,0.0000
0.5000,0.0000,0.5000,0.0000
0.5000,0.0000,0.5000,0.0000
0.5000,0.0000,0.5000,0.0000
0.5000,0.0000,0.5000,0.0000
0.5000,0.0000,0.5000,0.0000
0.5000,0.0000,0.5000,0.0000
0.5000,0.0000,0.5000,0.0000
0.5000,0.0000,0.5000,0.0000
0.5000,0.0000,0.5000,0.0000
0.5000,0.0000,0.5000,0.0000
0.5000,0.0000,0.5000,0.0000
0.5000,0.0000,0.5000,0.0000
0.5000,0.0000,0.5000,0.0000
0.5000,0.0000,0.5000,0.0000
0.5000,0.0000,0.5000,0.0000
0.5000,0.0000,0.5000,0.0000
0.5000,0.0000,0.5000,0.0000
0.5000,0.0000,0.5000,0.0000
0.5000,0.0000,0.5000,0.0000
0.5000,0.0000,0.5000,0.0000
0.5000,0.0000,0.5000,0.0000
0.5000,0.0000,0.5000,0.0000
0.5000,0.0000,0.5000,0.0000
0.5000,0.0000,0.5000,0.0000
0.5000,0.0000,0.5000,0.0000
0.5000,0.0000,0.5000,0.0000
0.5000,0.0000,0.5000,0.0000
0.5000,0.0000,0.5000,0.0000
0.5000,0.0000,0.5000,0.0000
0.5000,0.0000,0.5000,0.0000
0.5000,0.0000,0.5000,0.0000
0.5000,0.0000,0.5000,0.0000
0.5000,0.0000,0.5000,0.0000
0.5000,0.0000,0.5000,0.0000
0.5000,0.0000,0.5000,0.0000
0.5000,0.0000,0.5000,0.0000
0.5000,0.0000,0.5000,0.0000
0.5000,0.0000,0.5000,0.0000
0.5000,0.0000,0.5000,0.0000
0.5000,0.0000,0.5000,0.0000
0.5000,0.0000,0.5000,0.0000
