y,v,y_next,v_next
6.8972,0.0000,6.8815,-0.3920
6.8815,-0.3920,6.8501,-0.7840
6.8501,-0.7840,6.8031,-1.1760
6.8031,-1.1760,6.7404,-1.5680
6.7404,-1.5680,6.6620,-1.9600
6.6620,-1.9600,6.5679,-2.3520
6.5679,-2.3520,6.4581,-2.7440
6.4581,-2.7440,6.3327,-3.1360
6.3327,-3.1360,6.1916,-3.5280
6.1916,-3.5280,6.0348,-3.9200
6.0348,-3.9200,5.8623,-4.3120
5.8623,-4.3120,5.6741,-4.7040
5.6741,-4.7040,5.4703,-5.0960
5.4703,-5.0960,5.2508,-5.4880
5.2508,-5.4880,5.0156,-5.8800
5.0156,-5.8800,4.7647,-6.2720
4.7647,-6.2720,4.4981,-6.6640
4.4981,-6.6640,4.2159,-7.0560
4.2159,-7.0560,3.9180,-7.4480
3.9180,-7.4480,3.6044,-7.8400
3.6044,-7.8400,3.2751,-8.2320
3.2751,-8.2320,2.9301,-8.6240
2.9301,-8.6240,2.5695,-9.0160
2.5695,-9.0160,2.1932,-9.4080
2.1932,-9.4080,1.8012,-9.8000
1.8012,-9.8000,1.3935,-10.1920
1.3935,-10.1920,0.9701,-10.5840
0.9701,-10.5840,0.5311,-10.9760
0.5311,-10.9760,0.5000,6.8208
0.5000,6.8208,0.7572,6.4288
0.7572,6.4288,0.9986,6.0368
0.9986,6.0368,1.2244,5.6448
1.2244,5.6448,1.4345,5.2528
1.4345,5.2528,1.6290,4.8608
1.6290,4.8608,1.8077,4.4688
1.8077,4.4688,1.9708,4.0768
1.9708,4.0768,2.1182,3.6848
2.1182,3.6848,2.2499,3.2928
2.2499,3.2928,2.3659,2.9008
2.3659,2.9008,2.4663,2.5088
2.4663,2.5088,2.5509,2.1168
2.5509,2.1168,2.6199,1.7248
2.6199,1.7248,2.6732,1.3328
2.6732,1.3328,2.7109,0.9408
2.7109,0.9408,2.7328,0.5488
2.7328,0.5488,2.7391,0.1568
2.7391,0.1568,2.7297,-0.2352
2.7297,-0.2352,2.7046,-0.6272
2.7046,-0.6272,2.6638,-1.0192
2.6638,-1.0192,2.6074,-1.4112
2.6074,-1.4112,2.5353,-1.8032
2.5353,-1.8032,2.4475,-2.1952
2.4475,-2.1952,2.3440,-2.5872
2.3440,-2.5872,2.2248,-2.9792
2.2248,-2.9792,2.0900,-3.3712
2.0900,-3.3712,1.9394,-3.7632
1.9394,-3.7632,1.7732,-4.1552
1.7732,-4.1552,1.5913,-4.5472
1.5913,-4.5472,1.3938,-4.9392
1.3938,-4.9392,1.1805,-5.3312
1.1805,-5.3312,0.9516,-5.7232
0.9516,-5.7232,0.7070,-6.1152
0.7070,-6.1152,0.5000,3.9043
0.5000,3.9043,0.6405,3.5123
0.6405,3.5123,0.7653,3.1203
0.7653,3.1203,0.8744,2.7283
0.8744,2.7283,0.9679,2.3363
0.9679,2.3363,1.0457,1.9443
1.0457,1.9443,1.1078,1.5523
1.1078,1.5523,1.1542,1.1603
1.1542,1.1603,1.1849,0.7683
1.1849,0.7683,1.2000,0.3763
1.2000,0.3763,1.1993,-0.0157
1.1993,-0.0157,1.1830,-0.4077
1.1830,-0.4077,1.1510,-0.7997
1.1510,-0.7997,1.1034,-1.1917
1.1034,-1.1917,1.0400,-1.5837
1.0400,-1.5837,0.9610,-1.9757
0.9610,-1.9757,0.8663,-2.3677
0.8663,-2.3677,0.7559,-2.7597
0.7559,-2.7597,0.6298,-3.1517
0.6298,-3.1517,0.5000,2.1262
0.5000,2.1262,0.5694,1.7342
0.5694,1.7342,0.6231,1.3422
0.6231,1.3422,0.6611,0.9502
0.6611,0.9502,0.6834,0.5582
0.6834,0.5582,0.6900,0.1662
0.6900,0.1662,0.6810,-0.2258
0.6810,-0.2258,0.6563,-0.6178
0.6563,-0.6178,0.6159,-1.0098
0.6159,-1.0098,0.5598,-1.4018
0.5598,-1.4018,0.5000,1.0763
0.5000,1.0763,0.5274,0.6843
0.5274,0.6843,0.5391,0.2923
0.5391,0.2923,0.5351,-0.0997
0.5351,-0.0997,0.5154,-0.4917
0.5154,-0.4917,0.5000,0.5302
0.5000,0.5302,0.5055,0.1382
0.5055,0.1382,0.5000,0.0000
0.5000,0.0000,0.5000,0.0000
0.5000,0.0000,0.5000,0.0000
0.5000,0.0000,0.5000,0.0000
0.5000,0.0000,0.5000,0.0000
0.5000,0.0000,0.5000,0.0000
0.5000,0.0000,0.5000,0.0000
0.5000,0.0000,0.5000,0.0000
0.5000,0.0000,0.5000,0.0000
0.5000,0.0000,0.5000,0.0000
0.5000,0.0000,0.5000,0.0000
0.5000,0.0000,0.5000,0.0000
0.5000,0.0000,0.5000,0.0000
0.5000,0.0000,0.5000,0.0000
0.5000,0.0000,0.5000,0.0000
0.5000,0.0000,0.5000,0.0000
0.5000,0.0000,0.5000,0.0000
0.5000,0.0000,0.5000,0.0000
0.5000,0.0000,0.5000,0.0000
0.5000,0.0000,0.5000,0.0000
0.5000,0.0000,0.5000,0.0000
0.5000,0.0000,0.5000,0.0000
0.5000,0.0000,0.5000,0.0000
0.5000,0.0000,0.5000,0.0000
0.5000,0.0000,0.5000,0.0000
0.5000,0.0000,0.5000,0.0000
0.5000,0.0000,0.5000,0.0000
0.5000,0.0000,0.5000,0.0000
0.5000,0.0000,0.5000,0.0000
0.5000,0.0000,0.5000,0.0000
0.5000,0.0000,0.5000,0.0000
0.5000,0.0000,0.5000,0.0000
0.5000,0.0000,0.5000,0.0000
0.5000,0.0000,0.5000,0.0000
0.5000,0.0000,0.5000,0.0000
0.5000,0.0000,0.5000,0.0000
0.5000,0.0000,0.5000,0.0000
0.5000,0.0000,0.5000,0.0000
0.5000,0.0000,0.5000,0.0000
0.5000,0.0000,0.5000,0.0000
0.5000,0.0000,0.5000,0.0000
0.5000,0.0000,0.5000,0.0000
0.5000,0.0000,0.5000,0.0000
0.5000,0.0000,0.5000,0.0000
0.5000,0.0000,0.5000,0.0000
0.5000,0.0000,0.5000,0.0000
0.5000,0.0000,0.5000,0.0000
0.5000,0.0000,0.5000,0.0000
0.5000,0.0000,0.5000,0.0000
0.5000,0.0000,0.5000,0.0000
0.5000,0.0000,0.5000,0.0000
0.5000,0.0000,0.5000,0.0000
3.4637,0.0000,3.4480,-0.3920
3.4480,-0.3920,3.4166,-0.7840
3.4166,-0.7840,3.3696,-1.1760
3.3696,-1.1760,3.3069,-1.5680
3.3069,-1.5680,3.2285,-1.9600
3.2285,-1.9600,3.1344,-2.3520
3.1344,-2.3520,3.0246,-2.7440
3.0246,-2.7440,2.8992,-3.1360
2.8992,-3.1360,2.7581,-3.5280
2.7581,-3.5280,2.6013,-3.9200
2.6013,-3.9200,2.4288,-4.3120
2.4288,-4.3120,2.2406,-4.7040
2.2406,-4.7040,2.0368,-5.0960
2.0368,-5.0960,1.8173,-5.4880
1.8173,-5.4880,1.5821,-5.8800
1.5821,-5.8800,1.3312,-6.2720
1.3312,-6.2720,1.0646,-6.6640
1.0646,-6.6640,0.7824,-7.0560
0.7824,-7.0560,0.5000,4.4688
0.5000,4.4688,0.6631,4.0768
0.6631,4.0768,0.8105,3.6848
0.8105,3.6848,0.9422,3.2928
0.9422,3.2928,1.0582,2.9008
1.0582,2.9008,1.1586,2.5088
1.1586,2.5088,1.2432,2.1168
1.2432,2.1168,1.3122,1.7248
1.3122,1.7248,1.3655,1.3328
1.3655,1.3328,1.4032,0.9408
1.4032,0.9408,1.4251,0.5488
1.4251,0.5488,1.4314,0.1568
1.4314,0.1568,1.4220,-0.2352
1.4220,-0.2352,1.3969,-0.6272
1.3969,-0.6272,1.3561,-1.0192
1.3561,-1.0192,1.2997,-1.4112
1.2997,-1.4112,1.2276,-1.8032
1.2276,-1.8032,1.1397,-2.1952
1.1397,-2.1952,1.0363,-2.5872
1.0363,-2.5872,0.9171,-2.9792
0.9171,-2.9792,0.7822,-3.3712
0.7822,-3.3712,0.6317,-3.7632
0.6317,-3.7632,0.5000,2.4931
0.5000,2.4931,0.5840,2.1011
0.5840,2.1011,0.6524,1.7091
0.6524,1.7091,0.7051,1.3171
0.7051,1.3171,0.7421,0.9251
0.7421,0.9251,0.7634,0.5331
0.7634,0.5331,0.7691,0.1411
0.7691,0.1411,0.7590,-0.2509
0.7590,-0.2509,0.7333,-0.6429
0.7333,-0.6429,0.6919,-1.0349
0.6919,-1.0349,0.6348,-1.4269
0.6348,-1.4269,0.5621,-1.8189
0.5621,-1.8189,0.5000,1.3265
0.5000,1.3265,0.5374,0.9345
0.5374,0.9345,0.5591,0.5425
0.5591,0.5425,0.5651,0.1505
0.5651,0.1505,0.5554,-0.2415
0.5554,-0.2415,0.5301,-0.6335
0.5301,-0.6335,0.5000,0.6153
0.5000,0.6153,0.5089,0.2233
0.5089,0.2233,0.5022,-0.1687
0.5022,-0.1687,0.5000,0.0000
0.5000,0.0000,0.5000,0.0000
0.5000,0.0000,0.5000,0.0000
0.5000,0.0000,0.5000,0.0000
0.5000,0.0000,0.5000,0.0000
0.5000,0.0000,0.5000,0.0000
0.5000,0.0000,0.5000,0.0000
0.5000,0.0000,0.5000,0.0000
0.5000,0.0000,0.5000,0.0000
0.5000,0.0000,0.5000,0.0000
0.5000,0.0000,0.5000,0.0000
0.5000,0.0000,0.5000,0.0000
0.5000,0.0000,0.5000,0.0000
0.5000,0.0000,0.5000,0.0000
0.5000,0.0000,0.5000,0.0000
0.5000,0.0000,0.5000,0.0000
0.5000,0.0000,0.5000,0.0000
0.5000,0.0000,0.5000,0.0000
0.5000,0.0000,0.5000,0.0000
0.5000,0.0000,0.5000,0.0000
0.5000,0.0000,0.5000,0.0000
0.5000,0.0000,0.5000,0.0000
0.5000,0.0000,0.5000,0.0000
0.5000,0.0000,0.5000,0.0000
0.5000,0.0000,0.5000,0.0000
0.5000,0.0000,0.5000,0.0000
0.5000,0.0000,0.5000,0.0000
0.5000,0.0000,0.5000,0.0000
0.5000,0.0000,0.5000,0.0000
0.5000,0.0000,0.5000,0.0000
0.5000,0.0000,0.5000,0.0000
0.5000,0.0000,0.5000,0.0000
0.5000,0.0000,0.5000,0.0000
0.5000,0.0000,0.5000,0.0000
0.5000,0.0000,0.5000,0.0000
0.5000,0.0000,0.5000,0.0000
0.5000,0.0000,0.5000,0.0000
0.5000,0.0000,0.5000,0.0000
0.5000,0.0000,0.5000,0.0000
0.5000,0.0000,0.5000,0.0000
0.5000,0.0000,0.5000,0.0000
0.5000,0.0000,0.5000,0.0000
0.5000,0.0000,0.5000,0.0000
0.5000,0.0000,0.5000,0.0000
0.5000,0.0000,0.5000,0.0000
0.5000,0.0000,0.5000,0.0000
0.5000,0.0000,0.5000,0.0000
0.5000,0.0000,0.5000,0.0000
0.5000,0.0000,0.5000,0.0000
0.5000,0.0000,0.5000,0.0000
0.5000,0.0000,0.5000,0.0000
0.5000,0.0000,0.5000,0.0000
0.5000,0.0000,0.5000,0.0000
0.5000,0.0000,0.5000,0.0000
0.5000,0.0000,0.5000,0.0000
0.5000,0.0000,0.5000,0.0000
0.5000,0.0000,0.5000,0.0000
0.5000,0.0000,0.5000,0.0000
0.5000,0.0000,0.5000,0.0000
0.5000,0.0000,0.5000,0.0000
0.5000,0.0000,0.5000,0.0000
0.5000,0.0000,0.5000,0.0000
0.5000,0.0000,0.5000,0.0000
0.5000,0.0000,0.5000,0.0000
0.5000,0.0000,0.5000,0.0000
0.5000,0.0000,0.5000,0.0000
0.5000,0.0000,0.5000,0.0000
0.5000,0.0000,0.5000,0.0000
0.5000,0.0000,0.5000,0.0000
0.5000,0.0000,0.5000,0.0000
0.5000,0.0000,0.5000,0.0000
0.5000,0.0000,0.5000,0.0000
0.5000,0.0000,0.5000,0.0000
0.5000,0.0000,0.5000,0.0000
0.5000,0.0000,0.5000,0.0000
0.5000,0.0000,0.5000,0.0000
0.5000,0.0000,0.5000,0.0000
0.5000,0.0000,0.5000,0.0000
0.5000,0.0000,0.5000,0.0000
0.5000,0.0000,0.5000,0.0000
0.5000,0.0000,0.5000,0.0000
0.5000,0.0000,0.5000,0.0000
0.5000,0.0000,0.5000,0.0000
0.5000,0.0000,0.5000,0.0000
0.5000,0.0000,0.5000,0.0000
0.5000,0.0000,0.5000,0.0000
0.5000,0.0000,0.5000,0.0000
0.5000,0.0000,0.5000,0.0000
0.5000,0.0000,0.5000,0.0000
9.8476,0.0000,9.8319,-0.3920
9.8319,-0.3920,9.8006,-0.7840
9.8006,-0.7840,9.7535,-1.1760
9.7535,-1.1760,9.6908,-1.5680
9.6908,-1.5680,9.6124,-1.9600
9.6124,-1.9600,9.5183,-2.3520
9.5183,-2.3520,9.4086,-2.7440
9.4086,-2.7440,9.2831,-3.1360
9.2831,-3.1360,9.1420,-3.5280
9.1420,-3.5280,8.9852,-3.9200
8.9852,-3.9200,8.8127,-4.3120
8.8127,-4.3120,8.6246,-4.7040
8.6246,-4.7040,8.4207,-5.0960
8.4207,-5.0960,8.2012,-5.4880
8.2012,-5.4880,7.9660,-5.8800
7.9660,-5.8800,7.7151,-6.2720
7.7151,-6.2720,7.4486,-6.6640
7.4486,-6.6640,7.1663,-7.0560
7.1663,-7.0560,6.8684,-7.4480
6.8684,-7.4480,6.5548,-7.8400
6.5548,-7.8400,6.2255,-8.2320
6.2255,-8.2320,5.8806,-8.6240
5.8806,-8.6240,5.5199,-9.0160
5.5199,-9.0160,5.1436,-9.4080
5.1436,-9.4080,4.7516,-9.8000
4.7516,-9.8000,4.3439,-10.1920
4.3439,-10.1920,3.9206,-10.5840
3.9206,-10.5840,3.4815,-10.9760
3.4815,-10.9760,3.0268,-11.3680
3.0268,-11.3680,2.5564,-11.7600
2.5564,-11.7600,2.0703,-12.1520
2.0703,-12.1520,1.5686,-12.5440
1.5686,-12.5440,1.0511,-12.9360
1.0511,-12.9360,0.5180,-13.3280
0.5180,-13.3280,0.5000,8.2320
0.5000,8.2320,0.8136,7.8400
0.8136,7.8400,1.1115,7.4480
1.1115,7.4480,1.3938,7.0560
1.3938,7.0560,1.6603,6.6640
1.6603,6.6640,1.9112,6.2720
1.9112,6.2720,2.1464,5.8800
2.1464,5.8800,2.3659,5.4880
2.3659,5.4880,2.5698,5.0960
2.5698,5.0960,2.7579,4.7040
2.7579,4.7040,2.9304,4.3120
2.9304,4.3120,3.0872,3.9200
3.0872,3.9200,3.2283,3.5280
3.2283,3.5280,3.3538,3.1360
3.3538,3.1360,3.4635,2.7440
3.4635,2.7440,3.5576,2.3520
3.5576,2.3520,3.6360,1.9600
3.6360,1.9600,3.6987,1.5680
3.6987,1.5680,3.7458,1.1760
3.7458,1.1760,3.7771,0.7840
3.7771,0.7840,3.7928,0.3920
3.7928,0.3920,3.7928,-0.0000
3.7928,-0.0000,3.7771,-0.3920
3.7771,-0.3920,3.7458,-0.7840
3.7458,-0.7840,3.6987,-1.1760
3.6987,-1.1760,3.6360,-1.5680
3.6360,-1.5680,3.5576,-1.9600
3.5576,-1.9600,3.4635,-2.3520
3.4635,-2.3520,3.3538,-2.7440
3.3538,-2.7440,3.2283,-3.1360
3.2283,-3.1360,3.0872,-3.5280
3.0872,-3.5280,2.9304,-3.9200
2.9304,-3.9200,2.7579,-4.3120
2.7579,-4.3120,2.5698,-4.7040
2.5698,-4.7040,2.3659,-5.0960
2.3659,-5.0960,2.1464,-5.4880
2.1464,-5.4880,1.9112,-5.8800
1.9112,-5.8800,1.6603,-6.2720
1.6603,-6.2720,1.3938,-6.6640
1.3938,-6.6640,1.1115,-7.0560
1.1115,-7.0560,0.8136,-7.4480
0.8136,-7.4480,0.5000,4.7040
0.5000,4.7040,0.6725,4.3120
0.6725,4.3120,0.8293,3.9200
0.8293,3.9200,0.9704,3.5280
0.9704,3.5280,1.0958,3.1360
1.0958,3.1360,1.2056,2.7440
1.2056,2.7440,1.2997,2.3520
1.2997,2.3520,1.3781,1.9600
1.3781,1.9600,1.4408,1.5680
1.4408,1.5680,1.4878,1.1760
1.4878,1.1760,1.5192,0.7840
1.5192,0.7840,1.5349,0.3920
1.5349,0.3920,1.5349,0.0000
1.5349,0.0000,1.5192,-0.3920
1.5192,-0.3920,1.4878,-0.7840
1.4878,-0.7840,1.4408,-1.1760
1.4408,-1.1760,1.3781,-1.5680
1.3781,-1.5680,1.2997,-1.9600
1.2997,-1.9600,1.2056,-2.3520
1.2056,-2.3520,1.0958,-2.7440
1.0958,-2.7440,0.9704,-3.1360
0.9704,-3.1360,0.8293,-3.5280
0.8293,-3.5280,0.6725,-3.9200
0.6725,-3.9200,0.5000,-4.3120
0.5000,-4.3120,0.5000,2.8224
0.5000,2.8224,0.5972,2.4304
0.5972,2.4304,0.6788,2.0384
0.6788,2.0384,0.7446,1.6464
0.7446,1.6464,0.7948,1.2544
0.7948,1.2544,0.8293,0.8624
0.8293,0.8624,0.8481,0.4704
0.8481,0.4704,0.8512,0.0784
0.8512,0.0784,0.8387,-0.3136
0.8387,-0.3136,0.8105,-0.7056
0.8105,-0.7056,0.7666,-1.0976
0.7666,-1.0976,0.7070,-1.4896
0.7070,-1.4896,0.6317,-1.8816
0.6317,-1.8816,0.5408,-2.2736
0.5408,-2.2736,0.5000,1.5994
0.5000,1.5994,0.5483,1.2074
0.5483,1.2074,0.5809,0.8154
0.5809,0.8154,0.5978,0.4234
0.5978,0.4234,0.5991,0.0314
0.5991,0.0314,0.5847,-0.3606
0.5847,-0.3606,0.5546,-0.7526
0.5546,-0.7526,0.5088,-1.1446
0.5088,-1.1446,0.5000,0.9220
0.5000,0.9220,0.5212,0.5300
0.5212,0.5300,0.5267,0.1380
0.5267,0.1380,0.5166,-0.2540
0.5166,-0.2540,0.5000,0.0000
0.5000,0.0000,0.5000,0.0000
0.5000,0.0000,0.5000,0.0000
0.5000,0.0000,0.5000,0.0000
0.5000,0.0000,0.5000,0.0000
0.5000,0.0000,0.5000,0.0000
0.5000,0.0000,0.5000,0.0000
0.5000,0.0000,0.5000,0.0000
0.5000,0.0000,0.5000,0.0000
0.5000,0.0000,0.5000,0.0000
0.5000,0.0000,0.5000,0.0000
0.5000,0.0000,0.5000,0.0000
0.5000,0.0000,0.5000,0.0000
0.5000,0.0000,0.5000,0.0000
0.5000,0.0000,0.5000,0.0000
0.5000,0.0000,0.5000,0.0000
0.5000,0.0000,0.5000,0.0000
0.5000,0.0000,0.5000,0.0000
0.5000,0.0000,0.5000,0.0000
0.5000,0.0000,0.5000,0.0000
0.5000,0.0000,0.5000,0.0000
0.5000,0.0000,0.5000,0.0000
0.5000,0.0000,0.5000,0.0000
0.5000,0.0000,0.5000,0.0000
0.5000,0.0000,0.5000,0.0000
6.4961,0.0000,6.4804,-0.3920
6.4804,-0.3920,6.4491,-0.7840
6.4491,-0.7840,6.4020,-1.1760
6.4020,-1.1760,6.3393,-1.5680
6.3393,-1.5680,6.2609,-1.9600
6.2609,-1.9600,6.1668,-2.3520
6.1668,-2.3520,6.0571,-2.7440
6.0571,-2.7440,5.9316,-3.1360
5.9316,-3.1360,5.7905,-3.5280
5.7905,-3.5280,5.6337,-3.9200
5.6337,-3.9200,5.4612,-4.3120
5.4612,-4.3120,5.2731,-4.7040
5.2731,-4.7040,5.0692,-5.0960
5.0692,-5.0960,4.8497,-5.4880
4.8497,-5.4880,4.6145,-5.8800
4.6145,-5.8800,4.3636,-6.2720
4.3636,-6.2720,4.0971,-6.6640
4.0971,-6.6640,3.8148,-7.0560
3.8148,-7.0560,3.5169,-7.4480
3.5169,-7.4480,3.2033,-7.8400
3.2033,-7.8400,2.8740,-8.2320
2.8740,-8.2320,2.5291,-8.6240
2.5291,-8.6240,2.1684,-9.0160
2.1684,-9.0160,1.7921,-9.4080
1.7921,-9.4080,1.4001,-9.8000
1.4001,-9.8000,0.9924,-10.1920
0.9924,-10.1920,0.5691,-10.5840
0.5691,-10.5840,0.5000,6.5856
0.5000,6.5856,0.7477,6.1936
0.7477,6.1936,0.9798,5.8016
0.9798,5.8016,1.1962,5.4096
1.1962,5.4096,1.3969,5.0176
1.3969,5.0176,1.5819,4.6256
1.5819,4.6256,1.7513,4.2336
1.7513,4.2336,1.9049,3.8416
1.9049,3.8416,2.0429,3.4496
2.0429,3.4496,2.1652,3.0576
2.1652,3.0576,2.2718,2.6656
2.2718,2.6656,2.3628,2.2736
2.3628,2.2736,2.4380,1.8816
2.4380,1.8816,2.4976,1.4896
2.4976,1.4896,2.5415,1.0976
2.5415,1.0976,2.5698,0.7056
2.5698,0.7056,2.5823,0.3136
2.5823,0.3136,2.5792,-0.0784
2.5792,-0.0784,2.5604,-0.4704
2.5604,-0.4704,2.5259,-0.8624
2.5259,-0.8624,2.4757,-1.2544
2.4757,-1.2544,2.4098,-1.6464
2.4098,-1.6464,2.3283,-2.0384
2.3283,-2.0384,2.2311,-2.4304
2.2311,-2.4304,2.1182,-2.8224
2.1182,-2.8224,1.9896,-3.2144
1.9896,-3.2144,1.8453,-3.6064
1.8453,-3.6064,1.6854,-3.9984
1.6854,-3.9984,1.5098,-4.3904
1.5098,-4.3904,1.3185,-4.7824
1.3185,-4.7824,1.1115,-5.1744
1.1115,-5.1744,0.8889,-5.5664
0.8889,-5.5664,0.6505,-5.9584
0.6505,-5.9584,0.5000,3.8102
0.5000,3.8102,0.6367,3.4182
0.6367,3.4182,0.7578,3.0262
0.7578,3.0262,0.8631,2.6342
0.8631,2.6342,0.9528,2.2422
0.9528,2.2422,1.0268,1.8502
1.0268,1.8502,1.0852,1.4582
1.0852,1.4582,1.1278,1.0662
1.1278,1.0662,1.1548,0.6742
1.1548,0.6742,1.1661,0.2822
1.1661,0.2822,1.1617,-0.1098
1.1617,-0.1098,1.1416,-0.5018
1.1416,-0.5018,1.1059,-0.8938
1.1059,-0.8938,1.0544,-1.2858
1.0544,-1.2858,0.9873,-1.6778
0.9873,-1.6778,0.9045,-2.0698
0.9045,-2.0698,0.8061,-2.4618
0.8061,-2.4618,0.6919,-2.8538
0.6919,-2.8538,0.5621,-3.2458
0.5621,-3.2458,0.5000,2.1827
0.5000,2.1827,0.5716,1.7907
0.5716,1.7907,0.6276,1.3987
0.6276,1.3987,0.6678,1.0067
0.6678,1.0067,0.6924,0.6147
0.6924,0.6147,0.7013,0.2227
0.7013,0.2227,0.6946,-0.1693
0.6946,-0.1693,0.6721,-0.5613
0.6721,-0.5613,0.6340,-0.9533
0.6340,-0.9533,0.5802,-1.3453
0.5802,-1.3453,0.5107,-1.7373
0.5107,-1.7373,0.5000,1.2776
0.5000,1.2776,0.5354,0.8856
0.5354,0.8856,0.5552,0.4936
0.5552,0.4936,0.5592,0.1016
0.5592,0.1016,0.5476,-0.2904
0.5476,-0.2904,0.5203,-0.6824
0.5203,-0.6824,0.5000,0.6446
0.5000,0.6446,0.5101,0.2526
0.5101,0.2526,0.5045,-0.1394
0.5045,-0.1394,0.5000,0.0000
0.5000,0.0000,0.5000,0.0000
0.5000,0.0000,0.5000,0.0000
0.5000,0.0000,0.5000,0.0000
0.5000,0.0000,0.5000,0.0000
0.5000,0.0000,0.5000,0.0000
0.5000,0.0000,0.5000,0.0000
0.5000,0.0000,0.5000,0.0000
0.5000,0.0000,0.5000,0.0000
0.5000,0.0000,0.5000,0.0000
0.5000,0.0000,0.5000,0.0000
0.5000,0.0000,0.5000,0.0000
0.5000,0.0000,0.5000,0.0000
0.5000,0.0000,0.5000,0.0000
0.5000,0.0000,0.5000,0.0000
0.5000,0.0000,0.5000,0.0000
0.5000,0.0000,0.5000,0.0000
0.5000,0.0000,0.5000,0.0000
0.5000,0.0000,0.5000,0.0000
0.5000,0.0000,0.5000,0.0000
0.5000,0.0000,0.5000,0.0000
0.5000,0.0000,0.5000,0.0000
0.5000,0.0000,0.5000,0.0000
0.5000,0.0000,0.5000,0.0000
0.5000,0.0000,0.5000,0.0000
0.5000,0.0000,0.5000,0.0000
0.5000,0.0000,0.5000,0.0000
0.5000,0.0000,0.5000,0.0000
0.5000,0.0000,0.5000,0.0000
0.5000,0.0000,0.5000,0.0000
0.5000,0.0000,0.5000,0.0000
0.5000,0.0000,0.5000,0.0000
0.5000,0.0000,0.5000,0.0000
0.5000,0.0000,0.5000,0.0000
0.5000,0.0000,0.5000,0.0000
0.5000,0.0000,0.5000,0.0000
0.5000,0.0000,0.5000,0.0000
0.5000,0.0000,0.5000,0.0000
0.5000,0.0000,0.5000,0.0000
0.5000,0.0000,0.5000,0.0000
0.5000,0.0000,0.5000,0.0000
0.5000,0.0000,0.5000,0.0000
0.5000,0.0000,0.5000,0.0000
0.5000,0.0000,0.5000,0.0000
0.5000,0.0000,0.5000,0.0000
0.5000,0.0000,0.5000,0.0000
0.5000,0.0000,0.5000,0.0000
0.5000,0.0000,0.5000,0.0000
0.5000,0.0000,0.5000,0.0000
0.5000,0.0000,0.5000,0.0000
0.5000,0.0000,0.5000,0.0000
4.9409,0.0000,4.9252,-0.3920
4.9252,-0.3920,4.8939,-0.7840
4.8939,-0.7840,4.8468,-1.1760
4.8468,-1.1760,4.7841,-1.5680
4.7841,-1.5680,4.7057,-1.9600
4.7057,-1.9600,4.6116,-2.3520
4.6116,-2.3520,4.5019,-2.7440
4.5019,-2.7440,4.3764,-3.1360
4.3764,-3.1360,4.2353,-3.5280
4.2353,-3.5280,4.0785,-3.9200
4.0785,-3.9200,3.9060,-4.3120
3.9060,-4.3120,3.7179,-4.7040
3.7179,-4.7040,3.5140,-5.0960
3.5140,-5.0960,3.2945,-5.4880
3.2945,-5.4880,3.0593,-5.8800
3.0593,-5.8800,2.8084,-6.2720
2.8084,-6.2720,2.5419,-6.6640
2.5419,-6.6640,2.2596,-7.0560
2.2596,-7.0560,1.9617,-7.4480
1.9617,-7.4480,1.6481,-7.8400
1.6481,-7.8400,1.3188,-8.2320
1.3188,-8.2320,0.9739,-8.6240
0.9739,-8.6240,0.6132,-9.0160
0.6132,-9.0160,0.5000,5.6448
0.5000,5.6448,0.7101,5.2528
0.7101,5.2528,0.9045,4.8608
0.9045,4.8608,1.0833,4.4688
1.0833,4.4688,1.2464,4.0768
1.2464,4.0768,1.3938,3.6848
1.3938,3.6848,1.5255,3.2928
1.5255,3.2928,1.6415,2.9008
1.6415,2.9008,1.7419,2.5088
1.7419,2.5088,1.8265,2.1168
1.8265,2.1168,1.8955,1.7248
1.8955,1.7248,1.9488,1.3328
1.9488,1.3328,1.9865,0.9408
1.9865,0.9408,2.0084,0.5488
2.0084,0.5488,2.0147,0.1568
2.0147,0.1568,2.0053,-0.2352
2.0053,-0.2352,1.9802,-0.6272
1.9802,-0.6272,1.9394,-1.0192
1.9394,-1.0192,1.8830,-1.4112
1.8830,-1.4112,1.8108,-1.8032
1.8108,-1.8032,1.7230,-2.1952
1.7230,-2.1952,1.6196,-2.5872
1.6196,-2.5872,1.5004,-2.9792
1.5004,-2.9792,1.3655,-3.3712
1.3655,-3.3712,1.2150,-3.7632
1.2150,-3.7632,1.0488,-4.1552
1.0488,-4.1552,0.8669,-4.5472
0.8669,-4.5472,0.6693,-4.9392
0.6693,-4.9392,0.5000,3.1987
0.5000,3.1987,0.6123,2.8067
0.6123,2.8067,0.7089,2.4147
0.7089,2.4147,0.7898,2.0227
0.7898,2.0227,0.8550,1.6307
0.8550,1.6307,0.9045,1.2387
0.9045,1.2387,0.9384,0.8467
0.9384,0.8467,0.9566,0.4547
0.9566,0.4547,0.9591,0.0627
0.9591,0.0627,0.9459,-0.3293
0.9459,-0.3293,0.9171,-0.7213
0.9171,-0.7213,0.8726,-1.1133
0.8726,-1.1133,0.8123,-1.5053
0.8123,-1.5053,0.7365,-1.8973
0.7365,-1.8973,0.6449,-2.2893
0.6449,-2.2893,0.5376,-2.6813
0.5376,-2.6813,0.5000,1.8440
0.5000,1.8440,0.5581,1.4520
0.5581,1.4520,0.6005,1.0600
0.6005,1.0600,0.6272,0.6680
0.6272,0.6680,0.6382,0.2760
0.6382,0.2760,0.6336,-0.1160
0.6336,-0.1160,0.6133,-0.5080
0.6133,-0.5080,0.5773,-0.9000
0.5773,-0.9000,0.5256,-1.2920
0.5256,-1.2920,0.5000,1.0104
0.5000,1.0104,0.5247,0.6184
0.5247,0.6184,0.5338,0.2264
0.5338,0.2264,0.5272,-0.1656
0.5272,-0.1656,0.5049,-0.5576
0.5049,-0.5576,0.5000,0.5697
0.5000,0.5697,0.5071,0.1777
0.5071,0.1777,0.5000,0.0000
0.5000,0.0000,0.5000,0.0000
0.5000,0.0000,0.5000,0.0000
0.5000,0.0000,0.5000,0.0000
0.5000,0.0000,0.5000,0.0000
0.5000,0.0000,0.5000,0.0000
0.5000,0.0000,0.5000,0.0000
0.5000,0.0000,0.5000,0.0000
0.5000,0.0000,0.5000,0.0000
0.5000,0.0000,0.5000,0.0000
0.5000,0.0000,0.5000,0.0000
0.5000,0.0000,0.5000,0.0000
0.5000,0.0000,0.5000,0.0000
0.5000,0.0000,0.5000,0.0000
0.5000,0.0000,0.5000,0.0000
0.5000,0.0000,0.5000,0.0000
0.5000,0.0000,0.5000,0.0000
0.5000,0.0000,0.5000,0.0000
0.5000,0.0000,0.5000,0.0000
0.5000,0.0000,0.5000,0.0000
0.5000,0.0000,0.5000,0.0000
0.5000,0.0000,0.5000,0.0000
0.5000,0.0000,0.5000,0.0000
0.5000,0.0000,0.5000,0.0000
0.5000,0.0000,0.5000,0.0000
0.5000,0.0000,0.5000,0.0000
0.5000,0.0000,0.5000,0.0000
0.5000,0.0000,0.5000,0.0000
0.5000,0.0000,0.5000,0.0000
0.5000,0.0000,0.5000,0.0000
0.5000,0.0000,0.5000,0.0000
0.5000,0.0000,0.5000,0.0000
0.5000,0.0000,0.5000,0.0000
0.5000,0.0000,0.5000,0.0000
0.5000,0.0000,0.5000,0.0000
0.5000,0.0000,0.5000,0.0000
0.5000,0.0000,0.5000,0.0000
0.5000,0.0000,0.5000,0.0000
0.5000,0.0000,0.5000,0.0000
0.5000,0.0000,0.5000,0.0000
0.5000,0.0000,0.5000,0.0000
0.5000,0.0000,0.5000,0.0000
0.5000,0.0000,0.5000,0.0000
0.5000,0.0000,0.5000,0.0000
0.5000,0.0000,0.5000,0.0000
0.5000,0.0000,0.5000,0.0000
0.5000,0.0000,0.5000,0.0000
0.5000,0.0000,0.5000,0.0000
0.5000,0.0000,0.5000,0.0000
0.5000,0.0000,0.5000,0.0000
0.5000,0.0000,0.5000,0.0000
0.5000,0.0000,0.5000,0.0000
0.5000,0.0000,0.5000,0.0000
0.5000,0.0000,0.5000,0.0000
0.5000,0.0000,0.5000,0.0000
0.5000,0.0000,0.5000,0.0000
0.5000,0.0000,0.5000,0.0000
0.5000,0.0000,0.5000,0.0000
0.5000,0.0000,0.5000,0.0000
0.5000,0.0000,0.5000,0.0000
0.5000,0.0000,0.5000,0.0000
0.5000,0.0000,0.5000,0.0000
0.5000,0.0000,0.5000,0.0000
0.5000,0.0000,0.5000,0.0000
0.5000,0.0000,0.5000,0.0000
0.5000,0.0000,0.5000,0.0000
0.5000,0.0000,0.5000,0.0000
6.1289,0.0000,6.1132,-0.3920
6.1132,-0.3920,6.0819,-0.7840
6.0819,-0.7840,6.0348,-1.1760
6.0348,-1.1760,5.9721,-1.5680
5.9721,-1.5680,5.8937,-1.9600
5.8937,-1.9600,5.7996,-2.3520
5.7996,-2.3520,5.6899,-2.7440
5.6899,-2.7440,5.5644,-3.1360
5.5644,-3.1360,5.4233,-3.5280
5.4233,-3.5280,5.2665,-3.9200
5.2665,-3.9200,5.0940,-4.3120
5.0940,-4.3120,4.9059,-4.7040
4.9059,-4.7040,4.7020,-5.0960
4.7020,-5.0960,4.4825,-5.4880
4.4825,-5.4880,4.2473,-5.8800
4.2473,-5.8800,3.9964,-6.2720
3.9964,-6.2720,3.7299,-6.6640
3.7299,-6.6640,3.4476,-7.0560
3.4476,-7.0560,3.1497,-7.4480
3.1497,-7.4480,2.8361,-7.8400
2.8361,-7.8400,2.5068,-8.2320
2.5068,-8.2320,2.1619,-8.6240
2.1619,-8.6240,1.8012,-9.0160
1.8012,-9.0160,1.4249,-9.4080
1.4249,-9.4080,1.0329,-9.8000
1.0329,-9.8000,0.6252,-10.1920
0.6252,-10.1920,0.5000,6.3504
0.5000,6.3504,0.7383,5.9584
0.7383,5.9584,0.9610,5.5664
0.9610,5.5664,1.1680,5.1744
1.1680,5.1744,1.3593,4.7824
1.3593,4.7824,1.5349,4.3904
1.5349,4.3904,1.6948,3.9984
1.6948,3.9984,1.8391,3.6064
1.8391,3.6064,1.9676,3.2144
1.9676,3.2144,2.0805,2.8224
2.0805,2.8224,2.1778,2.4304
2.1778,2.4304,2.2593,2.0384
2.2593,2.0384,2.3252,1.6464
2.3252,1.6464,2.3753,1.2544
2.3753,1.2544,2.4098,0.8624
2.4098,0.8624,2.4286,0.4704
2.4286,0.4704,2.4318,0.0784
2.4318,0.0784,2.4192,-0.3136
2.4192,-0.3136,2.3910,-0.7056
2.3910,-0.7056,2.3471,-1.0976
2.3471,-1.0976,2.2875,-1.4896
2.2875,-1.4896,2.2123,-1.8816
2.2123,-1.8816,2.1213,-2.2736
2.1213,-2.2736,2.0147,-2.6656
2.0147,-2.6656,1.8924,-3.0576
1.8924,-3.0576,1.7544,-3.4496
1.7544,-3.4496,1.6007,-3.8416
1.6007,-3.8416,1.4314,-4.2336
1.4314,-4.2336,1.2464,-4.6256
1.2464,-4.6256,1.0457,-5.0176
1.0457,-5.0176,0.8293,-5.4096
0.8293,-5.4096,0.5972,-5.8016
0.5972,-5.8016,0.5000,3.7162
0.5000,3.7162,0.6330,3.3242
0.6330,3.3242,0.7503,2.9322
0.7503,2.9322,0.8519,2.5402
0.8519,2.5402,0.9378,2.1482
0.9378,2.1482,1.0080,1.7562
1.0080,1.7562,1.0626,1.3642
1.0626,1.3642,1.1015,0.9722
1.1015,0.9722,1.1247,0.5802
1.1247,0.5802,1.1322,0.1882
1.1322,0.1882,1.1241,-0.2038
1.1241,-0.2038,1.1002,-0.5958
1.1002,-0.5958,1.0607,-0.9878
1.0607,-0.9878,1.0055,-1.3798
1.0055,-1.3798,0.9346,-1.7718
0.9346,-1.7718,0.8481,-2.1638
0.8481,-2.1638,0.7459,-2.5558
0.7459,-2.5558,0.6279,-2.9478
0.6279,-2.9478,0.5000,2.0039
0.5000,2.0039,0.5645,1.6119
0.5645,1.6119,0.6133,1.2199
0.6133,1.2199,0.6464,0.8279
0.6464,0.8279,0.6638,0.4359
0.6638,0.4359,0.6656,0.0439
0.6656,0.0439,0.6517,-0.3481
0.6517,-0.3481,0.6221,-0.7401
0.6221,-0.7401,0.5768,-1.1321
0.5768,-1.1321,0.5158,-1.5241
0.5158,-1.5241,0.5000,1.1497
0.5000,1.1497,0.5303,0.7577
0.5303,0.7577,0.5449,0.3657
0.5449,0.3657,0.5439,-0.0263
0.5439,-0.0263,0.5271,-0.4183
0.5271,-0.4183,0.5000,0.4862
0.5000,0.4862,0.5038,0.0942
0.5038,0.0942,0.5000,0.0000
0.5000,0.0000,0.5000,0.0000
0.5000,0.0000,0.5000,0.0000
0.5000,0.0000,0.5000,0.0000
0.5000,0.0000,0.5000,0.0000
0.5000,0.0000,0.5000,0.0000
0.5000,0.0000,0.5000,0.0000
0.5000,0.0000,0.5000,0.0000
0.5000,0.0000,0.5000,0.0000
0.5000,0.0000,0.5000,0.0000
0.5000,0.0000,0.5000,0.0000
0.5000,0.0000,0.5000,0.0000
0.5000,0.0000,0.5000,0.0000
0.5000,0.0000,0.5000,0.0000
0.5000,0.0000,0.5000,0.0000
0.5000,0.0000,0.5000,0.0000
0.5000,0.0000,0.5000,0.0000
0.5000,0.0000,0.5000,0.0000
0.5000,0.0000,0.5000,0.0000
0.5000,0.0000,0.5000,0.0000
0.5000,0.0000,0.5000,0.0000
0.5000,0.0000,0.5000,0.0000
0.5000,0.0000,0.5000,0.0000
0.5000,0.0000,0.5000,0.0000
0.5000,0.0000,0.5000,0.0000
0.5000,0.0000,0.5000,0.0000
0.5000,0.0000,0.5000,0.0000
0.5000,0.0000,0.5000,0.0000
0.5000,0.0000,0.5000,0.0000
0.5000,0.0000,0.5000,0.0000
0.5000,0.0000,0.5000,0.0000
0.5000,0.0000,0.5000,0.0000
0.5000,0.0000,0.5000,0.0000
0.5000,0.0000,0.5000,0.0000
0.5000,0.0000,0.5000,0.0000
0.5000,0.0000,0.5000,0.0000
0.5000,0.0000,0.5000,0.0000
0.5000,0.0000,0.5000,0.0000
0.5000,0.0000,0.5000,0.0000
0.5000,0.0000,0.5000,0.0000
0.5000,0.0000,0.5000,0.0000
0.5000,0.0000,0.5000,0.0000
0.5000,0.0000,0.5000,0.0000
0.5000,0.0000,0.5000,0.0000
0.5000,0.0000,0.5000,0.0000
0.5000,0.0000,0.5000,0.0000
0.5000,0.0000,0.5000,0.0000
0.5000,0.0000,0.5000,0.0000
0.5000,0.0000,0.5000,0.0000
0.5000,0.0000,0.5000,0.0000
0.5000,0.0000,0.5000,0.0000
0.5000,0.0000,0.5000,0.0000
0.5000,0.0000,0.5000,0.0000
0.5000,0.0000,0.5000,0.0000
0.5000,0.0000,0.5000,0.0000
0.5000,0.0000,0.5000,0.0000
0.5000,0.0000,0.5000,0.0000
3.1395,0.0000,3.1238,-0.3920
3.1238,-0.3920,3.0925,-0.7840
3.0925,-0.7840,3.0454,-1.1760
3.0454,-1.1760,2.9827,-1.5680
2.9827,-1.5680,2.9043,-1.9600
2.9043,-1.9600,2.8102,-2.3520
2.8102,-2.3520,2.7005,-2.7440
2.7005,-2.7440,2.5750,-3.1360
2.5750,-3.1360,2.4339,-3.5280
2.4339,-3.5280,2.2771,-3.9200
2.2771,-3.9200,2.1046,-4.3120
2.1046,-4.3120,1.9165,-4.7040
1.9165,-4.7040,1.7126,-5.0960
1.7126,-5.0960,1.4931,-5.4880
1.4931,-5.4880,1.2579,-5.8800
1.2579,-5.8800,1.0070,-6.2720
1.0070,-6.2720,0.7405,-6.6640
0.7405,-6.6640,0.5000,4.2336
0.5000,4.2336,0.6537,3.8416
0.6537,3.8416,0.7916,3.4496
0.7916,3.4496,0.9140,3.0576
0.9140,3.0576,1.0206,2.6656
1.0206,2.6656,1.1115,2.2736
1.1115,2.2736,1.1868,1.8816
1.1868,1.8816,1.2464,1.4896
1.2464,1.4896,1.2903,1.0976
1.2903,1.0976,1.3185,0.7056
1.3185,0.7056,1.3310,0.3136
1.3310,0.3136,1.3279,-0.0784
1.3279,-0.0784,1.3091,-0.4704
1.3091,-0.4704,1.2746,-0.8624
1.2746,-0.8624,1.2244,-1.2544
1.2244,-1.2544,1.1586,-1.6464
1.1586,-1.6464,1.0770,-2.0384
1.0770,-2.0384,0.9798,-2.4304
0.9798,-2.4304,0.8669,-2.8224
0.8669,-2.8224,0.7383,-3.2144
0.7383,-3.2144,0.5941,-3.6064
0.5941,-3.6064,0.5000,2.3990
0.5000,2.3990,0.5803,2.0070
0.5803,2.0070,0.6449,1.6150
0.6449,1.6150,0.6938,1.2230
0.6938,1.2230,0.7270,0.8310
0.7270,0.8310,0.7446,0.4390
0.7446,0.4390,0.7465,0.0470
0.7465,0.0470,0.7327,-0.3450
0.7327,-0.3450,0.7032,-0.7370
0.7032,-0.7370,0.6581,-1.1290
0.6581,-1.1290,0.5972,-1.5210
0.5972,-1.5210,0.5207,-1.9130
0.5207,-1.9130,0.5000,1.3830
0.5000,1.3830,0.5396,0.9910
0.5396,0.9910,0.5636,0.5990
0.5636,0.5990,0.5719,0.2070
0.5719,0.2070,0.5645,-0.1850
0.5645,-0.1850,0.5414,-0.5770
0.5414,-0.5770,0.5026,-0.9690
0.5026,-0.9690,0.5000,0.8166
0.5000,0.8166,0.5170,0.4246
0.5170,0.4246,0.5183,0.0326
0.5183,0.0326,0.5039,-0.3594
0.5039,-0.3594,0.5000,0.4508
0.5000,0.4508,0.5024,0.0588
0.5024,0.0588,0.5000,0.0000
0.5000,0.0000,0.5000,0.0000
0.5000,0.0000,0.5000,0.0000
0.5000,0.0000,0.5000,0.0000
0.5000,0.0000,0.5000,0.0000
0.5000,0.0000,0.5000,0.0000
0.5000,0.0000,0.5000,0.0000
0.5000,0.0000,0.5000,0.0000
0.5000,0.0000,0.5000,0.0000
0.5000,0.0000,0.5000,0.0000
0.5000,0.0000,0.5000,0.0000
0.5000,0.0000,0.5000,0.0000
0.5000,0.0000,0.5000,0.0000
0.5000,0.0000,0.5000,0.0000
0.5000,0.0000,0.5000,0.0000
0.5000,0.0000,0.5000,0.0000
0.5000,0.0000,0.5000,0.0000
0.5000,0.0000,0.5000,0.0000
0.5000,0.0000,0.5000,0.0000
0.5000,0.0000,0.5000,0.0000
0.5000,0.0000,0.5000,0.0000
0.5000,0.0000,0.5000,0.0000
0.5000,0.0000,0.5000,0.0000
0.5000,0.0000,0.5000,0.0000
0.5000,0.0000,0.5000,0.0000
0.5000,0.0000,0.5000,0.0000
0.5000,0.0000,0.5000,0.0000
0.5000,0.0000,0.5000,0.0000
0.5000,0.0000,0.5000,0.0000
0.5000,0.0000,0.5000,0.0000
0.5000,0.0000,0.5000,0.0000
0.5000,0.0000,0.5000,0.0000
0.5000,0.0000,0.5000,0.0000
0.5000,0.0000,0.5000,0.0000
0.5000,0.0000,0.5000,0.0000
0.5000,0.0000,0.5000,0.0000
0.5000,0.0000,0.5000,0.0000
0.5000,0.0000,0.5000,0.0000
0.5000,0.0000,0.5000,0.0000
0.5000,0.0000,0.5000,0.0000
0.5000,0.0000,0.5000,0.0000
0.5000,0.0000,0.5000,0.0000
0.5000,0.0000,0.5000,0.0000
0.5000,0.0000,0.5000,0.0000
0.5000,0.0000,0.5000,0.0000
0.5000,0.0000,0.5000,0.0000
0.5000,0.0000,0.5000,0.0000
0.5000,0.0000,0.5000,0.0000
0.5000,0.0000,0.5000,0.0000
0.5000,0.0000,0.5000,0.0000
0.5000,0.0000,0.5000,0.0000
0.5000,0.0000,0.5000,0.0000
0.5000,0.0000,0.5000,0.0000
0.5000,0.0000,0.5000,0.0000
0.5000,0.0000,0.5000,0.0000
0.5000,0.0000,0.5000,0.0000
0.5000,0.0000,0.5000,0.0000
0.5000,0.0000,0.5000,0.0000
0.5000,0.0000,0.5000,0.0000
0.5000,0.0000,0.5000,0.0000
0.5000,0.0000,0.5000,0.0000
0.5000,0.0000,0.5000,0.0000
0.5000,0.0000,0.5000,0.0000
0.5000,0.0000,0.5000,0.0000
0.5000,0.0000,0.5000,0.0000
0.5000,0.0000,0.5000,0.0000
0.5000,0.0000,0.5000,0.0000
0.5000,0.0000,0.5000,0.0000
0.5000,0.0000,0.5000,0.0000
0.5000,0.0000,0.5000,0.0000
0.5000,0.0000,0.5000,0.0000
0.5000,0.0000,0.5000,0.0000
0.5000,0.0000,0.5000,0.0000
0.5000,0.0000,0.5000,0.0000
0.5000,0.0000,0.5000,0.0000
0.5000,0.0000,0.5000,0.0000
0.5000,0.0000,0.5000,0.0000
0.5000,0.0000,0.5000,0.0000
0.5000,0.0000,0.5000,0.0000
0.5000,0.0000,0.5000,0.0000
0.5000,0.0000,0.5000,0.0000
0.5000,0.0000,0.5000,0.0000
0.5000,0.0000,0.5000,0.0000
0.5000,0.0000,0.5000,0.0000
0.5000,0.0000,0.5000,0.0000
0.5000,0.0000,0.5000,0.0000
0.5000,0.0000,0.5000,0.0000
8.7939,0.0000,8.7782,-0.3920
8.7782,-0.3920,8.7469,-0.7840
8.7469,-0.7840,8.6998,-1.1760
8.6998,-1.1760,8.6371,-1.5680
8.6371,-1.5680,8.5587,-1.9600
8.5587,-1.9600,8.4646,-2.3520
8.4646,-2.3520,8.3549,-2.7440
8.3549,-2.7440,8.2294,-3.1360
8.2294,-3.1360,8.0883,-3.5280
8.0883,-3.5280,7.9315,-3.9200
7.9315,-3.9200,7.7590,-4.3120
7.7590,-4.3120,7.5709,-4.7040
7.5709,-4.7040,7.3670,-5.0960
7.3670,-5.0960,7.1475,-5.4880
7.1475,-5.4880,6.9123,-5.8800
6.9123,-5.8800,6.6614,-6.2720
6.6614,-6.2720,6.3949,-6.6640
6.3949,-6.6640,6.1126,-7.0560
6.1126,-7.0560,5.8147,-7.4480
5.8147,-7.4480,5.5011,-7.8400
5.5011,-7.8400,5.1718,-8.2320
5.1718,-8.2320,4.8269,-8.6240
4.8269,-8.6240,4.4662,-9.0160
4.4662,-9.0160,4.0899,-9.4080
4.0899,-9.4080,3.6979,-9.8000
3.6979,-9.8000,3.2902,-10.1920
3.2902,-10.1920,2.8669,-10.5840
2.8669,-10.5840,2.4278,-10.9760
2.4278,-10.9760,1.9731,-11.3680
1.9731,-11.3680,1.5027,-11.7600
1.5027,-11.7600,1.0166,-12.1520
1.0166,-12.1520,0.5149,-12.5440
0.5149,-12.5440,0.5000,7.7616
0.5000,7.7616,0.7948,7.3696
0.7948,7.3696,1.0739,6.9776
1.0739,6.9776,1.3373,6.5856
1.3373,6.5856,1.5851,6.1936
1.5851,6.1936,1.8171,5.8016
1.8171,5.8016,2.0335,5.4096
2.0335,5.4096,2.2342,5.0176
2.2342,5.0176,2.4192,4.6256
2.4192,4.6256,2.5886,4.2336
2.5886,4.2336,2.7422,3.8416
2.7422,3.8416,2.8802,3.4496
2.8802,3.4496,3.0025,3.0576
3.0025,3.0576,3.1092,2.6656
3.1092,2.6656,3.2001,2.2736
3.2001,2.2736,3.2754,1.8816
3.2754,1.8816,3.3349,1.4896
3.3349,1.4896,3.3788,1.0976
3.3788,1.0976,3.4071,0.7056
3.4071,0.7056,3.4196,0.3136
3.4196,0.3136,3.4165,-0.0784
3.4165,-0.0784,3.3977,-0.4704
3.3977,-0.4704,3.3632,-0.8624
3.3632,-0.8624,3.3130,-1.2544
3.3130,-1.2544,3.2471,-1.6464
3.2471,-1.6464,3.1656,-2.0384
3.1656,-2.0384,3.0684,-2.4304
3.0684,-2.4304,2.9555,-2.8224
2.9555,-2.8224,2.8269,-3.2144
2.8269,-3.2144,2.6827,-3.6064
2.6827,-3.6064,2.5227,-3.9984
2.5227,-3.9984,2.3471,-4.3904
2.3471,-4.3904,2.1558,-4.7824
2.1558,-4.7824,1.9488,-5.1744
1.9488,-5.1744,1.7262,-5.5664
1.7262,-5.5664,1.4878,-5.9584
1.4878,-5.9584,1.2338,-6.3504
1.2338,-6.3504,0.9641,-6.7424
0.9641,-6.7424,0.6788,-7.1344
0.6788,-7.1344,0.5000,4.5158
0.5000,4.5158,0.6650,4.1238
0.6650,4.1238,0.8142,3.7318
0.8142,3.7318,0.9478,3.3398
0.9478,3.3398,1.0657,2.9478
1.0657,2.9478,1.1680,2.5558
1.1680,2.5558,1.2545,2.1638
1.2545,2.1638,1.3254,1.7718
1.3254,1.7718,1.3806,1.3798
1.3806,1.3798,1.4201,0.9878
1.4201,0.9878,1.4439,0.5958
1.4439,0.5958,1.4521,0.2038
1.4521,0.2038,1.4446,-0.1882
1.4446,-0.1882,1.4214,-0.5802
1.4214,-0.5802,1.3825,-0.9722
1.3825,-0.9722,1.3279,-1.3642
1.3279,-1.3642,1.2577,-1.7562
1.2577,-1.7562,1.1717,-2.1482
1.1717,-2.1482,1.0701,-2.5402
1.0701,-2.5402,0.9528,-2.9322
0.9528,-2.9322,0.8199,-3.3242
0.8199,-3.3242,0.6712,-3.7162
0.6712,-3.7162,0.5069,-4.1082
0.5069,-4.1082,0.5000,2.7001
0.5000,2.7001,0.5923,2.3081
0.5923,2.3081,0.6690,1.9161
0.6690,1.9161,0.7299,1.5241
0.7299,1.5241,0.7752,1.1321
0.7752,1.1321,0.8048,0.7401
0.8048,0.7401,0.8187,0.3481
0.8187,0.3481,0.8170,-0.0439
0.8170,-0.0439,0.7996,-0.4359
0.7996,-0.4359,0.7664,-0.8279
0.7664,-0.8279,0.7176,-1.2199
0.7176,-1.2199,0.6532,-1.6119
0.6532,-1.6119,0.5730,-2.0039
0.5730,-2.0039,0.5000,1.4375
0.5000,1.4375,0.5418,1.0455
0.5418,1.0455,0.5680,0.6535
0.5680,0.6535,0.5784,0.2615
0.5784,0.2615,0.5732,-0.1305
0.5732,-0.1305,0.5523,-0.5225
0.5523,-0.5225,0.5157,-0.9145
0.5157,-0.9145,0.5000,0.7839
0.5000,0.7839,0.5157,0.3919
0.5157,0.3919,0.5157,-0.0001
0.5157,-0.0001,0.5000,0.0000
0.5000,0.0000,0.5000,0.0000
0.5000,0.0000,0.5000,0.0000
0.5000,0.0000,0.5000,0.0000
0.5000,0.0000,0.5000,0.0000
0.5000,0.0000,0.5000,0.0000
0.5000,0.0000,0.5000,0.0000
0.5000,0.0000,0.5000,0.0000
0.5000,0.0000,0.5000,0.0000
0.5000,0.0000,0.5000,0.0000
0.5000,0.0000,0.5000,0.0000
0.5000,0.0000,0.5000,0.0000
0.5000,0.0000,0.5000,0.0000
0.5000,0.0000,0.5000,0.0000
0.5000,0.0000,0.5000,0.0000
0.5000,0.0000,0.5000,0.0000
0.5000,0.0000,0.5000,0.0000
0.5000,0.0000,0.5000,0.0000
0.5000,0.0000,0.5000,0.0000
0.5000,0.0000,0.5000,0.0000
0.5000,0.0000,0.5000,0.0000
0.5000,0.0000,0.5000,0.0000
0.5000,0.0000,0.5000,0.0000
0.5000,0.0000,0.5000,0.0000
0.5000,0.0000,0.5000,0.0000
0.5000,0.0000,0.5000,0.0000
0.5000,0.0000,0.5000,0.0000
0.5000,0.0000,0.5000,0.0000
0.5000,0.0000,0.5000,0.0000
0.5000,0.0000,0.5000,0.0000
0.5000,0.0000,0.5000,0.0000
0.5000,0.0000,0.5000,0.0000
0.5000,0.0000,0.5000,0.0000
2.8074,0.0000,2.7917,-0.3920
2.7917,-0.3920,2.7604,-0.7840
2.7604,-0.7840,2.7133,-1.1760
2.7133,-1.1760,2.6506,-1.5680
2.6506,-1.5680,2.5722,-1.9600
2.5722,-1.9600,2.4781,-2.3520
2.4781,-2.3520,2.3684,-2.7440
2.3684,-2.7440,2.2429,-3.1360
2.2429,-3.1360,2.1018,-3.5280
2.1018,-3.5280,1.9450,-3.9200
1.9450,-3.9200,1.7725,-4.3120
1.7725,-4.3120,1.5844,-4.7040
1.5844,-4.7040,1.3805,-5.0960
1.3805,-5.0960,1.1610,-5.4880
1.1610,-5.4880,0.9258,-5.8800
0.9258,-5.8800,0.6749,-6.2720
0.6749,-6.2720,0.5000,3.9984
0.5000,3.9984,0.6443,3.6064
0.6443,3.6064,0.7728,3.2144
0.7728,3.2144,0.8857,2.8224
0.8857,2.8224,0.9829,2.4304
0.9829,2.4304,1.0645,2.0384
1.0645,2.0384,1.1303,1.6464
1.1303,1.6464,1.1805,1.2544
1.1805,1.2544,1.2150,0.8624
1.2150,0.8624,1.2338,0.4704
1.2338,0.4704,1.2370,0.0784
1.2370,0.0784,1.2244,-0.3136
1.2244,-0.3136,1.1962,-0.7056
1.1962,-0.7056,1.1523,-1.0976
1.1523,-1.0976,1.0927,-1.4896
1.0927,-1.4896,1.0174,-1.8816
1.0174,-1.8816,0.9265,-2.2736
0.9265,-2.2736,0.8199,-2.6656
0.8199,-2.6656,0.6976,-3.0576
0.6976,-3.0576,0.5596,-3.4496
0.5596,-3.4496,0.5000,2.3050
0.5000,2.3050,0.5765,1.9130
0.5765,1.9130,0.6374,1.5210
0.6374,1.5210,0.6825,1.1290
0.6825,1.1290,0.7120,0.7370
0.7120,0.7370,0.7258,0.3450
0.7258,0.3450,0.7239,-0.0470
0.7239,-0.0470,0.7063,-0.4390
0.7063,-0.4390,0.6731,-0.8310
0.6731,-0.8310,0.6242,-1.2230
0.6242,-1.2230,0.5596,-1.6150
0.5596,-1.6150,0.5000,1.2042
0.5000,1.2042,0.5325,0.8122
0.5325,0.8122,0.5493,0.4202
0.5493,0.4202,0.5504,0.0282
0.5504,0.0282,0.5359,-0.3638
0.5359,-0.3638,0.5056,-0.7558
0.5056,-0.7558,0.5000,0.6887
0.5000,0.6887,0.5119,0.2967
0.5119,0.2967,0.5081,-0.0953
0.5081,-0.0953,0.5000,0.0000
0.5000,0.0000,0.5000,0.0000
0.5000,0.0000,0.5000,0.0000
0.5000,0.0000,0.5000,0.0000
0.5000,0.0000,0.5000,0.0000
0.5000,0.0000,0.5000,0.0000
0.5000,0.0000,0.5000,0.0000
0.5000,0.0000,0.5000,0.0000
0.5000,0.0000,0.5000,0.0000
0.5000,0.0000,0.5000,0.0000
0.5000,0.0000,0.5000,0.0000
0.5000,0.0000,0.5000,0.0000
0.5000,0.0000,0.5000,0.0000
0.5000,0.0000,0.5000,0.0000
0.5000,0.0000,0.5000,0.0000
0.5000,0.0000,0.5000,0.0000
0.5000,0.0000,0.5000,0.0000
0.5000,0.0000,0.5000,0.0000
0.5000,0.0000,0.5000,0.0000
0.5000,0.0000,0.5000,0.0000
0.5000,0.0000,0.5000,0.0000
0.5000,0.0000,0.5000,0.0000
0.5000,0.0000,0.5000,0.0000
0.5000,0.0000,0.5000,0.0000
0.5000,0.0000,0.5000,0.0000
0.5000,0.0000,0.5000,0.0000
0.5000,0.0000,0.5000,0.0000
0.5000,0.0000,0.5000,0.0000
0.5000,0.0000,0.5000,0.0000
0.5000,0.0000,0.5000,0.0000
0.5000,0.0000,0.5000,0.0000
0.5000,0.0000,0.5000,0.0000
0.5000,0.0000,0.5000,0.0000
0.5000,0.0000,0.5000,0.0000
0.5000,0.0000,0.5000,0.0000
0.5000,0.0000,0.5000,0.0000
0.5000,0.0000,0.5000,0.0000
0.5000,0.0000,0.5000,0.0000
0.5000,0.0000,0.5000,0.0000
0.5000,0.0000,0.5000,0.0000
0.5000,0.0000,0.5000,0.0000
0.5000,0.0000,0.5000,0.0000
0.5000,0.0000,0.5000,0.0000
0.5000,0.0000,0.5000,0.0000
0.5000,0.0000,0.5000,0.0000
0.5000,0.0000,0.5000,0.0000
0.5000,0.0000,0.5000,0.0000
0.5000,0.0000,0.5000,0.0000
0.5000,0.0000,0.5000,0.0000
0.5000,0.0000,0.5000,0.0000
0.5000,0.0000,0.5000,0.0000
0.5000,0.0000,0.5000,0.0000
0.5000,0.0000,0.5000,0.0000
0.5000,0.0000,0.5000,0.0000
0.5000,0.0000,0.5000,0.0000
0.5000,0.0000,0.5000,0.0000
0.5000,0.0000,0.5000,0.0000
0.5000,0.0000,0.5000,0.0000
0.5000,0.0000,0.5000,0.0000
0.5000,0.0000,0.5000,0.0000
0.5000,0.0000,0.5000,0.0000
0.5000,0.0000,0.5000,0.0000
0.5000,0.0000,0.5000,0.0000
0.5000,0.0000,0.5000,0.0000
0.5000,0.0000,0.5000,0.0000
0.5000,0.0000,0.5000,0.0000
0.5000,0.0000,0.5000,0.0000
0.5000,0.0000,0.5000,0.0000
0.5000,0.0000,0.5000,0.0000
0.5000,0.0000,0.5000,0.0000
0.5000,0.0000,0.5000,0.0000
0.5000,0.0000,0.5000,0.0000
0.5000,0.0000,0.5000,0.0000
0.5000,0.0000,0.5000,0.0000
0.5000,0.0000,0.5000,0.0000
0.5000,0.0000,0.5000,0.0000
0.5000,0.0000,0.5000,0.0000
0.5000,0.0000,0.5000,0.0000
0.5000,0.0000,0.5000,0.0000
0.5000,0.0000,0.5000,0.0000
0.5000,0.0000,0.5000,0.0000
0.5000,0.0000,0.5000,0.0000
0.5000,0.0000,0.5000,0.0000
0.5000,0.0000,0.5000,0.0000
0.5000,0.0000,0.5000,0.0000
0.5000,0.0000,0.5000,0.0000
0.5000,0.0000,0.5000,0.0000
0.5000,0.0000,0.5000,0.0000
0.5000,0.0000,0.5000,0.0000
0.5000,0.0000,0.5000,0.0000
0.5000,0.0000,0.5000,0.0000
0.5000,0.0000,0.5000,0.0000
0.5000,0.0000,0.5000,0.0000
0.5000,0.0000,0.5000,0.0000
9.2137,0.0000,9.1980,-0.3920
9.1980,-0.3920,9.1667,-0.7840
9.1667,-0.7840,9.1196,-1.1760
9.1196,-1.1760,9.0569,-1.5680
9.0569,-1.5680,8.9785,-1.9600
8.9785,-1.9600,8.8844,-2.3520
8.8844,-2.3520,8.7747,-2.7440
8.7747,-2.7440,8.6492,-3.1360
8.6492,-3.1360,8.5081,-3.5280
8.5081,-3.5280,8.3513,-3.9200
8.3513,-3.9200,8.1788,-4.3120
8.1788,-4.3120,7.9907,-4.7040
7.9907,-4.7040,7.7868,-5.0960
7.7868,-5.0960,7.5673,-5.4880
7.5673,-5.4880,7.3321,-5.8800
7.3321,-5.8800,7.0812,-6.2720
7.0812,-6.2720,6.8147,-6.6640
6.8147,-6.6640,6.5324,-7.0560
6.5324,-7.0560,6.2345,-7.4480
6.2345,-7.4480,5.9209,-7.8400
5.9209,-7.8400,5.5916,-8.2320
5.5916,-8.2320,5.2467,-8.6240
5.2467,-8.6240,4.8860,-9.0160
4.8860,-9.0160,4.5097,-9.4080
4.5097,-9.4080,4.1177,-9.8000
4.1177,-9.8000,3.7100,-10.1920
3.7100,-10.1920,3.2867,-10.5840
3.2867,-10.5840,2.8476,-10.9760
2.8476,-10.9760,2.3929,-11.3680
2.3929,-11.3680,1.9225,-11.7600
1.9225,-11.7600,1.4364,-12.1520
1.4364,-12.1520,0.9347,-12.5440
0.9347,-12.5440,0.5000,7.7616
0.5000,7.7616,0.7948,7.3696
0.7948,7.3696,1.0739,6.9776
1.0739,6.9776,1.3373,6.5856
1.3373,6.5856,1.5851,6.1936
1.5851,6.1936,1.8171,5.8016
1.8171,5.8016,2.0335,5.4096
2.0335,5.4096,2.2342,5.0176
2.2342,5.0176,2.4192,4.6256
2.4192,4.6256,2.5886,4.2336
2.5886,4.2336,2.7422,3.8416
2.7422,3.8416,2.8802,3.4496
2.8802,3.4496,3.0025,3.0576
3.0025,3.0576,3.1092,2.6656
3.1092,2.6656,3.2001,2.2736
3.2001,2.2736,3.2754,1.8816
3.2754,1.8816,3.3349,1.4896
3.3349,1.4896,3.3788,1.0976
3.3788,1.0976,3.4071,0.7056
3.4071,0.7056,3.4196,0.3136
3.4196,0.3136,3.4165,-0.0784
3.4165,-0.0784,3.3977,-0.4704
3.3977,-0.4704,3.3632,-0.8624
3.3632,-0.8624,3.3130,-1.2544
3.3130,-1.2544,3.2471,-1.6464
3.2471,-1.6464,3.1656,-2.0384
3.1656,-2.0384,3.0684,-2.4304
3.0684,-2.4304,2.9555,-2.8224
2.9555,-2.8224,2.8269,-3.2144
2.8269,-3.2144,2.6827,-3.6064
2.6827,-3.6064,2.5227,-3.9984
2.5227,-3.9984,2.3471,-4.3904
2.3471,-4.3904,2.1558,-4.7824
2.1558,-4.7824,1.9488,-5.1744
1.9488,-5.1744,1.7262,-5.5664
1.7262,-5.5664,1.4878,-5.9584
1.4878,-5.9584,1.2338,-6.3504
1.2338,-6.3504,0.9641,-6.7424
0.9641,-6.7424,0.6788,-7.1344
0.6788,-7.1344,0.5000,4.5158
0.5000,4.5158,0.6650,4.1238
0.6650,4.1238,0.8142,3.7318
0.8142,3.7318,0.9478,3.3398
0.9478,3.3398,1.0657,2.9478
1.0657,2.9478,1.1680,2.5558
1.1680,2.5558,1.2545,2.1638
1.2545,2.1638,1.3254,1.7718
1.3254,1.7718,1.3806,1.3798
1.3806,1.3798,1.4201,0.9878
1.4201,0.9878,1.4439,0.5958
1.4439,0.5958,1.4521,0.2038
1.4521,0.2038,1.4446,-0.1882
1.4446,-0.1882,1.4214,-0.5802
1.4214,-0.5802,1.3825,-0.9722
1.3825,-0.9722,1.3279,-1.3642
1.3279,-1.3642,1.2577,-1.7562
1.2577,-1.7562,1.1717,-2.1482
1.1717,-2.1482,1.0701,-2.5402
1.0701,-2.5402,0.9528,-2.9322
0.9528,-2.9322,0.8199,-3.3242
0.8199,-3.3242,0.6712,-3.7162
0.6712,-3.7162,0.5069,-4.1082
0.5069,-4.1082,0.5000,2.7001
0.5000,2.7001,0.5923,2.3081
0.5923,2.3081,0.6690,1.9161
0.6690,1.9161,0.7299,1.5241
0.7299,1.5241,0.7752,1.1321
0.7752,1.1321,0.8048,0.7401
0.8048,0.7401,0.8187,0.3481
0.8187,0.3481,0.8170,-0.0439
0.8170,-0.0439,0.7996,-0.4359
0.7996,-0.4359,0.7664,-0.8279
0.7664,-0.8279,0.7176,-1.2199
0.7176,-1.2199,0.6532,-1.6119
0.6532,-1.6119,0.5730,-2.0039
0.5730,-2.0039,0.5000,1.4375
0.5000,1.4375,0.5418,1.0455
0.5418,1.0455,0.5680,0.6535
0.5680,0.6535,0.5784,0.2615
0.5784,0.2615,0.5732,-0.1305
0.5732,-0.1305,0.5523,-0.5225
0.5523,-0.5225,0.5157,-0.9145
0.5157,-0.9145,0.5000,0.7839
0.5000,0.7839,0.5157,0.3919
0.5157,0.3919,0.5157,-0.0001
0.5157,-0.0001,0.5000,0.0000
0.5000,0.0000,0.5000,0.0000
0.5000,0.0000,0.5000,0.0000
0.5000,0.0000,0.5000,0.0000
0.5000,0.0000,0.5000,0.0000
0.5000,0.0000,0.5000,0.0000
0.5000,0.0000,0.5000,0.0000
0.5000,0.0000,0.5000,0.0000
0.5000,0.0000,0.5000,0.0000
0.5000,0.0000,0.5000,0.0000
0.5000,0.0000,0.5000,0.0000
0.5000,0.0000,0.5000,0.0000
0.5000,0.0000,0.5000,0.0000
0.5000,0.0000,0.5000,0.0000
0.5000,0.0000,0.5000,0.0000
0.5000,0.0000,0.5000,0.0000
0.5000,0.0000,0.5000,0.0000
0.5000,0.0000,0.5000,0.0000
0.5000,0.0000,0.5000,0.0000
0.5000,0.0000,0.5000,0.0000
0.5000,0.0000,0.5000,0.0000
0.5000,0.0000,0.5000,0.0000
0.5000,0.0000,0.5000,0.0000
0.5000,0.0000,0.5000,0.0000
0.5000,0.0000,0.5000,0.0000
0.5000,0.0000,0.5000,0.0000
0.5000,0.0000,0.5000,0.0000
0.5000,0.0000,0.5000,0.0000
0.5000,0.0000,0.5000,0.0000
0.5000,0.0000,0.5000,0.0000
0.5000,0.0000,0.5000,0.0000
0.5000,0.0000,0.5000,0.0000
0.5000,0.0000,0.5000,0.0000
6.6805,0.0000,6.6648,-0.3920
6.6648,-0.3920,6.6335,-0.7840
6.6335,-0.7840,6.5864,-1.1760
6.5864,-1.1760,6.5237,-1.5680
6.5237,-1.5680,6.4453,-1.9600
6.4453,-1.9600,6.3512,-2.3520
6.3512,-2.3520,6.2415,-2.7440
6.2415,-2.7440,6.1160,-3.1360
6.1160,-3.1360,5.9749,-3.5280
5.9749,-3.5280,5.8181,-3.9200
5.8181,-3.9200,5.6456,-4.3120
5.6456,-4.3120,5.4575,-4.7040
5.4575,-4.7040,5.2536,-5.0960
5.2536,-5.0960,5.0341,-5.4880
5.0341,-5.4880,4.7989,-5.8800
4.7989,-5.8800,4.5480,-6.2720
4.5480,-6.2720,4.2815,-6.6640
4.2815,-6.6640,3.9992,-7.0560
3.9992,-7.0560,3.7013,-7.4480
3.7013,-7.4480,3.3877,-7.8400
3.3877,-7.8400,3.0584,-8.2320
3.0584,-8.2320,2.7135,-8.6240
2.7135,-8.6240,2.3528,-9.0160
2.3528,-9.0160,1.9765,-9.4080
1.9765,-9.4080,1.5845,-9.8000
1.5845,-9.8000,1.1768,-10.1920
1.1768,-10.1920,0.7535,-10.5840
0.7535,-10.5840,0.5000,6.5856
0.5000,6.5856,0.7477,6.1936
0.7477,6.1936,0.9798,5.8016
0.9798,5.8016,1.1962,5.4096
1.1962,5.4096,1.3969,5.0176
1.3969,5.0176,1.5819,4.6256
1.5819,4.6256,1.7513,4.2336
1.7513,4.2336,1.9049,3.8416
1.9049,3.8416,2.0429,3.4496
2.0429,3.4496,2.1652,3.0576
2.1652,3.0576,2.2718,2.6656
2.2718,2.6656,2.3628,2.2736
2.3628,2.2736,2.4380,1.8816
2.4380,1.8816,2.4976,1.4896
2.4976,1.4896,2.5415,1.0976
2.5415,1.0976,2.5698,0.7056
2.5698,0.7056,2.5823,0.3136
2.5823,0.3136,2.5792,-0.0784
2.5792,-0.0784,2.5604,-0.4704
2.5604,-0.4704,2.5259,-0.8624
2.5259,-0.8624,2.4757,-1.2544
2.4757,-1.2544,2.4098,-1.6464
2.4098,-1.6464,2.3283,-2.0384
2.3283,-2.0384,2.2311,-2.4304
2.2311,-2.4304,2.1182,-2.8224
2.1182,-2.8224,1.9896,-3.2144
1.9896,-3.2144,1.8453,-3.6064
1.8453,-3.6064,1.6854,-3.9984
1.6854,-3.9984,1.5098,-4.3904
1.5098,-4.3904,1.3185,-4.7824
1.3185,-4.7824,1.1115,-5.1744
1.1115,-5.1744,0.8889,-5.5664
0.8889,-5.5664,0.6505,-5.9584
0.6505,-5.9584,0.5000,3.8102
0.5000,3.8102,0.6367,3.4182
0.6367,3.4182,0.7578,3.0262
0.7578,3.0262,0.8631,2.6342
0.8631,2.6342,0.9528,2.2422
0.9528,2.2422,1.0268,1.8502
1.0268,1.8502,1.0852,1.4582
1.0852,1.4582,1.1278,1.0662
1.1278,1.0662,1.1548,0.6742
1.1548,0.6742,1.1661,0.2822
1.1661,0.2822,1.1617,-0.1098
1.1617,-0.1098,1.1416,-0.5018
1.1416,-0.5018,1.1059,-0.8938
1.1059,-0.8938,1.0544,-1.2858
1.0544,-1.2858,0.9873,-1.6778
0.9873,-1.6778,0.9045,-2.0698
0.9045,-2.0698,0.8061,-2.4618
0.8061,-2.4618,0.6919,-2.8538
0.6919,-2.8538,0.5621,-3.2458
0.5621,-3.2458,0.5000,2.1827
0.5000,2.1827,0.5716,1.7907
0.5716,1.7907,0.6276,1.3987
0.6276,1.3987,0.6678,1.0067
0.6678,1.0067,0.6924,0.6147
0.6924,0.6147,0.7013,0.2227
0.7013,0.2227,0.6946,-0.1693
0.6946,-0.1693,0.6721,-0.5613
0.6721,-0.5613,0.6340,-0.9533
0.6340,-0.9533,0.5802,-1.3453
0.5802,-1.3453,0.5107,-1.7373
0.5107,-1.7373,0.5000,1.2776
0.5000,1.2776,0.5354,0.8856
0.5354,0.8856,0.5552,0.4936
0.5552,0.4936,0.5592,0.1016
0.5592,0.1016,0.5476,-0.2904
0.5476,-0.2904,0.5203,-0.6824
0.5203,-0.6824,0.5000,0.6446
0.5000,0.6446,0.5101,0.2526
0.5101,0.2526,0.5045,-0.1394
0.5045,-0.1394,0.5000,0.0000
0.5000,0.0000,0.5000,0.0000
0.5000,0.0000,0.5000,0.0000
0.5000,0.0000,0.5000,0.0000
0.5000,0.0000,0.5000,0.0000
0.5000,0.0000,0.5000,0.0000
0.5000,0.0000,0.5000,0.0000
0.5000,0.0000,0.5000,0.0000
0.5000,0.0000,0.5000,0.0000
0.5000,0.0000,0.5000,0.0000
0.5000,0.0000,0.5000,0.0000
0.5000,0.0000,0.5000,0.0000
0.5000,0.0000,0.5000,0.0000
0.5000,0.0000,0.5000,0.0000
0.5000,0.0000,0.5000,0.0000
0.5000,0.0000,0.5000,0.0000
0.5000,0.0000,0.5000,0.0000
0.5000,0.0000,0.5000,0.0000
0.5000,0.0000,0.5000,0.0000
0.5000,0.0000,0.5000,0.0000
0.5000,0.0000,0.5000,0.0000
0.5000,0.0000,0.5000,0.0000
0.5000,0.0000,0.5000,0.0000
0.5000,0.0000,0.5000,0.0000
0.5000,0.0000,0.5000,0.0000
0.5000,0.0000,0.5000,0.0000
0.5000,0.0000,0.5000,0.0000
0.5000,0.0000,0.5000,0.0000
0.5000,0.0000,0.5000,0.0000
0.5000,0.0000,0.5000,0.0000
0.5000,0.0000,0.5000,0.0000
0.5000,0.0000,0.5000,0.0000
0.5000,0.0000,0.5000,0.0000
0.5000,0.0000,0.5000,0.0000
0.5000,0.0000,0.5000,0.0000
0.5000,0.0000,0.5000,0.0000
0.5000,0.0000,0.5000,0.0000
0.5000,0.0000,0.5000,0.0000
0.5000,0.0000,0.5000,0.0000
0.5000,0.0000,0.5000,0.0000
0.5000,0.0000,0.5000,0.0000
0.5000,0.0000,0.5000,0.0000
0.5000,0.0000,0.5000,0.0000
0.5000,0.0000,0.5000,0.0000
0.5000,0.0000,0.5000,0.0000
0.5000,0.0000,0.5000,0.0000
0.5000,0.0000,0.5000,0.0000
0.5000,0.0000,0.5000,0.0000
0.5000,0.0000,0.5000,0.0000
0.5000,0.0000,0.5000,0.0000
0.5000,0.0000,0.5000,0.0000
2.6672,0.0000,2.6515,-0.3920
2.6515,-0.3920,2.6201,-0.7840
2.6201,-0.7840,2.5731,-1.1760
2.5731,-1.1760,2.5104,-1.5680
2.5104,-1.5680,2.4320,-1.9600
2.4320,-1.9600,2.3379,-2.3520
2.3379,-2.3520,2.2281,-2.7440
2.2281,-2.7440,2.1027,-3.1360
2.1027,-3.1360,1.9616,-3.5280
1.9616,-3.5280,1.8048,-3.9200
1.8048,-3.9200,1.6323,-4.3120
1.6323,-4.3120,1.4441,-4.7040
1.4441,-4.7040,1.2403,-5.0960
1.2403,-5.0960,1.0208,-5.4880
1.0208,-5.4880,0.7856,-5.8800
0.7856,-5.8800,0.5347,-6.2720
0.5347,-6.2720,0.5000,3.9984
0.5000,3.9984,0.6443,3.6064
0.6443,3.6064,0.7728,3.2144
0.7728,3.2144,0.8857,2.8224
0.8857,2.8224,0.9829,2.4304
0.9829,2.4304,1.0645,2.0384
1.0645,2.0384,1.1303,1.6464
1.1303,1.6464,1.1805,1.2544
1.1805,1.2544,1.2150,0.8624
1.2150,0.8624,1.2338,0.4704
1.2338,0.4704,1.2370,0.0784
1.2370,0.0784,1.2244,-0.3136
1.2244,-0.3136,1.1962,-0.7056
1.1962,-0.7056,1.1523,-1.0976
1.1523,-1.0976,1.0927,-1.4896
1.0927,-1.4896,1.0174,-1.8816
1.0174,-1.8816,0.9265,-2.2736
0.9265,-2.2736,0.8199,-2.6656
0.8199,-2.6656,0.6976,-3.0576
0.6976,-3.0576,0.5596,-3.4496
0.5596,-3.4496,0.5000,2.3050
0.5000,2.3050,0.5765,1.9130
0.5765,1.9130,0.6374,1.5210
0.6374,1.5210,0.6825,1.1290
0.6825,1.1290,0.7120,0.7370
0.7120,0.7370,0.7258,0.3450
0.7258,0.3450,0.7239,-0.0470
0.7239,-0.0470,0.7063,-0.4390
0.7063,-0.4390,0.6731,-0.8310
0.6731,-0.8310,0.6242,-1.2230
0.6242,-1.2230,0.5596,-1.6150
0.5596,-1.6150,0.5000,1.2042
0.5000,1.2042,0.5325,0.8122
0.5325,0.8122,0.5493,0.4202
0.5493,0.4202,0.5504,0.0282
0.5504,0.0282,0.5359,-0.3638
0.5359,-0.3638,0.5056,-0.7558
0.5056,-0.7558,0.5000,0.6887
0.5000,0.6887,0.5119,0.2967
0.5119,0.2967,0.5081,-0.0953
0.5081,-0.0953,0.5000,0.0000
0.5000,0.0000,0.5000,0.0000
0.5000,0.0000,0.5000,0.0000
0.5000,0.0000,0.5000,0.0000
0.5000,0.0000,0.5000,0.0000
0.5000,0.0000,0.5000,0.0000
0.5000,0.0000,0.5000,0.0000
0.5000,0.0000,0.5000,0.0000
0.5000,0.0000,0.5000,0.0000
0.5000,0.0000,0.5000,0.0000
0.5000,0.0000,0.5000,0.0000
0.5000,0.0000,0.5000,0.0000
0.5000,0.0000,0.5000,0.0000
0.5000,0.0000,0.5000,0.0000
0.5000,0.0000,0.5000,0.0000
0.5000,0.0000,0.5000,0.0000
0.5000,0.0000,0.5000,0.0000
0.5000,0.0000,0.5000,0.0000
0.5000,0.0000,0.5000,0.0000
0.5000,0.0000,0.5000,0.0000
0.5000,0.0000,0.5000,0.0000
0.5000,0.0000,0.5000,0.0000
0.5000,0.0000,0.5000,0.0000
0.5000,0.0000,0.5000,0.0000
0.5000,0.0000,0.5000,0.0000
0.5000,0.0000,0.5000,0.0000
0.5000,0.0000,0.5000,0.0000
0.5000,0.0000,0.5000,0.0000
0.5000,0.0000,0.5000,0.0000
0.5000,0.0000,0.5000,0.0000
0.5000,0.0000,0.5000,0.0000
0.5000,0.0000,0.5000,0.0000
0.5000,0.0000,0.5000,0.0000
0.5000,0.0000,0.5000,0.0000
0.5000,0.0000,0.5000,0.0000
0.5000,0.0000,0.5000,0.0000
0.5000,0.0000,0.5000,0.0000
0.5000,0.0000,0.5000,0.0000
0.5000,0.0000,0.5000,0.0000
0.5000,0.0000,0.5000,0.0000
0.5000,0.0000,0.5000,0.0000
0.5000,0.0000,0.5000,0.0000
0.5000,0.0000,0.5000,0.0000
0.5000,0.0000,0.5000,0.0000
0.5000,0.0000,0.5000,0.0000
0.5000,0.0000,0.5000,0.0000
0.5000,0.0000,0.5000,0.0000
0.5000,0.0000,0.5000,0.0000
0.5000,0.0000,0.5000,0.0000
0.5000,0.0000,0.5000,0.0000
0.5000,0.0000,0.5000,0.0000
0.5000,0.0000,0.5000,0.0000
0.5000,0.0000,0.5000,0.0000
0.5000,0.0000,0.5000,0.0000
0.5000,0.0000,0.5000,0.0000
0.5000,0.0000,0.5000,0.0000
0.5000,0.0000,0.5000,0.0000
0.5000,0.0000,0.5000,0.0000
0.5000,0.0000,0.5000,0.0000
0.5000,0.0000,0.5000,0.0000
0.5000,0.0000,0.5000,0.0000
0.5000,0.0000,0.5000,0.0000
0.5000,0.0000,0.5000,0.0000
0.5000,0.0000,0.5000,0.0000
0.5000,0.0000,0.5000,0.0000
0.5000,0.0000,0.5000,0.0000
0.5000,0.0000,0.5000,0.0000
0.5000,0.0000,0.5000,0.0000
0.5000,0.0000,0.5000,0.0000
0.5000,0.0000,0.5000,0.0000
0.5000,0.0000,0.5000,0.0000
0.5000,0.0000,0.5000,0.0000
0.5000,0.0000,0.5000,0.0000
0.5000,0.0000,0.5000,0.0000
0.5000,0.0000,0.5000,0.0000
0.5000,0.0000,0.5000,0.0000
0.5000,0.0000,0.5000,0.0000
0.5000,0.0000,0.5000,0.0000
0.5000,0.0000,0.5000,0.0000
0.5000,0.0000,0.5000,0.0000
0.5000,0.0000,0.5000,0.0000
0.5000,0.0000,0.5000,0.0000
0.5000,0.0000,0.5000,0.0000
0.5000,0.0000,0.5000,0.0000
0.5000,0.0000,0.5000,0.0000
0.5000,0.0000,0.5000,0.0000
0.5000,0.0000,0.5000,0.0000
0.5000,0.0000,0.5000,0.0000
0.5000,0.0000,0.5000,0.0000
0.5000,0.0000,0.5000,0.0000
0.5000,0.0000,0.5000,0.0000
0.5000,0.0000,0.5000,0.0000
0.5000,0.0000,0.5000,0.0000
0.5000,0.0000,0.5000,0.0000
6.5890,0.0000,6.5733,-0.3920
6.5733,-0.3920,6.5420,-0.7840
6.5420,-0.7840,6.4949,-1.1760
6.4949,-1.1760,6.4322,-1.5680
6.4322,-1.5680,6.3538,-1.9600
6.3538,-1.9600,6.2597,-2.3520
6.2597,-2.3520,6.1500,-2.7440
6.1500,-2.7440,6.0245,-3.1360
6.0245,-3.1360,5.8834,-3.5280
5.8834,-3.5280,5.7266,-3.9200
5.7266,-3.9200,5.5541,-4.3120
5.5541,-4.3120,5.3660,-4.7040
5.3660,-4.7040,5.1621,-5.0960
5.1621,-5.0960,4.9426,-5.4880
4.9426,-5.4880,4.7074,-5.8800
4.7074,-5.8800,4.4565,-6.2720
4.4565,-6.2720,4.1900,-6.6640
4.1900,-6.6640,3.9077,-7.0560
3.9077,-7.0560,3.6098,-7.4480
3.6098,-7.4480,3.2962,-7.8400
3.2962,-7.8400,2.9669,-8.2320
2.9669,-8.2320,2.6220,-8.6240
2.6220,-8.6240,2.2613,-9.0160
2.2613,-9.0160,1.8850,-9.4080
1.8850,-9.4080,1.4930,-9.8000
1.4930,-9.8000,1.0853,-10.1920
1.0853,-10.1920,0.6620,-10.5840
0.6620,-10.5840,0.5000,6.5856
0.5000,6.5856,0.7477,6.1936
0.7477,6.1936,0.9798,5.8016
0.9798,5.8016,1.1962,5.4096
1.1962,5.4096,1.3969,5.0176
1.3969,5.0176,1.5819,4.6256
1.5819,4.6256,1.7513,4.2336
1.7513,4.2336,1.9049,3.8416
1.9049,3.8416,2.0429,3.4496
2.0429,3.4496,2.1652,3.0576
2.1652,3.0576,2.2718,2.6656
2.2718,2.6656,2.3628,2.2736
2.3628,2.2736,2.4380,1.8816
2.4380,1.8816,2.4976,1.4896
2.4976,1.4896,2.5415,1.0976
2.5415,1.0976,2.5698,0.7056
2.5698,0.7056,2.5823,0.3136
2.5823,0.3136,2.5792,-0.0784
2.5792,-0.0784,2.5604,-0.4704
2.5604,-0.4704,2.5259,-0.8624
2.5259,-0.8624,2.4757,-1.2544
2.4757,-1.2544,2.4098,-1.6464
2.4098,-1.6464,2.3283,-2.0384
2.3283,-2.0384,2.2311,-2.4304
2.2311,-2.4304,2.1182,-2.8224
2.1182,-2.8224,1.9896,-3.2144
1.9896,-3.2144,1.8453,-3.6064
1.8453,-3.6064,1.6854,-3.9984
1.6854,-3.9984,1.5098,-4.3904
1.5098,-4.3904,1.3185,-4.7824
1.3185,-4.7824,1.1115,-5.1744
1.1115,-5.1744,0.8889,-5.5664
0.8889,-5.5664,0.6505,-5.9584
0.6505,-5.9584,0.5000,3.8102
0.5000,3.8102,0.6367,3.4182
0.6367,3.4182,0.7578,3.0262
0.7578,3.0262,0.8631,2.6342
0.8631,2.6342,0.9528,2.2422
0.9528,2.2422,1.0268,1.8502
1.0268,1.8502,1.0852,1.4582
1.0852,1.4582,1.1278,1.0662
1.1278,1.0662,1.1548,0.6742
1.1548,0.6742,1.1661,0.2822
1.1661,0.2822,1.1617,-0.1098
1.1617,-0.1098,1.1416,-0.5018
1.1416,-0.5018,1.1059,-0.8938
1.1059,-0.8938,1.0544,-1.2858
1.0544,-1.2858,0.9873,-1.6778
0.9873,-1.6778,0.9045,-2.0698
0.9045,-2.0698,0.8061,-2.4618
0.8061,-2.4618,0.6919,-2.8538
0.6919,-2.8538,0.5621,-3.2458
0.5621,-3.2458,0.5000,2.1827
0.5000,2.1827,0.5716,1.7907
0.5716,1.7907,0.6276,1.3987
0.6276,1.3987,0.6678,1.0067
0.6678,1.0067,0.6924,0.6147
0.6924,0.6147,0.7013,0.2227
0.7013,0.2227,0.6946,-0.1693
0.6946,-0.1693,0.6721,-0.5613
0.6721,-0.5613,0.6340,-0.9533
0.6340,-0.9533,0.5802,-1.3453
0.5802,-1.3453,0.5107,-1.7373
0.5107,-1.7373,0.5000,1.2776
0.5000,1.2776,0.5354,0.8856
0.5354,0.8856,0.5552,0.4936
0.5552,0.4936,0.5592,0.1016
0.5592,0.1016,0.5476,-0.2904
0.5476,-0.2904,0.5203,-0.6824
0.5203,-0.6824,0.5000,0.6446
0.5000,0.6446,0.5101,0.2526
0.5101,0.2526,0.5045,-0.1394
0.5045,-0.1394,0.5000,0.0000
0.5000,0.0000,0.5000,0.0000
0.5000,0.0000,0.5000,0.0000
0.5000,0.0000,0.5000,0.0000
0.5000,0.0000,0.5000,0.0000
0.5000,0.0000,0.5000,0.0000
0.5000,0.0000,0.5000,0.0000
0.5000,0.0000,0.5000,0.0000
0.5000,0.0000,0.5000,0.0000
0.5000,0.0000,0.5000,0.0000
0.5000,0.0000,0.5000,0.0000
0.5000,0.0000,0.5000,0.0000
0.5000,0.0000,0.5000,0.0000
0.5000,0.0000,0.5000,0.0000
0.5000,0.0000,0.5000,0.0000
0.5000,0.0000,0.5000,0.0000
0.5000,0.0000,0.5000,0.0000
0.5000,0.0000,0.5000,0.0000
0.5000,0.0000,0.5000,0.0000
0.5000,0.0000,0.5000,0.0000
0.5000,0.0000,0.5000,0.0000
0.5000,0.0000,0.5000,0.0000
0.5000,0.0000,0.5000,0.0000
0.5000,0.0000,0.5000,0.0000
0.5000,0.0000,0.5000,0.0000
0.5000,0.0000,0.5000,0.0000
0.5000,0.0000,0.5000,0.0000
0.5000,0.0000,0.5000,0.0000
0.5000,0.0000,0.5000,0.0000
0.5000,0.0000,0.5000,0.0000
0.5000,0.0000,0.5000,0.0000
0.5000,0.0000,0.5000,0.0000
0.5000,0.0000,0.5000,0.0000
0.5000,0.0000,0.5000,0.0000
0.5000,0.0000,0.5000,0.0000
0.5000,0.0000,0.5000,0.0000
0.5000,0.0000,0.5000,0.0000
0.5000,0.0000,0.5000,0.0000
0.5000,0.0000,0.5000,0.0000
0.5000,0.0000,0.5000,0.0000
0.5000,0.0000,0.5000,0.0000
0.5000,0.0000,0.5000,0.0000
0.5000,0.0000,0.5000,0.0000
0.5000,0.0000,0.5000,0.0000
0.5000,0.0000,0.5000,0.0000
0.5000,0.0000,0.5000,0.0000
0.5000,0.0000,0.5000,0.0000
0.5000,0.0000,0.5000,0.0000
0.5000,0.0000,0.5000,0.0000
0.5000,0.0000,0.5000,0.0000
0.5000,0.0000,0.5000,0.0000
9.1542,0.0000,9.1386,-0.3920
9.1386,-0.3920,9.1072,-0.7840
9.1072,-0.7840,9.0602,-1.1760
9.0602,-1.1760,8.9974,-1.5680
8.9974,-1.5680,8.9190,-1.9600
8.9190,-1.9600,8.8250,-2.3520
8.8250,-2.3520,8.7152,-2.7440
8.7152,-2.7440,8.5898,-3.1360
8.5898,-3.1360,8.4486,-3.5280
8.4486,-3.5280,8.2918,-3.9200
8.2918,-3.9200,8.1194,-4.3120
8.1194,-4.3120,7.9312,-4.7040
7.9312,-4.7040,7.7274,-5.0960
7.7274,-5.0960,7.5078,-5.4880
7.5078,-5.4880,7.2726,-5.8800
7.2726,-5.8800,7.0218,-6.2720
7.0218,-6.2720,6.7552,-6.6640
6.7552,-6.6640,6.4730,-7.0560
6.4730,-7.0560,6.1750,-7.4480
6.1750,-7.4480,5.8614,-7.8400
5.8614,-7.8400,5.5322,-8.2320
5.5322,-8.2320,5.1872,-8.6240
5.1872,-8.6240,4.8266,-9.0160
4.8266,-9.0160,4.4502,-9.4080
4.4502,-9.4080,4.0582,-9.8000
4.0582,-9.8000,3.6506,-10.1920
3.6506,-10.1920,3.2272,-10.5840
3.2272,-10.5840,2.7882,-10.9760
2.7882,-10.9760,2.3334,-11.3680
2.3334,-11.3680,1.8630,-11.7600
1.8630,-11.7600,1.3770,-12.1520
1.3770,-12.1520,0.8752,-12.5440
0.8752,-12.5440,0.5000,7.7616
0.5000,7.7616,0.7948,7.3696
0.7948,7.3696,1.0739,6.9776
1.0739,6.9776,1.3373,6.5856
1.3373,6.5856,1.5851,6.1936
1.5851,6.1936,1.8171,5.8016
1.8171,5.8016,2.0335,5.4096
2.0335,5.4096,2.2342,5.0176
2.2342,5.0176,2.4192,4.6256
2.4192,4.6256,2.5886,4.2336
2.5886,4.2336,2.7422,3.8416
2.7422,3.8416,2.8802,3.4496
2.8802,3.4496,3.0025,3.0576
3.0025,3.0576,3.1092,2.6656
3.1092,2.6656,3.2001,2.2736
3.2001,2.2736,3.2754,1.8816
3.2754,1.8816,3.3349,1.4896
3.3349,1.4896,3.3788,1.0976
3.3788,1.0976,3.4071,0.7056
3.4071,0.7056,3.4196,0.3136
3.4196,0.3136,3.4165,-0.0784
3.4165,-0.0784,3.3977,-0.4704
3.3977,-0.4704,3.3632,-0.8624
3.3632,-0.8624,3.3130,-1.2544
3.3130,-1.2544,3.2471,-1.6464
3.2471,-1.6464,3.1656,-2.0384
3.1656,-2.0384,3.0684,-2.4304
3.0684,-2.4304,2.9555,-2.8224
2.9555,-2.8224,2.8269,-3.2144
2.8269,-3.2144,2.6827,-3.6064
2.6827,-3.6064,2.5227,-3.9984
2.5227,-3.9984,2.3471,-4.3904
2.3471,-4.3904,2.1558,-4.7824
2.1558,-4.7824,1.9488,-5.1744
1.9488,-5.1744,1.7262,-5.5664
1.7262,-5.5664,1.4878,-5.9584
1.4878,-5.9584,1.2338,-6.3504
1.2338,-6.3504,0.9641,-6.7424
0.9641,-6.7424,0.6788,-7.1344
0.6788,-7.1344,0.5000,4.5158
0.5000,4.5158,0.6650,4.1238
0.6650,4.1238,0.8142,3.7318
0.8142,3.7318,0.9478,3.3398
0.9478,3.3398,1.0657,2.9478
1.0657,2.9478,1.1680,2.5558
1.1680,2.5558,1.2545,2.1638
1.2545,2.1638,1.3254,1.7718
1.3254,1.7718,1.3806,1.3798
1.3806,1.3798,1.4201,0.9878
1.4201,0.9878,1.4439,0.5958
1.4439,0.5958,1.4521,0.2038
1.4521,0.2038,1.4446,-0.1882
1.4446,-0.1882,1.4214,-0.5802
1.4214,-0.5802,1.3825,-0.9722
1.3825,-0.9722,1.3279,-1.3642
1.3279,-1.3642,1.2577,-1.7562
1.2577,-1.7562,1.1717,-2.1482
1.1717,-2.1482,1.0701,-2.5402
1.0701,-2.5402,0.9528,-2.9322
0.9528,-2.9322,0.8199,-3.3242
0.8199,-3.3242,0.6712,-3.7162
0.6712,-3.7162,0.5069,-4.1082
0.5069,-4.1082,0.5000,2.7001
0.5000,2.7001,0.5923,2.3081
0.5923,2.3081,0.6690,1.9161
0.6690,1.9161,0.7299,1.5241
0.7299,1.5241,0.7752,1.1321
0.7752,1.1321,0.8048,0.7401
0.8048,0.7401,0.8187,0.3481
0.8187,0.3481,0.8170,-0.0439
0.8170,-0.0439,0.7996,-0.4359
0.7996,-0.4359,0.7664,-0.8279
0.7664,-0.8279,0.7176,-1.2199
0.7176,-1.2199,0.6532,-1.6119
0.6532,-1.6119,0.5730,-2.0039
0.5730,-2.0039,0.5000,1.4375
0.5000,1.4375,0.5418,1.0455
0.5418,1.0455,0.5680,0.6535
0.5680,0.6535,0.5784,0.2615
0.5784,0.2615,0.5732,-0.1305
0.5732,-0.1305,0.5523,-0.5225
0.5523,-0.5225,0.5157,-0.9145
0.5157,-0.9145,0.5000,0.7839
0.5000,0.7839,0.5157,0.3919
0.5157,0.3919,0.5157,-0.0001
0.5157,-0.0001,0.5000,0.0000
0.5000,0.0000,0.5000,0.0000
0.5000,0.0000,0.5000,0.0000
0.5000,0.0000,0.5000,0.0000
0.5000,0.0000,0.5000,0.0000
0.5000,0.0000,0.5000,0.0000
0.5000,0.0000,0.5000,0.0000
0.5000,0.0000,0.5000,0.0000
0.5000,0.0000,0.5000,0.0000
0.5000,0.0000,0.5000,0.0000
0.5000,0.0000,0.5000,0.0000
0.5000,0.0000,0.5000,0.0000
0.5000,0.0000,0.5000,0.0000
0.5000,0.0000,0.5000,0.0000
0.5000,0.0000,0.5000,0.0000
0.5000,0.0000,0.5000,0.0000
0.5000,0.0000,0.5000,0.0000
0.5000,0.0000,0.5000,0.0000
0.5000,0.0000,0.5000,0.0000
0.5000,0.0000,0.5000,0.0000
0.5000,0.0000,0.5000,0.0000
0.5000,0.0000,0.5000,0.0000
0.5000,0.0000,0.5000,0.0000
0.5000,0.0000,0.5000,0.0000
0.5000,0.0000,0.5000,0.0000
0.5000,0.0000,0.5000,0.0000
0.5000,0.0000,0.5000,0.0000
0.5000,0.0000,0.5000,0.0000
0.5000,0.0000,0.5000,0.0000
0.5000,0.0000,0.5000,0.0000
0.5000,0.0000,0.5000,0.0000
0.5000,0.0000,0.5000,0.0000
0.5000,0.0000,0.5000,0.0000
2.8012,0.0000,2.7855,-0.3920
2.7855,-0.3920,2.7542,-0.7840
2.7542,-0.7840,2.7071,-1.1760
2.7071,-1.1760,2.6444,-1.5680
2.6444,-1.5680,2.5660,-1.9600
2.5660,-1.9600,2.4719,-2.3520
2.4719,-2.3520,2.3622,-2.7440
2.3622,-2.7440,2.2367,-3.1360
2.2367,-3.1360,2.0956,-3.5280
2.0956,-3.5280,1.9388,-3.9200
1.9388,-3.9200,1.7663,-4.3120
1.7663,-4.3120,1.5782,-4.7040
1.5782,-4.7040,1.3743,-5.0960
1.3743,-5.0960,1.1548,-5.4880
1.1548,-5.4880,0.9196,-5.8800
0.9196,-5.8800,0.6687,-6.2720
0.6687,-6.2720,0.5000,3.9984
0.5000,3.9984,0.6443,3.6064
0.6443,3.6064,0.7728,3.2144
0.7728,3.2144,0.8857,2.8224
0.8857,2.8224,0.9829,2.4304
0.9829,2.4304,1.0645,2.0384
1.0645,2.0384,1.1303,1.6464
1.1303,1.6464,1.1805,1.2544
1.1805,1.2544,1.2150,0.8624
1.2150,0.8624,1.2338,0.4704
1.2338,0.4704,1.2370,0.0784
1.2370,0.0784,1.2244,-0.3136
1.2244,-0.3136,1.1962,-0.7056
1.1962,-0.7056,1.1523,-1.0976
1.1523,-1.0976,1.0927,-1.4896
1.0927,-1.4896,1.0174,-1.8816
1.0174,-1.8816,0.9265,-2.2736
0.9265,-2.2736,0.8199,-2.6656
0.8199,-2.6656,0.6976,-3.0576
0.6976,-3.0576,0.5596,-3.4496
0.5596,-3.4496,0.5000,2.3050
0.5000,2.3050,0.5765,1.9130
0.5765,1.9130,0.6374,1.5210
0.6374,1.5210,0.6825,1.1290
0.6825,1.1290,0.7120,0.7370
0.7120,0.7370,0.7258,0.3450
0.7258,0.3450,0.7239,-0.0470
0.7239,-0.0470,0.7063,-0.4390
0.7063,-0.4390,0.6731,-0.8310
0.6731,-0.8310,0.6242,-1.2230
0.6242,-1.2230,0.5596,-1.6150
0.5596,-1.6150,0.5000,1.2042
0.5000,1.2042,0.5325,0.8122
0.5325,0.8122,0.5493,0.4202
0.5493,0.4202,0.5504,0.0282
0.5504,0.0282,0.5359,-0.3638
0.5359,-0.3638,0.5056,-0.7558
0.5056,-0.7558,0.5000,0.6887
0.5000,0.6887,0.5119,0.2967
0.5119,0.2967,0.5081,-0.0953
0.5081,-0.0953,0.5000,0.0000
0.5000,0.0000,0.5000,0.0000
0.5000,0.0000,0.5000,0.0000
0.5000,0.0000,0.5000,0.0000
0.5000,0.0000,0.5000,0.0000
0.5000,0.0000,0.5000,0.0000
0.5000,0.0000,0.5000,0.0000
0.5000,0.0000,0.5000,0.0000
0.5000,0.0000,0.5000,0.0000
0.5000,0.0000,0.5000,0.0000
0.5000,0.0000,0.5000,0.0000
0.5000,0.0000,0.5000,0.0000
0.5000,0.0000,0.5000,0.0000
0.5000,0.0000,0.5000,0.0000
0.5000,0.0000,0.5000,0.0000
0.5000,0.0000,0.5000,0.0000
0.5000,0.0000,0.5000,0.0000
0.5000,0.0000,0.5000,0.0000
0.5000,0.0000,0.5000,0.0000
0.5000,0.0000,0.5000,0.0000
0.5000,0.0000,0.5000,0.0000
0.5000,0.0000,0.5000,0.0000
0.5000,0.0000,0.5000,0.0000
0.5000,0.0000,0.5000,0.0000
0.5000,0.0000,0.5000,0.0000
0.5000,0.0000,0.5000,0.0000
0.5000,0.0000,0.5000,0.0000
0.5000,0.0000,0.5000,0.0000
0.5000,0.0000,0.5000,0.0000
0.5000,0.0000,0.5000,0.0000
0.5000,0.0000,0.5000,0.0000
0.5000,0.0000,0.5000,0.0000
0.5000,0.0000,0.5000,0.0000
0.5000,0.0000,0.5000,0.0000
0.5000,0.0000,0.5000,0.0000
0.5000,0.0000,0.5000,0.0000
0.5000,0.0000,0.5000,0.0000
0.5000,0.0000,0.5000,0.0000
0.5000,0.0000,0.5000,0.0000
0.5000,0.0000,0.5000,0.0000
0.5000,0.0000,0.5000,0.0000
0.5000,0.0000,0.5000,0.0000
0.5000,0.0000,0.5000,0.0000
0.5000,0.0000,0.5000,0.0000
0.5000,0.0000,0.5000,0.0000
0.5000,0.0000,0.5000,0.0000
0.5000,0.0000,0.5000,0.0000
0.5000,0.0000,0.5000,0.0000
0.5000,0.0000,0.5000,0.0000
0.5000,0.0000,0.5000,0.0000
0.5000,0.0000,0.5000,0.0000
0.5000,0.0000,0.5000,0.0000
0.5000,0.0000,0.5000,0.0000
0.5000,0.0000,0.5000,0.0000
0.5000,0.0000,0.5000,0.0000
0.5000,0.0000,0.5000,0.0000
0.5000,0.0000,0.5000,0.0000
0.5000,0.0000,0.5000,0.0000
0.5000,0.0000,0.5000,0.0000
0.5000,0.0000,0.5000,0.0000
0.5000,0.0000,0.5000,0.0000
0.5000,0.0000,0.5000,0.0000
0.5000,0.0000,0.5000,0.0000
0.5000,0.0000,0.5000,0.0000
0.5000,0.0000,0.5000,0.0000
0.5000,0.0000,0.5000,0.0000
0.5000,0.0000,0.5000,0.0000
0.5000,0.0000,0.5000,0.0000
0.5000,0.0000,0.5000,0.0000
0.5000,0.0000,0.5000,0.0000
0.5000,0.0000,0.5000,0.0000
0.5000,0.0000,0.5000,0.0000
0.5000,0.0000,0.5000,0.0000
0.5000,0.0000,0.5000,0.0000
0.5000,0.0000,0.5000,0.0000
0.5000,0.0000,0.5000,0.0000
0.5000,0.0000,0.5000,0.0000
0.5000,0.0000,0.5000,0.0000
0.5000,0.0000,0.5000,0.0000
0.5000,0.0000,0.5000,0.0000
0.5000,0.0000,0.5000,0.0000
0.5000,0.0000,0.5000,0.0000
0.5000,0.0000,0.5000,0.0000
0.5000,0.0000,0.5000,0.0000
0.5000,0.0000,0.5000,0.0000
0.5000,0.0000,0.5000,0.0000
0.5000,0.0000,0.5000,0.0000
0.5000,0.0000,0.5000,0.0000
0.5000,0.0000,0.5000,0.0000
0.5000,0.0000,0.5000,0.0000
0.5000,0.0000,0.5000,0.0000
0.5000,0.0000,0.5000,0.0000
0.5000,0.0000,0.5000,0.0000
0.5000,0.0000,0.5000,0.0000
9.9489,0.0000,9.9332,-0.3920
9.9332,-0.3920,9.9019,-0.7840
9.9019,-0.7840,9.8548,-1.1760
9.8548,-1.1760,9.7921,-1.5680
9.7921,-1.5680,9.7137,-1.9600
9.7137,-1.9600,9.6196,-2.3520
9.6196,-2.3520,9.5099,-2.7440
9.5099,-2.7440,9.3844,-3.1360
9.3844,-3.1360,9.2433,-3.5280
9.2433,-3.5280,9.0865,-3.9200
9.0865,-3.9200,8.9140,-4.3120
8.9140,-4.3120,8.7259,-4.7040
8.7259,-4.7040,8.5220,-5.0960
8.5220,-5.0960,8.3025,-5.4880
8.3025,-5.4880,8.0673,-5.8800
8.0673,-5.8800,7.8164,-6.2720
7.8164,-6.2720,7.5499,-6.6640
7.5499,-6.6640,7.2676,-7.0560
7.2676,-7.0560,6.9697,-7.4480
6.9697,-7.4480,6.6561,-7.8400
6.6561,-7.8400,6.3268,-8.2320
6.3268,-8.2320,5.9819,-8.6240
5.9819,-8.6240,5.6212,-9.0160
5.6212,-9.0160,5.2449,-9.4080
5.2449,-9.4080,4.8529,-9.8000
4.8529,-9.8000,4.4452,-10.1920
4.4452,-10.1920,4.0219,-10.5840
4.0219,-10.5840,3.5828,-10.9760
3.5828,-10.9760,3.1281,-11.3680
3.1281,-11.3680,2.6577,-11.7600
2.6577,-11.7600,2.1716,-12.1520
2.1716,-12.1520,1.6699,-12.5440
1.6699,-12.5440,1.1524,-12.9360
1.1524,-12.9360,0.6193,-13.3280
0.6193,-13.3280,0.5000,8.2320
0.5000,8.2320,0.8136,7.8400
0.8136,7.8400,1.1115,7.4480
1.1115,7.4480,1.3938,7.0560
1.3938,7.0560,1.6603,6.6640
1.6603,6.6640,1.9112,6.2720
1.9112,6.2720,2.1464,5.8800
2.1464,5.8800,2.3659,5.4880
2.3659,5.4880,2.5698,5.0960
2.5698,5.0960,2.7579,4.7040
2.7579,4.7040,2.9304,4.3120
2.9304,4.3120,3.0872,3.9200
3.0872,3.9200,3.2283,3.5280
3.2283,3.5280,3.3538,3.1360
3.3538,3.1360,3.4635,2.7440
3.4635,2.7440,3.5576,2.3520
3.5576,2.3520,3.6360,1.9600
3.6360,1.9600,3.6987,1.5680
3.6987,1.5680,3.7458,1.1760
3.7458,1.1760,3.7771,0.7840
3.7771,0.7840,3.7928,0.3920
3.7928,0.3920,3.7928,-0.0000
3.7928,-0.0000,3.7771,-0.3920
3.7771,-0.3920,3.7458,-0.7840
3.7458,-0.7840,3.6987,-1.1760
3.6987,-1.1760,3.6360,-1.5680
3.6360,-1.5680,3.5576,-1.9600
3.5576,-1.9600,3.4635,-2.3520
3.4635,-2.3520,3.3538,-2.7440
3.3538,-2.7440,3.2283,-3.1360
3.2283,-3.1360,3.0872,-3.5280
3.0872,-3.5280,2.9304,-3.9200
2.9304,-3.9200,2.7579,-4.3120
2.7579,-4.3120,2.5698,-4.7040
2.5698,-4.7040,2.3659,-5.0960
2.3659,-5.0960,2.1464,-5.4880
2.1464,-5.4880,1.9112,-5.8800
1.9112,-5.8800,1.6603,-6.2720
1.6603,-6.2720,1.3938,-6.6640
1.3938,-6.6640,1.1115,-7.0560
1.1115,-7.0560,0.8136,-7.4480
0.8136,-7.4480,0.5000,4.7040
0.5000,4.7040,0.6725,4.3120
0.6725,4.3120,0.8293,3.9200
0.8293,3.9200,0.9704,3.5280
0.9704,3.5280,1.0958,3.1360
1.0958,3.1360,1.2056,2.7440
1.2056,2.7440,1.2997,2.3520
1.2997,2.3520,1.3781,1.9600
1.3781,1.9600,1.4408,1.5680
1.4408,1.5680,1.4878,1.1760
1.4878,1.1760,1.5192,0.7840
1.5192,0.7840,1.5349,0.3920
1.5349,0.3920,1.5349,0.0000
1.5349,0.0000,1.5192,-0.3920
1.5192,-0.3920,1.4878,-0.7840
1.4878,-0.7840,1.4408,-1.1760
1.4408,-1.1760,1.3781,-1.5680
1.3781,-1.5680,1.2997,-1.9600
1.2997,-1.9600,1.2056,-2.3520
1.2056,-2.3520,1.0958,-2.7440
1.0958,-2.7440,0.9704,-3.1360
0.9704,-3.1360,0.8293,-3.5280
0.8293,-3.5280,0.6725,-3.9200
0.6725,-3.9200,0.5000,-4.3120
0.5000,-4.3120,0.5000,2.8224
0.5000,2.8224,0.5972,2.4304
0.5972,2.4304,0.6788,2.0384
0.6788,2.0384,0.7446,1.6464
0.7446,1.6464,0.7948,1.2544
0.7948,1.2544,0.8293,0.8624
0.8293,0.8624,0.8481,0.4704
0.8481,0.4704,0.8512,0.0784
0.8512,0.0784,0.8387,-0.3136
0.8387,-0.3136,0.8105,-0.7056
0.8105,-0.7056,0.7666,-1.0976
0.7666,-1.0976,0.7070,-1.4896
0.7070,-1.4896,0.6317,-1.8816
0.6317,-1.8816,0.5408,-2.2736
0.5408,-2.2736,0.5000,1.5994
0.5000,1.5994,0.5483,1.2074
0.5483,1.2074,0.5809,0.8154
0.5809,0.8154,0.5978,0.4234
0.5978,0.4234,0.5991,0.0314
0.5991,0.0314,0.5847,-0.3606
0.5847,-0.3606,0.5546,-0.7526
0.5546,-0.7526,0.5088,-1.1446
0.5088,-1.1446,0.5000,0.9220
0.5000,0.9220,0.5212,0.5300
0.5212,0.5300,0.5267,0.1380
0.5267,0.1380,0.5166,-0.2540
0.5166,-0.2540,0.5000,0.0000
0.5000,0.0000,0.5000,0.0000
0.5000,0.0000,0.5000,0.0000
0.5000,0.0000,0.5000,0.0000
0.5000,0.0000,0.5000,0.0000
0.5000,0.0000,0.5000,0.0000
0.5000,0.0000,0.5000,0.0000
0.5000,0.0000,0.5000,0.0000
0.5000,0.0000,0.5000,0.0000
0.5000,0.0000,0.5000,0.0000
0.5000,0.0000,0.5000,0.0000
0.5000,0.0000,0.5000,0.0000
0.5000,0.0000,0.5000,0.0000
0.5000,0.0000,0.5000,0.0000
0.5000,0.0000,0.5000,0.0000
0.5000,0.0000,0.5000,0.0000
0.5000,0.0000,0.5000,0.0000
0.5000,0.0000,0.5000,0.0000
0.5000,0.0000,0.5000,0.0000
0.5000,0.0000,0.5000,0.0000
0.5000,0.0000,0.5000,0.0000
0.5000,0.0000,0.5000,0.0000
0.5000,0.0000,0.5000,0.0000
0.5000,0.0000,0.5000,0.0000
0.5000,0.0000,0.5000,0.0000
3.9273,0.0000,3.9117,-0.3920
3.9117,-0.3920,3.8803,-0.7840
3.8803,-0.7840,3.8333,-1.1760
3.8333,-1.1760,3.7705,-1.5680
3.7705,-1.5680,3.6921,-1.9600
3.6921,-1.9600,3.5981,-2.3520
3.5981,-2.3520,3.4883,-2.7440
3.4883,-2.7440,3.3629,-3.1360
3.3629,-3.1360,3.2217,-3.5280
3.2217,-3.5280,3.0649,-3.9200
3.0649,-3.9200,2.8925,-4.3120
2.8925,-4.3120,2.7043,-4.7040
2.7043,-4.7040,2.5005,-5.0960
2.5005,-5.0960,2.2809,-5.4880
2.2809,-5.4880,2.0457,-5.8800
2.0457,-5.8800,1.7949,-6.2720
1.7949,-6.2720,1.5283,-6.6640
1.5283,-6.6640,1.2461,-7.0560
1.2461,-7.0560,0.9481,-7.4480
0.9481,-7.4480,0.6345,-7.8400
0.6345,-7.8400,0.5000,4.9392
0.5000,4.9392,0.6819,4.5472
0.6819,4.5472,0.8481,4.1552
0.8481,4.1552,0.9986,3.7632
0.9986,3.7632,1.1335,3.3712
1.1335,3.3712,1.2526,2.9792
1.2526,2.9792,1.3561,2.5872
1.3561,2.5872,1.4439,2.1952
1.4439,2.1952,1.5161,1.8032
1.5161,1.8032,1.5725,1.4112
1.5725,1.4112,1.6133,1.0192
1.6133,1.0192,1.6384,0.6272
1.6384,0.6272,1.6478,0.2352
1.6478,0.2352,1.6415,-0.1568
1.6415,-0.1568,1.6196,-0.5488
1.6196,-0.5488,1.5819,-0.9408
1.5819,-0.9408,1.5286,-1.3328
1.5286,-1.3328,1.4596,-1.7248
1.4596,-1.7248,1.3749,-2.1168
1.3749,-2.1168,1.2746,-2.5088
1.2746,-2.5088,1.1586,-2.9008
1.1586,-2.9008,1.0268,-3.2928
1.0268,-3.2928,0.8795,-3.6848
0.8795,-3.6848,0.7164,-4.0768
0.7164,-4.0768,0.5376,-4.4688
0.5376,-4.4688,0.5000,2.9165
0.5000,2.9165,0.6010,2.5245
0.6010,2.5245,0.6863,2.1325
0.6863,2.1325,0.7559,1.7405
0.7559,1.7405,0.8098,1.3485
0.8098,1.3485,0.8481,0.9565
0.8481,0.9565,0.8707,0.5645
0.8707,0.5645,0.8776,0.1725
0.8776,0.1725,0.8688,-0.2195
0.8688,-0.2195,0.8443,-0.6115
0.8443,-0.6115,0.8042,-1.0035
0.8042,-1.0035,0.7484,-1.3955
0.7484,-1.3955,0.6769,-1.7875
0.6769,-1.7875,0.5897,-2.1795
0.5897,-2.1795,0.5000,1.5429
0.5000,1.5429,0.5460,1.1509
0.5460,1.1509,0.5764,0.7589
0.5764,0.7589,0.5911,0.3669
0.5911,0.3669,0.5901,-0.0251
0.5901,-0.0251,0.5734,-0.4171
0.5734,-0.4171,0.5410,-0.8091
0.5410,-0.8091,0.5000,0.7207
0.5000,0.7207,0.5131,0.3287
0.5131,0.3287,0.5106,-0.0633
0.5106,-0.0633,0.5000,0.0000
0.5000,0.0000,0.5000,0.0000
0.5000,0.0000,0.5000,0.0000
0.5000,0.0000,0.5000,0.0000
0.5000,0.0000,0.5000,0.0000
0.5000,0.0000,0.5000,0.0000
0.5000,0.0000,0.5000,0.0000
0.5000,0.0000,0.5000,0.0000
0.5000,0.0000,0.5000,0.0000
0.5000,0.0000,0.5000,0.0000
0.5000,0.0000,0.5000,0.0000
0.5000,0.0000,0.5000,0.0000
0.5000,0.0000,0.5000,0.0000
0.5000,0.0000,0.5000,0.0000
0.5000,0.0000,0.5000,0.0000
0.5000,0.0000,0.5000,0.0000
0.5000,0.0000,0.5000,0.0000
0.5000,0.0000,0.5000,0.0000
0.5000,0.0000,0.5000,0.0000
0.5000,0.0000,0.5000,0.0000
0.5000,0.0000,0.5000,0.0000
0.5000,0.0000,0.5000,0.0000
0.5000,0.0000,0.5000,0.0000
0.5000,0.0000,0.5000,0.0000
0.5000,0.0000,0.5000,0.0000
0.5000,0.0000,0.5000,0.0000
0.5000,0.0000,0.5000,0.0000
0.5000,0.0000,0.5000,0.0000
0.5000,0.0000,0.5000,0.0000
0.5000,0.0000,0.5000,0.0000
0.5000,0.0000,0.5000,0.0000
0.5000,0.0000,0.5000,0.0000
0.5000,0.0000,0.5000,0.0000
0.5000,0.0000,0.5000,0.0000
0.5000,0.0000,0.5000,0.0000
0.5000,0.0000,0.5000,0.0000
0.5000,0.0000,0.5000,0.0000
0.5000,0.0000,0.5000,0.0000
0.5000,0.0000,0.5000,0.0000
0.5000,0.0000,0.5000,0.0000
0.5000,0.0000,0.5000,0.0000
0.5000,0.0000,0.5000,0.0000
0.5000,0.0000,0.5000,0.0000
0.5000,0.0000,0.5000,0.0000
0.5000,0.0000,0.5000,0.0000
0.5000,0.0000,0.5000,0.0000
0.5000,0.0000,0.5000,0.0000
0.5000,0.0000,0.5000,0.0000
0.5000,0.0000,0.5000,0.0000
0.5000,0.0000,0.5000,0.0000
0.5000,0.0000,0.5000,0.0000
0.5000,0.0000,0.5000,0.0000
0.5000,0.0000,0.5000,0.0000
0.5000,0.0000,0.5000,0.0000
0.5000,0.0000,0.5000,0.0000
0.5000,0.0000,0.5000,0.0000
0.5000,0.0000,0.5000,0.0000
0.5000,0.0000,0.5000,0.0000
0.5000,0.0000,0.5000,0.0000
0.5000,0.0000,0.5000,0.0000
0.5000,0.0000,0.5000,0.0000
0.5000,0.0000,0.5000,0.0000
0.5000,0.0000,0.5000,0.0000
0.5000,0.0000,0.5000,0.0000
0.5000,0.0000,0.5000,0.0000
0.5000,0.0000,0.5000,0.0000
0.5000,0.0000,0.5000,0.0000
0.5000,0.0000,0.5000,0.0000
0.5000,0.0000,0.5000,0.0000
0.5000,0.0000,0.5000,0.0000
0.5000,0.0000,0.5000,0.0000
0.5000,0.0000,0.5000,0.0000
0.5000,0.0000,0.5000,0.0000
0.5000,0.0000,0.5000,0.0000
0.5000,0.0000,0.5000,0.0000
0.5000,0.0000,0.5000,0.0000
0.5000,0.0000,0.5000,0.0000
0.5000,0.0000,0.5000,0.0000
0.5000,0.0000,0.5000,0.0000
0.5000,0.0000,0.5000,0.0000
0.5000,0.0000,0.5000,0.0000
6.9861,0.0000,6.9704,-0.3920
6.9704,-0.3920,6.9390,-0.7840
6.9390,-0.7840,6.8920,-1.1760
6.8920,-1.1760,6.8293,-1.5680
6.8293,-1.5680,6.7509,-1.9600
6.7509,-1.9600,6.6568,-2.3520
6.6568,-2.3520,6.5470,-2.7440
6.5470,-2.7440,6.4216,-3.1360
6.4216,-3.1360,6.2805,-3.5280
6.2805,-3.5280,6.1237,-3.9200
6.1237,-3.9200,5.9512,-4.3120
5.9512,-4.3120,5.7630,-4.7040
5.7630,-4.7040,5.5592,-5.0960
5.5592,-5.0960,5.3397,-5.4880
5.3397,-5.4880,5.1045,-5.8800
5.1045,-5.8800,4.8536,-6.2720
4.8536,-6.2720,4.5870,-6.6640
4.5870,-6.6640,4.3048,-7.0560
4.3048,-7.0560,4.0069,-7.4480
4.0069,-7.4480,3.6933,-7.8400
3.6933,-7.8400,3.3640,-8.2320
3.3640,-8.2320,3.0190,-8.6240
3.0190,-8.6240,2.6584,-9.0160
2.6584,-9.0160,2.2821,-9.4080
2.2821,-9.4080,1.8901,-9.8000
1.8901,-9.8000,1.4824,-10.1920
1.4824,-10.1920,1.0590,-10.5840
1.0590,-10.5840,0.6200,-10.9760
0.6200,-10.9760,0.5000,6.8208
0.5000,6.8208,0.7572,6.4288
0.7572,6.4288,0.9986,6.0368
0.9986,6.0368,1.2244,5.6448
1.2244,5.6448,1.4345,5.2528
1.4345,5.2528,1.6290,4.8608
1.6290,4.8608,1.8077,4.4688
1.8077,4.4688,1.9708,4.0768
1.9708,4.0768,2.1182,3.6848
2.1182,3.6848,2.2499,3.2928
2.2499,3.2928,2.3659,2.9008
2.3659,2.9008,2.4663,2.5088
2.4663,2.5088,2.5509,2.1168
2.5509,2.1168,2.6199,1.7248
2.6199,1.7248,2.6732,1.3328
2.6732,1.3328,2.7109,0.9408
2.7109,0.9408,2.7328,0.5488
2.7328,0.5488,2.7391,0.1568
2.7391,0.1568,2.7297,-0.2352
2.7297,-0.2352,2.7046,-0.6272
2.7046,-0.6272,2.6638,-1.0192
2.6638,-1.0192,2.6074,-1.4112
2.6074,-1.4112,2.5353,-1.8032
2.5353,-1.8032,2.4475,-2.1952
2.4475,-2.1952,2.3440,-2.5872
2.3440,-2.5872,2.2248,-2.9792
2.2248,-2.9792,2.0900,-3.3712
2.0900,-3.3712,1.9394,-3.7632
1.9394,-3.7632,1.7732,-4.1552
1.7732,-4.1552,1.5913,-4.5472
1.5913,-4.5472,1.3938,-4.9392
1.3938,-4.9392,1.1805,-5.3312
1.1805,-5.3312,0.9516,-5.7232
0.9516,-5.7232,0.7070,-6.1152
0.7070,-6.1152,0.5000,3.9043
0.5000,3.9043,0.6405,3.5123
0.6405,3.5123,0.7653,3.1203
0.7653,3.1203,0.8744,2.7283
0.8744,2.7283,0.9679,2.3363
0.9679,2.3363,1.0457,1.9443
1.0457,1.9443,1.1078,1.5523
1.1078,1.5523,1.1542,1.1603
1.1542,1.1603,1.1849,0.7683
1.1849,0.7683,1.2000,0.3763
1.2000,0.3763,1.1993,-0.0157
1.1993,-0.0157,1.1830,-0.4077
1.1830,-0.4077,1.1510,-0.7997
1.1510,-0.7997,1.1034,-1.1917
1.1034,-1.1917,1.0400,-1.5837
1.0400,-1.5837,0.9610,-1.9757
0.9610,-1.9757,0.8663,-2.3677
0.8663,-2.3677,0.7559,-2.7597
0.7559,-2.7597,0.6298,-3.1517
0.6298,-3.1517,0.5000,2.1262
0.5000,2.1262,0.5694,1.7342
0.5694,1.7342,0.6231,1.3422
0.6231,1.3422,0.6611,0.9502
0.6611,0.9502,0.6834,0.5582
0.6834,0.5582,0.6900,0.1662
0.6900,0.1662,0.6810,-0.2258
0.6810,-0.2258,0.6563,-0.6178
0.6563,-0.6178,0.6159,-1.0098
0.6159,-1.0098,0.5598,-1.4018
0.5598,-1.4018,0.5000,1.0763
0.5000,1.0763,0.5274,0.6843
0.5274,0.6843,0.5391,0.2923
0.5391,0.2923,0.5351,-0.0997
0.5351,-0.0997,0.5154,-0.4917
0.5154,-0.4917,0.5000,0.5302
0.5000,0.5302,0.5055,0.1382
0.5055,0.1382,0.5000,0.0000
0.5000,0.0000,0.5000,0.0000
0.5000,0.0000,0.5000,0.0000
0.5000,0.0000,0.5000,0.0000
0.5000,0.0000,0.5000,0.0000
0.5000,0.0000,0.5000,0.0000
0.5000,0.0000,0.5000,0.0000
0.5000,0.0000,0.5000,0.0000
0.5000,0.0000,0.5000,0.0000
0.5000,0.0000,0.5000,0.0000
0.5000,0.0000,0.5000,0.0000
0.5000,0.0000,0.5000,0.0000
0.5000,0.0000,0.5000,0.0000
0.5000,0.0000,0.5000,0.0000
0.5000,0.0000,0.5000,0.0000
0.5000,0.0000,0.5000,0.0000
0.5000,0.0000,0.5000,0.0000
0.5000,0.0000,0.5000,0.0000
0.5000,0.0000,0.5000,0.0000
0.5000,0.0000,0.5000,0.0000
0.5000,0.0000,0.5000,0.0000
0.5000,0.0000,0.5000,0.0000
0.5000,0.0000,0.5000,0.0000
0.5000,0.0000,0.5000,0.0000
0.5000,0.0000,0.5000,0.0000
0.5000,0.0000,0.5000,0.0000
0.5000,0.0000,0.5000,0.0000
0.5000,0.0000,0.5000,0.0000
0.5000,0.0000,0.5000,0.0000
0.5000,0.0000,0.5000,0.0000
0.5000,0.0000,0.5000,0.0000
0.5000,0.0000,0.5000,0.0000
0.5000,0.0000,0.5000,0.0000
0.5000,0.0000,0.5000,0.0000
0.5000,0.0000,0.5000,0.0000
0.5000,0.0000,0.5000,0.0000
0.5000,0.0000,0.5000,0.0000
0.5000,0.0000,0.5000,0.0000
0.5000,0.0000,0.5000,0.0000
0.5000,0.0000,0.5000,0.0000
0.5000,0.0000,0.5000,0.0000
0.5000,0.0000,0.5000,0.0000
0.5000,0.0000,0.5000,0.0000
0.5000,0.0000,0.5000,0.0000
0.5000,0.0000,0.5000,0.0000
0.5000,0.0000,0.5000,0.0000
0.5000,0.0000,0.5000,0.0000
0.5000,0.0000,0.5000,0.0000
0.5000,0.0000,0.5000,0.0000
0.5000,0.0000,0.5000,0.0000
0.5000,0.0000,0.5000,0.0000
0.5000,0.0000,0.5000,0.0000
4.3224,0.0000,4.3067,-0.3920
4.3067,-0.3920,4.2753,-0.7840
4.2753,-0.7840,4.2283,-1.1760
4.2283,-1.1760,4.1656,-1.5680
4.1656,-1.5680,4.0872,-1.9600
4.0872,-1.9600,3.9931,-2.3520
3.9931,-2.3520,3.8833,-2.7440
3.8833,-2.7440,3.7579,-3.1360
3.7579,-3.1360,3.6168,-3.5280
3.6168,-3.5280,3.4600,-3.9200
3.4600,-3.9200,3.2875,-4.3120
3.2875,-4.3120,3.0993,-4.7040
3.0993,-4.7040,2.8955,-5.0960
2.8955,-5.0960,2.6760,-5.4880
2.6760,-5.4880,2.4408,-5.8800
2.4408,-5.8800,2.1899,-6.2720
2.1899,-6.2720,1.9233,-6.6640
1.9233,-6.6640,1.6411,-7.0560
1.6411,-7.0560,1.3432,-7.4480
1.3432,-7.4480,1.0296,-7.8400
1.0296,-7.8400,0.7003,-8.2320
0.7003,-8.2320,0.5000,5.1744
0.5000,5.1744,0.6913,4.7824
0.6913,4.7824,0.8669,4.3904
0.8669,4.3904,1.0268,3.9984
1.0268,3.9984,1.1711,3.6064
1.1711,3.6064,1.2997,3.2144
1.2997,3.2144,1.4126,2.8224
1.4126,2.8224,1.5098,2.4304
1.5098,2.4304,1.5913,2.0384
1.5913,2.0384,1.6572,1.6464
1.6572,1.6464,1.7074,1.2544
1.7074,1.2544,1.7419,0.8624
1.7419,0.8624,1.7607,0.4704
1.7607,0.4704,1.7638,0.0784
1.7638,0.0784,1.7513,-0.3136
1.7513,-0.3136,1.7230,-0.7056
1.7230,-0.7056,1.6791,-1.0976
1.6791,-1.0976,1.6196,-1.4896
1.6196,-1.4896,1.5443,-1.8816
1.5443,-1.8816,1.4533,-2.2736
1.4533,-2.2736,1.3467,-2.6656
1.3467,-2.6656,1.2244,-3.0576
1.2244,-3.0576,1.0864,-3.4496
1.0864,-3.4496,0.9328,-3.8416
0.9328,-3.8416,0.7634,-4.2336
0.7634,-4.2336,0.5784,-4.6256
0.5784,-4.6256,0.5000,3.0106
0.5000,3.0106,0.6047,2.6186
0.6047,2.6186,0.6938,2.2266
0.6938,2.2266,0.7672,1.8346
0.7672,1.8346,0.8249,1.4426
0.8249,1.4426,0.8669,1.0506
0.8669,1.0506,0.8933,0.6586
0.8933,0.6586,0.9039,0.2666
0.9039,0.2666,0.8989,-0.1254
0.8989,-0.1254,0.8782,-0.5174
0.8782,-0.5174,0.8418,-0.9094
0.8418,-0.9094,0.7898,-1.3014
0.7898,-1.3014,0.7220,-1.6934
0.7220,-1.6934,0.6386,-2.0854
0.6386,-2.0854,0.5395,-2.4774
0.5395,-2.4774,0.5000,1.7217
0.5000,1.7217,0.5532,1.3297
0.5532,1.3297,0.5907,0.9377
0.5907,0.9377,0.6125,0.5457
0.6125,0.5457,0.6187,0.1537
0.6187,0.1537,0.6091,-0.2383
0.6091,-0.2383,0.5839,-0.6303
0.5839,-0.6303,0.5430,-1.0223
0.5430,-1.0223,0.5000,0.8486
0.5000,0.8486,0.5183,0.4566
0.5183,0.4566,0.5208,0.0646
0.5208,0.0646,0.5078,-0.3274
0.5078,-0.3274,0.5000,0.4316
0.5000,0.4316,0.5016,0.0396
0.5016,0.0396,0.5000,0.0000
0.5000,0.0000,0.5000,0.0000
0.5000,0.0000,0.5000,0.0000
0.5000,0.0000,0.5000,0.0000
0.5000,0.0000,0.5000,0.0000
0.5000,0.0000,0.5000,0.0000
0.5000,0.0000,0.5000,0.0000
0.5000,0.0000,0.5000,0.0000
0.5000,0.0000,0.5000,0.0000
0.5000,0.0000,0.5000,0.0000
0.5000,0.0000,0.5000,0.0000
0.5000,0.0000,0.5000,0.0000
0.5000,0.0000,0.5000,0.0000
0.5000,0.0000,0.5000,0.0000
0.5000,0.0000,0.5000,0.0000
0.5000,0.0000,0.5000,0.0000
0.5000,0.0000,0.5000,0.0000
0.5000,0.0000,0.5000,0.0000
0.5000,0.0000,0.5000,0.0000
0.5000,0.0000,0.5000,0.0000
0.5000,0.0000,0.5000,0.0000
0.5000,0.0000,0.5000,0.0000
0.5000,0.0000,0.5000,0.0000
0.5000,0.0000,0.5000,0.0000
0.5000,0.0000,0.5000,0.0000
0.5000,0.0000,0.5000,0.0000
0.5000,0.0000,0.5000,0.0000
0.5000,0.0000,0.5000,0.0000
0.5000,0.0000,0.5000,0.0000
0.5000,0.0000,0.5000,0.0000
0.5000,0.0000,0.5000,0.0000
0.5000,0.0000,0.5000,0.0000
0.5000,0.0000,0.5000,0.0000
0.5000,0.0000,0.5000,0.0000
0.5000,0.0000,0.5000,0.0000
0.5000,0.0000,0.5000,0.0000
0.5000,0.0000,0.5000,0.0000
0.5000,0.0000,0.5000,0.0000
0.5000,0.0000,0.5000,0.0000
0.5000,0.0000,0.5000,0.0000
0.5000,0.0000,0.5000,0.0000
0.5000,0.0000,0.5000,0.0000
0.5000,0.0000,0.5000,0.0000
0.5000,0.0000,0.5000,0.0000
0.5000,0.0000,0.5000,0.0000
0.5000,0.0000,0.5000,0.0000
0.5000,0.0000,0.5000,0.0000
0.5000,0.0000,0.5000,0.0000
0.5000,0.0000,0.5000,0.0000
0.5000,0.0000,0.5000,0.0000
0.5000,0.0000,0.5000,0.0000
0.5000,0.0000,0.5000,0.0000
0.5000,0.0000,0.5000,0.0000
0.5000,0.0000,0.5000,0.0000
0.5000,0.0000,0.5000,0.0000
0.5000,0.0000,0.5000,0.0000
0.5000,0.0000,0.5000,0.0000
0.5000,0.0000,0.5000,0.0000
0.5000,0.0000,0.5000,0.0000
0.5000,0.0000,0.5000,0.0000
0.5000,0.0000,0.5000,0.0000
0.5000,0.0000,0.5000,0.0000
0.5000,0.0000,0.5000,0.0000
0.5000,0.0000,0.5000,0.0000
0.5000,0.0000,0.5000,0.0000
0.5000,0.0000,0.5000,0.0000
0.5000,0.0000,0.5000,0.0000
0.5000,0.0000,0.5000,0.0000
0.5000,0.0000,0.5000,0.0000
0.5000,0.0000,0.5000,0.0000
0.5000,0.0000,0.5000,0.0000
0.5000,0.0000,0.5000,0.0000
0.5000,0.0000,0.5000,0.0000
0.5000,0.0000,0.5000,0.0000
5.3871,0.0000,5.3715,-0.3920
5.3715,-0.3920,5.3401,-0.7840
5.3401,-0.7840,5.2931,-1.1760
5.2931,-1.1760,5.2303,-1.5680
5.2303,-1.5680,5.1519,-1.9600
5.1519,-1.9600,5.0579,-2.3520
5.0579,-2.3520,4.9481,-2.7440
4.9481,-2.7440,4.8227,-3.1360
4.8227,-3.1360,4.6815,-3.5280
4.6815,-3.5280,4.5247,-3.9200
4.5247,-3.9200,4.3523,-4.3120
4.3523,-4.3120,4.1641,-4.7040
4.1641,-4.7040,3.9603,-5.0960
3.9603,-5.0960,3.7407,-5.4880
3.7407,-5.4880,3.5055,-5.8800
3.5055,-5.8800,3.2547,-6.2720
3.2547,-6.2720,2.9881,-6.6640
2.9881,-6.6640,2.7059,-7.0560
2.7059,-7.0560,2.4079,-7.4480
2.4079,-7.4480,2.0943,-7.8400
2.0943,-7.8400,1.7651,-8.2320
1.7651,-8.2320,1.4201,-8.6240
1.4201,-8.6240,1.0595,-9.0160
1.0595,-9.0160,0.6831,-9.4080
0.6831,-9.4080,0.5000,5.8800
0.5000,5.8800,0.7195,5.4880
0.7195,5.4880,0.9234,5.0960
0.9234,5.0960,1.1115,4.7040
1.1115,4.7040,1.2840,4.3120
1.2840,4.3120,1.4408,3.9200
1.4408,3.9200,1.5819,3.5280
1.5819,3.5280,1.7074,3.1360
1.7074,3.1360,1.8171,2.7440
1.8171,2.7440,1.9112,2.3520
1.9112,2.3520,1.9896,1.9600
1.9896,1.9600,2.0523,1.5680
2.0523,1.5680,2.0994,1.1760
2.0994,1.1760,2.1307,0.7840
2.1307,0.7840,2.1464,0.3920
2.1464,0.3920,2.1464,-0.0000
2.1464,-0.0000,2.1307,-0.3920
2.1307,-0.3920,2.0994,-0.7840
2.0994,-0.7840,2.0523,-1.1760
2.0523,-1.1760,1.9896,-1.5680
1.9896,-1.5680,1.9112,-1.9600
1.9112,-1.9600,1.8171,-2.3520
1.8171,-2.3520,1.7074,-2.7440
1.7074,-2.7440,1.5819,-3.1360
1.5819,-3.1360,1.4408,-3.5280
1.4408,-3.5280,1.2840,-3.9200
1.2840,-3.9200,1.1115,-4.3120
1.1115,-4.3120,0.9234,-4.7040
0.9234,-4.7040,0.7195,-5.0960
0.7195,-5.0960,0.5000,3.2928
0.5000,3.2928,0.6160,2.9008
0.6160,2.9008,0.7164,2.5088
0.7164,2.5088,0.8011,2.1168
0.8011,2.1168,0.8700,1.7248
0.8700,1.7248,0.9234,1.3328
0.9234,1.3328,0.9610,0.9408
0.9610,0.9408,0.9829,0.5488
0.9829,0.5488,0.9892,0.1568
0.9892,0.1568,0.9798,-0.2352
0.9798,-0.2352,0.9547,-0.6272
0.9547,-0.6272,0.9140,-1.0192
0.9140,-1.0192,0.8575,-1.4112
0.8575,-1.4112,0.7854,-1.8032
0.7854,-1.8032,0.6976,-2.1952
0.6976,-2.1952,0.5941,-2.5872
0.5941,-2.5872,0.5000,1.7875
0.5000,1.7875,0.5558,1.3955
0.5558,1.3955,0.5960,1.0035
0.5960,1.0035,0.6204,0.6115
0.6204,0.6115,0.6292,0.2195
0.6292,0.2195,0.6223,-0.1725
0.6223,-0.1725,0.5997,-0.5645
0.5997,-0.5645,0.5615,-0.9565
0.5615,-0.9565,0.5075,-1.3485
0.5075,-1.3485,0.5000,1.0443
0.5000,1.0443,0.5261,0.6523
0.5261,0.6523,0.5365,0.2603
0.5365,0.2603,0.5312,-0.1317
0.5312,-0.1317,0.5103,-0.5237
0.5103,-0.5237,0.5000,0.5494
0.5000,0.5494,0.5063,0.1574
0.5063,0.1574,0.5000,0.0000
0.5000,0.0000,0.5000,0.0000
0.5000,0.0000,0.5000,0.0000
0.5000,0.0000,0.5000,0.0000
0.5000,0.0000,0.5000,0.0000
0.5000,0.0000,0.5000,0.0000
0.5000,0.0000,0.5000,0.0000
0.5000,0.0000,0.5000,0.0000
0.5000,0.0000,0.5000,0.0000
0.5000,0.0000,0.5000,0.0000
0.5000,0.0000,0.5000,0.0000
0.5000,0.0000,0.5000,0.0000
0.5000,0.0000,0.5000,0.0000
0.5000,0.0000,0.5000,0.0000
0.5000,0.0000,0.5000,0.0000
0.5000,0.0000,0.5000,0.0000
0.5000,0.0000,0.5000,0.0000
0.5000,0.0000,0.5000,0.0000
0.5000,0.0000,0.5000,0.0000
0.5000,0.0000,0.5000,0.0000
0.5000,0.0000,0.5000,0.0000
0.5000,0.0000,0.5000,0.0000
0.5000,0.0000,0.5000,0.0000
0.5000,0.0000,0.5000,0.0000
0.5000,0.0000,0.5000,0.0000
0.5000,0.0000,0.5000,0.0000
0.5000,0.0000,0.5000,0.0000
0.5000,0.0000,0.5000,0.0000
0.5000,0.0000,0.5000,0.0000
0.5000,0.0000,0.5000,0.0000
0.5000,0.0000,0.5000,0.0000
0.5000,0.0000,0.5000,0.0000
0.5000,0.0000,0.5000,0.0000
0.5000,0.0000,0.5000,0.0000
0.5000,0.0000,0.5000,0.0000
0.5000,0.0000,0.5000,0.0000
0.5000,0.0000,0.5000,0.0000
0.5000,0.0000,0.5000,0.0000
0.5000,0.0000,0.5000,0.0000
0.5000,0.0000,0.5000,0.0000
0.5000,0.0000,0.5000,0.0000
0.5000,0.0000,0.5000,0.0000
0.5000,0.0000,0.5000,0.0000
0.5000,0.0000,0.5000,0.0000
0.5000,0.0000,0.5000,0.0000
0.5000,0.0000,0.5000,0.0000
0.5000,0.0000,0.5000,0.0000
0.5000,0.0000,0.5000,0.0000
0.5000,0.0000,0.5000,0.0000
0.5000,0.0000,0.5000,0.0000
0.5000,0.0000,0.5000,0.0000
0.5000,0.0000,0.5000,0.0000
0.5000,0.0000,0.5000,0.0000
0.5000,0.0000,0.5000,0.0000
0.5000,0.0000,0.5000,0.0000
0.5000,0.0000,0.5000,0.0000
0.5000,0.0000,0.5000,0.0000
0.5000,0.0000,0.5000,0.0000
0.5000,0.0000,0.5000,0.0000
0.5000,0.0000,0.5000,0.0000
0.5000,0.0000,0.5000,0.0000
0.5000,0.0000,0.5000,0.0000
0.5000,0.0000,0.5000,0.0000
0.5000,0.0000,0.5000,0.0000
0.5000,0.0000,0.5000,0.0000
8.3808,0.0000,8.3652,-0.3920
8.3652,-0.3920,8.3338,-0.7840
8.3338,-0.7840,8.2868,-1.1760
8.2868,-1.1760,8.2240,-1.5680
8.2240,-1.5680,8.1456,-1.9600
8.1456,-1.9600,8.0516,-2.3520
8.0516,-2.3520,7.9418,-2.7440
7.9418,-2.7440,7.8164,-3.1360
7.8164,-3.1360,7.6752,-3.5280
7.6752,-3.5280,7.5184,-3.9200
7.5184,-3.9200,7.3460,-4.3120
7.3460,-4.3120,7.1578,-4.7040
7.1578,-4.7040,6.9540,-5.0960
6.9540,-5.0960,6.7344,-5.4880
6.7344,-5.4880,6.4992,-5.8800
6.4992,-5.8800,6.2484,-6.2720
6.2484,-6.2720,5.9818,-6.6640
5.9818,-6.6640,5.6996,-7.0560
5.6996,-7.0560,5.4016,-7.4480
5.4016,-7.4480,5.0880,-7.8400
5.0880,-7.8400,4.7588,-8.2320
4.7588,-8.2320,4.4138,-8.6240
4.4138,-8.6240,4.0532,-9.0160
4.0532,-9.0160,3.6768,-9.4080
3.6768,-9.4080,3.2848,-9.8000
3.2848,-9.8000,2.8772,-10.1920
2.8772,-10.1920,2.4538,-10.5840
2.4538,-10.5840,2.0148,-10.9760
2.0148,-10.9760,1.5600,-11.3680
1.5600,-11.3680,1.0896,-11.7600
1.0896,-11.7600,0.6036,-12.1520
0.6036,-12.1520,0.5000,7.5264
0.5000,7.5264,0.7854,7.1344
0.7854,7.1344,1.0551,6.7424
1.0551,6.7424,1.3091,6.3504
1.3091,6.3504,1.5474,5.9584
1.5474,5.9584,1.7701,5.5664
1.7701,5.5664,1.9771,5.1744
1.9771,5.1744,2.1684,4.7824
2.1684,4.7824,2.3440,4.3904
2.3440,4.3904,2.5039,3.9984
2.5039,3.9984,2.6482,3.6064
2.6482,3.6064,2.7767,3.2144
2.7767,3.2144,2.8896,2.8224
2.8896,2.8224,2.9868,2.4304
2.9868,2.4304,3.0684,2.0384
3.0684,2.0384,3.1342,1.6464
3.1342,1.6464,3.1844,1.2544
3.1844,1.2544,3.2189,0.8624
3.2189,0.8624,3.2377,0.4704
3.2377,0.4704,3.2409,0.0784
3.2409,0.0784,3.2283,-0.3136
3.2283,-0.3136,3.2001,-0.7056
3.2001,-0.7056,3.1562,-1.0976
3.1562,-1.0976,3.0966,-1.4896
3.0966,-1.4896,3.0213,-1.8816
3.0213,-1.8816,2.9304,-2.2736
2.9304,-2.2736,2.8238,-2.6656
2.8238,-2.6656,2.7015,-3.0576
2.7015,-3.0576,2.5635,-3.4496
2.5635,-3.4496,2.4098,-3.8416
2.4098,-3.8416,2.2405,-4.2336
2.2405,-4.2336,2.0555,-4.6256
2.0555,-4.6256,1.8548,-5.0176
1.8548,-5.0176,1.6384,-5.4096
1.6384,-5.4096,1.4063,-5.8016
1.4063,-5.8016,1.1586,-6.1936
1.1586,-6.1936,0.8951,-6.5856
0.8951,-6.5856,0.6160,-6.9776
0.6160,-6.9776,0.5000,4.4218
0.5000,4.4218,0.6612,4.0298
0.6612,4.0298,0.8067,3.6378
0.8067,3.6378,0.9365,3.2458
0.9365,3.2458,1.0507,2.8538
1.0507,2.8538,1.1492,2.4618
1.1492,2.4618,1.2319,2.0698
1.2319,2.0698,1.2991,1.6778
1.2991,1.6778,1.3505,1.2858
1.3505,1.2858,1.3862,0.8938
1.3862,0.8938,1.4063,0.5018
1.4063,0.5018,1.4107,0.1098
1.4107,0.1098,1.3994,-0.2822
1.3994,-0.2822,1.3724,-0.6742
1.3724,-0.6742,1.3298,-1.0662
1.3298,-1.0662,1.2715,-1.4582
1.2715,-1.4582,1.1974,-1.8502
1.1974,-1.8502,1.1078,-2.2422
1.1078,-2.2422,1.0024,-2.6342
1.0024,-2.6342,0.8813,-3.0262
0.8813,-3.0262,0.7446,-3.4182
0.7446,-3.4182,0.5922,-3.8102
0.5922,-3.8102,0.5000,2.5213
0.5000,2.5213,0.5852,2.1293
0.5852,2.1293,0.6547,1.7373
0.6547,1.7373,0.7085,1.3453
0.7085,1.3453,0.7466,0.9533
0.7466,0.9533,0.7691,0.5613
0.7691,0.5613,0.7758,0.1693
0.7758,0.1693,0.7669,-0.2227
0.7669,-0.2227,0.7424,-0.6147
0.7424,-0.6147,0.7021,-1.0067
0.7021,-1.0067,0.6461,-1.3987
0.6461,-1.3987,0.5745,-1.7907
0.5745,-1.7907,0.5000,1.3096
0.5000,1.3096,0.5367,0.9176
0.5367,0.9176,0.5577,0.5256
0.5577,0.5256,0.5631,0.1336
0.5631,0.1336,0.5527,-0.2584
0.5527,-0.2584,0.5267,-0.6504
0.5267,-0.6504,0.5000,0.6254
0.5000,0.6254,0.5093,0.2334
0.5093,0.2334,0.5030,-0.1586
0.5030,-0.1586,0.5000,0.0000
0.5000,0.0000,0.5000,0.0000
0.5000,0.0000,0.5000,0.0000
0.5000,0.0000,0.5000,0.0000
0.5000,0.0000,0.5000,0.0000
0.5000,0.0000,0.5000,0.0000
0.5000,0.0000,0.5000,0.0000
0.5000,0.0000,0.5000,0.0000
0.5000,0.0000,0.5000,0.0000
0.5000,0.0000,0.5000,0.0000
0.5000,0.0000,0.5000,0.0000
0.5000,0.0000,0.5000,0.0000
0.5000,0.0000,0.5000,0.0000
0.5000,0.0000,0.5000,0.0000
0.5000,0.0000,0.5000,0.0000
0.5000,0.0000,0.5000,0.0000
0.5000,0.0000,0.5000,0.0000
0.5000,0.0000,0.5000,0.0000
0.5000,0.0000,0.5000,0.0000
0.5000,0.0000,0.5000,0.0000
0.5000,0.0000,0.5000,0.0000
0.5000,0.0000,0.5000,0.0000
0.5000,0.0000,0.5000,0.0000
0.5000,0.0000,0.5000,0.0000
0.5000,0.0000,0.5000,0.0000
0.5000,0.0000,0.5000,0.0000
0.5000,0.0000,0.5000,0.0000
0.5000,0.0000,0.5000,0.0000
0.5000,0.0000,0.5000,0.0000
0.5000,0.0000,0.5000,0.0000
0.5000,0.0000,0.5000,0.0000
0.5000,0.0000,0.5000,0.0000
0.5000,0.0000,0.5000,0.0000
0.5000,0.0000,0.5000,0.0000
0.5000,0.0000,0.5000,0.0000
0.5000,0.0000,0.5000,0.0000
0.5000,0.0000,0.5000,0.0000
0.5000,0.0000,0.5000,0.0000
4.6191,0.0000,4.6034,-0.3920
4.6034,-0.3920,4.5721,-0.7840
4.5721,-0.7840,4.5250,-1.1760
4.5250,-1.1760,4.4623,-1.5680
4.4623,-1.5680,4.3839,-1.9600
4.3839,-1.9600,4.2898,-2.3520
4.2898,-2.3520,4.1801,-2.7440
4.1801,-2.7440,4.0546,-3.1360
4.0546,-3.1360,3.9135,-3.5280
3.9135,-3.5280,3.7567,-3.9200
3.7567,-3.9200,3.5842,-4.3120
3.5842,-4.3120,3.3961,-4.7040
3.3961,-4.7040,3.1922,-5.0960
3.1922,-5.0960,2.9727,-5.4880
2.9727,-5.4880,2.7375,-5.8800
2.7375,-5.8800,2.4866,-6.2720
2.4866,-6.2720,2.2201,-6.6640
2.2201,-6.6640,1.9378,-7.0560
1.9378,-7.0560,1.6399,-7.4480
1.6399,-7.4480,1.3263,-7.8400
1.3263,-7.8400,0.9970,-8.2320
0.9970,-8.2320,0.6521,-8.6240
0.6521,-8.6240,0.5000,5.4096
0.5000,5.4096,0.7007,5.0176
0.7007,5.0176,0.8857,4.6256
0.8857,4.6256,1.0551,4.2336
1.0551,4.2336,1.2087,3.8416
1.2087,3.8416,1.3467,3.4496
1.3467,3.4496,1.4690,3.0576
1.4690,3.0576,1.5756,2.6656
1.5756,2.6656,1.6666,2.2736
1.6666,2.2736,1.7419,1.8816
1.7419,1.8816,1.8014,1.4896
1.8014,1.4896,1.8453,1.0976
1.8453,1.0976,1.8736,0.7056
1.8736,0.7056,1.8861,0.3136
1.8861,0.3136,1.8830,-0.0784
1.8830,-0.0784,1.8642,-0.4704
1.8642,-0.4704,1.8297,-0.8624
1.8297,-0.8624,1.7795,-1.2544
1.7795,-1.2544,1.7136,-1.6464
1.7136,-1.6464,1.6321,-2.0384
1.6321,-2.0384,1.5349,-2.4304
1.5349,-2.4304,1.4220,-2.8224
1.4220,-2.8224,1.2934,-3.2144
1.2934,-3.2144,1.1492,-3.6064
1.1492,-3.6064,0.9892,-3.9984
0.9892,-3.9984,0.8136,-4.3904
0.8136,-4.3904,0.6223,-4.7824
0.6223,-4.7824,0.5000,3.1046
0.5000,3.1046,0.6085,2.7126
0.6085,2.7126,0.7013,2.3206
0.7013,2.3206,0.7785,1.9286
0.7785,1.9286,0.8399,1.5366
0.8399,1.5366,0.8857,1.1446
0.8857,1.1446,0.9158,0.7526
0.9158,0.7526,0.9303,0.3606
0.9303,0.3606,0.9290,-0.0314
0.9290,-0.0314,0.9121,-0.4234
0.9121,-0.4234,0.8795,-0.8154
0.8795,-0.8154,0.8312,-1.2074
0.8312,-1.2074,0.7672,-1.5994
0.7672,-1.5994,0.6875,-1.9914
0.6875,-1.9914,0.5922,-2.3834
0.5922,-2.3834,0.5000,1.6652
0.5000,1.6652,0.5509,1.2732
0.5509,1.2732,0.5862,0.8812
0.5862,0.8812,0.6057,0.4892
0.6057,0.4892,0.6096,0.0972
0.6096,0.0972,0.5978,-0.2948
0.5978,-0.2948,0.5704,-0.6868
0.5704,-0.6868,0.5272,-1.0788
0.5272,-1.0788,0.5000,0.8825
0.5000,0.8825,0.5196,0.4905
0.5196,0.4905,0.5236,0.0985
0.5236,0.0985,0.5118,-0.2935
0.5118,-0.2935,0.5000,0.4113
0.5000,0.4113,0.5008,0.0193
0.5008,0.0193,0.5000,0.0000
0.5000,0.0000,0.5000,0.0000
0.5000,0.0000,0.5000,0.0000
0.5000,0.0000,0.5000,0.0000
0.5000,0.0000,0.5000,0.0000
0.5000,0.0000,0.5000,0.0000
0.5000,0.0000,0.5000,0.0000
0.5000,0.0000,0.5000,0.0000
0.5000,0.0000,0.5000,0.0000
0.5000,0.0000,0.5000,0.0000
0.5000,0.0000,0.5000,0.0000
0.5000,0.0000,0.5000,0.0000
0.5000,0.0000,0.5000,0.0000
0.5000,0.0000,0.5000,0.0000
0.5000,0.0000,0.5000,0.0000
0.5000,0.0000,0.5000,0.0000
0.5000,0.0000,0.5000,0.0000
0.5000,0.0000,0.5000,0.0000
0.5000,0.0000,0.5000,0.0000
0.5000,0.0000,0.5000,0.0000
0.5000,0.0000,0.5000,0.0000
0.5000,0.0000,0.5000,0.0000
0.5000,0.0000,0.5000,0.0000
0.5000,0.0000,0.5000,0.0000
0.5000,0.0000,0.5000,0.0000
0.5000,0.0000,0.5000,0.0000
0.5000,0.0000,0.5000,0.0000
0.5000,0.0000,0.5000,0.0000
0.5000,0.0000,0.5000,0.0000
0.5000,0.0000,0.5000,0.0000
0.5000,0.0000,0.5000,0.0000
0.5000,0.0000,0.5000,0.0000
0.5000,0.0000,0.5000,0.0000
0.5000,0.0000,0.5000,0.0000
0.5000,0.0000,0.5000,0.0000
0.5000,0.0000,0.5000,0.0000
0.5000,0.0000,0.5000,0.0000
0.5000,0.0000,0.5000,0.0000
0.5000,0.0000,0.5000,0.0000
0.5000,0.0000,0.5000,0.0000
0.5000,0.0000,0.5000,0.0000
0.5000,0.0000,0.5000,0.0000
0.5000,0.0000,0.5000,0.0000
0.5000,0.0000,0.5000,0.0000
0.5000,0.0000,0.5000,0.0000
0.5000,0.0000,0.5000,0.0000
0.5000,0.0000,0.5000,0.0000
0.5000,0.0000,0.5000,0.0000
0.5000,0.0000,0.5000,0.0000
0.5000,0.0000,0.5000,0.0000
0.5000,0.0000,0.5000,0.0000
0.5000,0.0000,0.5000,0.0000
0.5000,0.0000,0.5000,0.0000
0.5000,0.0000,0.5000,0.0000
0.5000,0.0000,0.5000,0.0000
0.5000,0.0000,0.5000,0.0000
0.5000,0.0000,0.5000,0.0000
0.5000,0.0000,0.5000,0.0000
0.5000,0.0000,0.5000,0.0000
0.5000,0.0000,0.5000,0.0000
0.5000,0.0000,0.5000,0.0000
0.5000,0.0000,0.5000,0.0000
0.5000,0.0000,0.5000,0.0000
0.5000,0.0000,0.5000,0.0000
0.5000,0.0000,0.5000,0.0000
0.5000,0.0000,0.5000,0.0000
0.5000,0.0000,0.5000,0.0000
0.5000,0.0000,0.5000,0.0000
0.5000,0.0000,0.5000,0.0000
0.5000,0.0000,0.5000,0.0000
0.5000,0.0000,0.5000,0.0000
0.5000,0.0000,0.5000,0.0000
9.2495,0.0000,9.2338,-0.3920
9.2338,-0.3920,9.2024,-0.7840
9.2024,-0.7840,9.1554,-1.1760
9.1554,-1.1760,9.0927,-1.5680
9.0927,-1.5680,9.0143,-1.9600
9.0143,-1.9600,8.9202,-2.3520
8.9202,-2.3520,8.8104,-2.7440
8.8104,-2.7440,8.6850,-3.1360
8.6850,-3.1360,8.5439,-3.5280
8.5439,-3.5280,8.3871,-3.9200
8.3871,-3.9200,8.2146,-4.3120
8.2146,-4.3120,8.0264,-4.7040
8.0264,-4.7040,7.8226,-5.0960
7.8226,-5.0960,7.6031,-5.4880
7.6031,-5.4880,7.3679,-5.8800
7.3679,-5.8800,7.1170,-6.2720
7.1170,-6.2720,6.8504,-6.6640
6.8504,-6.6640,6.5682,-7.0560
6.5682,-7.0560,6.2703,-7.4480
6.2703,-7.4480,5.9567,-7.8400
5.9567,-7.8400,5.6274,-8.2320
5.6274,-8.2320,5.2824,-8.6240
5.2824,-8.6240,4.9218,-9.0160
4.9218,-9.0160,4.5455,-9.4080
4.5455,-9.4080,4.1535,-9.8000
4.1535,-9.8000,3.7458,-10.1920
3.7458,-10.1920,3.3224,-10.5840
3.3224,-10.5840,2.8834,-10.9760
2.8834,-10.9760,2.4287,-11.3680
2.4287,-11.3680,1.9583,-11.7600
1.9583,-11.7600,1.4722,-12.1520
1.4722,-12.1520,0.9704,-12.5440
0.9704,-12.5440,0.5000,7.7616
0.5000,7.7616,0.7948,7.3696
0.7948,7.3696,1.0739,6.9776
1.0739,6.9776,1.3373,6.5856
1.3373,6.5856,1.5851,6.1936
1.5851,6.1936,1.8171,5.8016
1.8171,5.8016,2.0335,5.4096
2.0335,5.4096,2.2342,5.0176
2.2342,5.0176,2.4192,4.6256
2.4192,4.6256,2.5886,4.2336
2.5886,4.2336,2.7422,3.8416
2.7422,3.8416,2.8802,3.4496
2.8802,3.4496,3.0025,3.0576
3.0025,3.0576,3.1092,2.6656
3.1092,2.6656,3.2001,2.2736
3.2001,2.2736,3.2754,1.8816
3.2754,1.8816,3.3349,1.4896
3.3349,1.4896,3.3788,1.0976
3.3788,1.0976,3.4071,0.7056
3.4071,0.7056,3.4196,0.3136
3.4196,0.3136,3.4165,-0.0784
3.4165,-0.0784,3.3977,-0.4704
3.3977,-0.4704,3.3632,-0.8624
3.3632,-0.8624,3.3130,-1.2544
3.3130,-1.2544,3.2471,-1.6464
3.2471,-1.6464,3.1656,-2.0384
3.1656,-2.0384,3.0684,-2.4304
3.0684,-2.4304,2.9555,-2.8224
2.9555,-2.8224,2.8269,-3.2144
2.8269,-3.2144,2.6827,-3.6064
2.6827,-3.6064,2.5227,-3.9984
2.5227,-3.9984,2.3471,-4.3904
2.3471,-4.3904,2.1558,-4.7824
2.1558,-4.7824,1.9488,-5.1744
1.9488,-5.1744,1.7262,-5.5664
1.7262,-5.5664,1.4878,-5.9584
1.4878,-5.9584,1.2338,-6.3504
1.2338,-6.3504,0.9641,-6.7424
0.9641,-6.7424,0.6788,-7.1344
0.6788,-7.1344,0.5000,4.5158
0.5000,4.5158,0.6650,4.1238
0.6650,4.1238,0.8142,3.7318
0.8142,3.7318,0.9478,3.3398
0.9478,3.3398,1.0657,2.9478
1.0657,2.9478,1.1680,2.5558
1.1680,2.5558,1.2545,2.1638
1.2545,2.1638,1.3254,1.7718
1.3254,1.7718,1.3806,1.3798
1.3806,1.3798,1.4201,0.9878
1.4201,0.9878,1.4439,0.5958
1.4439,0.5958,1.4521,0.2038
1.4521,0.2038,1.4446,-0.1882
1.4446,-0.1882,1.4214,-0.5802
1.4214,-0.5802,1.3825,-0.9722
1.3825,-0.9722,1.3279,-1.3642
1.3279,-1.3642,1.2577,-1.7562
1.2577,-1.7562,1.1717,-2.1482
1.1717,-2.1482,1.0701,-2.5402
1.0701,-2.5402,0.9528,-2.9322
0.9528,-2.9322,0.8199,-3.3242
0.8199,-3.3242,0.6712,-3.7162
0.6712,-3.7162,0.5069,-4.1082
0.5069,-4.1082,0.5000,2.7001
0.5000,2.7001,0.5923,2.3081
0.5923,2.3081,0.6690,1.9161
0.6690,1.9161,0.7299,1.5241
0.7299,1.5241,0.7752,1.1321
0.7752,1.1321,0.8048,0.7401
0.8048,0.7401,0.8187,0.3481
0.8187,0.3481,0.8170,-0.0439
0.8170,-0.0439,0.7996,-0.4359
0.7996,-0.4359,0.7664,-0.8279
0.7664,-0.8279,0.7176,-1.2199
0.7176,-1.2199,0.6532,-1.6119
0.6532,-1.6119,0.5730,-2.0039
0.5730,-2.0039,0.5000,1.4375
0.5000,1.4375,0.5418,1.0455
0.5418,1.0455,0.5680,0.6535
0.5680,0.6535,0.5784,0.2615
0.5784,0.2615,0.5732,-0.1305
0.5732,-0.1305,0.5523,-0.5225
0.5523,-0.5225,0.5157,-0.9145
0.5157,-0.9145,0.5000,0.7839
0.5000,0.7839,0.5157,0.3919
0.5157,0.3919,0.5157,-0.0001
0.5157,-0.0001,0.5000,0.0000
0.5000,0.0000,0.5000,0.0000
0.5000,0.0000,0.5000,0.0000
0.5000,0.0000,0.5000,0.0000
0.5000,0.0000,0.5000,0.0000
0.5000,0.0000,0.5000,0.0000
0.5000,0.0000,0.5000,0.0000
0.5000,0.0000,0.5000,0.0000
0.5000,0.0000,0.5000,0.0000
0.5000,0.0000,0.5000,0.0000
0.5000,0.0000,0.5000,0.0000
0.5000,0.0000,0.5000,0.0000
0.5000,0.0000,0.5000,0.0000
0.5000,0.0000,0.5000,0.0000
0.5000,0.0000,0.5000,0.0000
0.5000,0.0000,0.5000,0.0000
0.5000,0.0000,0.5000,0.0000
0.5000,0.0000,0.5000,0.0000
0.5000,0.0000,0.5000,0.0000
0.5000,0.0000,0.5000,0.0000
0.5000,0.0000,0.5000,0.0000
0.5000,0.0000,0.5000,0.0000
0.5000,0.0000,0.5000,0.0000
0.5000,0.0000,0.5000,0.0000
0.5000,0.0000,0.5000,0.0000
0.5000,0.0000,0.5000,0.0000
0.5000,0.0000,0.5000,0.0000
0.5000,0.0000,0.5000,0.0000
0.5000,0.0000,0.5000,0.0000
0.5000,0.0000,0.5000,0.0000
0.5000,0.0000,0.5000,0.0000
0.5000,0.0000,0.5000,0.0000
0.5000,0.0000,0.5000,0.0000
6.8019,0.0000,6.7863,-0.3920
6.7863,-0.3920,6.7549,-0.7840
6.7549,-0.7840,6.7079,-1.1760
6.7079,-1.1760,6.6451,-1.5680
6.6451,-1.5680,6.5667,-1.9600
6.5667,-1.9600,6.4727,-2.3520
6.4727,-2.3520,6.3629,-2.7440
6.3629,-2.7440,6.2375,-3.1360
6.2375,-3.1360,6.0963,-3.5280
6.0963,-3.5280,5.9395,-3.9200
5.9395,-3.9200,5.7671,-4.3120
5.7671,-4.3120,5.5789,-4.7040
5.5789,-4.7040,5.3751,-5.0960
5.3751,-5.0960,5.1555,-5.4880
5.1555,-5.4880,4.9203,-5.8800
4.9203,-5.8800,4.6695,-6.2720
4.6695,-6.2720,4.4029,-6.6640
4.4029,-6.6640,4.1207,-7.0560
4.1207,-7.0560,3.8227,-7.4480
3.8227,-7.4480,3.5091,-7.8400
3.5091,-7.8400,3.1799,-8.2320
3.1799,-8.2320,2.8349,-8.6240
2.8349,-8.6240,2.4743,-9.0160
2.4743,-9.0160,2.0979,-9.4080
2.0979,-9.4080,1.7059,-9.8000
1.7059,-9.8000,1.2983,-10.1920
1.2983,-10.1920,0.8749,-10.5840
0.8749,-10.5840,0.5000,6.5856
0.5000,6.5856,0.7477,6.1936
0.7477,6.1936,0.9798,5.8016
0.9798,5.8016,1.1962,5.4096
1.1962,5.4096,1.3969,5.0176
1.3969,5.0176,1.5819,4.6256
1.5819,4.6256,1.7513,4.2336
1.7513,4.2336,1.9049,3.8416
1.9049,3.8416,2.0429,3.4496
2.0429,3.4496,2.1652,3.0576
2.1652,3.0576,2.2718,2.6656
2.2718,2.6656,2.3628,2.2736
2.3628,2.2736,2.4380,1.8816
2.4380,1.8816,2.4976,1.4896
2.4976,1.4896,2.5415,1.0976
2.5415,1.0976,2.5698,0.7056
2.5698,0.7056,2.5823,0.3136
2.5823,0.3136,2.5792,-0.0784
2.5792,-0.0784,2.5604,-0.4704
2.5604,-0.4704,2.5259,-0.8624
2.5259,-0.8624,2.4757,-1.2544
2.4757,-1.2544,2.4098,-1.6464
2.4098,-1.6464,2.3283,-2.0384
2.3283,-2.0384,2.2311,-2.4304
2.2311,-2.4304,2.1182,-2.8224
2.1182,-2.8224,1.9896,-3.2144
1.9896,-3.2144,1.8453,-3.6064
1.8453,-3.6064,1.6854,-3.9984
1.6854,-3.9984,1.5098,-4.3904
1.5098,-4.3904,1.3185,-4.7824
1.3185,-4.7824,1.1115,-5.1744
1.1115,-5.1744,0.8889,-5.5664
0.8889,-5.5664,0.6505,-5.9584
0.6505,-5.9584,0.5000,3.8102
0.5000,3.8102,0.6367,3.4182
0.6367,3.4182,0.7578,3.0262
0.7578,3.0262,0.8631,2.6342
0.8631,2.6342,0.9528,2.2422
0.9528,2.2422,1.0268,1.8502
1.0268,1.8502,1.0852,1.4582
1.0852,1.4582,1.1278,1.0662
1.1278,1.0662,1.1548,0.6742
1.1548,0.6742,1.1661,0.2822
1.1661,0.2822,1.1617,-0.1098
1.1617,-0.1098,1.1416,-0.5018
1.1416,-0.5018,1.1059,-0.8938
1.1059,-0.8938,1.0544,-1.2858
1.0544,-1.2858,0.9873,-1.6778
0.9873,-1.6778,0.9045,-2.0698
0.9045,-2.0698,0.8061,-2.4618
0.8061,-2.4618,0.6919,-2.8538
0.6919,-2.8538,0.5621,-3.2458
0.5621,-3.2458,0.5000,2.1827
0.5000,2.1827,0.5716,1.7907
0.5716,1.7907,0.6276,1.3987
0.6276,1.3987,0.6678,1.0067
0.6678,1.0067,0.6924,0.6147
0.6924,0.6147,0.7013,0.2227
0.7013,0.2227,0.6946,-0.1693
0.6946,-0.1693,0.6721,-0.5613
0.6721,-0.5613,0.6340,-0.9533
0.6340,-0.9533,0.5802,-1.3453
0.5802,-1.3453,0.5107,-1.7373
0.5107,-1.7373,0.5000,1.2776
0.5000,1.2776,0.5354,0.8856
0.5354,0.8856,0.5552,0.4936
0.5552,0.4936,0.5592,0.1016
0.5592,0.1016,0.5476,-0.2904
0.5476,-0.2904,0.5203,-0.6824
0.5203,-0.6824,0.5000,0.6446
0.5000,0.6446,0.5101,0.2526
0.5101,0.2526,0.5045,-0.1394
0.5045,-0.1394,0.5000,0.0000
0.5000,0.0000,0.5000,0.0000
0.5000,0.0000,0.5000,0.0000
0.5000,0.0000,0.5000,0.0000
0.5000,0.0000,0.5000,0.0000
0.5000,0.0000,0.5000,0.0000
0.5000,0.0000,0.5000,0.0000
0.5000,0.0000,0.5000,0.0000
0.5000,0.0000,0.5000,0.0000
0.5000,0.0000,0.5000,0.0000
0.5000,0.0000,0.5000,0.0000
0.5000,0.0000,0.5000,0.0000
0.5000,0.0000,0.5000,0.0000
0.5000,0.0000,0.5000,0.0000
0.5000,0.0000,0.5000,0.0000
0.5000,0.0000,0.5000,0.0000
0.5000,0.0000,0.5000,0.0000
0.5000,0.0000,0.5000,0.0000
0.5000,0.0000,0.5000,0.0000
0.5000,0.0000,0.5000,0.0000
0.5000,0.0000,0.5000,0.0000
0.5000,0.0000,0.5000,0.0000
0.5000,0.0000,0.5000,0.0000
0.5000,0.0000,0.5000,0.0000
0.5000,0.0000,0.5000,0.0000
0.5000,0.0000,0.5000,0.0000
0.5000,0.0000,0.5000,0.0000
0.5000,0.0000,0.5000,0.0000
0.5000,0.0000,0.5000,0.0000
0.5000,0.0000,0.5000,0.0000
0.5000,0.0000,0.5000,0.0000
0.5000,0.0000,0.5000,0.0000
0.5000,0.0000,0.5000,0.0000
0.5000,0.0000,0.5000,0.0000
0.5000,0.0000,0.5000,0.0000
0.5000,0.0000,0.5000,0.0000
0.5000,0.0000,0.5000,0.0000
0.5000,0.0000,0.5000,0.0000
0.5000,0.0000,0.5000,0.0000
0.5000,0.0000,0.5000,0.0000
0.5000,0.0000,0.5000,0.0000
0.5000,0.0000,0.5000,0.0000
0.5000,0.0000,0.5000,0.0000
0.5000,0.0000,0.5000,0.0000
0.5000,0.0000,0.5000,0.0000
0.5000,0.0000,0.5000,0.0000
0.5000,0.0000,0.5000,0.0000
0.5000,0.0000,0.5000,0.0000
0.5000,0.0000,0.5000,0.0000
0.5000,0.0000,0.5000,0.0000
0.5000,0.0000,0.5000,0.0000
2.4193,0.0000,2.4036,-0.3920
2.4036,-0.3920,2.3723,-0.7840
2.3723,-0.7840,2.3252,-1.1760
2.3252,-1.1760,2.2625,-1.5680
2.2625,-1.5680,2.1841,-1.9600
2.1841,-1.9600,2.0900,-2.3520
2.0900,-2.3520,1.9803,-2.7440
1.9803,-2.7440,1.8548,-3.1360
1.8548,-3.1360,1.7137,-3.5280
1.7137,-3.5280,1.5569,-3.9200
1.5569,-3.9200,1.3844,-4.3120
1.3844,-4.3120,1.1963,-4.7040
1.1963,-4.7040,0.9924,-5.0960
0.9924,-5.0960,0.7729,-5.4880
0.7729,-5.4880,0.5377,-5.8800
0.5377,-5.8800,0.5000,3.7632
0.5000,3.7632,0.6348,3.3712
0.6348,3.3712,0.7540,2.9792
0.7540,2.9792,0.8575,2.5872
0.8575,2.5872,0.9453,2.1952
0.9453,2.1952,1.0174,1.8032
1.0174,1.8032,1.0739,1.4112
1.0739,1.4112,1.1147,1.0192
1.1147,1.0192,1.1397,0.6272
1.1397,0.6272,1.1492,0.2352
1.1492,0.2352,1.1429,-0.1568
1.1429,-0.1568,1.1209,-0.5488
1.1209,-0.5488,1.0833,-0.9408
1.0833,-0.9408,1.0300,-1.3328
1.0300,-1.3328,0.9610,-1.7248
0.9610,-1.7248,0.8763,-2.1168
0.8763,-2.1168,0.7760,-2.5088
0.7760,-2.5088,0.6599,-2.9008
0.6599,-2.9008,0.5282,-3.2928
0.5282,-3.2928,0.5000,2.2109
0.5000,2.2109,0.5728,1.8189
0.5728,1.8189,0.6298,1.4269
0.6298,1.4269,0.6712,1.0349
0.6712,1.0349,0.6969,0.6429
0.6969,0.6429,0.7070,0.2509
0.7070,0.2509,0.7013,-0.1411
0.7013,-0.1411,0.6800,-0.5331
0.6800,-0.5331,0.6430,-0.9251
0.6430,-0.9251,0.5903,-1.3171
0.5903,-1.3171,0.5220,-1.7091
0.5220,-1.7091,0.5000,1.2607
0.5000,1.2607,0.5347,0.8687
0.5347,0.8687,0.5538,0.4767
0.5538,0.4767,0.5572,0.0847
0.5572,0.0847,0.5449,-0.3073
0.5449,-0.3073,0.5169,-0.6993
0.5169,-0.6993,0.5000,0.6548
0.5000,0.6548,0.5105,0.2628
0.5105,0.2628,0.5053,-0.1292
0.5053,-0.1292,0.5000,0.0000
0.5000,0.0000,0.5000,0.0000
0.5000,0.0000,0.5000,0.0000
0.5000,0.0000,0.5000,0.0000
0.5000,0.0000,0.5000,0.0000
0.5000,0.0000,0.5000,0.0000
0.5000,0.0000,0.5000,0.0000
0.5000,0.0000,0.5000,0.0000
0.5000,0.0000,0.5000,0.0000
0.5000,0.0000,0.5000,0.0000
0.5000,0.0000,0.5000,0.0000
0.5000,0.0000,0.5000,0.0000
0.5000,0.0000,0.5000,0.0000
0.5000,0.0000,0.5000,0.0000
0.5000,0.0000,0.5000,0.0000
0.5000,0.0000,0.5000,0.0000
0.5000,0.0000,0.5000,0.0000
0.5000,0.0000,0.5000,0.0000
0.5000,0.0000,0.5000,0.0000
0.5000,0.0000,0.5000,0.0000
0.5000,0.0000,0.5000,0.0000
0.5000,0.0000,0.5000,0.0000
0.5000,0.0000,0.5000,0.0000
0.5000,0.0000,0.5000,0.0000
0.5000,0.0000,0.5000,0.0000
0.5000,0.0000,0.5000,0.0000
0.5000,0.0000,0.5000,0.0000
0.5000,0.0000,0.5000,0.0000
0.5000,0.0000,0.5000,0.0000
0.5000,0.0000,0.5000,0.0000
0.5000,0.0000,0.5000,0.0000
0.5000,0.0000,0.5000,0.0000
0.5000,0.0000,0.5000,0.0000
0.5000,0.0000,0.5000,0.0000
0.5000,0.0000,0.5000,0.0000
0.5000,0.0000,0.5000,0.0000
0.5000,0.0000,0.5000,0.0000
0.5000,0.0000,0.5000,0.0000
0.5000,0.0000,0.5000,0.0000
0.5000,0.0000,0.5000,0.0000
0.5000,0.0000,0.5000,0.0000
0.5000,0.0000,0.5000,0.0000
0.5000,0.0000,0.5000,0.0000
0.5000,0.0000,0.5000,0.0000
0.5000,0.0000,0.5000,0.0000
0.5000,0.0000,0.5000,0.0000
0.5000,0.0000,0.5000,0.0000
0.5000,0.0000,0.5000,0.0000
0.5000,0.0000,0.5000,0.0000
0.5000,0.0000,0.5000,0.0000
0.5000,0.0000,0.5000,0.0000
0.5000,0.0000,0.5000,0.0000
0.5000,0.0000,0.5000,0.0000
0.5000,0.0000,0.5000,0.0000
0.5000,0.0000,0.5000,0.0000
0.5000,0.0000,0.5000,0.0000
0.5000,0.0000,0.5000,0.0000
0.5000,0.0000,0.5000,0.0000
0.5000,0.0000,0.5000,0.0000
0.5000,0.0000,0.5000,0.0000
0.5000,0.0000,0.5000,0.0000
0.5000,0.0000,0.5000,0.0000
0.5000,0.0000,0.5000,0.0000
0.5000,0.0000,0.5000,0.0000
0.5000,0.0000,0.5000,0.0000
0.5000,0.0000,0.5000,0.0000
0.5000,0.0000,0.5000,0.0000
0.5000,0.0000,0.5000,0.0000
0.5000,0.0000,0.5000,0.0000
0.5000,0.0000,0.5000,0.0000
0.5000,0.0000,0.5000,0.0000
0.5000,0.0000,0.5000,0.0000
0.5000,0.0000,0.5000,0.0000
0.5000,0.0000,0.5000,0.0000
0.5000,0.0000,0.5000,0.0000
0.5000,0.0000,0.5000,0.0000
0.5000,0.0000,0.5000,0.0000
0.5000,0.0000,0.5000,0.0000
0.5000,0.0000,0.5000,0.0000
0.5000,0.0000,0.5000,0.0000
0.5000,0.0000,0.5000,0.0000
0.5000,0.0000,0.5000,0.0000
0.5000,0.0000,0.5000,0.0000
0.5000,0.0000,0.5000,0.0000
0.5000,0.0000,0.5000,0.0000
0.5000,0.0000,0.5000,0.0000
0.5000,0.0000,0.5000,0.0000
0.5000,0.0000,0.5000,0.0000
0.5000,0.0000,0.5000,0.0000
0.5000,0.0000,0.5000,0.0000
0.5000,0.0000,0.5000,0.0000
0.5000,0.0000,0.5000,0.0000
0.5000,0.0000,0.5000,0.0000
0.5000,0.0000,0.5000,0.0000
0.5000,0.0000,0.5000,0.0000
0.5000,0.0000,0.5000,0.0000
6.7772,0.0000,6.7615,-0.3920
6.7615,-0.3920,6.7301,-0.7840
6.7301,-0.7840,6.6831,-1.1760
6.6831,-1.1760,6.6204,-1.5680
6.6204,-1.5680,6.5420,-1.9600
6.5420,-1.9600,6.4479,-2.3520
6.4479,-2.3520,6.3381,-2.7440
6.3381,-2.7440,6.2127,-3.1360
6.2127,-3.1360,6.0716,-3.5280
6.0716,-3.5280,5.9148,-3.9200
5.9148,-3.9200,5.7423,-4.3120
5.7423,-4.3120,5.5541,-4.7040
5.5541,-4.7040,5.3503,-5.0960
5.3503,-5.0960,5.1308,-5.4880
5.1308,-5.4880,4.8956,-5.8800
4.8956,-5.8800,4.6447,-6.2720
4.6447,-6.2720,4.3781,-6.6640
4.3781,-6.6640,4.0959,-7.0560
4.0959,-7.0560,3.7980,-7.4480
3.7980,-7.4480,3.4844,-7.8400
3.4844,-7.8400,3.1551,-8.2320
3.1551,-8.2320,2.8101,-8.6240
2.8101,-8.6240,2.4495,-9.0160
2.4495,-9.0160,2.0732,-9.4080
2.0732,-9.4080,1.6812,-9.8000
1.6812,-9.8000,1.2735,-10.1920
1.2735,-10.1920,0.8501,-10.5840
0.8501,-10.5840,0.5000,6.5856
0.5000,6.5856,0.7477,6.1936
0.7477,6.1936,0.9798,5.8016
0.9798,5.8016,1.1962,5.4096
1.1962,5.4096,1.3969,5.0176
1.3969,5.0176,1.5819,4.6256
1.5819,4.6256,1.7513,4.2336
1.7513,4.2336,1.9049,3.8416
1.9049,3.8416,2.0429,3.4496
2.0429,3.4496,2.1652,3.0576
2.1652,3.0576,2.2718,2.6656
2.2718,2.6656,2.3628,2.2736
2.3628,2.2736,2.4380,1.8816
2.4380,1.8816,2.4976,1.4896
2.4976,1.4896,2.5415,1.0976
2.5415,1.0976,2.5698,0.7056
2.5698,0.7056,2.5823,0.3136
2.5823,0.3136,2.5792,-0.0784
2.5792,-0.0784,2.5604,-0.4704
2.5604,-0.4704,2.5259,-0.8624
2.5259,-0.8624,2.4757,-1.2544
2.4757,-1.2544,2.4098,-1.6464
2.4098,-1.6464,2.3283,-2.0384
2.3283,-2.0384,2.2311,-2.4304
2.2311,-2.4304,2.1182,-2.8224
2.1182,-2.8224,1.9896,-3.2144
1.9896,-3.2144,1.8453,-3.6064
1.8453,-3.6064,1.6854,-3.9984
1.6854,-3.9984,1.5098,-4.3904
1.5098,-4.3904,1.3185,-4.7824
1.3185,-4.7824,1.1115,-5.1744
1.1115,-5.1744,0.8889,-5.5664
0.8889,-5.5664,0.6505,-5.9584
0.6505,-5.9584,0.5000,3.8102
0.5000,3.8102,0.6367,3.4182
0.6367,3.4182,0.7578,3.0262
0.7578,3.0262,0.8631,2.6342
0.8631,2.6342,0.9528,2.2422
0.9528,2.2422,1.0268,1.8502
1.0268,1.8502,1.0852,1.4582
1.0852,1.4582,1.1278,1.0662
1.1278,1.0662,1.1548,0.6742
1.1548,0.6742,1.1661,0.2822
1.1661,0.2822,1.1617,-0.1098
1.1617,-0.1098,1.1416,-0.5018
1.1416,-0.5018,1.1059,-0.8938
1.1059,-0.8938,1.0544,-1.2858
1.0544,-1.2858,0.9873,-1.6778
0.9873,-1.6778,0.9045,-2.0698
0.9045,-2.0698,0.8061,-2.4618
0.8061,-2.4618,0.6919,-2.8538
0.6919,-2.8538,0.5621,-3.2458
0.5621,-3.2458,0.5000,2.1827
0.5000,2.1827,0.5716,1.7907
0.5716,1.7907,0.6276,1.3987
0.6276,1.3987,0.6678,1.0067
0.6678,1.0067,0.6924,0.6147
0.6924,0.6147,0.7013,0.2227
0.7013,0.2227,0.6946,-0.1693
0.6946,-0.1693,0.6721,-0.5613
0.6721,-0.5613,0.6340,-0.9533
0.6340,-0.9533,0.5802,-1.3453
0.5802,-1.3453,0.5107,-1.7373
0.5107,-1.7373,0.5000,1.2776
0.5000,1.2776,0.5354,0.8856
0.5354,0.8856,0.5552,0.4936
0.5552,0.4936,0.5592,0.1016
0.5592,0.1016,0.5476,-0.2904
0.5476,-0.2904,0.5203,-0.6824
0.5203,-0.6824,0.5000,0.6446
0.5000,0.6446,0.5101,0.2526
0.5101,0.2526,0.5045,-0.1394
0.5045,-0.1394,0.5000,0.0000
0.5000,0.0000,0.5000,0.0000
0.5000,0.0000,0.5000,0.0000
0.5000,0.0000,0.5000,0.0000
0.5000,0.0000,0.5000,0.0000
0.5000,0.0000,0.5000,0.0000
0.5000,0.0000,0.5000,0.0000
0.5000,0.0000,0.5000,0.0000
0.5000,0.0000,0.5000,0.0000
0.5000,0.0000,0.5000,0.0000
0.5000,0.0000,0.5000,0.0000
0.5000,0.0000,0.5000,0.0000
0.5000,0.0000,0.5000,0.0000
0.5000,0.0000,0.5000,0.0000
0.5000,0.0000,0.5000,0.0000
0.5000,0.0000,0.5000,0.0000
0.5000,0.0000,0.5000,0.0000
0.5000,0.0000,0.5000,0.0000
0.5000,0.0000,0.5000,0.0000
0.5000,0.0000,0.5000,0.0000
0.5000,0.0000,0.5000,0.0000
0.5000,0.0000,0.5000,0.0000
0.5000,0.0000,0.5000,0.0000
0.5000,0.0000,0.5000,0.0000
0.5000,0.0000,0.5000,0.0000
0.5000,0.0000,0.5000,0.0000
0.5000,0.0000,0.5000,0.0000
0.5000,0.0000,0.5000,0.0000
0.5000,0.0000,0.5000,0.0000
0.5000,0.0000,0.5000,0.0000
0.5000,0.0000,0.5000,0.0000
0.5000,0.0000,0.5000,0.0000
0.5000,0.0000,0.5000,0.0000
0.5000,0.0000,0.5000,0.0000
0.5000,0.0000,0.5000,0.0000
0.5000,0.0000,0.5000,0.0000
0.5000,0.0000,0.5000,0.0000
0.5000,0.0000,0.5000,0.0000
0.5000,0.0000,0.5000,0.0000
0.5000,0.0000,0.5000,0.0000
0.5000,0.0000,0.5000,0.0000
0.5000,0.0000,0.5000,0.0000
0.5000,0.0000,0.5000,0.0000
0.5000,0.0000,0.5000,0.0000
0.5000,0.0000,0.5000,0.0000
0.5000,0.0000,0.5000,0.0000
0.5000,0.0000,0.5000,0.0000
0.5000,0.0000,0.5000,0.0000
0.5000,0.0000,0.5000,0.0000
0.5000,0.0000,0.5000,0.0000
0.5000,0.0000,0.5000,0.0000
3.5163,0.0000,3.5006,-0.3920
3.5006,-0.3920,3.4692,-0.7840
3.4692,-0.7840,3.4222,-1.1760
3.4222,-1.1760,3.3595,-1.5680
3.3595,-1.5680,3.2811,-1.9600
3.2811,-1.9600,3.1870,-2.3520
3.1870,-2.3520,3.0772,-2.7440
3.0772,-2.7440,2.9518,-3.1360
2.9518,-3.1360,2.8107,-3.5280
2.8107,-3.5280,2.6539,-3.9200
2.6539,-3.9200,2.4814,-4.3120
2.4814,-4.3120,2.2932,-4.7040
2.2932,-4.7040,2.0894,-5.0960
2.0894,-5.0960,1.8699,-5.4880
1.8699,-5.4880,1.6347,-5.8800
1.6347,-5.8800,1.3838,-6.2720
1.3838,-6.2720,1.1172,-6.6640
1.1172,-6.6640,0.8350,-7.0560
0.8350,-7.0560,0.5371,-7.4480
0.5371,-7.4480,0.5000,4.7040
0.5000,4.7040,0.6725,4.3120
0.6725,4.3120,0.8293,3.9200
0.8293,3.9200,0.9704,3.5280
0.9704,3.5280,1.0958,3.1360
1.0958,3.1360,1.2056,2.7440
1.2056,2.7440,1.2997,2.3520
1.2997,2.3520,1.3781,1.9600
1.3781,1.9600,1.4408,1.5680
1.4408,1.5680,1.4878,1.1760
1.4878,1.1760,1.5192,0.7840
1.5192,0.7840,1.5349,0.3920
1.5349,0.3920,1.5349,0.0000
1.5349,0.0000,1.5192,-0.3920
1.5192,-0.3920,1.4878,-0.7840
1.4878,-0.7840,1.4408,-1.1760
1.4408,-1.1760,1.3781,-1.5680
1.3781,-1.5680,1.2997,-1.9600
1.2997,-1.9600,1.2056,-2.3520
1.2056,-2.3520,1.0958,-2.7440
1.0958,-2.7440,0.9704,-3.1360
0.9704,-3.1360,0.8293,-3.5280
0.8293,-3.5280,0.6725,-3.9200
0.6725,-3.9200,0.5000,-4.3120
0.5000,-4.3120,0.5000,2.8224
0.5000,2.8224,0.5972,2.4304
0.5972,2.4304,0.6788,2.0384
0.6788,2.0384,0.7446,1.6464
0.7446,1.6464,0.7948,1.2544
0.7948,1.2544,0.8293,0.8624
0.8293,0.8624,0.8481,0.4704
0.8481,0.4704,0.8512,0.0784
0.8512,0.0784,0.8387,-0.3136
0.8387,-0.3136,0.8105,-0.7056
0.8105,-0.7056,0.7666,-1.0976
0.7666,-1.0976,0.7070,-1.4896
0.7070,-1.4896,0.6317,-1.8816
0.6317,-1.8816,0.5408,-2.2736
0.5408,-2.2736,0.5000,1.5994
0.5000,1.5994,0.5483,1.2074
0.5483,1.2074,0.5809,0.8154
0.5809,0.8154,0.5978,0.4234
0.5978,0.4234,0.5991,0.0314
0.5991,0.0314,0.5847,-0.3606
0.5847,-0.3606,0.5546,-0.7526
0.5546,-0.7526,0.5088,-1.1446
0.5088,-1.1446,0.5000,0.9220
0.5000,0.9220,0.5212,0.5300
0.5212,0.5300,0.5267,0.1380
0.5267,0.1380,0.5166,-0.2540
0.5166,-0.2540,0.5000,0.0000
0.5000,0.0000,0.5000,0.0000
0.5000,0.0000,0.5000,0.0000
0.5000,0.0000,0.5000,0.0000
0.5000,0.0000,0.5000,0.0000
0.5000,0.0000,0.5000,0.0000
0.5000,0.0000,0.5000,0.0000
0.5000,0.0000,0.5000,0.0000
0.5000,0.0000,0.5000,0.0000
0.5000,0.0000,0.5000,0.0000
0.5000,0.0000,0.5000,0.0000
0.5000,0.0000,0.5000,0.0000
0.5000,0.0000,0.5000,0.0000
0.5000,0.0000,0.5000,0.0000
0.5000,0.0000,0.5000,0.0000
0.5000,0.0000,0.5000,0.0000
0.5000,0.0000,0.5000,0.0000
0.5000,0.0000,0.5000,0.0000
0.5000,0.0000,0.5000,0.0000
0.5000,0.0000,0.5000,0.0000
0.5000,0.0000,0.5000,0.0000
0.5000,0.0000,0.5000,0.0000
0.5000,0.0000,0.5000,0.0000
0.5000,0.0000,0.5000,0.0000
0.5000,0.0000,0.5000,0.0000
0.5000,0.0000,0.5000,0.0000
0.5000,0.0000,0.5000,0.0000
0.5000,0.0000,0.5000,0.0000
0.5000,0.0000,0.5000,0.0000
0.5000,0.0000,0.5000,0.0000
0.5000,0.0000,0.5000,0.0000
0.5000,0.0000,0.5000,0.0000
0.5000,0.0000,0.5000,0.0000
0.5000,0.0000,0.5000,0.0000
0.5000,0.0000,0.5000,0.0000
0.5000,0.0000,0.5000,0.0000
0.5000,0.0000,0.5000,0.0000
0.5000,0.0000,0.5000,0.0000
0.5000,0.0000,0.5000,0.0000
0.5000,0.0000,0.5000,0.0000
0.5000,0.0000,0.5000,0.0000
0.5000,0.0000,0.5000,0.0000
0.5000,0.0000,0.5000,0.0000
0.5000,0.0000,0.5000,0.0000
0.5000,0.0000,0.5000,0.0000
0.5000,0.0000,0.5000,0.0000
0.5000,0.0000,0.5000,0.0000
0.5000,0.0000,0.5000,0.0000
0.5000,0.0000,0.5000,0.0000
0.5000,0.0000,0.5000,0.0000
0.5000,0.0000,0.5000,0.0000
0.5000,0.0000,0.5000,0.0000
0.5000,0.0000,0.5000,0.0000
0.5000,0.0000,0.5000,0.0000
0.5000,0.0000,0.5000,0.0000
0.5000,0.0000,0.5000,0.0000
0.5000,0.0000,0.5000,0.0000
0.5000,0.0000,0.5000,0.0000
0.5000,0.0000,0.5000,0.0000
0.5000,0.0000,0.5000,0.0000
0.5000,0.0000,0.5000,0.0000
0.5000,0.0000,0.5000,0.0000
0.5000,0.0000,0.5000,0.0000
0.5000,0.0000,0.5000,0.0000
0.5000,0.0000,0.5000,0.0000
0.5000,0.0000,0.5000,0.0000
0.5000,0.0000,0.5000,0.0000
0.5000,0.0000,0.5000,0.0000
0.5000,0.0000,0.5000,0.0000
0.5000,0.0000,0.5000,0.0000
0.5000,0.0000,0.5000,0.0000
0.5000,0.0000,0.5000,0.0000
0.5000,0.0000,0.5000,0.0000
0.5000,0.0000,0.5000,0.0000
0.5000,0.0000,0.5000,0.0000
0.5000,0.0000,0.5000,0.0000
0.5000,0.0000,0.5000,0.0000
0.5000,0.0000,0.5000,0.0000
0.5000,0.0000,0.5000,0.0000
0.5000,0.0000,0.5000,0.0000
0.5000,0.0000,0.5000,0.0000
6.0495,0.0000,6.0338,-0.3920
6.0338,-0.3920,6.0024,-0.7840
6.0024,-0.7840,5.9554,-1.1760
5.9554,-1.1760,5.8927,-1.5680
5.8927,-1.5680,5.8143,-1.9600
5.8143,-1.9600,5.7202,-2.3520
5.7202,-2.3520,5.6104,-2.7440
5.6104,-2.7440,5.4850,-3.1360
5.4850,-3.1360,5.3439,-3.5280
5.3439,-3.5280,5.1871,-3.9200
5.1871,-3.9200,5.0146,-4.3120
5.0146,-4.3120,4.8264,-4.7040
4.8264,-4.7040,4.6226,-5.0960
4.6226,-5.0960,4.4031,-5.4880
4.4031,-5.4880,4.1679,-5.8800
4.1679,-5.8800,3.9170,-6.2720
3.9170,-6.2720,3.6504,-6.6640
3.6504,-6.6640,3.3682,-7.0560
3.3682,-7.0560,3.0703,-7.4480
3.0703,-7.4480,2.7567,-7.8400
2.7567,-7.8400,2.4274,-8.2320
2.4274,-8.2320,2.0824,-8.6240
2.0824,-8.6240,1.7218,-9.0160
1.7218,-9.0160,1.3455,-9.4080
1.3455,-9.4080,0.9535,-9.8000
0.9535,-9.8000,0.5458,-10.1920
0.5458,-10.1920,0.5000,6.3504
0.5000,6.3504,0.7383,5.9584
0.7383,5.9584,0.9610,5.5664
0.9610,5.5664,1.1680,5.1744
1.1680,5.1744,1.3593,4.7824
1.3593,4.7824,1.5349,4.3904
1.5349,4.3904,1.6948,3.9984
1.6948,3.9984,1.8391,3.6064
1.8391,3.6064,1.9676,3.2144
1.9676,3.2144,2.0805,2.8224
2.0805,2.8224,2.1778,2.4304
2.1778,2.4304,2.2593,2.0384
2.2593,2.0384,2.3252,1.6464
2.3252,1.6464,2.3753,1.2544
2.3753,1.2544,2.4098,0.8624
2.4098,0.8624,2.4286,0.4704
2.4286,0.4704,2.4318,0.0784
2.4318,0.0784,2.4192,-0.3136
2.4192,-0.3136,2.3910,-0.7056
2.3910,-0.7056,2.3471,-1.0976
2.3471,-1.0976,2.2875,-1.4896
2.2875,-1.4896,2.2123,-1.8816
2.2123,-1.8816,2.1213,-2.2736
2.1213,-2.2736,2.0147,-2.6656
2.0147,-2.6656,1.8924,-3.0576
1.8924,-3.0576,1.7544,-3.4496
1.7544,-3.4496,1.6007,-3.8416
1.6007,-3.8416,1.4314,-4.2336
1.4314,-4.2336,1.2464,-4.6256
1.2464,-4.6256,1.0457,-5.0176
1.0457,-5.0176,0.8293,-5.4096
0.8293,-5.4096,0.5972,-5.8016
0.5972,-5.8016,0.5000,3.7162
0.5000,3.7162,0.6330,3.3242
0.6330,3.3242,0.7503,2.9322
0.7503,2.9322,0.8519,2.5402
0.8519,2.5402,0.9378,2.1482
0.9378,2.1482,1.0080,1.7562
1.0080,1.7562,1.0626,1.3642
1.0626,1.3642,1.1015,0.9722
1.1015,0.9722,1.1247,0.5802
1.1247,0.5802,1.1322,0.1882
1.1322,0.1882,1.1241,-0.2038
1.1241,-0.2038,1.1002,-0.5958
1.1002,-0.5958,1.0607,-0.9878
1.0607,-0.9878,1.0055,-1.3798
1.0055,-1.3798,0.9346,-1.7718
0.9346,-1.7718,0.8481,-2.1638
0.8481,-2.1638,0.7459,-2.5558
0.7459,-2.5558,0.6279,-2.9478
0.6279,-2.9478,0.5000,2.0039
0.5000,2.0039,0.5645,1.6119
0.5645,1.6119,0.6133,1.2199
0.6133,1.2199,0.6464,0.8279
0.6464,0.8279,0.6638,0.4359
0.6638,0.4359,0.6656,0.0439
0.6656,0.0439,0.6517,-0.3481
0.6517,-0.3481,0.6221,-0.7401
0.6221,-0.7401,0.5768,-1.1321
0.5768,-1.1321,0.5158,-1.5241
0.5158,-1.5241,0.5000,1.1497
0.5000,1.1497,0.5303,0.7577
0.5303,0.7577,0.5449,0.3657
0.5449,0.3657,0.5439,-0.0263
0.5439,-0.0263,0.5271,-0.4183
0.5271,-0.4183,0.5000,0.4862
0.5000,0.4862,0.5038,0.0942
0.5038,0.0942,0.5000,0.0000
0.5000,0.0000,0.5000,0.0000
0.5000,0.0000,0.5000,0.0000
0.5000,0.0000,0.5000,0.0000
0.5000,0.0000,0.5000,0.0000
0.5000,0.0000,0.5000,0.0000
0.5000,0.0000,0.5000,0.0000
0.5000,0.0000,0.5000,0.0000
0.5000,0.0000,0.5000,0.0000
0.5000,0.0000,0.5000,0.0000
0.5000,0.0000,0.5000,0.0000
0.5000,0.0000,0.5000,0.0000
0.5000,0.0000,0.5000,0.0000
0.5000,0.0000,0.5000,0.0000
0.5000,0.0000,0.5000,0.0000
0.5000,0.0000,0.5000,0.0000
0.5000,0.0000,0.5000,0.0000
0.5000,0.0000,0.5000,0.0000
0.5000,0.0000,0.5000,0.0000
0.5000,0.0000,0.5000,0.0000
0.5000,0.0000,0.5000,0.0000
0.5000,0.0000,0.5000,0.0000
0.5000,0.0000,0.5000,0.0000
0.5000,0.0000,0.5000,0.0000
0.5000,0.0000,0.5000,0.0000
0.5000,0.0000,0.5000,0.0000
0.5000,0.0000,0.5000,0.0000
0.5000,0.0000,0.5000,0.0000
0.5000,0.0000,0.5000,0.0000
0.5000,0.0000,0.5000,0.0000
0.5000,0.0000,0.5000,0.0000
0.5000,0.0000,0.5000,0.0000
0.5000,0.0000,0.5000,0.0000
0.5000,0.0000,0.5000,0.0000
0.5000,0.0000,0.5000,0.0000
0.5000,0.0000,0.5000,0.0000
0.5000,0.0000,0.5000,0.0000
0.5000,0.0000,0.5000,0.0000
0.5000,0.0000,0.5000,0.0000
0.5000,0.0000,0.5000,0.0000
0.5000,0.0000,0.5000,0.0000
0.5000,0.0000,0.5000,0.0000
0.5000,0.0000,0.5000,0.0000
0.5000,0.0000,0.5000,0.0000
0.5000,0.0000,0.5000,0.0000
0.5000,0.0000,0.5000,0.0000
0.5000,0.0000,0.5000,0.0000
0.5000,0.0000,0.5000,0.0000
0.5000,0.0000,0.5000,0.0000
0.5000,0.0000,0.5000,0.0000
0.5000,0.0000,0.5000,0.0000
0.5000,0.0000,0.5000,0.0000
0.5000,0.0000,0.5000,0.0000
0.5000,0.0000,0.5000,0.0000
0.5000,0.0000,0.5000,0.0000
0.5000,0.0000,0.5000,0.0000
0.5000,0.0000,0.5000,0.0000
4.5074,0.0000,4.4917,-0.3920
4.4917,-0.3920,4.4604,-0.7840
4.4604,-0.7840,4.4133,-1.1760
4.4133,-1.1760,4.3506,-1.5680
4.3506,-1.5680,4.2722,-1.9600
4.2722,-1.9600,4.1781,-2.3520
4.1781,-2.3520,4.0684,-2.7440
4.0684,-2.7440,3.9429,-3.1360
3.9429,-3.1360,3.8018,-3.5280
3.8018,-3.5280,3.6450,-3.9200
3.6450,-3.9200,3.4725,-4.3120
3.4725,-4.3120,3.2844,-4.7040
3.2844,-4.7040,3.0805,-5.0960
3.0805,-5.0960,2.8610,-5.4880
2.8610,-5.4880,2.6258,-5.8800
2.6258,-5.8800,2.3749,-6.2720
2.3749,-6.2720,2.1084,-6.6640
2.1084,-6.6640,1.8261,-7.0560
1.8261,-7.0560,1.5282,-7.4480
1.5282,-7.4480,1.2146,-7.8400
1.2146,-7.8400,0.8853,-8.2320
0.8853,-8.2320,0.5404,-8.6240
0.5404,-8.6240,0.5000,5.4096
0.5000,5.4096,0.7007,5.0176
0.7007,5.0176,0.8857,4.6256
0.8857,4.6256,1.0551,4.2336
1.0551,4.2336,1.2087,3.8416
1.2087,3.8416,1.3467,3.4496
1.3467,3.4496,1.4690,3.0576
1.4690,3.0576,1.5756,2.6656
1.5756,2.6656,1.6666,2.2736
1.6666,2.2736,1.7419,1.8816
1.7419,1.8816,1.8014,1.4896
1.8014,1.4896,1.8453,1.0976
1.8453,1.0976,1.8736,0.7056
1.8736,0.7056,1.8861,0.3136
1.8861,0.3136,1.8830,-0.0784
1.8830,-0.0784,1.8642,-0.4704
1.8642,-0.4704,1.8297,-0.8624
1.8297,-0.8624,1.7795,-1.2544
1.7795,-1.2544,1.7136,-1.6464
1.7136,-1.6464,1.6321,-2.0384
1.6321,-2.0384,1.5349,-2.4304
1.5349,-2.4304,1.4220,-2.8224
1.4220,-2.8224,1.2934,-3.2144
1.2934,-3.2144,1.1492,-3.6064
1.1492,-3.6064,0.9892,-3.9984
0.9892,-3.9984,0.8136,-4.3904
0.8136,-4.3904,0.6223,-4.7824
0.6223,-4.7824,0.5000,3.1046
0.5000,3.1046,0.6085,2.7126
0.6085,2.7126,0.7013,2.3206
0.7013,2.3206,0.7785,1.9286
0.7785,1.9286,0.8399,1.5366
0.8399,1.5366,0.8857,1.1446
0.8857,1.1446,0.9158,0.7526
0.9158,0.7526,0.9303,0.3606
0.9303,0.3606,0.9290,-0.0314
0.9290,-0.0314,0.9121,-0.4234
0.9121,-0.4234,0.8795,-0.8154
0.8795,-0.8154,0.8312,-1.2074
0.8312,-1.2074,0.7672,-1.5994
0.7672,-1.5994,0.6875,-1.9914
0.6875,-1.9914,0.5922,-2.3834
0.5922,-2.3834,0.5000,1.6652
0.5000,1.6652,0.5509,1.2732
0.5509,1.2732,0.5862,0.8812
0.5862,0.8812,0.6057,0.4892
0.6057,0.4892,0.6096,0.0972
0.6096,0.0972,0.5978,-0.2948
0.5978,-0.2948,0.5704,-0.6868
0.5704,-0.6868,0.5272,-1.0788
0.5272,-1.0788,0.5000,0.8825
0.5000,0.8825,0.5196,0.4905
0.5196,0.4905,0.5236,0.0985
0.5236,0.0985,0.5118,-0.2935
0.5118,-0.2935,0.5000,0.4113
0.5000,0.4113,0.5008,0.0193
0.5008,0.0193,0.5000,0.0000
0.5000,0.0000,0.5000,0.0000
0.5000,0.0000,0.5000,0.0000
0.5000,0.0000,0.5000,0.0000
0.5000,0.0000,0.5000,0.0000
0.5000,0.0000,0.5000,0.0000
0.5000,0.0000,0.5000,0.0000
0.5000,0.0000,0.5000,0.0000
0.5000,0.0000,0.5000,0.0000
0.5000,0.0000,0.5000,0.0000
0.5000,0.0000,0.5000,0.0000
0.5000,0.0000,0.5000,0.0000
0.5000,0.0000,0.5000,0.0000
0.5000,0.0000,0.5000,0.0000
0.5000,0.0000,0.5000,0.0000
0.5000,0.0000,0.5000,0.0000
0.5000,0.0000,0.5000,0.0000
0.5000,0.0000,0.5000,0.0000
0.5000,0.0000,0.5000,0.0000
0.5000,0.0000,0.5000,0.0000
0.5000,0.0000,0.5000,0.0000
0.5000,0.0000,0.5000,0.0000
0.5000,0.0000,0.5000,0.0000
0.5000,0.0000,0.5000,0.0000
0.5000,0.0000,0.5000,0.0000
0.5000,0.0000,0.5000,0.0000
0.5000,0.0000,0.5000,0.0000
0.5000,0.0000,0.5000,0.0000
0.5000,0.0000,0.5000,0.0000
0.5000,0.0000,0.5000,0.0000
0.5000,0.0000,0.5000,0.0000
0.5000,0.0000,0.5000,0.0000
0.5000,0.0000,0.5000,0.0000
0.5000,0.0000,0.5000,0.0000
0.5000,0.0000,0.5000,0.0000
0.5000,0.0000,0.5000,0.0000
0.5000,0.0000,0.5000,0.0000
0.5000,0.0000,0.5000,0.0000
0.5000,0.0000,0.5000,0.0000
0.5000,0.0000,0.5000,0.0000
0.5000,0.0000,0.5000,0.0000
0.5000,0.0000,0.5000,0.0000
0.5000,0.0000,0.5000,0.0000
0.5000,0.0000,0.5000,0.0000
0.5000,0.0000,0.5000,0.0000
0.5000,0.0000,0.5000,0.0000
0.5000,0.0000,0.5000,0.0000
0.5000,0.0000,0.5000,0.0000
0.5000,0.0000,0.5000,0.0000
0.5000,0.0000,0.5000,0.0000
0.5000,0.0000,0.5000,0.0000
0.5000,0.0000,0.5000,0.0000
0.5000,0.0000,0.5000,0.0000
0.5000,0.0000,0.5000,0.0000
0.5000,0.0000,0.5000,0.0000
0.5000,0.0000,0.5000,0.0000
0.5000,0.0000,0.5000,0.0000
0.5000,0.0000,0.5000,0.0000
0.5000,0.0000,0.5000,0.0000
0.5000,0.0000,0.5000,0.0000
0.5000,0.0000,0.5000,0.0000
0.5000,0.0000,0.5000,0.0000
0.5000,0.0000,0.5000,0.0000
0.5000,0.0000,0.5000,0.0000
0.5000,0.0000,0.5000,0.0000
0.5000,0.0000,0.5000,0.0000
0.5000,0.0000,0.5000,0.0000
0.5000,0.0000,0.5000,0.0000
0.5000,0.0000,0.5000,0.0000
0.5000,0.0000,0.5000,0.0000
0.5000,0.0000,0.5000,0.0000
0.5000,0.0000,0.5000,0.0000
6.2174,0.0000,6.2017,-0.3920
6.2017,-0.3920,6.1703,-0.7840
6.1703,-0.7840,6.1233,-1.1760
6.1233,-1.1760,6.0606,-1.5680
6.0606,-1.5680,5.9822,-1.9600
5.9822,-1.9600,5.8881,-2.3520
5.8881,-2.3520,5.7783,-2.7440
5.7783,-2.7440,5.6529,-3.1360
5.6529,-3.1360,5.5118,-3.5280
5.5118,-3.5280,5.3550,-3.9200
5.3550,-3.9200,5.1825,-4.3120
5.1825,-4.3120,4.9943,-4.7040
4.9943,-4.7040,4.7905,-5.0960
4.7905,-5.0960,4.5710,-5.4880
4.5710,-5.4880,4.3358,-5.8800
4.3358,-5.8800,4.0849,-6.2720
4.0849,-6.2720,3.8183,-6.6640
3.8183,-6.6640,3.5361,-7.0560
3.5361,-7.0560,3.2382,-7.4480
3.2382,-7.4480,2.9246,-7.8400
2.9246,-7.8400,2.5953,-8.2320
2.5953,-8.2320,2.2503,-8.6240
2.2503,-8.6240,1.8897,-9.0160
1.8897,-9.0160,1.5134,-9.4080
1.5134,-9.4080,1.1214,-9.8000
1.1214,-9.8000,0.7137,-10.1920
0.7137,-10.1920,0.5000,6.3504
0.5000,6.3504,0.7383,5.9584
0.7383,5.9584,0.9610,5.5664
0.9610,5.5664,1.1680,5.1744
1.1680,5.1744,1.3593,4.7824
1.3593,4.7824,1.5349,4.3904
1.5349,4.3904,1.6948,3.9984
1.6948,3.9984,1.8391,3.6064
1.8391,3.6064,1.9676,3.2144
1.9676,3.2144,2.0805,2.8224
2.0805,2.8224,2.1778,2.4304
2.1778,2.4304,2.2593,2.0384
2.2593,2.0384,2.3252,1.6464
2.3252,1.6464,2.3753,1.2544
2.3753,1.2544,2.4098,0.8624
2.4098,0.8624,2.4286,0.4704
2.4286,0.4704,2.4318,0.0784
2.4318,0.0784,2.4192,-0.3136
2.4192,-0.3136,2.3910,-0.7056
2.3910,-0.7056,2.3471,-1.0976
2.3471,-1.0976,2.2875,-1.4896
2.2875,-1.4896,2.2123,-1.8816
2.2123,-1.8816,2.1213,-2.2736
2.1213,-2.2736,2.0147,-2.6656
2.0147,-2.6656,1.8924,-3.0576
1.8924,-3.0576,1.7544,-3.4496
1.7544,-3.4496,1.6007,-3.8416
1.6007,-3.8416,1.4314,-4.2336
1.4314,-4.2336,1.2464,-4.6256
1.2464,-4.6256,1.0457,-5.0176
1.0457,-5.0176,0.8293,-5.4096
0.8293,-5.4096,0.5972,-5.8016
0.5972,-5.8016,0.5000,3.7162
0.5000,3.7162,0.6330,3.3242
0.6330,3.3242,0.7503,2.9322
0.7503,2.9322,0.8519,2.5402
0.8519,2.5402,0.9378,2.1482
0.9378,2.1482,1.0080,1.7562
1.0080,1.7562,1.0626,1.3642
1.0626,1.3642,1.1015,0.9722
1.1015,0.9722,1.1247,0.5802
1.1247,0.5802,1.1322,0.1882
1.1322,0.1882,1.1241,-0.2038
1.1241,-0.2038,1.1002,-0.5958
1.1002,-0.5958,1.0607,-0.9878
1.0607,-0.9878,1.0055,-1.3798
1.0055,-1.3798,0.9346,-1.7718
0.9346,-1.7718,0.8481,-2.1638
0.8481,-2.1638,0.7459,-2.5558
0.7459,-2.5558,0.6279,-2.9478
0.6279,-2.9478,0.5000,2.0039
0.5000,2.0039,0.5645,1.6119
0.5645,1.6119,0.6133,1.2199
0.6133,1.2199,0.6464,0.8279
0.6464,0.8279,0.6638,0.4359
0.6638,0.4359,0.6656,0.0439
0.6656,0.0439,0.6517,-0.3481
0.6517,-0.3481,0.6221,-0.7401
0.6221,-0.7401,0.5768,-1.1321
0.5768,-1.1321,0.5158,-1.5241
0.5158,-1.5241,0.5000,1.1497
0.5000,1.1497,0.5303,0.7577
0.5303,0.7577,0.5449,0.3657
0.5449,0.3657,0.5439,-0.0263
0.5439,-0.0263,0.5271,-0.4183
0.5271,-0.4183,0.5000,0.4862
0.5000,0.4862,0.5038,0.0942
0.5038,0.0942,0.5000,0.0000
0.5000,0.0000,0.5000,0.0000
0.5000,0.0000,0.5000,0.0000
0.5000,0.0000,0.5000,0.0000
0.5000,0.0000,0.5000,0.0000
0.5000,0.0000,0.5000,0.0000
0.5000,0.0000,0.5000,0.0000
0.5000,0.0000,0.5000,0.0000
0.5000,0.0000,0.5000,0.0000
0.5000,0.0000,0.5000,0.0000
0.5000,0.0000,0.5000,0.0000
0.5000,0.0000,0.5000,0.0000
0.5000,0.0000,0.5000,0.0000
0.5000,0.0000,0.5000,0.0000
0.5000,0.0000,0.5000,0.0000
0.5000,0.0000,0.5000,0.0000
0.5000,0.0000,0.5000,0.0000
0.5000,0.0000,0.5000,0.0000
0.5000,0.0000,0.5000,0.0000
0.5000,0.0000,0.5000,0.0000
0.5000,0.0000,0.5000,0.0000
0.5000,0.0000,0.5000,0.0000
0.5000,0.0000,0.5000,0.0000
0.5000,0.0000,0.5000,0.0000
0.5000,0.0000,0.5000,0.0000
0.5000,0.0000,0.5000,0.0000
0.5000,0.0000,0.5000,0.0000
0.5000,0.0000,0.5000,0.0000
0.5000,0.0000,0.5000,0.0000
0.5000,0.0000,0.5000,0.0000
0.5000,0.0000,0.5000,0.0000
0.5000,0.0000,0.5000,0.0000
0.5000,0.0000,0.5000,0.0000
0.5000,0.0000,0.5000,0.0000
0.5000,0.0000,0.5000,0.0000
0.5000,0.0000,0.5000,0.0000
0.5000,0.0000,0.5000,0.0000
0.5000,0.0000,0.5000,0.0000
0.5000,0.0000,0.5000,0.0000
0.5000,0.0000,0.5000,0.0000
0.5000,0.0000,0.5000,0.0000
0.5000,0.0000,0.5000,0.0000
0.5000,0.0000,0.5000,0.0000
0.5000,0.0000,0.5000,0.0000
0.5000,0.0000,0.5000,0.0000
0.5000,0.0000,0.5000,0.0000
0.5000,0.0000,0.5000,0.0000
0.5000,0.0000,0.5000,0.0000
0.5000,0.0000,0.5000,0.0000
0.5000,0.0000,0.5000,0.0000
0.5000,0.0000,0.5000,0.0000
0.5000,0.0000,0.5000,0.0000
0.5000,0.0000,0.5000,0.0000
0.5000,0.0000,0.5000,0.0000
0.5000,0.0000,0.5000,0.0000
0.5000,0.0000,0.5000,0.0000
0.5000,0.0000,0.5000,0.0000
3.4145,0.0000,3.3988,-0.3920
3.3988,-0.3920,3.3674,-0.7840
3.3674,-0.7840,3.3204,-1.1760
3.3204,-1.1760,3.2577,-1.5680
3.2577,-1.5680,3.1793,-1.9600
3.1793,-1.9600,3.0852,-2.3520
3.0852,-2.3520,2.9754,-2.7440
2.9754,-2.7440,2.8500,-3.1360
2.8500,-3.1360,2.7089,-3.5280
2.7089,-3.5280,2.5521,-3.9200
2.5521,-3.9200,2.3796,-4.3120
2.3796,-4.3120,2.1914,-4.7040
2.1914,-4.7040,1.9876,-5.0960
1.9876,-5.0960,1.7681,-5.4880
1.7681,-5.4880,1.5329,-5.8800
1.5329,-5.8800,1.2820,-6.2720
1.2820,-6.2720,1.0154,-6.6640
1.0154,-6.6640,0.7332,-7.0560
0.7332,-7.0560,0.5000,4.4688
0.5000,4.4688,0.6631,4.0768
0.6631,4.0768,0.8105,3.6848
0.8105,3.6848,0.9422,3.2928
0.9422,3.2928,1.0582,2.9008
1.0582,2.9008,1.1586,2.5088
1.1586,2.5088,1.2432,2.1168
1.2432,2.1168,1.3122,1.7248
1.3122,1.7248,1.3655,1.3328
1.3655,1.3328,1.4032,0.9408
1.4032,0.9408,1.4251,0.5488
1.4251,0.5488,1.4314,0.1568
1.4314,0.1568,1.4220,-0.2352
1.4220,-0.2352,1.3969,-0.6272
1.3969,-0.6272,1.3561,-1.0192
1.3561,-1.0192,1.2997,-1.4112
1.2997,-1.4112,1.2276,-1.8032
1.2276,-1.8032,1.1397,-2.1952
1.1397,-2.1952,1.0363,-2.5872
1.0363,-2.5872,0.9171,-2.9792
0.9171,-2.9792,0.7822,-3.3712
0.7822,-3.3712,0.6317,-3.7632
0.6317,-3.7632,0.5000,2.4931
0.5000,2.4931,0.5840,2.1011
0.5840,2.1011,0.6524,1.7091
0.6524,1.7091,0.7051,1.3171
0.7051,1.3171,0.7421,0.9251
0.7421,0.9251,0.7634,0.5331
0.7634,0.5331,0.7691,0.1411
0.7691,0.1411,0.7590,-0.2509
0.7590,-0.2509,0.7333,-0.6429
0.7333,-0.6429,0.6919,-1.0349
0.6919,-1.0349,0.6348,-1.4269
0.6348,-1.4269,0.5621,-1.8189
0.5621,-1.8189,0.5000,1.3265
0.5000,1.3265,0.5374,0.9345
0.5374,0.9345,0.5591,0.5425
0.5591,0.5425,0.5651,0.1505
0.5651,0.1505,0.5554,-0.2415
0.5554,-0.2415,0.5301,-0.6335
0.5301,-0.6335,0.5000,0.6153
0.5000,0.6153,0.5089,0.2233
0.5089,0.2233,0.5022,-0.1687
0.5022,-0.1687,0.5000,0.0000
0.5000,0.0000,0.5000,0.0000
0.5000,0.0000,0.5000,0.0000
0.5000,0.0000,0.5000,0.0000
0.5000,0.0000,0.5000,0.0000
0.5000,0.0000,0.5000,0.0000
0.5000,0.0000,0.5000,0.0000
0.5000,0.0000,0.5000,0.0000
0.5000,0.0000,0.5000,0.0000
0.5000,0.0000,0.5000,0.0000
0.5000,0.0000,0.5000,0.0000
0.5000,0.0000,0.5000,0.0000
0.5000,0.0000,0.5000,0.0000
0.5000,0.0000,0.5000,0.0000
0.5000,0.0000,0.5000,0.0000
0.5000,0.0000,0.5000,0.0000
0.5000,0.0000,0.5000,0.0000
0.5000,0.0000,0.5000,0.0000
0.5000,0.0000,0.5000,0.0000
0.5000,0.0000,0.5000,0.0000
0.5000,0.0000,0.5000,0.0000
0.5000,0.0000,0.5000,0.0000
0.5000,0.0000,0.5000,0.0000
0.5000,0.0000,0.5000,0.0000
0.5000,0.0000,0.5000,0.0000
0.5000,0.0000,0.5000,0.0000
0.5000,0.0000,0.5000,0.0000
0.5000,0.0000,0.5000,0.0000
0.5000,0.0000,0.5000,0.0000
0.5000,0.0000,0.5000,0.0000
0.5000,0.0000,0.5000,0.0000
0.5000,0.0000,0.5000,0.0000
0.5000,0.0000,0.5000,0.0000
0.5000,0.0000,0.5000,0.0000
0.5000,0.0000,0.5000,0.0000
0.5000,0.0000,0.5000,0.0000
0.5000,0.0000,0.5000,0.0000
0.5000,0.0000,0.5000,0.0000
0.5000,0.0000,0.5000,0.0000
0.5000,0.0000,0.5000,0.0000
0.5000,0.0000,0.5000,0.0000
0.5000,0.0000,0.5000,0.0000
0.5000,0.0000,0.5000,0.0000
0.5000,0.0000,0.5000,0.0000
0.5000,0.0000,0.5000,0.0000
0.5000,0.0000,0.5000,0.0000
0.5000,0.0000,0.5000,0.0000
0.5000,0.0000,0.5000,0.0000
0.5000,0.0000,0.5000,0.0000
0.5000,0.0000,0.5000,0.0000
0.5000,0.0000,0.5000,0.0000
0.5000,0.0000,0.5000,0.0000
0.5000,0.0000,0.5000,0.0000
0.5000,0.0000,0.5000,0.0000
0.5000,0.0000,0.5000,0.0000
0.5000,0.0000,0.5000,0.0000
0.5000,0.0000,0.5000,0.0000
0.5000,0.0000,0.5000,0.0000
0.5000,0.0000,0.5000,0.0000
0.5000,0.0000,0.5000,0.0000
0.5000,0.0000,0.5000,0.0000
0.5000,0.0000,0.5000,0.0000
0.5000,0.0000,0.5000,0.0000
0.5000,0.0000,0.5000,0.0000
0.5000,0.0000,0.5000,0.0000
0.5000,0.0000,0.5000,0.0000
0.5000,0.0000,0.5000,0.0000
0.5000,0.0000,0.5000,0.0000
0.5000,0.0000,0.5000,0.0000
0.5000,0.0000,0.5000,0.0000
0.5000,0.0000,0.5000,0.0000
0.5000,0.0000,0.5000,0.0000
0.5000,0.0000,0.5000,0.0000
0.5000,0.0000,0.5000,0.0000
0.5000,0.0000,0.5000,0.0000
0.5000,0.0000,0.5000,0.0000
0.5000,0.0000,0.5000,0.0000
0.5000,0.0000,0.5000,0.0000
0.5000,0.0000,0.5000,0.0000
0.5000,0.0000,0.5000,0.0000
0.5000,0.0000,0.5000,0.0000
0.5000,0.0000,0.5000,0.0000
0.5000,0.0000,0.5000,0.0000
0.5000,0.0000,0.5000,0.0000
0.5000,0.0000,0.5000,0.0000
0.5000,0.0000,0.5000,0.0000
0.5000,0.0000,0.5000,0.0000
0.5000,0.0000,0.5000,0.0000
0.5000,0.0000,0.5000,0.0000
5.8073,0.0000,5.7916,-0.3920
5.7916,-0.3920,5.7602,-0.7840
5.7602,-0.7840,5.7132,-1.1760
5.7132,-1.1760,5.6505,-1.5680
5.6505,-1.5680,5.5721,-1.9600
5.5721,-1.9600,5.4780,-2.3520
5.4780,-2.3520,5.3682,-2.7440
5.3682,-2.7440,5.2428,-3.1360
5.2428,-3.1360,5.1017,-3.5280
5.1017,-3.5280,4.9449,-3.9200
4.9449,-3.9200,4.7724,-4.3120
4.7724,-4.3120,4.5842,-4.7040
4.5842,-4.7040,4.3804,-5.0960
4.3804,-5.0960,4.1609,-5.4880
4.1609,-5.4880,3.9257,-5.8800
3.9257,-5.8800,3.6748,-6.2720
3.6748,-6.2720,3.4082,-6.6640
3.4082,-6.6640,3.1260,-7.0560
3.1260,-7.0560,2.8281,-7.4480
2.8281,-7.4480,2.5145,-7.8400
2.5145,-7.8400,2.1852,-8.2320
2.1852,-8.2320,1.8402,-8.6240
1.8402,-8.6240,1.4796,-9.0160
1.4796,-9.0160,1.1033,-9.4080
1.1033,-9.4080,0.7113,-9.8000
0.7113,-9.8000,0.5000,6.1152
0.5000,6.1152,0.7289,5.7232
0.7289,5.7232,0.9422,5.3312
0.9422,5.3312,1.1397,4.9392
1.1397,4.9392,1.3216,4.5472
1.3216,4.5472,1.4878,4.1552
1.4878,4.1552,1.6384,3.7632
1.6384,3.7632,1.7732,3.3712
1.7732,3.3712,1.8924,2.9792
1.8924,2.9792,1.9959,2.5872
1.9959,2.5872,2.0837,2.1952
2.0837,2.1952,2.1558,1.8032
2.1558,1.8032,2.2123,1.4112
2.2123,1.4112,2.2530,1.0192
2.2530,1.0192,2.2781,0.6272
2.2781,0.6272,2.2875,0.2352
2.2875,0.2352,2.2812,-0.1568
2.2812,-0.1568,2.2593,-0.5488
2.2593,-0.5488,2.2217,-0.9408
2.2217,-0.9408,2.1684,-1.3328
2.1684,-1.3328,2.0994,-1.7248
2.0994,-1.7248,2.0147,-2.1168
2.0147,-2.1168,1.9143,-2.5088
1.9143,-2.5088,1.7983,-2.9008
1.7983,-2.9008,1.6666,-3.2928
1.6666,-3.2928,1.5192,-3.6848
1.5192,-3.6848,1.3561,-4.0768
1.3561,-4.0768,1.1774,-4.4688
1.1774,-4.4688,0.9829,-4.8608
0.9829,-4.8608,0.7728,-5.2528
0.7728,-5.2528,0.5470,-5.6448
0.5470,-5.6448,0.5000,3.6221
0.5000,3.6221,0.6292,3.2301
0.6292,3.2301,0.7427,2.8381
0.7427,2.8381,0.8406,2.4461
0.8406,2.4461,0.9227,2.0541
0.9227,2.0541,0.9892,1.6621
0.9892,1.6621,1.0400,1.2701
1.0400,1.2701,1.0751,0.8781
1.0751,0.8781,1.0946,0.4861
1.0946,0.4861,1.0983,0.0941
1.0983,0.0941,1.0864,-0.2979
1.0864,-0.2979,1.0588,-0.6899
1.0588,-0.6899,1.0156,-1.0819
1.0156,-1.0819,0.9566,-1.4739
0.9566,-1.4739,0.8820,-1.8659
0.8820,-1.8659,0.7916,-2.2579
0.7916,-2.2579,0.6857,-2.6499
0.6857,-2.6499,0.5640,-3.0419
0.5640,-3.0419,0.5000,2.0604
0.5000,2.0604,0.5667,1.6684
0.5667,1.6684,0.6178,1.2764
0.6178,1.2764,0.6532,0.8844
0.6532,0.8844,0.6729,0.4924
0.6729,0.4924,0.6769,0.1004
0.6769,0.1004,0.6652,-0.2916
0.6652,-0.2916,0.6379,-0.6836
0.6379,-0.6836,0.5948,-1.0756
0.5948,-1.0756,0.5361,-1.4676
0.5361,-1.4676,0.5000,1.1158
0.5000,1.1158,0.5290,0.7238
0.5290,0.7238,0.5422,0.3318
0.5422,0.3318,0.5398,-0.0602
0.5398,-0.0602,0.5217,-0.4522
0.5217,-0.4522,0.5000,0.5065
0.5000,0.5065,0.5046,0.1145
0.5046,0.1145,0.5000,0.0000
0.5000,0.0000,0.5000,0.0000
0.5000,0.0000,0.5000,0.0000
0.5000,0.0000,0.5000,0.0000
0.5000,0.0000,0.5000,0.0000
0.5000,0.0000,0.5000,0.0000
0.5000,0.0000,0.5000,0.0000
0.5000,0.0000,0.5000,0.0000
0.5000,0.0000,0.5000,0.0000
0.5000,0.0000,0.5000,0.0000
0.5000,0.0000,0.5000,0.0000
0.5000,0.0000,0.5000,0.0000
0.5000,0.0000,0.5000,0.0000
0.5000,0.0000,0.5000,0.0000
0.5000,0.0000,0.5000,0.0000
0.5000,0.0000,0.5000,0.0000
0.5000,0.0000,0.5000,0.0000
0.5000,0.0000,0.5000,0.0000
0.5000,0.0000,0.5000,0.0000
0.5000,0.0000,0.5000,0.0000
0.5000,0.0000,0.5000,0.0000
0.5000,0.0000,0.5000,0.0000
0.5000,0.0000,0.5000,0.0000
0.5000,0.0000,0.5000,0.0000
0.5000,0.0000,0.5000,0.0000
0.5000,0.0000,0.5000,0.0000
0.5000,0.0000,0.5000,0.0000
0.5000,0.0000,0.5000,0.0000
0.5000,0.0000,0.5000,0.0000
0.5000,0.0000,0.5000,0.0000
0.5000,0.0000,0.5000,0.0000
0.5000,0.0000,0.5000,0.0000
0.5000,0.0000,0.5000,0.0000
0.5000,0.0000,0.5000,0.0000
0.5000,0.0000,0.5000,0.0000
0.5000,0.0000,0.5000,0.0000
0.5000,0.0000,0.5000,0.0000
0.5000,0.0000,0.5000,0.0000
0.5000,0.0000,0.5000,0.0000
0.5000,0.0000,0.5000,0.0000
0.5000,0.0000,0.5000,0.0000
0.5000,0.0000,0.5000,0.0000
0.5000,0.0000,0.5000,0.0000
0.5000,0.0000,0.5000,0.0000
0.5000,0.0000,0.5000,0.0000
0.5000,0.0000,0.5000,0.0000
0.5000,0.0000,0.5000,0.0000
0.5000,0.0000,0.5000,0.0000
0.5000,0.0000,0.5000,0.0000
0.5000,0.0000,0.5000,0.0000
0.5000,0.0000,0.5000,0.0000
0.5000,0.0000,0.5000,0.0000
0.5000,0.0000,0.5000,0.0000
0.5000,0.0000,0.5000,0.0000
0.5000,0.0000,0.5000,0.0000
0.5000,0.0000,0.5000,0.0000
0.5000,0.0000,0.5000,0.0000
0.5000,0.0000,0.5000,0.0000
0.5000,0.0000,0.5000,0.0000
4.6562,0.0000,4.6405,-0.3920
4.6405,-0.3920,4.6092,-0.7840
4.6092,-0.7840,4.5621,-1.1760
4.5621,-1.1760,4.4994,-1.5680
4.4994,-1.5680,4.4210,-1.9600
4.4210,-1.9600,4.3269,-2.3520
4.3269,-2.3520,4.2172,-2.7440
4.2172,-2.7440,4.0917,-3.1360
4.0917,-3.1360,3.9506,-3.5280
3.9506,-3.5280,3.7938,-3.9200
3.7938,-3.9200,3.6213,-4.3120
3.6213,-4.3120,3.4332,-4.7040
3.4332,-4.7040,3.2293,-5.0960
3.2293,-5.0960,3.0098,-5.4880
3.0098,-5.4880,2.7746,-5.8800
2.7746,-5.8800,2.5237,-6.2720
2.5237,-6.2720,2.2572,-6.6640
2.2572,-6.6640,1.9749,-7.0560
1.9749,-7.0560,1.6770,-7.4480
1.6770,-7.4480,1.3634,-7.8400
1.3634,-7.8400,1.0341,-8.2320
1.0341,-8.2320,0.6892,-8.6240
0.6892,-8.6240,0.5000,5.4096
0.5000,5.4096,0.7007,5.0176
0.7007,5.0176,0.8857,4.6256
0.8857,4.6256,1.0551,4.2336
1.0551,4.2336,1.2087,3.8416
1.2087,3.8416,1.3467,3.4496
1.3467,3.4496,1.4690,3.0576
1.4690,3.0576,1.5756,2.6656
1.5756,2.6656,1.6666,2.2736
1.6666,2.2736,1.7419,1.8816
1.7419,1.8816,1.8014,1.4896
1.8014,1.4896,1.8453,1.0976
1.8453,1.0976,1.8736,0.7056
1.8736,0.7056,1.8861,0.3136
1.8861,0.3136,1.8830,-0.0784
1.8830,-0.0784,1.8642,-0.4704
1.8642,-0.4704,1.8297,-0.8624
1.8297,-0.8624,1.7795,-1.2544
1.7795,-1.2544,1.7136,-1.6464
1.7136,-1.6464,1.6321,-2.0384
1.6321,-2.0384,1.5349,-2.4304
1.5349,-2.4304,1.4220,-2.8224
1.4220,-2.8224,1.2934,-3.2144
1.2934,-3.2144,1.1492,-3.6064
1.1492,-3.6064,0.9892,-3.9984
0.9892,-3.9984,0.8136,-4.3904
0.8136,-4.3904,0.6223,-4.7824
0.6223,-4.7824,0.5000,3.1046
0.5000,3.1046,0.6085,2.7126
0.6085,2.7126,0.7013,2.3206
0.7013,2.3206,0.7785,1.9286
0.7785,1.9286,0.8399,1.5366
0.8399,1.5366,0.8857,1.1446
0.8857,1.1446,0.9158,0.7526
0.9158,0.7526,0.9303,0.3606
0.9303,0.3606,0.9290,-0.0314
0.9290,-0.0314,0.9121,-0.4234
0.9121,-0.4234,0.8795,-0.8154
0.8795,-0.8154,0.8312,-1.2074
0.8312,-1.2074,0.7672,-1.5994
0.7672,-1.5994,0.6875,-1.9914
0.6875,-1.9914,0.5922,-2.3834
0.5922,-2.3834,0.5000,1.6652
0.5000,1.6652,0.5509,1.2732
0.5509,1.2732,0.5862,0.8812
0.5862,0.8812,0.6057,0.4892
0.6057,0.4892,0.6096,0.0972
0.6096,0.0972,0.5978,-0.2948
0.5978,-0.2948,0.5704,-0.6868
0.5704,-0.6868,0.5272,-1.0788
0.5272,-1.0788,0.5000,0.8825
0.5000,0.8825,0.5196,0.4905
0.5196,0.4905,0.5236,0.0985
0.5236,0.0985,0.5118,-0.2935
0.5118,-0.2935,0.5000,0.4113
0.5000,0.4113,0.5008,0.0193
0.5008,0.0193,0.5000,0.0000
0.5000,0.0000,0.5000,0.0000
0.5000,0.0000,0.5000,0.0000
0.5000,0.0000,0.5000,0.0000
0.5000,0.0000,0.5000,0.0000
0.5000,0.0000,0.5000,0.0000
0.5000,0.0000,0.5000,0.0000
0.5000,0.0000,0.5000,0.0000
0.5000,0.0000,0.5000,0.0000
0.5000,0.0000,0.5000,0.0000
0.5000,0.0000,0.5000,0.0000
0.5000,0.0000,0.5000,0.0000
0.5000,0.0000,0.5000,0.0000
0.5000,0.0000,0.5000,0.0000
0.5000,0.0000,0.5000,0.0000
0.5000,0.0000,0.5000,0.0000
0.5000,0.0000,0.5000,0.0000
0.5000,0.0000,0.5000,0.0000
0.5000,0.0000,0.5000,0.0000
0.5000,0.0000,0.5000,0.0000
0.5000,0.0000,0.5000,0.0000
0.5000,0.0000,0.5000,0.0000
0.5000,0.0000,0.5000,0.0000
0.5000,0.0000,0.5000,0.0000
0.5000,0.0000,0.5000,0.0000
0.5000,0.0000,0.5000,0.0000
0.5000,0.0000,0.5000,0.0000
0.5000,0.0000,0.5000,0.0000
0.5000,0.0000,0.5000,0.0000
0.5000,0.0000,0.5000,0.0000
0.5000,0.0000,0.5000,0.0000
0.5000,0.0000,0.5000,0.0000
0.5000,0.0000,0.5000,0.0000
0.5000,0.0000,0.5000,0.0000
0.5000,0.0000,0.5000,0.0000
0.5000,0.0000,0.5000,0.0000
0.5000,0.0000,0.5000,0.0000
0.5000,0.0000,0.5000,0.0000
0.5000,0.0000,0.5000,0.0000
0.5000,0.0000,0.5000,0.0000
0.5000,0.0000,0.5000,0.0000
0.5000,0.0000,0.5000,0.0000
0.5000,0.0000,0.5000,0.0000
0.5000,0.0000,0.5000,0.0000
0.5000,0.0000,0.5000,0.0000
0.5000,0.0000,0.5000,0.0000
0.5000,0.0000,0.5000,0.0000
0.5000,0.0000,0.5000,0.0000
0.5000,0.0000,0.5000,0.0000
0.5000,0.0000,0.5000,0.0000
0.5000,0.0000,0.5000,0.0000
0.5000,0.0000,0.5000,0.0000
0.5000,0.0000,0.5000,0.0000
0.5000,0.0000,0.5000,0.0000
0.5000,0.0000,0.5000,0.0000
0.5000,0.0000,0.5000,0.0000
0.5000,0.0000,0.5000,0.0000
0.5000,0.0000,0.5000,0.0000
0.5000,0.0000,0.5000,0.0000
0.5000,0.0000,0.5000,0.0000
0.5000,0.0000,0.5000,0.0000
0.5000,0.0000,0.5000,0.0000
0.5000,0.0000,0.5000,0.0000
0.5000,0.0000,0.5000,0.0000
0.5000,0.0000,0.5000,0.0000
0.5000,0.0000,0.5000,0.0000
0.5000,0.0000,0.5000,0.0000
0.5000,0.0000,0.5000,0.0000
0.5000,0.0000,0.5000,0.0000
0.5000,0.0000,0.5000,0.0000
0.5000,0.0000,0.5000,0.0000
0.5000,0.0000,0.5000,0.0000
2.7945,0.0000,2.7788,-0.3920
2.7788,-0.3920,2.7475,-0.7840
2.7475,-0.7840,2.7004,-1.1760
2.7004,-1.1760,2.6377,-1.5680
2.6377,-1.5680,2.5593,-1.9600
2.5593,-1.9600,2.4652,-2.3520
2.4652,-2.3520,2.3555,-2.7440
2.3555,-2.7440,2.2300,-3.1360
2.2300,-3.1360,2.0889,-3.5280
2.0889,-3.5280,1.9321,-3.9200
1.9321,-3.9200,1.7596,-4.3120
1.7596,-4.3120,1.5715,-4.7040
1.5715,-4.7040,1.3676,-5.0960
1.3676,-5.0960,1.1481,-5.4880
1.1481,-5.4880,0.9129,-5.8800
0.9129,-5.8800,0.6620,-6.2720
0.6620,-6.2720,0.5000,3.9984
0.5000,3.9984,0.6443,3.6064
0.6443,3.6064,0.7728,3.2144
0.7728,3.2144,0.8857,2.8224
0.8857,2.8224,0.9829,2.4304
0.9829,2.4304,1.0645,2.0384
1.0645,2.0384,1.1303,1.6464
1.1303,1.6464,1.1805,1.2544
1.1805,1.2544,1.2150,0.8624
1.2150,0.8624,1.2338,0.4704
1.2338,0.4704,1.2370,0.0784
1.2370,0.0784,1.2244,-0.3136
1.2244,-0.3136,1.1962,-0.7056
1.1962,-0.7056,1.1523,-1.0976
1.1523,-1.0976,1.0927,-1.4896
1.0927,-1.4896,1.0174,-1.8816
1.0174,-1.8816,0.9265,-2.2736
0.9265,-2.2736,0.8199,-2.6656
0.8199,-2.6656,0.6976,-3.0576
0.6976,-3.0576,0.5596,-3.4496
0.5596,-3.4496,0.5000,2.3050
0.5000,2.3050,0.5765,1.9130
0.5765,1.9130,0.6374,1.5210
0.6374,1.5210,0.6825,1.1290
0.6825,1.1290,0.7120,0.7370
0.7120,0.7370,0.7258,0.3450
0.7258,0.3450,0.7239,-0.0470
0.7239,-0.0470,0.7063,-0.4390
0.7063,-0.4390,0.6731,-0.8310
0.6731,-0.8310,0.6242,-1.2230
0.6242,-1.2230,0.5596,-1.6150
0.5596,-1.6150,0.5000,1.2042
0.5000,1.2042,0.5325,0.8122
0.5325,0.8122,0.5493,0.4202
0.5493,0.4202,0.5504,0.0282
0.5504,0.0282,0.5359,-0.3638
0.5359,-0.3638,0.5056,-0.7558
0.5056,-0.7558,0.5000,0.6887
0.5000,0.6887,0.5119,0.2967
0.5119,0.2967,0.5081,-0.0953
0.5081,-0.0953,0.5000,0.0000
0.5000,0.0000,0.5000,0.0000
0.5000,0.0000,0.5000,0.0000
0.5000,0.0000,0.5000,0.0000
0.5000,0.0000,0.5000,0.0000
0.5000,0.0000,0.5000,0.0000
0.5000,0.0000,0.5000,0.0000
0.5000,0.0000,0.5000,0.0000
0.5000,0.0000,0.5000,0.0000
0.5000,0.0000,0.5000,0.0000
0.5000,0.0000,0.5000,0.0000
0.5000,0.0000,0.5000,0.0000
0.5000,0.0000,0.5000,0.0000
0.5000,0.0000,0.5000,0.0000
0.5000,0.0000,0.5000,0.0000
0.5000,0.0000,0.5000,0.0000
0.5000,0.0000,0.5000,0.0000
0.5000,0.0000,0.5000,0.0000
0.5000,0.0000,0.5000,0.0000
0.5000,0.0000,0.5000,0.0000
0.5000,0.0000,0.5000,0.0000
0.5000,0.0000,0.5000,0.0000
0.5000,0.0000,0.5000,0.0000
0.5000,0.0000,0.5000,0.0000
0.5000,0.0000,0.5000,0.0000
0.5000,0.0000,0.5000,0.0000
0.5000,0.0000,0.5000,0.0000
0.5000,0.0000,0.5000,0.0000
0.5000,0.0000,0.5000,0.0000
0.5000,0.0000,0.5000,0.0000
0.5000,0.0000,0.5000,0.0000
0.5000,0.0000,0.5000,0.0000
0.5000,0.0000,0.5000,0.0000
0.5000,0.0000,0.5000,0.0000
0.5000,0.0000,0.5000,0.0000
0.5000,0.0000,0.5000,0.0000
0.5000,0.0000,0.5000,0.0000
0.5000,0.0000,0.5000,0.0000
0.5000,0.0000,0.5000,0.0000
0.5000,0.0000,0.5000,0.0000
0.5000,0.0000,0.5000,0.0000
0.5000,0.0000,0.5000,0.0000
0.5000,0.0000,0.5000,0.0000
0.5000,0.0000,0.5000,0.0000
0.5000,0.0000,0.5000,0.0000
0.5000,0.0000,0.5000,0.0000
0.5000,0.0000,0.5000,0.0000
0.5000,0.0000,0.5000,0.0000
0.5000,0.0000,0.5000,0.0000
0.5000,0.0000,0.5000,0.0000
0.5000,0.0000,0.5000,0.0000
0.5000,0.0000,0.5000,0.0000
0.5000,0.0000,0.5000,0.0000
0.5000,0.0000,0.5000,0.0000
0.5000,0.0000,0.5000,0.0000
0.5000,0.0000,0.5000,0.0000
0.5000,0.0000,0.5000,0.0000
0.5000,0.0000,0.5000,0.0000
0.5000,0.0000,0.5000,0.0000
0.5000,0.0000,0.5000,0.0000
0.5000,0.0000,0.5000,0.0000
0.5000,0.0000,0.5000,0.0000
0.5000,0.0000,0.5000,0.0000
0.5000,0.0000,0.5000,0.0000
0.5000,0.0000,0.5000,0.0000
0.5000,0.0000,0.5000,0.0000
0.5000,0.0000,0.5000,0.0000
0.5000,0.0000,0.5000,0.0000
0.5000,0.0000,0.5000,0.0000
0.5000,0.0000,0.5000,0.0000
0.5000,0.0000,0.5000,0.0000
0.5000,0.0000,0.5000,0.0000
0.5000,0.0000,0.5000,0.0000
0.5000,0.0000,0.5000,0.0000
0.5000,0.0000,0.5000,0.0000
0.5000,0.0000,0.5000,0.0000
0.5000,0.0000,0.5000,0.0000
0.5000,0.0000,0.5000,0.0000
0.5000,0.0000,0.5000,0.0000
0.5000,0.0000,0.5000,0.0000
0.5000,0.0000,0.5000,0.0000
0.5000,0.0000,0.5000,0.0000
0.5000,0.0000,0.5000,0.0000
0.5000,0.0000,0.5000,0.0000
0.5000,0.0000,0.5000,0.0000
0.5000,0.0000,0.5000,0.0000
0.5000,0.0000,0.5000,0.0000
0.5000,0.0000,0.5000,0.0000
0.5000,0.0000,0.5000,0.0000
0.5000,0.0000,0.5000,0.0000
0.5000,0.0000,0.5000,0.0000
0.5000,0.0000,0.5000,0.0000
0.5000,0.0000,0.5000,0.0000
0.5000,0.0000,0.5000,0.0000
5.8487,0.0000,5.8331,-0.3920
5.8331,-0.3920,5.8017,-0.7840
5.8017,-0.7840,5.7547,-1.1760
5.7547,-1.1760,5.6919,-1.5680
5.6919,-1.5680,5.6135,-1.9600
5.6135,-1.9600,5.5195,-2.3520
5.5195,-2.3520,5.4097,-2.7440
5.4097,-2.7440,5.2843,-3.1360
5.2843,-3.1360,5.1431,-3.5280
5.1431,-3.5280,4.9863,-3.9200
4.9863,-3.9200,4.8139,-4.3120
4.8139,-4.3120,4.6257,-4.7040
4.6257,-4.7040,4.4219,-5.0960
4.4219,-5.0960,4.2023,-5.4880
4.2023,-5.4880,3.9671,-5.8800
3.9671,-5.8800,3.7163,-6.2720
3.7163,-6.2720,3.4497,-6.6640
3.4497,-6.6640,3.1675,-7.0560
3.1675,-7.0560,2.8695,-7.4480
2.8695,-7.4480,2.5559,-7.8400
2.5559,-7.8400,2.2267,-8.2320
2.2267,-8.2320,1.8817,-8.6240
1.8817,-8.6240,1.5211,-9.0160
1.5211,-9.0160,1.1447,-9.4080
1.1447,-9.4080,0.7527,-9.8000
0.7527,-9.8000,0.5000,6.1152
0.5000,6.1152,0.7289,5.7232
0.7289,5.7232,0.9422,5.3312
0.9422,5.3312,1.1397,4.9392
1.1397,4.9392,1.3216,4.5472
1.3216,4.5472,1.4878,4.1552
1.4878,4.1552,1.6384,3.7632
1.6384,3.7632,1.7732,3.3712
1.7732,3.3712,1.8924,2.9792
1.8924,2.9792,1.9959,2.5872
1.9959,2.5872,2.0837,2.1952
2.0837,2.1952,2.1558,1.8032
2.1558,1.8032,2.2123,1.4112
2.2123,1.4112,2.2530,1.0192
2.2530,1.0192,2.2781,0.6272
2.2781,0.6272,2.2875,0.2352
2.2875,0.2352,2.2812,-0.1568
2.2812,-0.1568,2.2593,-0.5488
2.2593,-0.5488,2.2217,-0.9408
2.2217,-0.9408,2.1684,-1.3328
2.1684,-1.3328,2.0994,-1.7248
2.0994,-1.7248,2.0147,-2.1168
2.0147,-2.1168,1.9143,-2.5088
1.9143,-2.5088,1.7983,-2.9008
1.7983,-2.9008,1.6666,-3.2928
1.6666,-3.2928,1.5192,-3.6848
1.5192,-3.6848,1.3561,-4.0768
1.3561,-4.0768,1.1774,-4.4688
1.1774,-4.4688,0.9829,-4.8608
0.9829,-4.8608,0.7728,-5.2528
0.7728,-5.2528,0.5470,-5.6448
0.5470,-5.6448,0.5000,3.6221
0.5000,3.6221,0.6292,3.2301
0.6292,3.2301,0.7427,2.8381
0.7427,2.8381,0.8406,2.4461
0.8406,2.4461,0.9227,2.0541
0.9227,2.0541,0.9892,1.6621
0.9892,1.6621,1.0400,1.2701
1.0400,1.2701,1.0751,0.8781
1.0751,0.8781,1.0946,0.4861
1.0946,0.4861,1.0983,0.0941
1.0983,0.0941,1.0864,-0.2979
1.0864,-0.2979,1.0588,-0.6899
1.0588,-0.6899,1.0156,-1.0819
1.0156,-1.0819,0.9566,-1.4739
0.9566,-1.4739,0.8820,-1.8659
0.8820,-1.8659,0.7916,-2.2579
0.7916,-2.2579,0.6857,-2.6499
0.6857,-2.6499,0.5640,-3.0419
0.5640,-3.0419,0.5000,2.0604
0.5000,2.0604,0.5667,1.6684
0.5667,1.6684,0.6178,1.2764
0.6178,1.2764,0.6532,0.8844
0.6532,0.8844,0.6729,0.4924
0.6729,0.4924,0.6769,0.1004
0.6769,0.1004,0.6652,-0.2916
0.6652,-0.2916,0.6379,-0.6836
0.6379,-0.6836,0.5948,-1.0756
0.5948,-1.0756,0.5361,-1.4676
0.5361,-1.4676,0.5000,1.1158
0.5000,1.1158,0.5290,0.7238
0.5290,0.7238,0.5422,0.3318
0.5422,0.3318,0.5398,-0.0602
0.5398,-0.0602,0.5217,-0.4522
0.5217,-0.4522,0.5000,0.5065
0.5000,0.5065,0.5046,0.1145
0.5046,0.1145,0.5000,0.0000
0.5000,0.0000,0.5000,0.0000
0.5000,0.0000,0.5000,0.0000
0.5000,0.0000,0.5000,0.0000
0.5000,0.0000,0.5000,0.0000
0.5000,0.0000,0.5000,0.0000
0.5000,0.0000,0.5000,0.0000
0.5000,0.0000,0.5000,0.0000
0.5000,0.0000,0.5000,0.0000
0.5000,0.0000,0.5000,0.0000
0.5000,0.0000,0.5000,0.0000
0.5000,0.0000,0.5000,0.0000
0.5000,0.0000,0.5000,0.0000
0.5000,0.0000,0.5000,0.0000
0.5000,0.0000,0.5000,0.0000
0.5000,0.0000,0.5000,0.0000
0.5000,0.0000,0.5000,0.0000
0.5000,0.0000,0.5000,0.0000
0.5000,0.0000,0.5000,0.0000
0.5000,0.0000,0.5000,0.0000
0.5000,0.0000,0.5000,0.0000
0.5000,0.0000,0.5000,0.0000
0.5000,0.0000,0.5000,0.0000
0.5000,0.0000,0.5000,0.0000
0.5000,0.0000,0.5000,0.0000
0.5000,0.0000,0.5000,0.0000
0.5000,0.0000,0.5000,0.0000
0.5000,0.0000,0.5000,0.0000
0.5000,0.0000,0.5000,0.0000
0.5000,0.0000,0.5000,0.0000
0.5000,0.0000,0.5000,0.0000
0.5000,0.0000,0.5000,0.0000
0.5000,0.0000,0.5000,0.0000
0.5000,0.0000,0.5000,0.0000
0.5000,0.0000,0.5000,0.0000
0.5000,0.0000,0.5000,0.0000
0.5000,0.0000,0.5000,0.0000
0.5000,0.0000,0.5000,0.0000
0.5000,0.0000,0.5000,0.0000
0.5000,0.0000,0.5000,0.0000
0.5000,0.0000,0.5000,0.0000
0.5000,0.0000,0.5000,0.0000
0.5000,0.0000,0.5000,0.0000
0.5000,0.0000,0.5000,0.0000
0.5000,0.0000,0.5000,0.0000
0.5000,0.0000,0.5000,0.0000
0.5000,0.0000,0.5000,0.0000
0.5000,0.0000,0.5000,0.0000
0.5000,0.0000,0.5000,0.0000
0.5000,0.0000,0.5000,0.0000
0.5000,0.0000,0.5000,0.0000
0.5000,0.0000,0.5000,0.0000
0.5000,0.0000,0.5000,0.0000
0.5000,0.0000,0.5000,0.0000
0.5000,0.0000,0.5000,0.0000
0.5000,0.0000,0.5000,0.0000
0.5000,0.0000,0.5000,0.0000
0.5000,0.0000,0.5000,0.0000
0.5000,0.0000,0.5000,0.0000
9.6251,0.0000,9.6094,-0.3920
9.6094,-0.3920,9.5781,-0.7840
9.5781,-0.7840,9.5310,-1.1760
9.5310,-1.1760,9.4683,-1.5680
9.4683,-1.5680,9.3899,-1.9600
9.3899,-1.9600,9.2958,-2.3520
9.2958,-2.3520,9.1861,-2.7440
9.1861,-2.7440,9.0606,-3.1360
9.0606,-3.1360,8.9195,-3.5280
8.9195,-3.5280,8.7627,-3.9200
8.7627,-3.9200,8.5902,-4.3120
8.5902,-4.3120,8.4021,-4.7040
8.4021,-4.7040,8.1982,-5.0960
8.1982,-5.0960,7.9787,-5.4880
7.9787,-5.4880,7.7435,-5.8800
7.7435,-5.8800,7.4926,-6.2720
7.4926,-6.2720,7.2261,-6.6640
7.2261,-6.6640,6.9438,-7.0560
6.9438,-7.0560,6.6459,-7.4480
6.6459,-7.4480,6.3323,-7.8400
6.3323,-7.8400,6.0030,-8.2320
6.0030,-8.2320,5.6581,-8.6240
5.6581,-8.6240,5.2974,-9.0160
5.2974,-9.0160,4.9211,-9.4080
4.9211,-9.4080,4.5291,-9.8000
4.5291,-9.8000,4.1214,-10.1920
4.1214,-10.1920,3.6981,-10.5840
3.6981,-10.5840,3.2590,-10.9760
3.2590,-10.9760,2.8043,-11.3680
2.8043,-11.3680,2.3339,-11.7600
2.3339,-11.7600,1.8478,-12.1520
1.8478,-12.1520,1.3461,-12.5440
1.3461,-12.5440,0.8286,-12.9360
0.8286,-12.9360,0.5000,7.9968
0.5000,7.9968,0.8042,7.6048
0.8042,7.6048,1.0927,7.2128
1.0927,7.2128,1.3655,6.8208
1.3655,6.8208,1.6227,6.4288
1.6227,6.4288,1.8642,6.0368
1.8642,6.0368,2.0900,5.6448
2.0900,5.6448,2.3001,5.2528
2.3001,5.2528,2.4945,4.8608
2.4945,4.8608,2.6732,4.4688
2.6732,4.4688,2.8363,4.0768
2.8363,4.0768,2.9837,3.6848
2.9837,3.6848,3.1154,3.2928
3.1154,3.2928,3.2315,2.9008
3.2315,2.9008,3.3318,2.5088
3.3318,2.5088,3.4165,2.1168
3.4165,2.1168,3.4855,1.7248
3.4855,1.7248,3.5388,1.3328
3.5388,1.3328,3.5764,0.9408
3.5764,0.9408,3.5984,0.5488
3.5984,0.5488,3.6046,0.1568
3.6046,0.1568,3.5952,-0.2352
3.5952,-0.2352,3.5701,-0.6272
3.5701,-0.6272,3.5294,-1.0192
3.5294,-1.0192,3.4729,-1.4112
3.4729,-1.4112,3.4008,-1.8032
3.4008,-1.8032,3.3130,-2.1952
3.3130,-2.1952,3.2095,-2.5872
3.2095,-2.5872,3.0903,-2.9792
3.0903,-2.9792,2.9555,-3.3712
2.9555,-3.3712,2.8050,-3.7632
2.8050,-3.7632,2.6388,-4.1552
2.6388,-4.1552,2.4569,-4.5472
2.4569,-4.5472,2.2593,-4.9392
2.2593,-4.9392,2.0460,-5.3312
2.0460,-5.3312,1.8171,-5.7232
1.8171,-5.7232,1.5725,-6.1152
1.5725,-6.1152,1.3122,-6.5072
1.3122,-6.5072,1.0363,-6.8992
1.0363,-6.8992,0.7446,-7.2912
0.7446,-7.2912,0.5000,4.6099
0.5000,4.6099,0.6687,4.2179
0.6687,4.2179,0.8218,3.8259
0.8218,3.8259,0.9591,3.4339
0.9591,3.4339,1.0808,3.0419
1.0808,3.0419,1.1868,2.6499
1.1868,2.6499,1.2771,2.2579
1.2771,2.2579,1.3517,1.8659
1.3517,1.8659,1.4107,1.4739
1.4107,1.4739,1.4540,1.0819
1.4540,1.0819,1.4816,0.6899
1.4816,0.6899,1.4935,0.2979
1.4935,0.2979,1.4897,-0.0941
1.4897,-0.0941,1.4703,-0.4861
1.4703,-0.4861,1.4352,-0.8781
1.4352,-0.8781,1.3844,-1.2701
1.3844,-1.2701,1.3179,-1.6621
1.3179,-1.6621,1.2357,-2.0541
1.2357,-2.0541,1.1379,-2.4461
1.1379,-2.4461,1.0243,-2.8381
1.0243,-2.8381,0.8951,-3.2301
0.8951,-3.2301,0.7503,-3.6221
0.7503,-3.6221,0.5897,-4.0141
0.5897,-4.0141,0.5000,2.6436
0.5000,2.6436,0.5901,2.2516
0.5901,2.2516,0.6645,1.8596
0.6645,1.8596,0.7232,1.4676
0.7232,1.4676,0.7662,1.0756
0.7662,1.0756,0.7935,0.6836
0.7935,0.6836,0.8052,0.2916
0.8052,0.2916,0.8012,-0.1004
0.8012,-0.1004,0.7815,-0.4924
0.7815,-0.4924,0.7461,-0.8844
0.7461,-0.8844,0.6951,-1.2764
0.6951,-1.2764,0.6283,-1.6684
0.6283,-1.6684,0.5459,-2.0604
0.5459,-2.0604,0.5000,1.4714
0.5000,1.4714,0.5432,1.0794
0.5432,1.0794,0.5707,0.6874
0.5707,0.6874,0.5825,0.2954
0.5825,0.2954,0.5786,-0.0966
0.5786,-0.0966,0.5591,-0.4886
0.5591,-0.4886,0.5239,-0.8806
0.5239,-0.8806,0.5000,0.7636
0.5000,0.7636,0.5149,0.3716
0.5149,0.3716,0.5140,-0.0204
0.5140,-0.0204,0.5000,0.0000
0.5000,0.0000,0.5000,0.0000
0.5000,0.0000,0.5000,0.0000
0.5000,0.0000,0.5000,0.0000
0.5000,0.0000,0.5000,0.0000
0.5000,0.0000,0.5000,0.0000
0.5000,0.0000,0.5000,0.0000
0.5000,0.0000,0.5000,0.0000
0.5000,0.0000,0.5000,0.0000
0.5000,0.0000,0.5000,0.0000
0.5000,0.0000,0.5000,0.0000
0.5000,0.0000,0.5000,0.0000
0.5000,0.0000,0.5000,0.0000
0.5000,0.0000,0.5000,0.0000
0.5000,0.0000,0.5000,0.0000
0.5000,0.0000,0.5000,0.0000
0.5000,0.0000,0.5000,0.0000
0.5000,0.0000,0.5000,0.0000
0.5000,0.0000,0.5000,0.0000
0.5000,0.0000,0.5000,0.0000
0.5000,0.0000,0.5000,0.0000
0.5000,0.0000,0.5000,0.0000
0.5000,0.0000,0.5000,0.0000
0.5000,0.0000,0.5000,0.0000
0.5000,0.0000,0.5000,0.0000
0.5000,0.0000,0.5000,0.0000
0.5000,0.0000,0.5000,0.0000
0.5000,0.0000,0.5000,0.0000
0.5000,0.0000,0.5000,0.0000
0.5000,0.0000,0.5000,0.0000
0.5000,0.0000,0.5000,0.0000
6.8290,0.0000,6.8133,-0.3920
6.8133,-0.3920,6.7820,-0.7840
6.7820,-0.7840,6.7349,-1.1760
6.7349,-1.1760,6.6722,-1.5680
6.6722,-1.5680,6.5938,-1.9600
6.5938,-1.9600,6.4997,-2.3520
6.4997,-2.3520,6.3900,-2.7440
6.3900,-2.7440,6.2645,-3.1360
6.2645,-3.1360,6.1234,-3.5280
6.1234,-3.5280,5.9666,-3.9200
5.9666,-3.9200,5.7941,-4.3120
5.7941,-4.3120,5.6060,-4.7040
5.6060,-4.7040,5.4021,-5.0960
5.4021,-5.0960,5.1826,-5.4880
5.1826,-5.4880,4.9474,-5.8800
4.9474,-5.8800,4.6965,-6.2720
4.6965,-6.2720,4.4300,-6.6640
4.4300,-6.6640,4.1477,-7.0560
4.1477,-7.0560,3.8498,-7.4480
3.8498,-7.4480,3.5362,-7.8400
3.5362,-7.8400,3.2069,-8.2320
3.2069,-8.2320,2.8620,-8.6240
2.8620,-8.6240,2.5013,-9.0160
2.5013,-9.0160,2.1250,-9.4080
2.1250,-9.4080,1.7330,-9.8000
1.7330,-9.8000,1.3253,-10.1920
1.3253,-10.1920,0.9020,-10.5840
0.9020,-10.5840,0.5000,6.5856
0.5000,6.5856,0.7477,6.1936
0.7477,6.1936,0.9798,5.8016
0.9798,5.8016,1.1962,5.4096
1.1962,5.4096,1.3969,5.0176
1.3969,5.0176,1.5819,4.6256
1.5819,4.6256,1.7513,4.2336
1.7513,4.2336,1.9049,3.8416
1.9049,3.8416,2.0429,3.4496
2.0429,3.4496,2.1652,3.0576
2.1652,3.0576,2.2718,2.6656
2.2718,2.6656,2.3628,2.2736
2.3628,2.2736,2.4380,1.8816
2.4380,1.8816,2.4976,1.4896
2.4976,1.4896,2.5415,1.0976
2.5415,1.0976,2.5698,0.7056
2.5698,0.7056,2.5823,0.3136
2.5823,0.3136,2.5792,-0.0784
2.5792,-0.0784,2.5604,-0.4704
2.5604,-0.4704,2.5259,-0.8624
2.5259,-0.8624,2.4757,-1.2544
2.4757,-1.2544,2.4098,-1.6464
2.4098,-1.6464,2.3283,-2.0384
2.3283,-2.0384,2.2311,-2.4304
2.2311,-2.4304,2.1182,-2.8224
2.1182,-2.8224,1.9896,-3.2144
1.9896,-3.2144,1.8453,-3.6064
1.8453,-3.6064,1.6854,-3.9984
1.6854,-3.9984,1.5098,-4.3904
1.5098,-4.3904,1.3185,-4.7824
1.3185,-4.7824,1.1115,-5.1744
1.1115,-5.1744,0.8889,-5.5664
0.8889,-5.5664,0.6505,-5.9584
0.6505,-5.9584,0.5000,3.8102
0.5000,3.8102,0.6367,3.4182
0.6367,3.4182,0.7578,3.0262
0.7578,3.0262,0.8631,2.6342
0.8631,2.6342,0.9528,2.2422
0.9528,2.2422,1.0268,1.8502
1.0268,1.8502,1.0852,1.4582
1.0852,1.4582,1.1278,1.0662
1.1278,1.0662,1.1548,0.6742
1.1548,0.6742,1.1661,0.2822
1.1661,0.2822,1.1617,-0.1098
1.1617,-0.1098,1.1416,-0.5018
1.1416,-0.5018,1.1059,-0.8938
1.1059,-0.8938,1.0544,-1.2858
1.0544,-1.2858,0.9873,-1.6778
0.9873,-1.6778,0.9045,-2.0698
0.9045,-2.0698,0.8061,-2.4618
0.8061,-2.4618,0.6919,-2.8538
0.6919,-2.8538,0.5621,-3.2458
0.5621,-3.2458,0.5000,2.1827
0.5000,2.1827,0.5716,1.7907
0.5716,1.7907,0.6276,1.3987
0.6276,1.3987,0.6678,1.0067
0.6678,1.0067,0.6924,0.6147
0.6924,0.6147,0.7013,0.2227
0.7013,0.2227,0.6946,-0.1693
0.6946,-0.1693,0.6721,-0.5613
0.6721,-0.5613,0.6340,-0.9533
0.6340,-0.9533,0.5802,-1.3453
0.5802,-1.3453,0.5107,-1.7373
0.5107,-1.7373,0.5000,1.2776
0.5000,1.2776,0.5354,0.8856
0.5354,0.8856,0.5552,0.4936
0.5552,0.4936,0.5592,0.1016
0.5592,0.1016,0.5476,-0.2904
0.5476,-0.2904,0.5203,-0.6824
0.5203,-0.6824,0.5000,0.6446
0.5000,0.6446,0.5101,0.2526
0.5101,0.2526,0.5045,-0.1394
0.5045,-0.1394,0.5000,0.0000
0.5000,0.0000,0.5000,0.0000
0.5000,0.0000,0.5000,0.0000
0.5000,0.0000,0.5000,0.0000
0.5000,0.0000,0.5000,0.0000
0.5000,0.0000,0.5000,0.0000
0.5000,0.0000,0.5000,0.0000
0.5000,0.0000,0.5000,0.0000
0.5000,0.0000,0.5000,0.0000
0.5000,0.0000,0.5000,0.0000
0.5000,0.0000,0.5000,0.0000
0.5000,0.0000,0.5000,0.0000
0.5000,0.0000,0.5000,0.0000
0.5000,0.0000,0.5000,0.0000
0.5000,0.0000,0.5000,0.0000
0.5000,0.0000,0.5000,0.0000
0.5000,0.0000,0.5000,0.0000
0.5000,0.0000,0.5000,0.0000
0.5000,0.0000,0.5000,0.0000
0.5000,0.0000,0.5000,0.0000
0.5000,0.0000,0.5000,0.0000
0.5000,0.0000,0.5000,0.0000
0.5000,0.0000,0.5000,0.0000
0.5000,0.0000,0.5000,0.0000
0.5000,0.0000,0.5000,0.0000
0.5000,0.0000,0.5000,0.0000
0.5000,0.0000,0.5000,0.0000
0.5000,0.0000,0.5000,0.0000
0.5000,0.0000,0.5000,0.0000
0.5000,0.0000,0.5000,0.0000
0.5000,0.0000,0.5000,0.0000
0.5000,0.0000,0.5000,0.0000
0.5000,0.0000,0.5000,0.0000
0.5000,0.0000,0.5000,0.0000
0.5000,0.0000,0.5000,0.0000
0.5000,0.0000,0.5000,0.0000
0.5000,0.0000,0.5000,0.0000
0.5000,0.0000,0.5000,0.0000
0.5000,0.0000,0.5000,0.0000
0.5000,0.0000,0.5000,0.0000
0.5000,0.0000,0.5000,0.0000
0.5000,0.0000,0.5000,0.0000
0.5000,0.0000,0.5000,0.0000
0.5000,0.0000,0.5000,0.0000
0.5000,0.0000,0.5000,0.0000
0.5000,0.0000,0.5000,0.0000
0.5000,0.0000,0.5000,0.0000
0.5000,0.0000,0.5000,0.0000
0.5000,0.0000,0.5000,0.0000
0.5000,0.0000,0.5000,0.0000
0.5000,0.0000,0.5000,0.0000
8.6284,0.0000,8.6127,-0.3920
8.6127,-0.3920,8.5814,-0.7840
8.5814,-0.7840,8.5343,-1.1760
8.5343,-1.1760,8.4716,-1.5680
8.4716,-1.5680,8.3932,-1.9600
8.3932,-1.9600,8.2991,-2.3520
8.2991,-2.3520,8.1894,-2.7440
8.1894,-2.7440,8.0639,-3.1360
8.0639,-3.1360,7.9228,-3.5280
7.9228,-3.5280,7.7660,-3.9200
7.7660,-3.9200,7.5935,-4.3120
7.5935,-4.3120,7.4054,-4.7040
7.4054,-4.7040,7.2015,-5.0960
7.2015,-5.0960,6.9820,-5.4880
6.9820,-5.4880,6.7468,-5.8800
6.7468,-5.8800,6.4959,-6.2720
6.4959,-6.2720,6.2294,-6.6640
6.2294,-6.6640,5.9471,-7.0560
5.9471,-7.0560,5.6492,-7.4480
5.6492,-7.4480,5.3356,-7.8400
5.3356,-7.8400,5.0063,-8.2320
5.0063,-8.2320,4.6614,-8.6240
4.6614,-8.6240,4.3007,-9.0160
4.3007,-9.0160,3.9244,-9.4080
3.9244,-9.4080,3.5324,-9.8000
3.5324,-9.8000,3.1247,-10.1920
3.1247,-10.1920,2.7014,-10.5840
2.7014,-10.5840,2.2623,-10.9760
2.2623,-10.9760,1.8076,-11.3680
1.8076,-11.3680,1.3372,-11.7600
1.3372,-11.7600,0.8511,-12.1520
0.8511,-12.1520,0.5000,7.5264
0.5000,7.5264,0.7854,7.1344
0.7854,7.1344,1.0551,6.7424
1.0551,6.7424,1.3091,6.3504
1.3091,6.3504,1.5474,5.9584
1.5474,5.9584,1.7701,5.5664
1.7701,5.5664,1.9771,5.1744
1.9771,5.1744,2.1684,4.7824
2.1684,4.7824,2.3440,4.3904
2.3440,4.3904,2.5039,3.9984
2.5039,3.9984,2.6482,3.6064
2.6482,3.6064,2.7767,3.2144
2.7767,3.2144,2.8896,2.8224
2.8896,2.8224,2.9868,2.4304
2.9868,2.4304,3.0684,2.0384
3.0684,2.0384,3.1342,1.6464
3.1342,1.6464,3.1844,1.2544
3.1844,1.2544,3.2189,0.8624
3.2189,0.8624,3.2377,0.4704
3.2377,0.4704,3.2409,0.0784
3.2409,0.0784,3.2283,-0.3136
3.2283,-0.3136,3.2001,-0.7056
3.2001,-0.7056,3.1562,-1.0976
3.1562,-1.0976,3.0966,-1.4896
3.0966,-1.4896,3.0213,-1.8816
3.0213,-1.8816,2.9304,-2.2736
2.9304,-2.2736,2.8238,-2.6656
2.8238,-2.6656,2.7015,-3.0576
2.7015,-3.0576,2.5635,-3.4496
2.5635,-3.4496,2.4098,-3.8416
2.4098,-3.8416,2.2405,-4.2336
2.2405,-4.2336,2.0555,-4.6256
2.0555,-4.6256,1.8548,-5.0176
1.8548,-5.0176,1.6384,-5.4096
1.6384,-5.4096,1.4063,-5.8016
1.4063,-5.8016,1.1586,-6.1936
1.1586,-6.1936,0.8951,-6.5856
0.8951,-6.5856,0.6160,-6.9776
0.6160,-6.9776,0.5000,4.4218
0.5000,4.4218,0.6612,4.0298
0.6612,4.0298,0.8067,3.6378
0.8067,3.6378,0.9365,3.2458
0.9365,3.2458,1.0507,2.8538
1.0507,2.8538,1.1492,2.4618
1.1492,2.4618,1.2319,2.0698
1.2319,2.0698,1.2991,1.6778
1.2991,1.6778,1.3505,1.2858
1.3505,1.2858,1.3862,0.8938
1.3862,0.8938,1.4063,0.5018
1.4063,0.5018,1.4107,0.1098
1.4107,0.1098,1.3994,-0.2822
1.3994,-0.2822,1.3724,-0.6742
1.3724,-0.6742,1.3298,-1.0662
1.3298,-1.0662,1.2715,-1.4582
1.2715,-1.4582,1.1974,-1.8502
1.1974,-1.8502,1.1078,-2.2422
1.1078,-2.2422,1.0024,-2.6342
1.0024,-2.6342,0.8813,-3.0262
0.8813,-3.0262,0.7446,-3.4182
0.7446,-3.4182,0.5922,-3.8102
0.5922,-3.8102,0.5000,2.5213
0.5000,2.5213,0.5852,2.1293
0.5852,2.1293,0.6547,1.7373
0.6547,1.7373,0.7085,1.3453
0.7085,1.3453,0.7466,0.9533
0.7466,0.9533,0.7691,0.5613
0.7691,0.5613,0.7758,0.1693
0.7758,0.1693,0.7669,-0.2227
0.7669,-0.2227,0.7424,-0.6147
0.7424,-0.6147,0.7021,-1.0067
0.7021,-1.0067,0.6461,-1.3987
0.6461,-1.3987,0.5745,-1.7907
0.5745,-1.7907,0.5000,1.3096
0.5000,1.3096,0.5367,0.9176
0.5367,0.9176,0.5577,0.5256
0.5577,0.5256,0.5631,0.1336
0.5631,0.1336,0.5527,-0.2584
0.5527,-0.2584,0.5267,-0.6504
0.5267,-0.6504,0.5000,0.6254
0.5000,0.6254,0.5093,0.2334
0.5093,0.2334,0.5030,-0.1586
0.5030,-0.1586,0.5000,0.0000
0.5000,0.0000,0.5000,0.0000
0.5000,0.0000,0.5000,0.0000
0.5000,0.0000,0.5000,0.0000
0.5000,0.0000,0.5000,0.0000
0.5000,0.0000,0.5000,0.0000
0.5000,0.0000,0.5000,0.0000
0.5000,0.0000,0.5000,0.0000
0.5000,0.0000,0.5000,0.0000
0.5000,0.0000,0.5000,0.0000
0.5000,0.0000,0.5000,0.0000
0.5000,0.0000,0.5000,0.0000
0.5000,0.0000,0.5000,0.0000
0.5000,0.0000,0.5000,0.0000
0.5000,0.0000,0.5000,0.0000
0.5000,0.0000,0.5000,0.0000
0.5000,0.0000,0.5000,0.0000
0.5000,0.0000,0.5000,0.0000
0.5000,0.0000,0.5000,0.0000
0.5000,0.0000,0.5000,0.0000
0.5000,0.0000,0.5000,0.0000
0.5000,0.0000,0.5000,0.0000
0.5000,0.0000,0.5000,0.0000
0.5000,0.0000,0.5000,0.0000
0.5000,0.0000,0.5000,0.0000
0.5000,0.0000,0.5000,0.0000
0.5000,0.0000,0.5000,0.0000
0.5000,0.0000,0.5000,0.0000
0.5000,0.0000,0.5000,0.0000
0.5000,0.0000,0.5000,0.0000
0.5000,0.0000,0.5000,0.0000
0.5000,0.0000,0.5000,0.0000
0.5000,0.0000,0.5000,0.0000
0.5000,0.0000,0.5000,0.0000
0.5000,0.0000,0.5000,0.0000
0.5000,0.0000,0.5000,0.0000
0.5000,0.0000,0.5000,0.0000
0.5000,0.0000,0.5000,0.0000
4.4585,0.0000,4.4428,-0.3920
4.4428,-0.3920,4.4114,-0.7840
4.4114,-0.7840,4.3644,-1.1760
4.3644,-1.1760,4.3017,-1.5680
4.3017,-1.5680,4.2233,-1.9600
4.2233,-1.9600,4.1292,-2.3520
4.1292,-2.3520,4.0194,-2.7440
4.0194,-2.7440,3.8940,-3.1360
3.8940,-3.1360,3.7529,-3.5280
3.7529,-3.5280,3.5961,-3.9200
3.5961,-3.9200,3.4236,-4.3120
3.4236,-4.3120,3.2354,-4.7040
3.2354,-4.7040,3.0316,-5.0960
3.0316,-5.0960,2.8121,-5.4880
2.8121,-5.4880,2.5769,-5.8800
2.5769,-5.8800,2.3260,-6.2720
2.3260,-6.2720,2.0594,-6.6640
2.0594,-6.6640,1.7772,-7.0560
1.7772,-7.0560,1.4793,-7.4480
1.4793,-7.4480,1.1657,-7.8400
1.1657,-7.8400,0.8364,-8.2320
0.8364,-8.2320,0.5000,5.1744
0.5000,5.1744,0.6913,4.7824
0.6913,4.7824,0.8669,4.3904
0.8669,4.3904,1.0268,3.9984
1.0268,3.9984,1.1711,3.6064
1.1711,3.6064,1.2997,3.2144
1.2997,3.2144,1.4126,2.8224
1.4126,2.8224,1.5098,2.4304
1.5098,2.4304,1.5913,2.0384
1.5913,2.0384,1.6572,1.6464
1.6572,1.6464,1.7074,1.2544
1.7074,1.2544,1.7419,0.8624
1.7419,0.8624,1.7607,0.4704
1.7607,0.4704,1.7638,0.0784
1.7638,0.0784,1.7513,-0.3136
1.7513,-0.3136,1.7230,-0.7056
1.7230,-0.7056,1.6791,-1.0976
1.6791,-1.0976,1.6196,-1.4896
1.6196,-1.4896,1.5443,-1.8816
1.5443,-1.8816,1.4533,-2.2736
1.4533,-2.2736,1.3467,-2.6656
1.3467,-2.6656,1.2244,-3.0576
1.2244,-3.0576,1.0864,-3.4496
1.0864,-3.4496,0.9328,-3.8416
0.9328,-3.8416,0.7634,-4.2336
0.7634,-4.2336,0.5784,-4.6256
0.5784,-4.6256,0.5000,3.0106
0.5000,3.0106,0.6047,2.6186
0.6047,2.6186,0.6938,2.2266
0.6938,2.2266,0.7672,1.8346
0.7672,1.8346,0.8249,1.4426
0.8249,1.4426,0.8669,1.0506
0.8669,1.0506,0.8933,0.6586
0.8933,0.6586,0.9039,0.2666
0.9039,0.2666,0.8989,-0.1254
0.8989,-0.1254,0.8782,-0.5174
0.8782,-0.5174,0.8418,-0.9094
0.8418,-0.9094,0.7898,-1.3014
0.7898,-1.3014,0.7220,-1.6934
0.7220,-1.6934,0.6386,-2.0854
0.6386,-2.0854,0.5395,-2.4774
0.5395,-2.4774,0.5000,1.7217
0.5000,1.7217,0.5532,1.3297
0.5532,1.3297,0.5907,0.9377
0.5907,0.9377,0.6125,0.5457
0.6125,0.5457,0.6187,0.1537
0.6187,0.1537,0.6091,-0.2383
0.6091,-0.2383,0.5839,-0.6303
0.5839,-0.6303,0.5430,-1.0223
0.5430,-1.0223,0.5000,0.8486
0.5000,0.8486,0.5183,0.4566
0.5183,0.4566,0.5208,0.0646
0.5208,0.0646,0.5078,-0.3274
0.5078,-0.3274,0.5000,0.4316
0.5000,0.4316,0.5016,0.0396
0.5016,0.0396,0.5000,0.0000
0.5000,0.0000,0.5000,0.0000
0.5000,0.0000,0.5000,0.0000
0.5000,0.0000,0.5000,0.0000
0.5000,0.0000,0.5000,0.0000
0.5000,0.0000,0.5000,0.0000
0.5000,0.0000,0.5000,0.0000
0.5000,0.0000,0.5000,0.0000
0.5000,0.0000,0.5000,0.0000
0.5000,0.0000,0.5000,0.0000
0.5000,0.0000,0.5000,0.0000
0.5000,0.0000,0.5000,0.0000
0.5000,0.0000,0.5000,0.0000
0.5000,0.0000,0.5000,0.0000
0.5000,0.0000,0.5000,0.0000
0.5000,0.0000,0.5000,0.0000
0.5000,0.0000,0.5000,0.0000
0.5000,0.0000,0.5000,0.0000
0.5000,0.0000,0.5000,0.0000
0.5000,0.0000,0.5000,0.0000
0.5000,0.0000,0.5000,0.0000
0.5000,0.0000,0.5000,0.0000
0.5000,0.0000,0.5000,0.0000
0.5000,0.0000,0.5000,0.0000
0.5000,0.0000,0.5000,0.0000
0.5000,0.0000,0.5000,0.0000
0.5000,0.0000,0.5000,0.0000
0.5000,0.0000,0.5000,0.0000
0.5000,0.0000,0.5000,0.0000
0.5000,0.0000,0.5000,0.0000
0.5000,0.0000,0.5000,0.0000
0.5000,0.0000,0.5000,0.0000
0.5000,0.0000,0.5000,0.0000
0.5000,0.0000,0.5000,0.0000
0.5000,0.0000,0.5000,0.0000
0.5000,0.0000,0.5000,0.0000
0.5000,0.0000,0.5000,0.0000
0.5000,0.0000,0.5000,0.0000
0.5000,0.0000,0.5000,0.0000
0.5000,0.0000,0.5000,0.0000
0.5000,0.0000,0.5000,0.0000
0.5000,0.0000,0.5000,0.0000
0.5000,0.0000,0.5000,0.0000
0.5000,0.0000,0.5000,0.0000
0.5000,0.0000,0.5000,0.0000
0.5000,0.0000,0.5000,0.0000
0.5000,0.0000,0.5000,0.0000
0.5000,0.0000,0.5000,0.0000
0.5000,0.0000,0.5000,0.0000
0.5000,0.0000,0.5000,0.0000
0.5000,0.0000,0.5000,0.0000
0.5000,0.0000,0.5000,0.0000
0.5000,0.0000,0.5000,0.0000
0.5000,0.0000,0.5000,0.0000
0.5000,0.0000,0.5000,0.0000
0.5000,0.0000,0.5000,0.0000
0.5000,0.0000,0.5000,0.0000
0.5000,0.0000,0.5000,0.0000
0.5000,0.0000,0.5000,0.0000
0.5000,0.0000,0.5000,0.0000
0.5000,0.0000,0.5000,0.0000
0.5000,0.0000,0.5000,0.0000
0.5000,0.0000,0.5000,0.0000
0.5000,0.0000,0.5000,0.0000
0.5000,0.0000,0.5000,0.0000
0.5000,0.0000,0.5000,0.0000
0.5000,0.0000,0.5000,0.0000
0.5000,0.0000,0.5000,0.0000
0.5000,0.0000,0.5000,0.0000
0.5000,0.0000,0.5000,0.0000
0.5000,0.0000,0.5000,0.0000
0.5000,0.0000,0.5000,0.0000
0.5000,0.0000,0.5000,0.0000
0.5000,0.0000,0.5000,0.0000
4.3043,0.0000,4.2886,-0.3920
4.2886,-0.3920,4.2573,-0.7840
4.2573,-0.7840,4.2102,-1.1760
4.2102,-1.1760,4.1475,-1.5680
4.1475,-1.5680,4.0691,-1.9600
4.0691,-1.9600,3.9750,-2.3520
3.9750,-2.3520,3.8653,-2.7440
3.8653,-2.7440,3.7398,-3.1360
3.7398,-3.1360,3.5987,-3.5280
3.5987,-3.5280,3.4419,-3.9200
3.4419,-3.9200,3.2694,-4.3120
3.2694,-4.3120,3.0813,-4.7040
3.0813,-4.7040,2.8774,-5.0960
2.8774,-5.0960,2.6579,-5.4880
2.6579,-5.4880,2.4227,-5.8800
2.4227,-5.8800,2.1718,-6.2720
2.1718,-6.2720,1.9053,-6.6640
1.9053,-6.6640,1.6230,-7.0560
1.6230,-7.0560,1.3251,-7.4480
1.3251,-7.4480,1.0115,-7.8400
1.0115,-7.8400,0.6822,-8.2320
0.6822,-8.2320,0.5000,5.1744
0.5000,5.1744,0.6913,4.7824
0.6913,4.7824,0.8669,4.3904
0.8669,4.3904,1.0268,3.9984
1.0268,3.9984,1.1711,3.6064
1.1711,3.6064,1.2997,3.2144
1.2997,3.2144,1.4126,2.8224
1.4126,2.8224,1.5098,2.4304
1.5098,2.4304,1.5913,2.0384
1.5913,2.0384,1.6572,1.6464
1.6572,1.6464,1.7074,1.2544
1.7074,1.2544,1.7419,0.8624
1.7419,0.8624,1.7607,0.4704
1.7607,0.4704,1.7638,0.0784
1.7638,0.0784,1.7513,-0.3136
1.7513,-0.3136,1.7230,-0.7056
1.7230,-0.7056,1.6791,-1.0976
1.6791,-1.0976,1.6196,-1.4896
1.6196,-1.4896,1.5443,-1.8816
1.5443,-1.8816,1.4533,-2.2736
1.4533,-2.2736,1.3467,-2.6656
1.3467,-2.6656,1.2244,-3.0576
1.2244,-3.0576,1.0864,-3.4496
1.0864,-3.4496,0.9328,-3.8416
0.9328,-3.8416,0.7634,-4.2336
0.7634,-4.2336,0.5784,-4.6256
0.5784,-4.6256,0.5000,3.0106
0.5000,3.0106,0.6047,2.6186
0.6047,2.6186,0.6938,2.2266
0.6938,2.2266,0.7672,1.8346
0.7672,1.8346,0.8249,1.4426
0.8249,1.4426,0.8669,1.0506
0.8669,1.0506,0.8933,0.6586
0.8933,0.6586,0.9039,0.2666
0.9039,0.2666,0.8989,-0.1254
0.8989,-0.1254,0.8782,-0.5174
0.8782,-0.5174,0.8418,-0.9094
0.8418,-0.9094,0.7898,-1.3014
0.7898,-1.3014,0.7220,-1.6934
0.7220,-1.6934,0.6386,-2.0854
0.6386,-2.0854,0.5395,-2.4774
0.5395,-2.4774,0.5000,1.7217
0.5000,1.7217,0.5532,1.3297
0.5532,1.3297,0.5907,0.9377
0.5907,0.9377,0.6125,0.5457
0.6125,0.5457,0.6187,0.1537
0.6187,0.1537,0.6091,-0.2383
0.6091,-0.2383,0.5839,-0.6303
0.5839,-0.6303,0.5430,-1.0223
0.5430,-1.0223,0.5000,0.8486
0.5000,0.8486,0.5183,0.4566
0.5183,0.4566,0.5208,0.0646
0.5208,0.0646,0.5078,-0.3274
0.5078,-0.3274,0.5000,0.4316
0.5000,0.4316,0.5016,0.0396
0.5016,0.0396,0.5000,0.0000
0.5000,0.0000,0.5000,0.0000
0.5000,0.0000,0.5000,0.0000
0.5000,0.0000,0.5000,0.0000
0.5000,0.0000,0.5000,0.0000
0.5000,0.0000,0.5000,0.0000
0.5000,0.0000,0.5000,0.0000
0.5000,0.0000,0.5000,0.0000
0.5000,0.0000,0.5000,0.0000
0.5000,0.0000,0.5000,0.0000
0.5000,0.0000,0.5000,0.0000
0.5000,0.0000,0.5000,0.0000
0.5000,0.0000,0.5000,0.0000
0.5000,0.0000,0.5000,0.0000
0.5000,0.0000,0.5000,0.0000
0.5000,0.0000,0.5000,0.0000
0.5000,0.0000,0.5000,0.0000
0.5000,0.0000,0.5000,0.0000
0.5000,0.0000,0.5000,0.0000
0.5000,0.0000,0.5000,0.0000
0.5000,0.0000,0.5000,0.0000
0.5000,0.0000,0.5000,0.0000
0.5000,0.0000,0.5000,0.0000
0.5000,0.0000,0.5000,0.0000
0.5000,0.0000,0.5000,0.0000
0.5000,0.0000,0.5000,0.0000
0.5000,0.0000,0.5000,0.0000
0.5000,0.0000,0.5000,0.0000
0.5000,0.0000,0.5000,0.0000
0.5000,0.0000,0.5000,0.0000
0.5000,0.0000,0.5000,0.0000
0.5000,0.0000,0.5000,0.0000
0.5000,0.0000,0.5000,0.0000
0.5000,0.0000,0.5000,0.0000
0.5000,0.0000,0.5000,0.0000
0.5000,0.0000,0.5000,0.0000
0.5000,0.0000,0.5000,0.0000
0.5000,0.0000,0.5000,0.0000
0.5000,0.0000,0.5000,0.0000
0.5000,0.0000,0.5000,0.0000
0.5000,0.0000,0.5000,0.0000
0.5000,0.0000,0.5000,0.0000
0.5000,0.0000,0.5000,0.0000
0.5000,0.0000,0.5000,0.0000
0.5000,0.0000,0.5000,0.0000
0.5000,0.0000,0.5000,0.0000
0.5000,0.0000,0.5000,0.0000
0.5000,0.0000,0.5000,0.0000
0.5000,0.0000,0.5000,0.0000
0.5000,0.0000,0.5000,0.0000
0.5000,0.0000,0.5000,0.0000
0.5000,0.0000,0.5000,0.0000
0.5000,0.0000,0.5000,0.0000
0.5000,0.0000,0.5000,0.0000
0.5000,0.0000,0.5000,0.0000
0.5000,0.0000,0.5000,0.0000
0.5000,0.0000,0.5000,0.0000
0.5000,0.0000,0.5000,0.0000
0.5000,0.0000,0.5000,0.0000
0.5000,0.0000,0.5000,0.0000
0.5000,0.0000,0.5000,0.0000
0.5000,0.0000,0.5000,0.0000
0.5000,0.0000,0.5000,0.0000
0.5000,0.0000,0.5000,0.0000
0.5000,0.0000,0.5000,0.0000
0.5000,0.0000,0.5000,0.0000
0.5000,0.0000,0.5000,0.0000
0.5000,0.0000,0.5000,0.0000
0.5000,0.0000,0.5000,0.0000
0.5000,0.0000,0.5000,0.0000
0.5000,0.0000,0.5000,0.0000
0.5000,0.0000,0.5000,0.0000
0.5000,0.0000,0.5000,0.0000
0.5000,0.0000,0.5000,0.0000
4.2124,0.0000,4.1967,-0.3920
4.1967,-0.3920,4.1654,-0.7840
4.1654,-0.7840,4.1183,-1.1760
4.1183,-1.1760,4.0556,-1.5680
4.0556,-1.5680,3.9772,-1.9600
3.9772,-1.9600,3.8831,-2.3520
3.8831,-2.3520,3.7734,-2.7440
3.7734,-2.7440,3.6479,-3.1360
3.6479,-3.1360,3.5068,-3.5280
3.5068,-3.5280,3.3500,-3.9200
3.3500,-3.9200,3.1775,-4.3120
3.1775,-4.3120,2.9894,-4.7040
2.9894,-4.7040,2.7855,-5.0960
2.7855,-5.0960,2.5660,-5.4880
2.5660,-5.4880,2.3308,-5.8800
2.3308,-5.8800,2.0799,-6.2720
2.0799,-6.2720,1.8134,-6.6640
1.8134,-6.6640,1.5311,-7.0560
1.5311,-7.0560,1.2332,-7.4480
1.2332,-7.4480,0.9196,-7.8400
0.9196,-7.8400,0.5903,-8.2320
0.5903,-8.2320,0.5000,5.1744
0.5000,5.1744,0.6913,4.7824
0.6913,4.7824,0.8669,4.3904
0.8669,4.3904,1.0268,3.9984
1.0268,3.9984,1.1711,3.6064
1.1711,3.6064,1.2997,3.2144
1.2997,3.2144,1.4126,2.8224
1.4126,2.8224,1.5098,2.4304
1.5098,2.4304,1.5913,2.0384
1.5913,2.0384,1.6572,1.6464
1.6572,1.6464,1.7074,1.2544
1.7074,1.2544,1.7419,0.8624
1.7419,0.8624,1.7607,0.4704
1.7607,0.4704,1.7638,0.0784
1.7638,0.0784,1.7513,-0.3136
1.7513,-0.3136,1.7230,-0.7056
1.7230,-0.7056,1.6791,-1.0976
1.6791,-1.0976,1.6196,-1.4896
1.6196,-1.4896,1.5443,-1.8816
1.5443,-1.8816,1.4533,-2.2736
1.4533,-2.2736,1.3467,-2.6656
1.3467,-2.6656,1.2244,-3.0576
1.2244,-3.0576,1.0864,-3.4496
1.0864,-3.4496,0.9328,-3.8416
0.9328,-3.8416,0.7634,-4.2336
0.7634,-4.2336,0.5784,-4.6256
0.5784,-4.6256,0.5000,3.0106
0.5000,3.0106,0.6047,2.6186
0.6047,2.6186,0.6938,2.2266
0.6938,2.2266,0.7672,1.8346
0.7672,1.8346,0.8249,1.4426
0.8249,1.4426,0.8669,1.0506
0.8669,1.0506,0.8933,0.6586
0.8933,0.6586,0.9039,0.2666
0.9039,0.2666,0.8989,-0.1254
0.8989,-0.1254,0.8782,-0.5174
0.8782,-0.5174,0.8418,-0.9094
0.8418,-0.9094,0.7898,-1.3014
0.7898,-1.3014,0.7220,-1.6934
0.7220,-1.6934,0.6386,-2.0854
0.6386,-2.0854,0.5395,-2.4774
0.5395,-2.4774,0.5000,1.7217
0.5000,1.7217,0.5532,1.3297
0.5532,1.3297,0.5907,0.9377
0.5907,0.9377,0.6125,0.5457
0.6125,0.5457,0.6187,0.1537
0.6187,0.1537,0.6091,-0.2383
0.6091,-0.2383,0.5839,-0.6303
0.5839,-0.6303,0.5430,-1.0223
0.5430,-1.0223,0.5000,0.8486
0.5000,0.8486,0.5183,0.4566
0.5183,0.4566,0.5208,0.0646
0.5208,0.0646,0.5078,-0.3274
0.5078,-0.3274,0.5000,0.4316
0.5000,0.4316,0.5016,0.0396
0.5016,0.0396,0.5000,0.0000
0.5000,0.0000,0.5000,0.0000
0.5000,0.0000,0.5000,0.0000
0.5000,0.0000,0.5000,0.0000
0.5000,0.0000,0.5000,0.0000
0.5000,0.0000,0.5000,0.0000
0.5000,0.0000,0.5000,0.0000
0.5000,0.0000,0.5000,0.0000
0.5000,0.0000,0.5000,0.0000
0.5000,0.0000,0.5000,0.0000
0.5000,0.0000,0.5000,0.0000
0.5000,0.0000,0.5000,0.0000
0.5000,0.0000,0.5000,0.0000
0.5000,0.0000,0.5000,0.0000
0.5000,0.0000,0.5000,0.0000
0.5000,0.0000,0.5000,0.0000
0.5000,0.0000,0.5000,0.0000
0.5000,0.0000,0.5000,0.0000
0.5000,0.0000,0.5000,0.0000
0.5000,0.0000,0.5000,0.0000
0.5000,0.0000,0.5000,0.0000
0.5000,0.0000,0.5000,0.0000
0.5000,0.0000,0.5000,0.0000
0.5000,0.0000,0.5000,0.0000
0.5000,0.0000,0.5000,0.0000
0.5000,0.0000,0.5000,0.0000
0.5000,0.0000,0.5000,0.0000
0.5000,0.0000,0.5000,0.0000
0.5000,0.0000,0.5000,0.0000
0.5000,0.0000,0.5000,0.0000
0.5000,0.0000,0.5000,0.0000
0.5000,0.0000,0.5000,0.0000
0.5000,0.0000,0.5000,0.0000
0.5000,0.0000,0.5000,0.0000
0.5000,0.0000,0.5000,0.0000
0.5000,0.0000,0.5000,0.0000
0.5000,0.0000,0.5000,0.0000
0.5000,0.0000,0.5000,0.0000
0.5000,0.0000,0.5000,0.0000
0.5000,0.0000,0.5000,0.0000
0.5000,0.0000,0.5000,0.0000
0.5000,0.0000,0.5000,0.0000
0.5000,0.0000,0.5000,0.0000
0.5000,0.0000,0.5000,0.0000
0.5000,0.0000,0.5000,0.0000
0.5000,0.0000,0.5000,0.0000
0.5000,0.0000,0.5000,0.0000
0.5000,0.0000,0.5000,0.0000
0.5000,0.0000,0.5000,0.0000
0.5000,0.0000,0.5000,0.0000
0.5000,0.0000,0.5000,0.0000
0.5000,0.0000,0.5000,0.0000
0.5000,0.0000,0.5000,0.0000
0.5000,0.0000,0.5000,0.0000
0.5000,0.0000,0.5000,0.0000
0.5000,0.0000,0.5000,0.0000
0.5000,0.0000,0.5000,0.0000
0.5000,0.0000,0.5000,0.0000
0.5000,0.0000,0.5000,0.0000
0.5000,0.0000,0.5000,0.0000
0.5000,0.0000,0.5000,0.0000
0.5000,0.0000,0.5000,0.0000
0.5000,0.0000,0.5000,0.0000
0.5000,0.0000,0.5000,0.0000
0.5000,0.0000,0.5000,0.0000
0.5000,0.0000,0.5000,0.0000
0.5000,0.0000,0.5000,0.0000
0.5000,0.0000,0.5000,0.0000
0.5000,0.0000,0.5000,0.0000
0.5000,0.0000,0.5000,0.0000
0.5000,0.0000,0.5000,0.0000
0.5000,0.0000,0.5000,0.0000
0.5000,0.0000,0.5000,0.0000
0.5000,0.0000,0.5000,0.0000
2.4276,0.0000,2.4120,-0.3920
2.4120,-0.3920,2.3806,-0.7840
2.3806,-0.7840,2.3336,-1.1760
2.3336,-1.1760,2.2708,-1.5680
2.2708,-1.5680,2.1924,-1.9600
2.1924,-1.9600,2.0984,-2.3520
2.0984,-2.3520,1.9886,-2.7440
1.9886,-2.7440,1.8632,-3.1360
1.8632,-3.1360,1.7220,-3.5280
1.7220,-3.5280,1.5652,-3.9200
1.5652,-3.9200,1.3928,-4.3120
1.3928,-4.3120,1.2046,-4.7040
1.2046,-4.7040,1.0008,-5.0960
1.0008,-5.0960,0.7812,-5.4880
0.7812,-5.4880,0.5460,-5.8800
0.5460,-5.8800,0.5000,3.7632
0.5000,3.7632,0.6348,3.3712
0.6348,3.3712,0.7540,2.9792
0.7540,2.9792,0.8575,2.5872
0.8575,2.5872,0.9453,2.1952
0.9453,2.1952,1.0174,1.8032
1.0174,1.8032,1.0739,1.4112
1.0739,1.4112,1.1147,1.0192
1.1147,1.0192,1.1397,0.6272
1.1397,0.6272,1.1492,0.2352
1.1492,0.2352,1.1429,-0.1568
1.1429,-0.1568,1.1209,-0.5488
1.1209,-0.5488,1.0833,-0.9408
1.0833,-0.9408,1.0300,-1.3328
1.0300,-1.3328,0.9610,-1.7248
0.9610,-1.7248,0.8763,-2.1168
0.8763,-2.1168,0.7760,-2.5088
0.7760,-2.5088,0.6599,-2.9008
0.6599,-2.9008,0.5282,-3.2928
0.5282,-3.2928,0.5000,2.2109
0.5000,2.2109,0.5728,1.8189
0.5728,1.8189,0.6298,1.4269
0.6298,1.4269,0.6712,1.0349
0.6712,1.0349,0.6969,0.6429
0.6969,0.6429,0.7070,0.2509
0.7070,0.2509,0.7013,-0.1411
0.7013,-0.1411,0.6800,-0.5331
0.6800,-0.5331,0.6430,-0.9251
0.6430,-0.9251,0.5903,-1.3171
0.5903,-1.3171,0.5220,-1.7091
0.5220,-1.7091,0.5000,1.2607
0.5000,1.2607,0.5347,0.8687
0.5347,0.8687,0.5538,0.4767
0.5538,0.4767,0.5572,0.0847
0.5572,0.0847,0.5449,-0.3073
0.5449,-0.3073,0.5169,-0.6993
0.5169,-0.6993,0.5000,0.6548
0.5000,0.6548,0.5105,0.2628
0.5105,0.2628,0.5053,-0.1292
0.5053,-0.1292,0.5000,0.0000
0.5000,0.0000,0.5000,0.0000
0.5000,0.0000,0.5000,0.0000
0.5000,0.0000,0.5000,0.0000
0.5000,0.0000,0.5000,0.0000
0.5000,0.0000,0.5000,0.0000
0.5000,0.0000,0.5000,0.0000
0.5000,0.0000,0.5000,0.0000
0.5000,0.0000,0.5000,0.0000
0.5000,0.0000,0.5000,0.0000
0.5000,0.0000,0.5000,0.0000
0.5000,0.0000,0.5000,0.0000
0.5000,0.0000,0.5000,0.0000
0.5000,0.0000,0.5000,0.0000
0.5000,0.0000,0.5000,0.0000
0.5000,0.0000,0.5000,0.0000
0.5000,0.0000,0.5000,0.0000
0.5000,0.0000,0.5000,0.0000
0.5000,0.0000,0.5000,0.0000
0.5000,0.0000,0.5000,0.0000
0.5000,0.0000,0.5000,0.0000
0.5000,0.0000,0.5000,0.0000
0.5000,0.0000,0.5000,0.0000
0.5000,0.0000,0.5000,0.0000
0.5000,0.0000,0.5000,0.0000
0.5000,0.0000,0.5000,0.0000
0.5000,0.0000,0.5000,0.0000
0.5000,0.0000,0.5000,0.0000
0.5000,0.0000,0.5000,0.0000
0.5000,0.0000,0.5000,0.0000
0.5000,0.0000,0.5000,0.0000
0.5000,0.0000,0.5000,0.0000
0.5000,0.0000,0.5000,0.0000
0.5000,0.0000,0.5000,0.0000
0.5000,0.0000,0.5000,0.0000
0.5000,0.0000,0.5000,0.0000
0.5000,0.0000,0.5000,0.0000
0.5000,0.0000,0.5000,0.0000
0.5000,0.0000,0.5000,0.0000
0.5000,0.0000,0.5000,0.0000
0.5000,0.0000,0.5000,0.0000
0.5000,0.0000,0.5000,0.0000
0.5000,0.0000,0.5000,0.0000
0.5000,0.0000,0.5000,0.0000
0.5000,0.0000,0.5000,0.0000
0.5000,0.0000,0.5000,0.0000
0.5000,0.0000,0.5000,0.0000
0.5000,0.0000,0.5000,0.0000
0.5000,0.0000,0.5000,0.0000
0.5000,0.0000,0.5000,0.0000
0.5000,0.0000,0.5000,0.0000
0.5000,0.0000,0.5000,0.0000
0.5000,0.0000,0.5000,0.0000
0.5000,0.0000,0.5000,0.0000
0.5000,0.0000,0.5000,0.0000
0.5000,0.0000,0.5000,0.0000
0.5000,0.0000,0.5000,0.0000
0.5000,0.0000,0.5000,0.0000
0.5000,0.0000,0.5000,0.0000
0.5000,0.0000,0.5000,0.0000
0.5000,0.0000,0.5000,0.0000
0.5000,0.0000,0.5000,0.0000
0.5000,0.0000,0.5000,0.0000
0.5000,0.0000,0.5000,0.0000
0.5000,0.0000,0.5000,0.0000
0.5000,0.0000,0.5000,0.0000
0.5000,0.0000,0.5000,0.0000
0.5000,0.0000,0.5000,0.0000
0.5000,0.0000,0.5000,0.0000
0.5000,0.0000,0.5000,0.0000
0.5000,0.0000,0.5000,0.0000
0.5000,0.0000,0.5000,0.0000
0.5000,0.0000,0.5000,0.0000
0.5000,0.0000,0.5000,0.0000
0.5000,0.0000,0.5000,0.0000
0.5000,0.0000,0.5000,0.0000
0.5000,0.0000,0.5000,0.0000
0.5000,0.0000,0.5000,0.0000
0.5000,0.0000,0.5000,0.0000
0.5000,0.0000,0.5000,0.0000
0.5000,0.0000,0.5000,0.0000
0.5000,0.0000,0.5000,0.0000
0.5000,0.0000,0.5000,0.0000
0.5000,0.0000,0.5000,0.0000
0.5000,0.0000,0.5000,0.0000
0.5000,0.0000,0.5000,0.0000
0.5000,0.0000,0.5000,0.0000
0.5000,0.0000,0.5000,0.0000
0.5000,0.0000,0.5000,0.0000
0.5000,0.0000,0.5000,0.0000
0.5000,0.0000,0.5000,0.0000
0.5000,0.0000,0.5000,0.0000
0.5000,0.0000,0.5000,0.0000
0.5000,0.0000,0.5000,0.0000
0.5000,0.0000,0.5000,0.0000
0.5000,0.0000,0.5000,0.0000
6.5302,0.0000,6.5145,-0.3920
6.5145,-0.3920,6.4831,-0.7840
6.4831,-0.7840,6.4361,-1.1760
6.4361,-1.1760,6.3734,-1.5680
6.3734,-1.5680,6.2950,-1.9600
6.2950,-1.9600,6.2009,-2.3520
6.2009,-2.3520,6.0911,-2.7440
6.0911,-2.7440,5.9657,-3.1360
5.9657,-3.1360,5.8246,-3.5280
5.8246,-3.5280,5.6678,-3.9200
5.6678,-3.9200,5.4953,-4.3120
5.4953,-4.3120,5.3071,-4.7040
5.3071,-4.7040,5.1033,-5.0960
5.1033,-5.0960,4.8838,-5.4880
4.8838,-5.4880,4.6486,-5.8800
4.6486,-5.8800,4.3977,-6.2720
4.3977,-6.2720,4.1311,-6.6640
4.1311,-6.6640,3.8489,-7.0560
3.8489,-7.0560,3.5510,-7.4480
3.5510,-7.4480,3.2374,-7.8400
3.2374,-7.8400,2.9081,-8.2320
2.9081,-8.2320,2.5631,-8.6240
2.5631,-8.6240,2.2025,-9.0160
2.2025,-9.0160,1.8262,-9.4080
1.8262,-9.4080,1.4342,-9.8000
1.4342,-9.8000,1.0265,-10.1920
1.0265,-10.1920,0.6031,-10.5840
0.6031,-10.5840,0.5000,6.5856
0.5000,6.5856,0.7477,6.1936
0.7477,6.1936,0.9798,5.8016
0.9798,5.8016,1.1962,5.4096
1.1962,5.4096,1.3969,5.0176
1.3969,5.0176,1.5819,4.6256
1.5819,4.6256,1.7513,4.2336
1.7513,4.2336,1.9049,3.8416
1.9049,3.8416,2.0429,3.4496
2.0429,3.4496,2.1652,3.0576
2.1652,3.0576,2.2718,2.6656
2.2718,2.6656,2.3628,2.2736
2.3628,2.2736,2.4380,1.8816
2.4380,1.8816,2.4976,1.4896
2.4976,1.4896,2.5415,1.0976
2.5415,1.0976,2.5698,0.7056
2.5698,0.7056,2.5823,0.3136
2.5823,0.3136,2.5792,-0.0784
2.5792,-0.0784,2.5604,-0.4704
2.5604,-0.4704,2.5259,-0.8624
2.5259,-0.8624,2.4757,-1.2544
2.4757,-1.2544,2.4098,-1.6464
2.4098,-1.6464,2.3283,-2.0384
2.3283,-2.0384,2.2311,-2.4304
2.2311,-2.4304,2.1182,-2.8224
2.1182,-2.8224,1.9896,-3.2144
1.9896,-3.2144,1.8453,-3.6064
1.8453,-3.6064,1.6854,-3.9984
1.6854,-3.9984,1.5098,-4.3904
1.5098,-4.3904,1.3185,-4.7824
1.3185,-4.7824,1.1115,-5.1744
1.1115,-5.1744,0.8889,-5.5664
0.8889,-5.5664,0.6505,-5.9584
0.6505,-5.9584,0.5000,3.8102
0.5000,3.8102,0.6367,3.4182
0.6367,3.4182,0.7578,3.0262
0.7578,3.0262,0.8631,2.6342
0.8631,2.6342,0.9528,2.2422
0.9528,2.2422,1.0268,1.8502
1.0268,1.8502,1.0852,1.4582
1.0852,1.4582,1.1278,1.0662
1.1278,1.0662,1.1548,0.6742
1.1548,0.6742,1.1661,0.2822
1.1661,0.2822,1.1617,-0.1098
1.1617,-0.1098,1.1416,-0.5018
1.1416,-0.5018,1.1059,-0.8938
1.1059,-0.8938,1.0544,-1.2858
1.0544,-1.2858,0.9873,-1.6778
0.9873,-1.6778,0.9045,-2.0698
0.9045,-2.0698,0.8061,-2.4618
0.8061,-2.4618,0.6919,-2.8538
0.6919,-2.8538,0.5621,-3.2458
0.5621,-3.2458,0.5000,2.1827
0.5000,2.1827,0.5716,1.7907
0.5716,1.7907,0.6276,1.3987
0.6276,1.3987,0.6678,1.0067
0.6678,1.0067,0.6924,0.6147
0.6924,0.6147,0.7013,0.2227
0.7013,0.2227,0.6946,-0.1693
0.6946,-0.1693,0.6721,-0.5613
0.6721,-0.5613,0.6340,-0.9533
0.6340,-0.9533,0.5802,-1.3453
0.5802,-1.3453,0.5107,-1.7373
0.5107,-1.7373,0.5000,1.2776
0.5000,1.2776,0.5354,0.8856
0.5354,0.8856,0.5552,0.4936
0.5552,0.4936,0.5592,0.1016
0.5592,0.1016,0.5476,-0.2904
0.5476,-0.2904,0.5203,-0.6824
0.5203,-0.6824,0.5000,0.6446
0.5000,0.6446,0.5101,0.2526
0.5101,0.2526,0.5045,-0.1394
0.5045,-0.1394,0.5000,0.0000
0.5000,0.0000,0.5000,0.0000
0.5000,0.0000,0.5000,0.0000
0.5000,0.0000,0.5000,0.0000
0.5000,0.0000,0.5000,0.0000
0.5000,0.0000,0.5000,0.0000
0.5000,0.0000,0.5000,0.0000
0.5000,0.0000,0.5000,0.0000
0.5000,0.0000,0.5000,0.0000
0.5000,0.0000,0.5000,0.0000
0.5000,0.0000,0.5000,0.0000
0.5000,0.0000,0.5000,0.0000
0.5000,0.0000,0.5000,0.0000
0.5000,0.0000,0.5000,0.0000
0.5000,0.0000,0.5000,0.0000
0.5000,0.0000,0.5000,0.0000
0.5000,0.0000,0.5000,0.0000
0.5000,0.0000,0.5000,0.0000
0.5000,0.0000,0.5000,0.0000
0.5000,0.0000,0.5000,0.0000
0.5000,0.0000,0.5000,0.0000
0.5000,0.0000,0.5000,0.0000
0.5000,0.0000,0.5000,0.0000
0.5000,0.0000,0.5000,0.0000
0.5000,0.0000,0.5000,0.0000
0.5000,0.0000,0.5000,0.0000
0.5000,0.0000,0.5000,0.0000
0.5000,0.0000,0.5000,0.0000
0.5000,0.0000,0.5000,0.0000
0.5000,0.0000,0.5000,0.0000
0.5000,0.0000,0.5000,0.0000
0.5000,0.0000,0.5000,0.0000
0.5000,0.0000,0.5000,0.0000
0.5000,0.0000,0.5000,0.0000
0.5000,0.0000,0.5000,0.0000
0.5000,0.0000,0.5000,0.0000
0.5000,0.0000,0.5000,0.0000
0.5000,0.0000,0.5000,0.0000
0.5000,0.0000,0.5000,0.0000
0.5000,0.0000,0.5000,0.0000
0.5000,0.0000,0.5000,0.0000
0.5000,0.0000,0.5000,0.0000
0.5000,0.0000,0.5000,0.0000
0.5000,0.0000,0.5000,0.0000
0.5000,0.0000,0.5000,0.0000
0.5000,0.0000,0.5000,0.0000
0.5000,0.0000,0.5000,0.0000
0.5000,0.0000,0.5000,0.0000
0.5000,0.0000,0.5000,0.0000
0.5000,0.0000,0.5000,0.0000
0.5000,0.0000,0.5000,0.0000
6.9425,0.0000,6.9268,-0.3920
6.9268,-0.3920,6.8955,-0.7840
6.8955,-0.7840,6.8484,-1.1760
6.8484,-1.1760,6.7857,-1.5680
6.7857,-1.5680,6.7073,-1.9600
6.7073,-1.9600,6.6132,-2.3520
6.6132,-2.3520,6.5035,-2.7440
6.5035,-2.7440,6.3780,-3.1360
6.3780,-3.1360,6.2369,-3.5280
6.2369,-3.5280,6.0801,-3.9200
6.0801,-3.9200,5.9076,-4.3120
5.9076,-4.3120,5.7195,-4.7040
5.7195,-4.7040,5.5156,-5.0960
5.5156,-5.0960,5.2961,-5.4880
5.2961,-5.4880,5.0609,-5.8800
5.0609,-5.8800,4.8100,-6.2720
4.8100,-6.2720,4.5435,-6.6640
4.5435,-6.6640,4.2612,-7.0560
4.2612,-7.0560,3.9633,-7.4480
3.9633,-7.4480,3.6497,-7.8400
3.6497,-7.8400,3.3204,-8.2320
3.3204,-8.2320,2.9755,-8.6240
2.9755,-8.6240,2.6148,-9.0160
2.6148,-9.0160,2.2385,-9.4080
2.2385,-9.4080,1.8465,-9.8000
1.8465,-9.8000,1.4388,-10.1920
1.4388,-10.1920,1.0155,-10.5840
1.0155,-10.5840,0.5764,-10.9760
0.5764,-10.9760,0.5000,6.8208
0.5000,6.8208,0.7572,6.4288
0.7572,6.4288,0.9986,6.0368
0.9986,6.0368,1.2244,5.6448
1.2244,5.6448,1.4345,5.2528
1.4345,5.2528,1.6290,4.8608
1.6290,4.8608,1.8077,4.4688
1.8077,4.4688,1.9708,4.0768
1.9708,4.0768,2.1182,3.6848
2.1182,3.6848,2.2499,3.2928
2.2499,3.2928,2.3659,2.9008
2.3659,2.9008,2.4663,2.5088
2.4663,2.5088,2.5509,2.1168
2.5509,2.1168,2.6199,1.7248
2.6199,1.7248,2.6732,1.3328
2.6732,1.3328,2.7109,0.9408
2.7109,0.9408,2.7328,0.5488
2.7328,0.5488,2.7391,0.1568
2.7391,0.1568,2.7297,-0.2352
2.7297,-0.2352,2.7046,-0.6272
2.7046,-0.6272,2.6638,-1.0192
2.6638,-1.0192,2.6074,-1.4112
2.6074,-1.4112,2.5353,-1.8032
2.5353,-1.8032,2.4475,-2.1952
2.4475,-2.1952,2.3440,-2.5872
2.3440,-2.5872,2.2248,-2.9792
2.2248,-2.9792,2.0900,-3.3712
2.0900,-3.3712,1.9394,-3.7632
1.9394,-3.7632,1.7732,-4.1552
1.7732,-4.1552,1.5913,-4.5472
1.5913,-4.5472,1.3938,-4.9392
1.3938,-4.9392,1.1805,-5.3312
1.1805,-5.3312,0.9516,-5.7232
0.9516,-5.7232,0.7070,-6.1152
0.7070,-6.1152,0.5000,3.9043
0.5000,3.9043,0.6405,3.5123
0.6405,3.5123,0.7653,3.1203
0.7653,3.1203,0.8744,2.7283
0.8744,2.7283,0.9679,2.3363
0.9679,2.3363,1.0457,1.9443
1.0457,1.9443,1.1078,1.5523
1.1078,1.5523,1.1542,1.1603
1.1542,1.1603,1.1849,0.7683
1.1849,0.7683,1.2000,0.3763
1.2000,0.3763,1.1993,-0.0157
1.1993,-0.0157,1.1830,-0.4077
1.1830,-0.4077,1.1510,-0.7997
1.1510,-0.7997,1.1034,-1.1917
1.1034,-1.1917,1.0400,-1.5837
1.0400,-1.5837,0.9610,-1.9757
0.9610,-1.9757,0.8663,-2.3677
0.8663,-2.3677,0.7559,-2.7597
0.7559,-2.7597,0.6298,-3.1517
0.6298,-3.1517,0.5000,2.1262
0.5000,2.1262,0.5694,1.7342
0.5694,1.7342,0.6231,1.3422
0.6231,1.3422,0.6611,0.9502
0.6611,0.9502,0.6834,0.5582
0.6834,0.5582,0.6900,0.1662
0.6900,0.1662,0.6810,-0.2258
0.6810,-0.2258,0.6563,-0.6178
0.6563,-0.6178,0.6159,-1.0098
0.6159,-1.0098,0.5598,-1.4018
0.5598,-1.4018,0.5000,1.0763
0.5000,1.0763,0.5274,0.6843
0.5274,0.6843,0.5391,0.2923
0.5391,0.2923,0.5351,-0.0997
0.5351,-0.0997,0.5154,-0.4917
0.5154,-0.4917,0.5000,0.5302
0.5000,0.5302,0.5055,0.1382
0.5055,0.1382,0.5000,0.0000
0.5000,0.0000,0.5000,0.0000
0.5000,0.0000,0.5000,0.0000
0.5000,0.0000,0.5000,0.0000
0.5000,0.0000,0.5000,0.0000
0.5000,0.0000,0.5000,0.0000
0.5000,0.0000,0.5000,0.0000
0.5000,0.0000,0.5000,0.0000
0.5000,0.0000,0.5000,0.0000
0.5000,0.0000,0.5000,0.0000
0.5000,0.0000,0.5000,0.0000
0.5000,0.0000,0.5000,0.0000
0.5000,0.0000,0.5000,0.0000
0.5000,0.0000,0.5000,0.0000
0.5000,0.0000,0.5000,0.0000
0.5000,0.0000,0.5000,0.0000
0.5000,0.0000,0.5000,0.0000
0.5000,0.0000,0.5000,0.0000
0.5000,0.0000,0.5000,0.0000
0.5000,0.0000,0.5000,0.0000
0.5000,0.0000,0.5000,0.0000
0.5000,0.0000,0.5000,0.0000
0.5000,0.0000,0.5000,0.0000
0.5000,0.0000,0.5000,0.0000
0.5000,0.0000,0.5000,0.0000
0.5000,0.0000,0.5000,0.0000
0.5000,0.0000,0.5000,0.0000
0.5000,0.0000,0.5000,0.0000
0.5000,0.0000,0.5000,0.0000
0.5000,0.0000,0.5000,0.0000
0.5000,0.0000,0.5000,0.0000
0.5000,0.0000,0.5000,0.0000
0.5000,0.0000,0.5000,0.0000
0.5000,0.0000,0.5000,0.0000
0.5000,0.0000,0.5000,0.0000
0.5000,0.0000,0.5000,0.0000
0.5000,0.0000,0.5000,0.0000
0.5000,0.0000,0.5000,0.0000
0.5000,0.0000,0.5000,0.0000
0.5000,0.0000,0.5000,0.0000
0.5000,0.0000,0.5000,0.0000
0.5000,0.0000,0.5000,0.0000
0.5000,0.0000,0.5000,0.0000
0.5000,0.0000,0.5000,0.0000
0.5000,0.0000,0.5000,0.0000
0.5000,0.0000,0.5000,0.0000
0.5000,0.0000,0.5000,0.0000
0.5000,0.0000,0.5000,0.0000
0.5000,0.0000,0.5000,0.0000
0.5000,0.0000,0.5000,0.0000
0.5000,0.0000,0.5000,0.0000
0.5000,0.0000,0.5000,0.0000
2.7995,0.0000,2.7838,-0.3920
2.7838,-0.3920,2.7525,-0.7840
2.7525,-0.7840,2.7054,-1.1760
2.7054,-1.1760,2.6427,-1.5680
2.6427,-1.5680,2.5643,-1.9600
2.5643,-1.9600,2.4702,-2.3520
2.4702,-2.3520,2.3605,-2.7440
2.3605,-2.7440,2.2350,-3.1360
2.2350,-3.1360,2.0939,-3.5280
2.0939,-3.5280,1.9371,-3.9200
1.9371,-3.9200,1.7646,-4.3120
1.7646,-4.3120,1.5765,-4.7040
1.5765,-4.7040,1.3726,-5.0960
1.3726,-5.0960,1.1531,-5.4880
1.1531,-5.4880,0.9179,-5.8800
0.9179,-5.8800,0.6670,-6.2720
0.6670,-6.2720,0.5000,3.9984
0.5000,3.9984,0.6443,3.6064
0.6443,3.6064,0.7728,3.2144
0.7728,3.2144,0.8857,2.8224
0.8857,2.8224,0.9829,2.4304
0.9829,2.4304,1.0645,2.0384
1.0645,2.0384,1.1303,1.6464
1.1303,1.6464,1.1805,1.2544
1.1805,1.2544,1.2150,0.8624
1.2150,0.8624,1.2338,0.4704
1.2338,0.4704,1.2370,0.0784
1.2370,0.0784,1.2244,-0.3136
1.2244,-0.3136,1.1962,-0.7056
1.1962,-0.7056,1.1523,-1.0976
1.1523,-1.0976,1.0927,-1.4896
1.0927,-1.4896,1.0174,-1.8816
1.0174,-1.8816,0.9265,-2.2736
0.9265,-2.2736,0.8199,-2.6656
0.8199,-2.6656,0.6976,-3.0576
0.6976,-3.0576,0.5596,-3.4496
0.5596,-3.4496,0.5000,2.3050
0.5000,2.3050,0.5765,1.9130
0.5765,1.9130,0.6374,1.5210
0.6374,1.5210,0.6825,1.1290
0.6825,1.1290,0.7120,0.7370
0.7120,0.7370,0.7258,0.3450
0.7258,0.3450,0.7239,-0.0470
0.7239,-0.0470,0.7063,-0.4390
0.7063,-0.4390,0.6731,-0.8310
0.6731,-0.8310,0.6242,-1.2230
0.6242,-1.2230,0.5596,-1.6150
0.5596,-1.6150,0.5000,1.2042
0.5000,1.2042,0.5325,0.8122
0.5325,0.8122,0.5493,0.4202
0.5493,0.4202,0.5504,0.0282
0.5504,0.0282,0.5359,-0.3638
0.5359,-0.3638,0.5056,-0.7558
0.5056,-0.7558,0.5000,0.6887
0.5000,0.6887,0.5119,0.2967
0.5119,0.2967,0.5081,-0.0953
0.5081,-0.0953,0.5000,0.0000
0.5000,0.0000,0.5000,0.0000
0.5000,0.0000,0.5000,0.0000
0.5000,0.0000,0.5000,0.0000
0.5000,0.0000,0.5000,0.0000
0.5000,0.0000,0.5000,0.0000
0.5000,0.0000,0.5000,0.0000
0.5000,0.0000,0.5000,0.0000
0.5000,0.0000,0.5000,0.0000
0.5000,0.0000,0.5000,0.0000
0.5000,0.0000,0.5000,0.0000
0.5000,0.0000,0.5000,0.0000
0.5000,0.0000,0.5000,0.0000
0.5000,0.0000,0.5000,0.0000
0.5000,0.0000,0.5000,0.0000
0.5000,0.0000,0.5000,0.0000
0.5000,0.0000,0.5000,0.0000
0.5000,0.0000,0.5000,0.0000
0.5000,0.0000,0.5000,0.0000
0.5000,0.0000,0.5000,0.0000
0.5000,0.0000,0.5000,0.0000
0.5000,0.0000,0.5000,0.0000
0.5000,0.0000,0.5000,0.0000
0.5000,0.0000,0.5000,0.0000
0.5000,0.0000,0.5000,0.0000
0.5000,0.0000,0.5000,0.0000
0.5000,0.0000,0.5000,0.0000
0.5000,0.0000,0.5000,0.0000
0.5000,0.0000,0.5000,0.0000
0.5000,0.0000,0.5000,0.0000
0.5000,0.0000,0.5000,0.0000
0.5000,0.0000,0.5000,0.0000
0.5000,0.0000,0.5000,0.0000
0.5000,0.0000,0.5000,0.0000
0.5000,0.0000,0.5000,0.0000
0.5000,0.0000,0.5000,0.0000
0.5000,0.0000,0.5000,0.0000
0.5000,0.0000,0.5000,0.0000
0.5000,0.0000,0.5000,0.0000
0.5000,0.0000,0.5000,0.0000
0.5000,0.0000,0.5000,0.0000
0.5000,0.0000,0.5000,0.0000
0.5000,0.0000,0.5000,0.0000
0.5000,0.0000,0.5000,0.0000
0.5000,0.0000,0.5000,0.0000
0.5000,0.0000,0.5000,0.0000
0.5000,0.0000,0.5000,0.0000
0.5000,0.0000,0.5000,0.0000
0.5000,0.0000,0.5000,0.0000
0.5000,0.0000,0.5000,0.0000
0.5000,0.0000,0.5000,0.0000
0.5000,0.0000,0.5000,0.0000
0.5000,0.0000,0.5000,0.0000
0.5000,0.0000,0.5000,0.0000
0.5000,0.0000,0.5000,0.0000
0.5000,0.0000,0.5000,0.0000
0.5000,0.0000,0.5000,0.0000
0.5000,0.0000,0.5000,0.0000
0.5000,0.0000,0.5000,0.0000
0.5000,0.0000,0.5000,0.0000
0.5000,0.0000,0.5000,0.0000
0.5000,0.0000,0.5000,0.0000
0.5000,0.0000,0.5000,0.0000
0.5000,0.0000,0.5000,0.0000
0.5000,0.0000,0.5000,0.0000
0.5000,0.0000,0.5000,0.0000
0.5000,0.0000,0.5000,0.0000
0.5000,0.0000,0.5000,0.0000
0.5000,0.0000,0.5000,0.0000
0.5000,0.0000,0.5000,0.0000
0.5000,0.0000,0.5000,0.0000
0.5000,0.0000,0.5000,0.0000
0.5000,0.0000,0.5000,0.0000
0.5000,0.0000,0.5000,0.0000
0.5000,0.0000,0.5000,0.0000
0.5000,0.0000,0.5000,0.0000
0.5000,0.0000,0.5000,0.0000
0.5000,0.0000,0.5000,0.0000
0.5000,0.0000,0.5000,0.0000
0.5000,0.0000,0.5000,0.0000
0.5000,0.0000,0.5000,0.0000
0.5000,0.0000,0.5000,0.0000
0.5000,0.0000,0.5000,0.0000
0.5000,0.0000,0.5000,0.0000
0.5000,0.0000,0.5000,0.0000
0.5000,0.0000,0.5000,0.0000
0.5000,0.0000,0.5000,0.0000
0.5000,0.0000,0.5000,0.0000
0.5000,0.0000,0.5000,0.0000
0.5000,0.0000,0.5000,0.0000
0.5000,0.0000,0.5000,0.0000
0.5000,0.0000,0.5000,0.0000
0.5000,0.0000,0.5000,0.0000
0.5000,0.0000,0.5000,0.0000
9.2439,0.0000,9.2282,-0.3920
9.2282,-0.3920,9.1969,-0.7840
9.1969,-0.7840,9.1498,-1.1760
9.1498,-1.1760,9.0871,-1.5680
9.0871,-1.5680,9.0087,-1.9600
9.0087,-1.9600,8.9146,-2.3520
8.9146,-2.3520,8.8049,-2.7440
8.8049,-2.7440,8.6794,-3.1360
8.6794,-3.1360,8.5383,-3.5280
8.5383,-3.5280,8.3815,-3.9200
8.3815,-3.9200,8.2090,-4.3120
8.2090,-4.3120,8.0209,-4.7040
8.0209,-4.7040,7.8170,-5.0960
7.8170,-5.0960,7.5975,-5.4880
7.5975,-5.4880,7.3623,-5.8800
7.3623,-5.8800,7.1114,-6.2720
7.1114,-6.2720,6.8449,-6.6640
6.8449,-6.6640,6.5626,-7.0560
6.5626,-7.0560,6.2647,-7.4480
6.2647,-7.4480,5.9511,-7.8400
5.9511,-7.8400,5.6218,-8.2320
5.6218,-8.2320,5.2769,-8.6240
5.2769,-8.6240,4.9162,-9.0160
4.9162,-9.0160,4.5399,-9.4080
4.5399,-9.4080,4.1479,-9.8000
4.1479,-9.8000,3.7402,-10.1920
3.7402,-10.1920,3.3169,-10.5840
3.3169,-10.5840,2.8778,-10.9760
2.8778,-10.9760,2.4231,-11.3680
2.4231,-11.3680,1.9527,-11.7600
1.9527,-11.7600,1.4666,-12.1520
1.4666,-12.1520,0.9649,-12.5440
0.9649,-12.5440,0.5000,7.7616
0.5000,7.7616,0.7948,7.3696
0.7948,7.3696,1.0739,6.9776
1.0739,6.9776,1.3373,6.5856
1.3373,6.5856,1.5851,6.1936
1.5851,6.1936,1.8171,5.8016
1.8171,5.8016,2.0335,5.4096
2.0335,5.4096,2.2342,5.0176
2.2342,5.0176,2.4192,4.6256
2.4192,4.6256,2.5886,4.2336
2.5886,4.2336,2.7422,3.8416
2.7422,3.8416,2.8802,3.4496
2.8802,3.4496,3.0025,3.0576
3.0025,3.0576,3.1092,2.6656
3.1092,2.6656,3.2001,2.2736
3.2001,2.2736,3.2754,1.8816
3.2754,1.8816,3.3349,1.4896
3.3349,1.4896,3.3788,1.0976
3.3788,1.0976,3.4071,0.7056
3.4071,0.7056,3.4196,0.3136
3.4196,0.3136,3.4165,-0.0784
3.4165,-0.0784,3.3977,-0.4704
3.3977,-0.4704,3.3632,-0.8624
3.3632,-0.8624,3.3130,-1.2544
3.3130,-1.2544,3.2471,-1.6464
3.2471,-1.6464,3.1656,-2.0384
3.1656,-2.0384,3.0684,-2.4304
3.0684,-2.4304,2.9555,-2.8224
2.9555,-2.8224,2.8269,-3.2144
2.8269,-3.2144,2.6827,-3.6064
2.6827,-3.6064,2.5227,-3.9984
2.5227,-3.9984,2.3471,-4.3904
2.3471,-4.3904,2.1558,-4.7824
2.1558,-4.7824,1.9488,-5.1744
1.9488,-5.1744,1.7262,-5.5664
1.7262,-5.5664,1.4878,-5.9584
1.4878,-5.9584,1.2338,-6.3504
1.2338,-6.3504,0.9641,-6.7424
0.9641,-6.7424,0.6788,-7.1344
0.6788,-7.1344,0.5000,4.5158
0.5000,4.5158,0.6650,4.1238
0.6650,4.1238,0.8142,3.7318
0.8142,3.7318,0.9478,3.3398
0.9478,3.3398,1.0657,2.9478
1.0657,2.9478,1.1680,2.5558
1.1680,2.5558,1.2545,2.1638
1.2545,2.1638,1.3254,1.7718
1.3254,1.7718,1.3806,1.3798
1.3806,1.3798,1.4201,0.9878
1.4201,0.9878,1.4439,0.5958
1.4439,0.5958,1.4521,0.2038
1.4521,0.2038,1.4446,-0.1882
1.4446,-0.1882,1.4214,-0.5802
1.4214,-0.5802,1.3825,-0.9722
1.3825,-0.9722,1.3279,-1.3642
1.3279,-1.3642,1.2577,-1.7562
1.2577,-1.7562,1.1717,-2.1482
1.1717,-2.1482,1.0701,-2.5402
1.0701,-2.5402,0.9528,-2.9322
0.9528,-2.9322,0.8199,-3.3242
0.8199,-3.3242,0.6712,-3.7162
0.6712,-3.7162,0.5069,-4.1082
0.5069,-4.1082,0.5000,2.7001
0.5000,2.7001,0.5923,2.3081
0.5923,2.3081,0.6690,1.9161
0.6690,1.9161,0.7299,1.5241
0.7299,1.5241,0.7752,1.1321
0.7752,1.1321,0.8048,0.7401
0.8048,0.7401,0.8187,0.3481
0.8187,0.3481,0.8170,-0.0439
0.8170,-0.0439,0.7996,-0.4359
0.7996,-0.4359,0.7664,-0.8279
0.7664,-0.8279,0.7176,-1.2199
0.7176,-1.2199,0.6532,-1.6119
0.6532,-1.6119,0.5730,-2.0039
0.5730,-2.0039,0.5000,1.4375
0.5000,1.4375,0.5418,1.0455
0.5418,1.0455,0.5680,0.6535
0.5680,0.6535,0.5784,0.2615
0.5784,0.2615,0.5732,-0.1305
0.5732,-0.1305,0.5523,-0.5225
0.5523,-0.5225,0.5157,-0.9145
0.5157,-0.9145,0.5000,0.7839
0.5000,0.7839,0.5157,0.3919
0.5157,0.3919,0.5157,-0.0001
0.5157,-0.0001,0.5000,0.0000
0.5000,0.0000,0.5000,0.0000
0.5000,0.0000,0.5000,0.0000
0.5000,0.0000,0.5000,0.0000
0.5000,0.0000,0.5000,0.0000
0.5000,0.0000,0.5000,0.0000
0.5000,0.0000,0.5000,0.0000
0.5000,0.0000,0.5000,0.0000
0.5000,0.0000,0.5000,0.0000
0.5000,0.0000,0.5000,0.0000
0.5000,0.0000,0.5000,0.0000
0.5000,0.0000,0.5000,0.0000
0.5000,0.0000,0.5000,0.0000
0.5000,0.0000,0.5000,0.0000
0.5000,0.0000,0.5000,0.0000
0.5000,0.0000,0.5000,0.0000
0.5000,0.0000,0.5000,0.0000
0.5000,0.0000,0.5000,0.0000
0.5000,0.0000,0.5000,0.0000
0.5000,0.0000,0.5000,0.0000
0.5000,0.0000,0.5000,0.0000
0.5000,0.0000,0.5000,0.0000
0.5000,0.0000,0.5000,0.0000
0.5000,0.0000,0.5000,0.0000
0.5000,0.0000,0.5000,0.0000
0.5000,0.0000,0.5000,0.0000
0.5000,0.0000,0.5000,0.0000
0.5000,0.0000,0.5000,0.0000
0.5000,0.0000,0.5000,0.0000
0.5000,0.0000,0.5000,0.0000
0.5000,0.0000,0.5000,0.0000
0.5000,0.0000,0.5000,0.0000
0.5000,0.0000,0.5000,0.0000
8.1456,0.0000,8.1299,-0.3920
8.1299,-0.3920,8.0985,-0.7840
8.0985,-0.7840,8.0515,-1.1760
8.0515,-1.1760,7.9888,-1.5680
7.9888,-1.5680,7.9104,-1.9600
7.9104,-1.9600,7.8163,-2.3520
7.8163,-2.3520,7.7065,-2.7440
7.7065,-2.7440,7.5811,-3.1360
7.5811,-3.1360,7.4400,-3.5280
7.4400,-3.5280,7.2832,-3.9200
7.2832,-3.9200,7.1107,-4.3120
7.1107,-4.3120,6.9225,-4.7040
6.9225,-4.7040,6.7187,-5.0960
6.7187,-5.0960,6.4992,-5.4880
6.4992,-5.4880,6.2640,-5.8800
6.2640,-5.8800,6.0131,-6.2720
6.0131,-6.2720,5.7465,-6.6640
5.7465,-6.6640,5.4643,-7.0560
5.4643,-7.0560,5.1664,-7.4480
5.1664,-7.4480,4.8528,-7.8400
4.8528,-7.8400,4.5235,-8.2320
4.5235,-8.2320,4.1785,-8.6240
4.1785,-8.6240,3.8179,-9.0160
3.8179,-9.0160,3.4416,-9.4080
3.4416,-9.4080,3.0496,-9.8000
3.0496,-9.8000,2.6419,-10.1920
2.6419,-10.1920,2.2185,-10.5840
2.2185,-10.5840,1.7795,-10.9760
1.7795,-10.9760,1.3248,-11.3680
1.3248,-11.3680,0.8544,-11.7600
0.8544,-11.7600,0.5000,7.2912
0.5000,7.2912,0.7760,6.8992
0.7760,6.8992,1.0363,6.5072
1.0363,6.5072,1.2809,6.1152
1.2809,6.1152,1.5098,5.7232
1.5098,5.7232,1.7230,5.3312
1.7230,5.3312,1.9206,4.9392
1.9206,4.9392,2.1025,4.5472
2.1025,4.5472,2.2687,4.1552
2.2687,4.1552,2.4192,3.7632
2.4192,3.7632,2.5541,3.3712
2.5541,3.3712,2.6732,2.9792
2.6732,2.9792,2.7767,2.5872
2.7767,2.5872,2.8645,2.1952
2.8645,2.1952,2.9367,1.8032
2.9367,1.8032,2.9931,1.4112
2.9931,1.4112,3.0339,1.0192
3.0339,1.0192,3.0590,0.6272
3.0590,0.6272,3.0684,0.2352
3.0684,0.2352,3.0621,-0.1568
3.0621,-0.1568,3.0402,-0.5488
3.0402,-0.5488,3.0025,-0.9408
3.0025,-0.9408,2.9492,-1.3328
2.9492,-1.3328,2.8802,-1.7248
2.8802,-1.7248,2.7956,-2.1168
2.7956,-2.1168,2.6952,-2.5088
2.6952,-2.5088,2.5792,-2.9008
2.5792,-2.9008,2.4475,-3.2928
2.4475,-3.2928,2.3001,-3.6848
2.3001,-3.6848,2.1370,-4.0768
2.1370,-4.0768,1.9582,-4.4688
1.9582,-4.4688,1.7638,-4.8608
1.7638,-4.8608,1.5537,-5.2528
1.5537,-5.2528,1.3279,-5.6448
1.3279,-5.6448,1.0864,-6.0368
1.0864,-6.0368,0.8293,-6.4288
0.8293,-6.4288,0.5564,-6.8208
0.5564,-6.8208,0.5000,4.3277
0.5000,4.3277,0.6574,3.9357
0.6574,3.9357,0.7992,3.5437
0.7992,3.5437,0.9252,3.1517
0.9252,3.1517,1.0356,2.7597
1.0356,2.7597,1.1303,2.3677
1.1303,2.3677,1.2094,1.9757
1.2094,1.9757,1.2727,1.5837
1.2727,1.5837,1.3204,1.1917
1.3204,1.1917,1.3524,0.7997
1.3524,0.7997,1.3687,0.4077
1.3687,0.4077,1.3693,0.0157
1.3693,0.0157,1.3542,-0.3763
1.3542,-0.3763,1.3235,-0.7683
1.3235,-0.7683,1.2771,-1.1603
1.2771,-1.1603,1.2150,-1.5523
1.2150,-1.5523,1.1372,-1.9443
1.1372,-1.9443,1.0438,-2.3363
1.0438,-2.3363,0.9346,-2.7283
0.9346,-2.7283,0.8098,-3.1203
0.8098,-3.1203,0.6693,-3.5123
0.6693,-3.5123,0.5132,-3.9043
0.5132,-3.9043,0.5000,2.5778
0.5000,2.5778,0.5874,2.1858
0.5874,2.1858,0.6592,1.7938
0.6592,1.7938,0.7153,1.4018
0.7153,1.4018,0.7556,1.0098
0.7556,1.0098,0.7804,0.6178
0.7804,0.6178,0.7894,0.2258
0.7894,0.2258,0.7827,-0.1662
0.7827,-0.1662,0.7604,-0.5582
0.7604,-0.5582,0.7224,-0.9502
0.7224,-0.9502,0.6687,-1.3422
0.6687,-1.3422,0.5993,-1.7342
0.5993,-1.7342,0.5143,-2.1262
0.5143,-2.1262,0.5000,1.5109
0.5000,1.5109,0.5448,1.1189
0.5448,1.1189,0.5738,0.7269
0.5738,0.7269,0.5872,0.3349
0.5872,0.3349,0.5849,-0.0571
0.5849,-0.0571,0.5670,-0.4491
0.5670,-0.4491,0.5333,-0.8411
0.5333,-0.8411,0.5000,0.7398
0.5000,0.7398,0.5139,0.3478
0.5139,0.3478,0.5121,-0.0442
0.5121,-0.0442,0.5000,0.0000
0.5000,0.0000,0.5000,0.0000
0.5000,0.0000,0.5000,0.0000
0.5000,0.0000,0.5000,0.0000
0.5000,0.0000,0.5000,0.0000
0.5000,0.0000,0.5000,0.0000
0.5000,0.0000,0.5000,0.0000
0.5000,0.0000,0.5000,0.0000
0.5000,0.0000,0.5000,0.0000
0.5000,0.0000,0.5000,0.0000
0.5000,0.0000,0.5000,0.0000
0.5000,0.0000,0.5000,0.0000
0.5000,0.0000,0.5000,0.0000
0.5000,0.0000,0.5000,0.0000
0.5000,0.0000,0.5000,0.0000
0.5000,0.0000,0.5000,0.0000
0.5000,0.0000,0.5000,0.0000
0.5000,0.0000,0.5000,0.0000
0.5000,0.0000,0.5000,0.0000
0.5000,0.0000,0.5000,0.0000
0.5000,0.0000,0.5000,0.0000
0.5000,0.0000,0.5000,0.0000
0.5000,0.0000,0.5000,0.0000
0.5000,0.0000,0.5000,0.0000
0.5000,0.0000,0.5000,0.0000
0.5000,0.0000,0.5000,0.0000
0.5000,0.0000,0.5000,0.0000
0.5000,0.0000,0.5000,0.0000
0.5000,0.0000,0.5000,0.0000
0.5000,0.0000,0.5000,0.0000
0.5000,0.0000,0.5000,0.0000
0.5000,0.0000,0.5000,0.0000
0.5000,0.0000,0.5000,0.0000
0.5000,0.0000,0.5000,0.0000
0.5000,0.0000,0.5000,0.0000
0.5000,0.0000,0.5000,0.0000
0.5000,0.0000,0.5000,0.0000
0.5000,0.0000,0.5000,0.0000
3.0571,0.0000,3.0414,-0.3920
3.0414,-0.3920,3.0100,-0.7840
3.0100,-0.7840,2.9630,-1.1760
2.9630,-1.1760,2.9003,-1.5680
2.9003,-1.5680,2.8219,-1.9600
2.8219,-1.9600,2.7278,-2.3520
2.7278,-2.3520,2.6180,-2.7440
2.6180,-2.7440,2.4926,-3.1360
2.4926,-3.1360,2.3515,-3.5280
2.3515,-3.5280,2.1947,-3.9200
2.1947,-3.9200,2.0222,-4.3120
2.0222,-4.3120,1.8340,-4.7040
1.8340,-4.7040,1.6302,-5.0960
1.6302,-5.0960,1.4107,-5.4880
1.4107,-5.4880,1.1755,-5.8800
1.1755,-5.8800,0.9246,-6.2720
0.9246,-6.2720,0.6580,-6.6640
0.6580,-6.6640,0.5000,4.2336
0.5000,4.2336,0.6537,3.8416
0.6537,3.8416,0.7916,3.4496
0.7916,3.4496,0.9140,3.0576
0.9140,3.0576,1.0206,2.6656
1.0206,2.6656,1.1115,2.2736
1.1115,2.2736,1.1868,1.8816
1.1868,1.8816,1.2464,1.4896
1.2464,1.4896,1.2903,1.0976
1.2903,1.0976,1.3185,0.7056
1.3185,0.7056,1.3310,0.3136
1.3310,0.3136,1.3279,-0.0784
1.3279,-0.0784,1.3091,-0.4704
1.3091,-0.4704,1.2746,-0.8624
1.2746,-0.8624,1.2244,-1.2544
1.2244,-1.2544,1.1586,-1.6464
1.1586,-1.6464,1.0770,-2.0384
1.0770,-2.0384,0.9798,-2.4304
0.9798,-2.4304,0.8669,-2.8224
0.8669,-2.8224,0.7383,-3.2144
0.7383,-3.2144,0.5941,-3.6064
0.5941,-3.6064,0.5000,2.3990
0.5000,2.3990,0.5803,2.0070
0.5803,2.0070,0.6449,1.6150
0.6449,1.6150,0.6938,1.2230
0.6938,1.2230,0.7270,0.8310
0.7270,0.8310,0.7446,0.4390
0.7446,0.4390,0.7465,0.0470
0.7465,0.0470,0.7327,-0.3450
0.7327,-0.3450,0.7032,-0.7370
0.7032,-0.7370,0.6581,-1.1290
0.6581,-1.1290,0.5972,-1.5210
0.5972,-1.5210,0.5207,-1.9130
0.5207,-1.9130,0.5000,1.3830
0.5000,1.3830,0.5396,0.9910
0.5396,0.9910,0.5636,0.5990
0.5636,0.5990,0.5719,0.2070
0.5719,0.2070,0.5645,-0.1850
0.5645,-0.1850,0.5414,-0.5770
0.5414,-0.5770,0.5026,-0.9690
0.5026,-0.9690,0.5000,0.8166
0.5000,0.8166,0.5170,0.4246
0.5170,0.4246,0.5183,0.0326
0.5183,0.0326,0.5039,-0.3594
0.5039,-0.3594,0.5000,0.4508
0.5000,0.4508,0.5024,0.0588
0.5024,0.0588,0.5000,0.0000
0.5000,0.0000,0.5000,0.0000
0.5000,0.0000,0.5000,0.0000
0.5000,0.0000,0.5000,0.0000
0.5000,0.0000,0.5000,0.0000
0.5000,0.0000,0.5000,0.0000
0.5000,0.0000,0.5000,0.0000
0.5000,0.0000,0.5000,0.0000
0.5000,0.0000,0.5000,0.0000
0.5000,0.0000,0.5000,0.0000
0.5000,0.0000,0.5000,0.0000
0.5000,0.0000,0.5000,0.0000
0.5000,0.0000,0.5000,0.0000
0.5000,0.0000,0.5000,0.0000
0.5000,0.0000,0.5000,0.0000
0.5000,0.0000,0.5000,0.0000
0.5000,0.0000,0.5000,0.0000
0.5000,0.0000,0.5000,0.0000
0.5000,0.0000,0.5000,0.0000
0.5000,0.0000,0.5000,0.0000
0.5000,0.0000,0.5000,0.0000
0.5000,0.0000,0.5000,0.0000
0.5000,0.0000,0.5000,0.0000
0.5000,0.0000,0.5000,0.0000
0.5000,0.0000,0.5000,0.0000
0.5000,0.0000,0.5000,0.0000
0.5000,0.0000,0.5000,0.0000
0.5000,0.0000,0.5000,0.0000
0.5000,0.0000,0.5000,0.0000
0.5000,0.0000,0.5000,0.0000
0.5000,0.0000,0.5000,0.0000
0.5000,0.0000,0.5000,0.0000
0.5000,0.0000,0.5000,0.0000
0.5000,0.0000,0.5000,0.0000
0.5000,0.0000,0.5000,0.0000
0.5000,0.0000,0.5000,0.0000
0.5000,0.0000,0.5000,0.0000
0.5000,0.0000,0.5000,0.0000
0.5000,0.0000,0.5000,0.0000
0.5000,0.0000,0.5000,0.0000
0.5000,0.0000,0.5000,0.0000
0.5000,0.0000,0.5000,0.0000
0.5000,0.0000,0.5000,0.0000
0.5000,0.0000,0.5000,0.0000
0.5000,0.0000,0.5000,0.0000
0.5000,0.0000,0.5000,0.0000
0.5000,0.0000,0.5000,0.0000
0.5000,0.0000,0.5000,0.0000
0.5000,0.0000,0.5000,0.0000
0.5000,0.0000,0.5000,0.0000
0.5000,0.0000,0.5000,0.0000
0.5000,0.0000,0.5000,0.0000
0.5000,0.0000,0.5000,0.0000
0.5000,0.0000,0.5000,0.0000
0.5000,0.0000,0.5000,0.0000
0.5000,0.0000,0.5000,0.0000
0.5000,0.0000,0.5000,0.0000
0.5000,0.0000,0.5000,0.0000
0.5000,0.0000,0.5000,0.0000
0.5000,0.0000,0.5000,0.0000
0.5000,0.0000,0.5000,0.0000
0.5000,0.0000,0.5000,0.0000
0.5000,0.0000,0.5000,0.0000
0.5000,0.0000,0.5000,0.0000
0.5000,0.0000,0.5000,0.0000
0.5000,0.0000,0.5000,0.0000
0.5000,0.0000,0.5000,0.0000
0.5000,0.0000,0.5000,0.0000
0.5000,0.0000,0.5000,0.0000
0.5000,0.0000,0.5000,0.0000
0.5000,0.0000,0.5000,0.0000
0.5000,0.0000,0.5000,0.0000
0.5000,0.0000,0.5000,0.0000
0.5000,0.0000,0.5000,0.0000
0.5000,0.0000,0.5000,0.0000
0.5000,0.0000,0.5000,0.0000
0.5000,0.0000,0.5000,0.0000
0.5000,0.0000,0.5000,0.0000
0.5000,0.0000,0.5000,0.0000
0.5000,0.0000,0.5000,0.0000
0.5000,0.0000,0.5000,0.0000
0.5000,0.0000,0.5000,0.0000
0.5000,0.0000,0.5000,0.0000
0.5000,0.0000,0.5000,0.0000
0.5000,0.0000,0.5000,0.0000
0.5000,0.0000,0.5000,0.0000
0.5000,0.0000,0.5000,0.0000
8.0541,0.0000,8.0385,-0.3920
8.0385,-0.3920,8.0071,-0.7840
8.0071,-0.7840,7.9601,-1.1760
7.9601,-1.1760,7.8973,-1.5680
7.8973,-1.5680,7.8189,-1.9600
7.8189,-1.9600,7.7249,-2.3520
7.7249,-2.3520,7.6151,-2.7440
7.6151,-2.7440,7.4897,-3.1360
7.4897,-3.1360,7.3485,-3.5280
7.3485,-3.5280,7.1917,-3.9200
7.1917,-3.9200,7.0193,-4.3120
7.0193,-4.3120,6.8311,-4.7040
6.8311,-4.7040,6.6273,-5.0960
6.6273,-5.0960,6.4077,-5.4880
6.4077,-5.4880,6.1725,-5.8800
6.1725,-5.8800,5.9217,-6.2720
5.9217,-6.2720,5.6551,-6.6640
5.6551,-6.6640,5.3729,-7.0560
5.3729,-7.0560,5.0749,-7.4480
5.0749,-7.4480,4.7613,-7.8400
4.7613,-7.8400,4.4321,-8.2320
4.4321,-8.2320,4.0871,-8.6240
4.0871,-8.6240,3.7265,-9.0160
3.7265,-9.0160,3.3501,-9.4080
3.3501,-9.4080,2.9581,-9.8000
2.9581,-9.8000,2.5505,-10.1920
2.5505,-10.1920,2.1271,-10.5840
2.1271,-10.5840,1.6881,-10.9760
1.6881,-10.9760,1.2333,-11.3680
1.2333,-11.3680,0.7629,-11.7600
0.7629,-11.7600,0.5000,7.2912
0.5000,7.2912,0.7760,6.8992
0.7760,6.8992,1.0363,6.5072
1.0363,6.5072,1.2809,6.1152
1.2809,6.1152,1.5098,5.7232
1.5098,5.7232,1.7230,5.3312
1.7230,5.3312,1.9206,4.9392
1.9206,4.9392,2.1025,4.5472
2.1025,4.5472,2.2687,4.1552
2.2687,4.1552,2.4192,3.7632
2.4192,3.7632,2.5541,3.3712
2.5541,3.3712,2.6732,2.9792
2.6732,2.9792,2.7767,2.5872
2.7767,2.5872,2.8645,2.1952
2.8645,2.1952,2.9367,1.8032
2.9367,1.8032,2.9931,1.4112
2.9931,1.4112,3.0339,1.0192
3.0339,1.0192,3.0590,0.6272
3.0590,0.6272,3.0684,0.2352
3.0684,0.2352,3.0621,-0.1568
3.0621,-0.1568,3.0402,-0.5488
3.0402,-0.5488,3.0025,-0.9408
3.0025,-0.9408,2.9492,-1.3328
2.9492,-1.3328,2.8802,-1.7248
2.8802,-1.7248,2.7956,-2.1168
2.7956,-2.1168,2.6952,-2.5088
2.6952,-2.5088,2.5792,-2.9008
2.5792,-2.9008,2.4475,-3.2928
2.4475,-3.2928,2.3001,-3.6848
2.3001,-3.6848,2.1370,-4.0768
2.1370,-4.0768,1.9582,-4.4688
1.9582,-4.4688,1.7638,-4.8608
1.7638,-4.8608,1.5537,-5.2528
1.5537,-5.2528,1.3279,-5.6448
1.3279,-5.6448,1.0864,-6.0368
1.0864,-6.0368,0.8293,-6.4288
0.8293,-6.4288,0.5564,-6.8208
0.5564,-6.8208,0.5000,4.3277
0.5000,4.3277,0.6574,3.9357
0.6574,3.9357,0.7992,3.5437
0.7992,3.5437,0.9252,3.1517
0.9252,3.1517,1.0356,2.7597
1.0356,2.7597,1.1303,2.3677
1.1303,2.3677,1.2094,1.9757
1.2094,1.9757,1.2727,1.5837
1.2727,1.5837,1.3204,1.1917
1.3204,1.1917,1.3524,0.7997
1.3524,0.7997,1.3687,0.4077
1.3687,0.4077,1.3693,0.0157
1.3693,0.0157,1.3542,-0.3763
1.3542,-0.3763,1.3235,-0.7683
1.3235,-0.7683,1.2771,-1.1603
1.2771,-1.1603,1.2150,-1.5523
1.2150,-1.5523,1.1372,-1.9443
1.1372,-1.9443,1.0438,-2.3363
1.0438,-2.3363,0.9346,-2.7283
0.9346,-2.7283,0.8098,-3.1203
0.8098,-3.1203,0.6693,-3.5123
0.6693,-3.5123,0.5132,-3.9043
0.5132,-3.9043,0.5000,2.5778
0.5000,2.5778,0.5874,2.1858
0.5874,2.1858,0.6592,1.7938
0.6592,1.7938,0.7153,1.4018
0.7153,1.4018,0.7556,1.0098
0.7556,1.0098,0.7804,0.6178
0.7804,0.6178,0.7894,0.2258
0.7894,0.2258,0.7827,-0.1662
0.7827,-0.1662,0.7604,-0.5582
0.7604,-0.5582,0.7224,-0.9502
0.7224,-0.9502,0.6687,-1.3422
0.6687,-1.3422,0.5993,-1.7342
0.5993,-1.7342,0.5143,-2.1262
0.5143,-2.1262,0.5000,1.5109
0.5000,1.5109,0.5448,1.1189
0.5448,1.1189,0.5738,0.7269
0.5738,0.7269,0.5872,0.3349
0.5872,0.3349,0.5849,-0.0571
0.5849,-0.0571,0.5670,-0.4491
0.5670,-0.4491,0.5333,-0.8411
0.5333,-0.8411,0.5000,0.7398
0.5000,0.7398,0.5139,0.3478
0.5139,0.3478,0.5121,-0.0442
0.5121,-0.0442,0.5000,0.0000
0.5000,0.0000,0.5000,0.0000
0.5000,0.0000,0.5000,0.0000
0.5000,0.0000,0.5000,0.0000
0.5000,0.0000,0.5000,0.0000
0.5000,0.0000,0.5000,0.0000
0.5000,0.0000,0.5000,0.0000
0.5000,0.0000,0.5000,0.0000
0.5000,0.0000,0.5000,0.0000
0.5000,0.0000,0.5000,0.0000
0.5000,0.0000,0.5000,0.0000
0.5000,0.0000,0.5000,0.0000
0.5000,0.0000,0.5000,0.0000
0.5000,0.0000,0.5000,0.0000
0.5000,0.0000,0.5000,0.0000
0.5000,0.0000,0.5000,0.0000
0.5000,0.0000,0.5000,0.0000
0.5000,0.0000,0.5000,0.0000
0.5000,0.0000,0.5000,0.0000
0.5000,0.0000,0.5000,0.0000
0.5000,0.0000,0.5000,0.0000
0.5000,0.0000,0.5000,0.0000
0.5000,0.0000,0.5000,0.0000
0.5000,0.0000,0.5000,0.0000
0.5000,0.0000,0.5000,0.0000
0.5000,0.0000,0.5000,0.0000
0.5000,0.0000,0.5000,0.0000
0.5000,0.0000,0.5000,0.0000
0.5000,0.0000,0.5000,0.0000
0.5000,0.0000,0.5000,0.0000
0.5000,0.0000,0.5000,0.0000
0.5000,0.0000,0.5000,0.0000
0.5000,0.0000,0.5000,0.0000
0.5000,0.0000,0.5000,0.0000
0.5000,0.0000,0.5000,0.0000
0.5000,0.0000,0.5000,0.0000
0.5000,0.0000,0.5000,0.0000
0.5000,0.0000,0.5000,0.0000
9.4263,0.0000,9.4106,-0.3920
9.4106,-0.3920,9.3792,-0.7840
9.3792,-0.7840,9.3322,-1.1760
9.3322,-1.1760,9.2695,-1.5680
9.2695,-1.5680,9.1911,-1.9600
9.1911,-1.9600,9.0970,-2.3520
9.0970,-2.3520,8.9872,-2.7440
8.9872,-2.7440,8.8618,-3.1360
8.8618,-3.1360,8.7207,-3.5280
8.7207,-3.5280,8.5639,-3.9200
8.5639,-3.9200,8.3914,-4.3120
8.3914,-4.3120,8.2032,-4.7040
8.2032,-4.7040,7.9994,-5.0960
7.9994,-5.0960,7.7799,-5.4880
7.7799,-5.4880,7.5447,-5.8800
7.5447,-5.8800,7.2938,-6.2720
7.2938,-6.2720,7.0272,-6.6640
7.0272,-6.6640,6.7450,-7.0560
6.7450,-7.0560,6.4471,-7.4480
6.4471,-7.4480,6.1335,-7.8400
6.1335,-7.8400,5.8042,-8.2320
5.8042,-8.2320,5.4592,-8.6240
5.4592,-8.6240,5.0986,-9.0160
5.0986,-9.0160,4.7223,-9.4080
4.7223,-9.4080,4.3303,-9.8000
4.3303,-9.8000,3.9226,-10.1920
3.9226,-10.1920,3.4992,-10.5840
3.4992,-10.5840,3.0602,-10.9760
3.0602,-10.9760,2.6055,-11.3680
2.6055,-11.3680,2.1351,-11.7600
2.1351,-11.7600,1.6490,-12.1520
1.6490,-12.1520,1.1472,-12.5440
1.1472,-12.5440,0.6298,-12.9360
0.6298,-12.9360,0.5000,7.9968
0.5000,7.9968,0.8042,7.6048
0.8042,7.6048,1.0927,7.2128
1.0927,7.2128,1.3655,6.8208
1.3655,6.8208,1.6227,6.4288
1.6227,6.4288,1.8642,6.0368
1.8642,6.0368,2.0900,5.6448
2.0900,5.6448,2.3001,5.2528
2.3001,5.2528,2.4945,4.8608
2.4945,4.8608,2.6732,4.4688
2.6732,4.4688,2.8363,4.0768
2.8363,4.0768,2.9837,3.6848
2.9837,3.6848,3.1154,3.2928
3.1154,3.2928,3.2315,2.9008
3.2315,2.9008,3.3318,2.5088
3.3318,2.5088,3.4165,2.1168
3.4165,2.1168,3.4855,1.7248
3.4855,1.7248,3.5388,1.3328
3.5388,1.3328,3.5764,0.9408
3.5764,0.9408,3.5984,0.5488
3.5984,0.5488,3.6046,0.1568
3.6046,0.1568,3.5952,-0.2352
3.5952,-0.2352,3.5701,-0.6272
3.5701,-0.6272,3.5294,-1.0192
3.5294,-1.0192,3.4729,-1.4112
3.4729,-1.4112,3.4008,-1.8032
3.4008,-1.8032,3.3130,-2.1952
3.3130,-2.1952,3.2095,-2.5872
3.2095,-2.5872,3.0903,-2.9792
3.0903,-2.9792,2.9555,-3.3712
2.9555,-3.3712,2.8050,-3.7632
2.8050,-3.7632,2.6388,-4.1552
2.6388,-4.1552,2.4569,-4.5472
2.4569,-4.5472,2.2593,-4.9392
2.2593,-4.9392,2.0460,-5.3312
2.0460,-5.3312,1.8171,-5.7232
1.8171,-5.7232,1.5725,-6.1152
1.5725,-6.1152,1.3122,-6.5072
1.3122,-6.5072,1.0363,-6.8992
1.0363,-6.8992,0.7446,-7.2912
0.7446,-7.2912,0.5000,4.6099
0.5000,4.6099,0.6687,4.2179
0.6687,4.2179,0.8218,3.8259
0.8218,3.8259,0.9591,3.4339
0.9591,3.4339,1.0808,3.0419
1.0808,3.0419,1.1868,2.6499
1.1868,2.6499,1.2771,2.2579
1.2771,2.2579,1.3517,1.8659
1.3517,1.8659,1.4107,1.4739
1.4107,1.4739,1.4540,1.0819
1.4540,1.0819,1.4816,0.6899
1.4816,0.6899,1.4935,0.2979
1.4935,0.2979,1.4897,-0.0941
1.4897,-0.0941,1.4703,-0.4861
1.4703,-0.4861,1.4352,-0.8781
1.4352,-0.8781,1.3844,-1.2701
1.3844,-1.2701,1.3179,-1.6621
1.3179,-1.6621,1.2357,-2.0541
1.2357,-2.0541,1.1379,-2.4461
1.1379,-2.4461,1.0243,-2.8381
1.0243,-2.8381,0.8951,-3.2301
0.8951,-3.2301,0.7503,-3.6221
0.7503,-3.6221,0.5897,-4.0141
0.5897,-4.0141,0.5000,2.6436
0.5000,2.6436,0.5901,2.2516
0.5901,2.2516,0.6645,1.8596
0.6645,1.8596,0.7232,1.4676
0.7232,1.4676,0.7662,1.0756
0.7662,1.0756,0.7935,0.6836
0.7935,0.6836,0.8052,0.2916
0.8052,0.2916,0.8012,-0.1004
0.8012,-0.1004,0.7815,-0.4924
0.7815,-0.4924,0.7461,-0.8844
0.7461,-0.8844,0.6951,-1.2764
0.6951,-1.2764,0.6283,-1.6684
0.6283,-1.6684,0.5459,-2.0604
0.5459,-2.0604,0.5000,1.4714
0.5000,1.4714,0.5432,1.0794
0.5432,1.0794,0.5707,0.6874
0.5707,0.6874,0.5825,0.2954
0.5825,0.2954,0.5786,-0.0966
0.5786,-0.0966,0.5591,-0.4886
0.5591,-0.4886,0.5239,-0.8806
0.5239,-0.8806,0.5000,0.7636
0.5000,0.7636,0.5149,0.3716
0.5149,0.3716,0.5140,-0.0204
0.5140,-0.0204,0.5000,0.0000
0.5000,0.0000,0.5000,0.0000
0.5000,0.0000,0.5000,0.0000
0.5000,0.0000,0.5000,0.0000
0.5000,0.0000,0.5000,0.0000
0.5000,0.0000,0.5000,0.0000
0.5000,0.0000,0.5000,0.0000
0.5000,0.0000,0.5000,0.0000
0.5000,0.0000,0.5000,0.0000
0.5000,0.0000,0.5000,0.0000
0.5000,0.0000,0.5000,0.0000
0.5000,0.0000,0.5000,0.0000
0.5000,0.0000,0.5000,0.0000
0.5000,0.0000,0.5000,0.0000
0.5000,0.0000,0.5000,0.0000
0.5000,0.0000,0.5000,0.0000
0.5000,0.0000,0.5000,0.0000
0.5000,0.0000,0.5000,0.0000
0.5000,0.0000,0.5000,0.0000
0.5000,0.0000,0.5000,0.0000
0.5000,0.0000,0.5000,0.0000
0.5000,0.0000,0.5000,0.0000
0.5000,0.0000,0.5000,0.0000
0.5000,0.0000,0.5000,0.0000
0.5000,0.0000,0.5000,0.0000
0.5000,0.0000,0.5000,0.0000
0.5000,0.0000,0.5000,0.0000
0.5000,0.0000,0.5000,0.0000
0.5000,0.0000,0.5000,0.0000
0.5000,0.0000,0.5000,0.0000
0.5000,0.0000,0.5000,0.0000
6.6455,0.0000,6.6298,-0.3920
6.6298,-0.3920,6.5984,-0.7840
6.5984,-0.7840,6.5514,-1.1760
6.5514,-1.1760,6.4887,-1.5680
6.4887,-1.5680,6.4103,-1.9600
6.4103,-1.9600,6.3162,-2.3520
6.3162,-2.3520,6.2064,-2.7440
6.2064,-2.7440,6.0810,-3.1360
6.0810,-3.1360,5.9399,-3.5280
5.9399,-3.5280,5.7831,-3.9200
5.7831,-3.9200,5.6106,-4.3120
5.6106,-4.3120,5.4224,-4.7040
5.4224,-4.7040,5.2186,-5.0960
5.2186,-5.0960,4.9991,-5.4880
4.9991,-5.4880,4.7639,-5.8800
4.7639,-5.8800,4.5130,-6.2720
4.5130,-6.2720,4.2464,-6.6640
4.2464,-6.6640,3.9642,-7.0560
3.9642,-7.0560,3.6663,-7.4480
3.6663,-7.4480,3.3527,-7.8400
3.3527,-7.8400,3.0234,-8.2320
3.0234,-8.2320,2.6784,-8.6240
2.6784,-8.6240,2.3178,-9.0160
2.3178,-9.0160,1.9415,-9.4080
1.9415,-9.4080,1.5495,-9.8000
1.5495,-9.8000,1.1418,-10.1920
1.1418,-10.1920,0.7184,-10.5840
0.7184,-10.5840,0.5000,6.5856
0.5000,6.5856,0.7477,6.1936
0.7477,6.1936,0.9798,5.8016
0.9798,5.8016,1.1962,5.4096
1.1962,5.4096,1.3969,5.0176
1.3969,5.0176,1.5819,4.6256
1.5819,4.6256,1.7513,4.2336
1.7513,4.2336,1.9049,3.8416
1.9049,3.8416,2.0429,3.4496
2.0429,3.4496,2.1652,3.0576
2.1652,3.0576,2.2718,2.6656
2.2718,2.6656,2.3628,2.2736
2.3628,2.2736,2.4380,1.8816
2.4380,1.8816,2.4976,1.4896
2.4976,1.4896,2.5415,1.0976
2.5415,1.0976,2.5698,0.7056
2.5698,0.7056,2.5823,0.3136
2.5823,0.3136,2.5792,-0.0784
2.5792,-0.0784,2.5604,-0.4704
2.5604,-0.4704,2.5259,-0.8624
2.5259,-0.8624,2.4757,-1.2544
2.4757,-1.2544,2.4098,-1.6464
2.4098,-1.6464,2.3283,-2.0384
2.3283,-2.0384,2.2311,-2.4304
2.2311,-2.4304,2.1182,-2.8224
2.1182,-2.8224,1.9896,-3.2144
1.9896,-3.2144,1.8453,-3.6064
1.8453,-3.6064,1.6854,-3.9984
1.6854,-3.9984,1.5098,-4.3904
1.5098,-4.3904,1.3185,-4.7824
1.3185,-4.7824,1.1115,-5.1744
1.1115,-5.1744,0.8889,-5.5664
0.8889,-5.5664,0.6505,-5.9584
0.6505,-5.9584,0.5000,3.8102
0.5000,3.8102,0.6367,3.4182
0.6367,3.4182,0.7578,3.0262
0.7578,3.0262,0.8631,2.6342
0.8631,2.6342,0.9528,2.2422
0.9528,2.2422,1.0268,1.8502
1.0268,1.8502,1.0852,1.4582
1.0852,1.4582,1.1278,1.0662
1.1278,1.0662,1.1548,0.6742
1.1548,0.6742,1.1661,0.2822
1.1661,0.2822,1.1617,-0.1098
1.1617,-0.1098,1.1416,-0.5018
1.1416,-0.5018,1.1059,-0.8938
1.1059,-0.8938,1.0544,-1.2858
1.0544,-1.2858,0.9873,-1.6778
0.9873,-1.6778,0.9045,-2.0698
0.9045,-2.0698,0.8061,-2.4618
0.8061,-2.4618,0.6919,-2.8538
0.6919,-2.8538,0.5621,-3.2458
0.5621,-3.2458,0.5000,2.1827
0.5000,2.1827,0.5716,1.7907
0.5716,1.7907,0.6276,1.3987
0.6276,1.3987,0.6678,1.0067
0.6678,1.0067,0.6924,0.6147
0.6924,0.6147,0.7013,0.2227
0.7013,0.2227,0.6946,-0.1693
0.6946,-0.1693,0.6721,-0.5613
0.6721,-0.5613,0.6340,-0.9533
0.6340,-0.9533,0.5802,-1.3453
0.5802,-1.3453,0.5107,-1.7373
0.5107,-1.7373,0.5000,1.2776
0.5000,1.2776,0.5354,0.8856
0.5354,0.8856,0.5552,0.4936
0.5552,0.4936,0.5592,0.1016
0.5592,0.1016,0.5476,-0.2904
0.5476,-0.2904,0.5203,-0.6824
0.5203,-0.6824,0.5000,0.6446
0.5000,0.6446,0.5101,0.2526
0.5101,0.2526,0.5045,-0.1394
0.5045,-0.1394,0.5000,0.0000
0.5000,0.0000,0.5000,0.0000
0.5000,0.0000,0.5000,0.0000
0.5000,0.0000,0.5000,0.0000
0.5000,0.0000,0.5000,0.0000
0.5000,0.0000,0.5000,0.0000
0.5000,0.0000,0.5000,0.0000
0.5000,0.0000,0.5000,0.0000
0.5000,0.0000,0.5000,0.0000
0.5000,0.0000,0.5000,0.0000
0.5000,0.0000,0.5000,0.0000
0.5000,0.0000,0.5000,0.0000
0.5000,0.0000,0.5000,0.0000
0.5000,0.0000,0.5000,0.0000
0.5000,0.0000,0.5000,0.0000
0.5000,0.0000,0.5000,0.0000
0.5000,0.0000,0.5000,0.0000
0.5000,0.0000,0.5000,0.0000
0.5000,0.0000,0.5000,0.0000
0.5000,0.0000,0.5000,0.0000
0.5000,0.0000,0.5000,0.0000
0.5000,0.0000,0.5000,0.0000
0.5000,0.0000,0.5000,0.0000
0.5000,0.0000,0.5000,0.0000
0.5000,0.0000,0.5000,0.0000
0.5000,0.0000,0.5000,0.0000
0.5000,0.0000,0.5000,0.0000
0.5000,0.0000,0.5000,0.0000
0.5000,0.0000,0.5000,0.0000
0.5000,0.0000,0.5000,0.0000
0.5000,0.0000,0.5000,0.0000
0.5000,0.0000,0.5000,0.0000
0.5000,0.0000,0.5000,0.0000
0.5000,0.0000,0.5000,0.0000
0.5000,0.0000,0.5000,0.0000
0.5000,0.0000,0.5000,0.0000
0.5000,0.0000,0.5000,0.0000
0.5000,0.0000,0.5000,0.0000
0.5000,0.0000,0.5000,0.0000
0.5000,0.0000,0.5000,0.0000
0.5000,0.0000,0.5000,0.0000
0.5000,0.0000,0.5000,0.0000
0.5000,0.0000,0.5000,0.0000
0.5000,0.0000,0.5000,0.0000
0.5000,0.0000,0.5000,0.0000
0.5000,0.0000,0.5000,0.0000
0.5000,0.0000,0.5000,0.0000
0.5000,0.0000,0.5000,0.0000
0.5000,0.0000,0.5000,0.0000
0.5000,0.0000,0.5000,0.0000
0.5000,0.0000,0.5000,0.0000
6.5199,0.0000,6.5043,-0.3920
6.5043,-0.3920,6.4729,-0.7840
6.4729,-0.7840,6.4259,-1.1760
6.4259,-1.1760,6.3631,-1.5680
6.3631,-1.5680,6.2847,-1.9600
6.2847,-1.9600,6.1907,-2.3520
6.1907,-2.3520,6.0809,-2.7440
6.0809,-2.7440,5.9555,-3.1360
5.9555,-3.1360,5.8143,-3.5280
5.8143,-3.5280,5.6575,-3.9200
5.6575,-3.9200,5.4851,-4.3120
5.4851,-4.3120,5.2969,-4.7040
5.2969,-4.7040,5.0931,-5.0960
5.0931,-5.0960,4.8735,-5.4880
4.8735,-5.4880,4.6383,-5.8800
4.6383,-5.8800,4.3875,-6.2720
4.3875,-6.2720,4.1209,-6.6640
4.1209,-6.6640,3.8387,-7.0560
3.8387,-7.0560,3.5407,-7.4480
3.5407,-7.4480,3.2271,-7.8400
3.2271,-7.8400,2.8979,-8.2320
2.8979,-8.2320,2.5529,-8.6240
2.5529,-8.6240,2.1923,-9.0160
2.1923,-9.0160,1.8159,-9.4080
1.8159,-9.4080,1.4239,-9.8000
1.4239,-9.8000,1.0163,-10.1920
1.0163,-10.1920,0.5929,-10.5840
0.5929,-10.5840,0.5000,6.5856
0.5000,6.5856,0.7477,6.1936
0.7477,6.1936,0.9798,5.8016
0.9798,5.8016,1.1962,5.4096
1.1962,5.4096,1.3969,5.0176
1.3969,5.0176,1.5819,4.6256
1.5819,4.6256,1.7513,4.2336
1.7513,4.2336,1.9049,3.8416
1.9049,3.8416,2.0429,3.4496
2.0429,3.4496,2.1652,3.0576
2.1652,3.0576,2.2718,2.6656
2.2718,2.6656,2.3628,2.2736
2.3628,2.2736,2.4380,1.8816
2.4380,1.8816,2.4976,1.4896
2.4976,1.4896,2.5415,1.0976
2.5415,1.0976,2.5698,0.7056
2.5698,0.7056,2.5823,0.3136
2.5823,0.3136,2.5792,-0.0784
2.5792,-0.0784,2.5604,-0.4704
2.5604,-0.4704,2.5259,-0.8624
2.5259,-0.8624,2.4757,-1.2544
2.4757,-1.2544,2.4098,-1.6464
2.4098,-1.6464,2.3283,-2.0384
2.3283,-2.0384,2.2311,-2.4304
2.2311,-2.4304,2.1182,-2.8224
2.1182,-2.8224,1.9896,-3.2144
1.9896,-3.2144,1.8453,-3.6064
1.8453,-3.6064,1.6854,-3.9984
1.6854,-3.9984,1.5098,-4.3904
1.5098,-4.3904,1.3185,-4.7824
1.3185,-4.7824,1.1115,-5.1744
1.1115,-5.1744,0.8889,-5.5664
0.8889,-5.5664,0.6505,-5.9584
0.6505,-5.9584,0.5000,3.8102
0.5000,3.8102,0.6367,3.4182
0.6367,3.4182,0.7578,3.0262
0.7578,3.0262,0.8631,2.6342
0.8631,2.6342,0.9528,2.2422
0.9528,2.2422,1.0268,1.8502
1.0268,1.8502,1.0852,1.4582
1.0852,1.4582,1.1278,1.0662
1.1278,1.0662,1.1548,0.6742
1.1548,0.6742,1.1661,0.2822
1.1661,0.2822,1.1617,-0.1098
1.1617,-0.1098,1.1416,-0.5018
1.1416,-0.5018,1.1059,-0.8938
1.1059,-0.8938,1.0544,-1.2858
1.0544,-1.2858,0.9873,-1.6778
0.9873,-1.6778,0.9045,-2.0698
0.9045,-2.0698,0.8061,-2.4618
0.8061,-2.4618,0.6919,-2.8538
0.6919,-2.8538,0.5621,-3.2458
0.5621,-3.2458,0.5000,2.1827
0.5000,2.1827,0.5716,1.7907
0.5716,1.7907,0.6276,1.3987
0.6276,1.3987,0.6678,1.0067
0.6678,1.0067,0.6924,0.6147
0.6924,0.6147,0.7013,0.2227
0.7013,0.2227,0.6946,-0.1693
0.6946,-0.1693,0.6721,-0.5613
0.6721,-0.5613,0.6340,-0.9533
0.6340,-0.9533,0.5802,-1.3453
0.5802,-1.3453,0.5107,-1.7373
0.5107,-1.7373,0.5000,1.2776
0.5000,1.2776,0.5354,0.8856
0.5354,0.8856,0.5552,0.4936
0.5552,0.4936,0.5592,0.1016
0.5592,0.1016,0.5476,-0.2904
0.5476,-0.2904,0.5203,-0.6824
0.5203,-0.6824,0.5000,0.6446
0.5000,0.6446,0.5101,0.2526
0.5101,0.2526,0.5045,-0.1394
0.5045,-0.1394,0.5000,0.0000
0.5000,0.0000,0.5000,0.0000
0.5000,0.0000,0.5000,0.0000
0.5000,0.0000,0.5000,0.0000
0.5000,0.0000,0.5000,0.0000
0.5000,0.0000,0.5000,0.0000
0.5000,0.0000,0.5000,0.0000
0.5000,0.0000,0.5000,0.0000
0.5000,0.0000,0.5000,0.0000
0.5000,0.0000,0.5000,0.0000
0.5000,0.0000,0.5000,0.0000
0.5000,0.0000,0.5000,0.0000
0.5000,0.0000,0.5000,0.0000
0.5000,0.0000,0.5000,0.0000
0.5000,0.0000,0.5000,0.0000
0.5000,0.0000,0.5000,0.0000
0.5000,0.0000,0.5000,0.0000
0.5000,0.0000,0.5000,0.0000
0.5000,0.0000,0.5000,0.0000
0.5000,0.0000,0.5000,0.0000
0.5000,0.0000,0.5000,0.0000
0.5000,0.0000,0.5000,0.0000
0.5000,0.0000,0.5000,0.0000
0.5000,0.0000,0.5000,0.0000
0.5000,0.0000,0.5000,0.0000
0.5000,0.0000,0.5000,0.0000
0.5000,0.0000,0.5000,0.0000
0.5000,0.0000,0.5000,0.0000
0.5000,0.0000,0.5000,0.0000
0.5000,0.0000,0.5000,0.0000
0.5000,0.0000,0.5000,0.0000
0.5000,0.0000,0.5000,0.0000
0.5000,0.0000,0.5000,0.0000
0.5000,0.0000,0.5000,0.0000
0.5000,0.0000,0.5000,0.0000
0.5000,0.0000,0.5000,0.0000
0.5000,0.0000,0.5000,0.0000
0.5000,0.0000,0.5000,0.0000
0.5000,0.0000,0.5000,0.0000
0.5000,0.0000,0.5000,0.0000
0.5000,0.0000,0.5000,0.0000
0.5000,0.0000,0.5000,0.0000
0.5000,0.0000,0.5000,0.0000
0.5000,0.0000,0.5000,0.0000
0.5000,0.0000,0.5000,0.0000
0.5000,0.0000,0.5000,0.0000
0.5000,0.0000,0.5000,0.0000
0.5000,0.0000,0.5000,0.0000
0.5000,0.0000,0.5000,0.0000
0.5000,0.0000,0.5000,0.0000
0.5000,0.0000,0.5000,0.0000
9.2180,0.0000,9.2023,-0.3920
9.2023,-0.3920,9.1709,-0.7840
9.1709,-0.7840,9.1239,-1.1760
9.1239,-1.1760,9.0612,-1.5680
9.0612,-1.5680,8.9828,-1.9600
8.9828,-1.9600,8.8887,-2.3520
8.8887,-2.3520,8.7789,-2.7440
8.7789,-2.7440,8.6535,-3.1360
8.6535,-3.1360,8.5124,-3.5280
8.5124,-3.5280,8.3556,-3.9200
8.3556,-3.9200,8.1831,-4.3120
8.1831,-4.3120,7.9949,-4.7040
7.9949,-4.7040,7.7911,-5.0960
7.7911,-5.0960,7.5716,-5.4880
7.5716,-5.4880,7.3364,-5.8800
7.3364,-5.8800,7.0855,-6.2720
7.0855,-6.2720,6.8189,-6.6640
6.8189,-6.6640,6.5367,-7.0560
6.5367,-7.0560,6.2388,-7.4480
6.2388,-7.4480,5.9252,-7.8400
5.9252,-7.8400,5.5959,-8.2320
5.5959,-8.2320,5.2509,-8.6240
5.2509,-8.6240,4.8903,-9.0160
4.8903,-9.0160,4.5140,-9.4080
4.5140,-9.4080,4.1220,-9.8000
4.1220,-9.8000,3.7143,-10.1920
3.7143,-10.1920,3.2909,-10.5840
3.2909,-10.5840,2.8519,-10.9760
2.8519,-10.9760,2.3972,-11.3680
2.3972,-11.3680,1.9268,-11.7600
1.9268,-11.7600,1.4407,-12.1520
1.4407,-12.1520,0.9389,-12.5440
0.9389,-12.5440,0.5000,7.7616
0.5000,7.7616,0.7948,7.3696
0.7948,7.3696,1.0739,6.9776
1.0739,6.9776,1.3373,6.5856
1.3373,6.5856,1.5851,6.1936
1.5851,6.1936,1.8171,5.8016
1.8171,5.8016,2.0335,5.4096
2.0335,5.4096,2.2342,5.0176
2.2342,5.0176,2.4192,4.6256
2.4192,4.6256,2.5886,4.2336
2.5886,4.2336,2.7422,3.8416
2.7422,3.8416,2.8802,3.4496
2.8802,3.4496,3.0025,3.0576
3.0025,3.0576,3.1092,2.6656
3.1092,2.6656,3.2001,2.2736
3.2001,2.2736,3.2754,1.8816
3.2754,1.8816,3.3349,1.4896
3.3349,1.4896,3.3788,1.0976
3.3788,1.0976,3.4071,0.7056
3.4071,0.7056,3.4196,0.3136
3.4196,0.3136,3.4165,-0.0784
3.4165,-0.0784,3.3977,-0.4704
3.3977,-0.4704,3.3632,-0.8624
3.3632,-0.8624,3.3130,-1.2544
3.3130,-1.2544,3.2471,-1.6464
3.2471,-1.6464,3.1656,-2.0384
3.1656,-2.0384,3.0684,-2.4304
3.0684,-2.4304,2.9555,-2.8224
2.9555,-2.8224,2.8269,-3.2144
2.8269,-3.2144,2.6827,-3.6064
2.6827,-3.6064,2.5227,-3.9984
2.5227,-3.9984,2.3471,-4.3904
2.3471,-4.3904,2.1558,-4.7824
2.1558,-4.7824,1.9488,-5.1744
1.9488,-5.1744,1.7262,-5.5664
1.7262,-5.5664,1.4878,-5.9584
1.4878,-5.9584,1.2338,-6.3504
1.2338,-6.3504,0.9641,-6.7424
0.9641,-6.7424,0.6788,-7.1344
0.6788,-7.1344,0.5000,4.5158
0.5000,4.5158,0.6650,4.1238
0.6650,4.1238,0.8142,3.7318
0.8142,3.7318,0.9478,3.3398
0.9478,3.3398,1.0657,2.9478
1.0657,2.9478,1.1680,2.5558
1.1680,2.5558,1.2545,2.1638
1.2545,2.1638,1.3254,1.7718
1.3254,1.7718,1.3806,1.3798
1.3806,1.3798,1.4201,0.9878
1.4201,0.9878,1.4439,0.5958
1.4439,0.5958,1.4521,0.2038
1.4521,0.2038,1.4446,-0.1882
1.4446,-0.1882,1.4214,-0.5802
1.4214,-0.5802,1.3825,-0.9722
1.3825,-0.9722,1.3279,-1.3642
1.3279,-1.3642,1.2577,-1.7562
1.2577,-1.7562,1.1717,-2.1482
1.1717,-2.1482,1.0701,-2.5402
1.0701,-2.5402,0.9528,-2.9322
0.9528,-2.9322,0.8199,-3.3242
0.8199,-3.3242,0.6712,-3.7162
0.6712,-3.7162,0.5069,-4.1082
0.5069,-4.1082,0.5000,2.7001
0.5000,2.7001,0.5923,2.3081
0.5923,2.3081,0.6690,1.9161
0.6690,1.9161,0.7299,1.5241
0.7299,1.5241,0.7752,1.1321
0.7752,1.1321,0.8048,0.7401
0.8048,0.7401,0.8187,0.3481
0.8187,0.3481,0.8170,-0.0439
0.8170,-0.0439,0.7996,-0.4359
0.7996,-0.4359,0.7664,-0.8279
0.7664,-0.8279,0.7176,-1.2199
0.7176,-1.2199,0.6532,-1.6119
0.6532,-1.6119,0.5730,-2.0039
0.5730,-2.0039,0.5000,1.4375
0.5000,1.4375,0.5418,1.0455
0.5418,1.0455,0.5680,0.6535
0.5680,0.6535,0.5784,0.2615
0.5784,0.2615,0.5732,-0.1305
0.5732,-0.1305,0.5523,-0.5225
0.5523,-0.5225,0.5157,-0.9145
0.5157,-0.9145,0.5000,0.7839
0.5000,0.7839,0.5157,0.3919
0.5157,0.3919,0.5157,-0.0001
0.5157,-0.0001,0.5000,0.0000
0.5000,0.0000,0.5000,0.0000
0.5000,0.0000,0.5000,0.0000
0.5000,0.0000,0.5000,0.0000
0.5000,0.0000,0.5000,0.0000
0.5000,0.0000,0.5000,0.0000
0.5000,0.0000,0.5000,0.0000
0.5000,0.0000,0.5000,0.0000
0.5000,0.0000,0.5000,0.0000
0.5000,0.0000,0.5000,0.0000
0.5000,0.0000,0.5000,0.0000
0.5000,0.0000,0.5000,0.0000
0.5000,0.0000,0.5000,0.0000
0.5000,0.0000,0.5000,0.0000
0.5000,0.0000,0.5000,0.0000
0.5000,0.0000,0.5000,0.0000
0.5000,0.0000,0.5000,0.0000
0.5000,0.0000,0.5000,0.0000
0.5000,0.0000,0.5000,0.0000
0.5000,0.0000,0.5000,0.0000
0.5000,0.0000,0.5000,0.0000
0.5000,0.0000,0.5000,0.0000
0.5000,0.0000,0.5000,0.0000
0.5000,0.0000,0.5000,0.0000
0.5000,0.0000,0.5000,0.0000
0.5000,0.0000,0.5000,0.0000
0.5000,0.0000,0.5000,0.0000
0.5000,0.0000,0.5000,0.0000
0.5000,0.0000,0.5000,0.0000
0.5000,0.0000,0.5000,0.0000
0.5000,0.0000,0.5000,0.0000
0.5000,0.0000,0.5000,0.0000
0.5000,0.0000,0.5000,0.0000
5.9533,0.0000,5.9377,-0.3920
5.9377,-0.3920,5.9063,-0.7840
5.9063,-0.7840,5.8593,-1.1760
5.8593,-1.1760,5.7965,-1.5680
5.7965,-1.5680,5.7181,-1.9600
5.7181,-1.9600,5.6241,-2.3520
5.6241,-2.3520,5.5143,-2.7440
5.5143,-2.7440,5.3889,-3.1360
5.3889,-3.1360,5.2477,-3.5280
5.2477,-3.5280,5.0909,-3.9200
5.0909,-3.9200,4.9185,-4.3120
4.9185,-4.3120,4.7303,-4.7040
4.7303,-4.7040,4.5265,-5.0960
4.5265,-5.0960,4.3069,-5.4880
4.3069,-5.4880,4.0717,-5.8800
4.0717,-5.8800,3.8209,-6.2720
3.8209,-6.2720,3.5543,-6.6640
3.5543,-6.6640,3.2721,-7.0560
3.2721,-7.0560,2.9741,-7.4480
2.9741,-7.4480,2.6605,-7.8400
2.6605,-7.8400,2.3313,-8.2320
2.3313,-8.2320,1.9863,-8.6240
1.9863,-8.6240,1.6257,-9.0160
1.6257,-9.0160,1.2493,-9.4080
1.2493,-9.4080,0.8573,-9.8000
0.8573,-9.8000,0.5000,6.1152
0.5000,6.1152,0.7289,5.7232
0.7289,5.7232,0.9422,5.3312
0.9422,5.3312,1.1397,4.9392
1.1397,4.9392,1.3216,4.5472
1.3216,4.5472,1.4878,4.1552
1.4878,4.1552,1.6384,3.7632
1.6384,3.7632,1.7732,3.3712
1.7732,3.3712,1.8924,2.9792
1.8924,2.9792,1.9959,2.5872
1.9959,2.5872,2.0837,2.1952
2.0837,2.1952,2.1558,1.8032
2.1558,1.8032,2.2123,1.4112
2.2123,1.4112,2.2530,1.0192
2.2530,1.0192,2.2781,0.6272
2.2781,0.6272,2.2875,0.2352
2.2875,0.2352,2.2812,-0.1568
2.2812,-0.1568,2.2593,-0.5488
2.2593,-0.5488,2.2217,-0.9408
2.2217,-0.9408,2.1684,-1.3328
2.1684,-1.3328,2.0994,-1.7248
2.0994,-1.7248,2.0147,-2.1168
2.0147,-2.1168,1.9143,-2.5088
1.9143,-2.5088,1.7983,-2.9008
1.7983,-2.9008,1.6666,-3.2928
1.6666,-3.2928,1.5192,-3.6848
1.5192,-3.6848,1.3561,-4.0768
1.3561,-4.0768,1.1774,-4.4688
1.1774,-4.4688,0.9829,-4.8608
0.9829,-4.8608,0.7728,-5.2528
0.7728,-5.2528,0.5470,-5.6448
0.5470,-5.6448,0.5000,3.6221
0.5000,3.6221,0.6292,3.2301
0.6292,3.2301,0.7427,2.8381
0.7427,2.8381,0.8406,2.4461
0.8406,2.4461,0.9227,2.0541
0.9227,2.0541,0.9892,1.6621
0.9892,1.6621,1.0400,1.2701
1.0400,1.2701,1.0751,0.8781
1.0751,0.8781,1.0946,0.4861
1.0946,0.4861,1.0983,0.0941
1.0983,0.0941,1.0864,-0.2979
1.0864,-0.2979,1.0588,-0.6899
1.0588,-0.6899,1.0156,-1.0819
1.0156,-1.0819,0.9566,-1.4739
0.9566,-1.4739,0.8820,-1.8659
0.8820,-1.8659,0.7916,-2.2579
0.7916,-2.2579,0.6857,-2.6499
0.6857,-2.6499,0.5640,-3.0419
0.5640,-3.0419,0.5000,2.0604
0.5000,2.0604,0.5667,1.6684
0.5667,1.6684,0.6178,1.2764
0.6178,1.2764,0.6532,0.8844
0.6532,0.8844,0.6729,0.4924
0.6729,0.4924,0.6769,0.1004
0.6769,0.1004,0.6652,-0.2916
0.6652,-0.2916,0.6379,-0.6836
0.6379,-0.6836,0.5948,-1.0756
0.5948,-1.0756,0.5361,-1.4676
0.5361,-1.4676,0.5000,1.1158
0.5000,1.1158,0.5290,0.7238
0.5290,0.7238,0.5422,0.3318
0.5422,0.3318,0.5398,-0.0602
0.5398,-0.0602,0.5217,-0.4522
0.5217,-0.4522,0.5000,0.5065
0.5000,0.5065,0.5046,0.1145
0.5046,0.1145,0.5000,0.0000
0.5000,0.0000,0.5000,0.0000
0.5000,0.0000,0.5000,0.0000
0.5000,0.0000,0.5000,0.0000
0.5000,0.0000,0.5000,0.0000
0.5000,0.0000,0.5000,0.0000
0.5000,0.0000,0.5000,0.0000
0.5000,0.0000,0.5000,0.0000
0.5000,0.0000,0.5000,0.0000
0.5000,0.0000,0.5000,0.0000
0.5000,0.0000,0.5000,0.0000
0.5000,0.0000,0.5000,0.0000
0.5000,0.0000,0.5000,0.0000
0.5000,0.0000,0.5000,0.0000
0.5000,0.0000,0.5000,0.0000
0.5000,0.0000,0.5000,0.0000
0.5000,0.0000,0.5000,0.0000
0.5000,0.0000,0.5000,0.0000
0.5000,0.0000,0.5000,0.0000
0.5000,0.0000,0.5000,0.0000
0.5000,0.0000,0.5000,0.0000
0.5000,0.0000,0.5000,0.0000
0.5000,0.0000,0.5000,0.0000
0.5000,0.0000,0.5000,0.0000
0.5000,0.0000,0.5000,0.0000
0.5000,0.0000,0.5000,0.0000
0.5000,0.0000,0.5000,0.0000
0.5000,0.0000,0.5000,0.0000
0.5000,0.0000,0.5000,0.0000
0.5000,0.0000,0.5000,0.0000
0.5000,0.0000,0.5000,0.0000
0.5000,0.0000,0.5000,0.0000
0.5000,0.0000,0.5000,0.0000
0.5000,0.0000,0.5000,0.0000
0.5000,0.0000,0.5000,0.0000
0.5000,0.0000,0.5000,0.0000
0.5000,0.0000,0.5000,0.0000
0.5000,0.0000,0.5000,0.0000
0.5000,0.0000,0.5000,0.0000
0.5000,0.0000,0.5000,0.0000
0.5000,0.0000,0.5000,0.0000
0.5000,0.0000,0.5000,0.0000
0.5000,0.0000,0.5000,0.0000
0.5000,0.0000,0.5000,0.0000
0.5000,0.0000,0.5000,0.0000
0.5000,0.0000,0.5000,0.0000
0.5000,0.0000,0.5000,0.0000
0.5000,0.0000,0.5000,0.0000
0.5000,0.0000,0.5000,0.0000
0.5000,0.0000,0.5000,0.0000
0.5000,0.0000,0.5000,0.0000
0.5000,0.0000,0.5000,0.0000
0.5000,0.0000,0.5000,0.0000
0.5000,0.0000,0.5000,0.0000
0.5000,0.0000,0.5000,0.0000
0.5000,0.0000,0.5000,0.0000
0.5000,0.0000,0.5000,0.0000
0.5000,0.0000,0.5000,0.0000
0.5000,0.0000,0.5000,0.0000
4.8536,0.0000,4.8380,-0.3920
4.8380,-0.3920,4.8066,-0.7840
4.8066,-0.7840,4.7596,-1.1760
4.7596,-1.1760,4.6968,-1.5680
4.6968,-1.5680,4.6184,-1.9600
4.6184,-1.9600,4.5244,-2.3520
4.5244,-2.3520,4.4146,-2.7440
4.4146,-2.7440,4.2892,-3.1360
4.2892,-3.1360,4.1480,-3.5280
4.1480,-3.5280,3.9912,-3.9200
3.9912,-3.9200,3.8188,-4.3120
3.8188,-4.3120,3.6306,-4.7040
3.6306,-4.7040,3.4268,-5.0960
3.4268,-5.0960,3.2072,-5.4880
3.2072,-5.4880,2.9720,-5.8800
2.9720,-5.8800,2.7212,-6.2720
2.7212,-6.2720,2.4546,-6.6640
2.4546,-6.6640,2.1724,-7.0560
2.1724,-7.0560,1.8744,-7.4480
1.8744,-7.4480,1.5608,-7.8400
1.5608,-7.8400,1.2316,-8.2320
1.2316,-8.2320,0.8866,-8.6240
0.8866,-8.6240,0.5260,-9.0160
0.5260,-9.0160,0.5000,5.6448
0.5000,5.6448,0.7101,5.2528
0.7101,5.2528,0.9045,4.8608
0.9045,4.8608,1.0833,4.4688
1.0833,4.4688,1.2464,4.0768
1.2464,4.0768,1.3938,3.6848
1.3938,3.6848,1.5255,3.2928
1.5255,3.2928,1.6415,2.9008
1.6415,2.9008,1.7419,2.5088
1.7419,2.5088,1.8265,2.1168
1.8265,2.1168,1.8955,1.7248
1.8955,1.7248,1.9488,1.3328
1.9488,1.3328,1.9865,0.9408
1.9865,0.9408,2.0084,0.5488
2.0084,0.5488,2.0147,0.1568
2.0147,0.1568,2.0053,-0.2352
2.0053,-0.2352,1.9802,-0.6272
1.9802,-0.6272,1.9394,-1.0192
1.9394,-1.0192,1.8830,-1.4112
1.8830,-1.4112,1.8108,-1.8032
1.8108,-1.8032,1.7230,-2.1952
1.7230,-2.1952,1.6196,-2.5872
1.6196,-2.5872,1.5004,-2.9792
1.5004,-2.9792,1.3655,-3.3712
1.3655,-3.3712,1.2150,-3.7632
1.2150,-3.7632,1.0488,-4.1552
1.0488,-4.1552,0.8669,-4.5472
0.8669,-4.5472,0.6693,-4.9392
0.6693,-4.9392,0.5000,3.1987
0.5000,3.1987,0.6123,2.8067
0.6123,2.8067,0.7089,2.4147
0.7089,2.4147,0.7898,2.0227
0.7898,2.0227,0.8550,1.6307
0.8550,1.6307,0.9045,1.2387
0.9045,1.2387,0.9384,0.8467
0.9384,0.8467,0.9566,0.4547
0.9566,0.4547,0.9591,0.0627
0.9591,0.0627,0.9459,-0.3293
0.9459,-0.3293,0.9171,-0.7213
0.9171,-0.7213,0.8726,-1.1133
0.8726,-1.1133,0.8123,-1.5053
0.8123,-1.5053,0.7365,-1.8973
0.7365,-1.8973,0.6449,-2.2893
0.6449,-2.2893,0.5376,-2.6813
0.5376,-2.6813,0.5000,1.8440
0.5000,1.8440,0.5581,1.4520
0.5581,1.4520,0.6005,1.0600
0.6005,1.0600,0.6272,0.6680
0.6272,0.6680,0.6382,0.2760
0.6382,0.2760,0.6336,-0.1160
0.6336,-0.1160,0.6133,-0.5080
0.6133,-0.5080,0.5773,-0.9000
0.5773,-0.9000,0.5256,-1.2920
0.5256,-1.2920,0.5000,1.0104
0.5000,1.0104,0.5247,0.6184
0.5247,0.6184,0.5338,0.2264
0.5338,0.2264,0.5272,-0.1656
0.5272,-0.1656,0.5049,-0.5576
0.5049,-0.5576,0.5000,0.5697
0.5000,0.5697,0.5071,0.1777
0.5071,0.1777,0.5000,0.0000
0.5000,0.0000,0.5000,0.0000
0.5000,0.0000,0.5000,0.0000
0.5000,0.0000,0.5000,0.0000
0.5000,0.0000,0.5000,0.0000
0.5000,0.0000,0.5000,0.0000
0.5000,0.0000,0.5000,0.0000
0.5000,0.0000,0.5000,0.0000
0.5000,0.0000,0.5000,0.0000
0.5000,0.0000,0.5000,0.0000
0.5000,0.0000,0.5000,0.0000
0.5000,0.0000,0.5000,0.0000
0.5000,0.0000,0.5000,0.0000
0.5000,0.0000,0.5000,0.0000
0.5000,0.0000,0.5000,0.0000
0.5000,0.0000,0.5000,0.0000
0.5000,0.0000,0.5000,0.0000
0.5000,0.0000,0.5000,0.0000
0.5000,0.0000,0.5000,0.0000
0.5000,0.0000,0.5000,0.0000
0.5000,0.0000,0.5000,0.0000
0.5000,0.0000,0.5000,0.0000
0.5000,0.0000,0.5000,0.0000
0.5000,0.0000,0.5000,0.0000
0.5000,0.0000,0.5000,0.0000
0.5000,0.0000,0.5000,0.0000
0.5000,0.0000,0.5000,0.0000
0.5000,0.0000,0.5000,0.0000
0.5000,0.0000,0.5000,0.0000
0.5000,0.0000,0.5000,0.0000
0.5000,0.0000,0.5000,0.0000
0.5000,0.0000,0.5000,0.0000
0.5000,0.0000,0.5000,0.0000
0.5000,0.0000,0.5000,0.0000
0.5000,0.0000,0.5000,0.0000
0.5000,0.0000,0.5000,0.0000
0.5000,0.0000,0.5000,0.0000
0.5000,0.0000,0.5000,0.0000
0.5000,0.0000,0.5000,0.0000
0.5000,0.0000,0.5000,0.0000
0.5000,0.0000,0.5000,0.0000
0.5000,0.0000,0.5000,0.0000
0.5000,0.0000,0.5000,0.0000
0.5000,0.0000,0.5000,0.0000
0.5000,0.0000,0.5000,0.0000
0.5000,0.0000,0.5000,0.0000
0.5000,0.0000,0.5000,0.0000
0.5000,0.0000,0.5000,0.0000
0.5000,0.0000,0.5000,0.0000
0.5000,0.0000,0.5000,0.0000
0.5000,0.0000,0.5000,0.0000
0.5000,0.0000,0.5000,0.0000
0.5000,0.0000,0.5000,0.0000
0.5000,0.0000,0.5000,0.0000
0.5000,0.0000,0.5000,0.0000
0.5000,0.0000,0.5000,0.0000
0.5000,0.0000,0.5000,0.0000
0.5000,0.0000,0.5000,0.0000
0.5000,0.0000,0.5000,0.0000
0.5000,0.0000,0.5000,0.0000
0.5000,0.0000,0.5000,0.0000
0.5000,0.0000,0.5000,0.0000
0.5000,0.0000,0.5000,0.0000
0.5000,0.0000,0.5000,0.0000
0.5000,0.0000,0.5000,0.0000
0.5000,0.0000,0.5000,0.0000
0.5000,0.0000,0.5000,0.0000
5.5020,0.0000,5.4863,-0.3920
5.4863,-0.3920,5.4550,-0.7840
5.4550,-0.7840,5.4079,-1.1760
5.4079,-1.1760,5.3452,-1.5680
5.3452,-1.5680,5.2668,-1.9600
5.2668,-1.9600,5.1727,-2.3520
5.1727,-2.3520,5.0630,-2.7440
5.0630,-2.7440,4.9375,-3.1360
4.9375,-3.1360,4.7964,-3.5280
4.7964,-3.5280,4.6396,-3.9200
4.6396,-3.9200,4.4671,-4.3120
4.4671,-4.3120,4.2790,-4.7040
4.2790,-4.7040,4.0751,-5.0960
4.0751,-5.0960,3.8556,-5.4880
3.8556,-5.4880,3.6204,-5.8800
3.6204,-5.8800,3.3695,-6.2720
3.3695,-6.2720,3.1030,-6.6640
3.1030,-6.6640,2.8207,-7.0560
2.8207,-7.0560,2.5228,-7.4480
2.5228,-7.4480,2.2092,-7.8400
2.2092,-7.8400,1.8799,-8.2320
1.8799,-8.2320,1.5350,-8.6240
1.5350,-8.6240,1.1743,-9.0160
1.1743,-9.0160,0.7980,-9.4080
0.7980,-9.4080,0.5000,5.8800
0.5000,5.8800,0.7195,5.4880
0.7195,5.4880,0.9234,5.0960
0.9234,5.0960,1.1115,4.7040
1.1115,4.7040,1.2840,4.3120
1.2840,4.3120,1.4408,3.9200
1.4408,3.9200,1.5819,3.5280
1.5819,3.5280,1.7074,3.1360
1.7074,3.1360,1.8171,2.7440
1.8171,2.7440,1.9112,2.3520
1.9112,2.3520,1.9896,1.9600
1.9896,1.9600,2.0523,1.5680
2.0523,1.5680,2.0994,1.1760
2.0994,1.1760,2.1307,0.7840
2.1307,0.7840,2.1464,0.3920
2.1464,0.3920,2.1464,-0.0000
2.1464,-0.0000,2.1307,-0.3920
2.1307,-0.3920,2.0994,-0.7840
2.0994,-0.7840,2.0523,-1.1760
2.0523,-1.1760,1.9896,-1.5680
1.9896,-1.5680,1.9112,-1.9600
1.9112,-1.9600,1.8171,-2.3520
1.8171,-2.3520,1.7074,-2.7440
1.7074,-2.7440,1.5819,-3.1360
1.5819,-3.1360,1.4408,-3.5280
1.4408,-3.5280,1.2840,-3.9200
1.2840,-3.9200,1.1115,-4.3120
1.1115,-4.3120,0.9234,-4.7040
0.9234,-4.7040,0.7195,-5.0960
0.7195,-5.0960,0.5000,3.2928
0.5000,3.2928,0.6160,2.9008
0.6160,2.9008,0.7164,2.5088
0.7164,2.5088,0.8011,2.1168
0.8011,2.1168,0.8700,1.7248
0.8700,1.7248,0.9234,1.3328
0.9234,1.3328,0.9610,0.9408
0.9610,0.9408,0.9829,0.5488
0.9829,0.5488,0.9892,0.1568
0.9892,0.1568,0.9798,-0.2352
0.9798,-0.2352,0.9547,-0.6272
0.9547,-0.6272,0.9140,-1.0192
0.9140,-1.0192,0.8575,-1.4112
0.8575,-1.4112,0.7854,-1.8032
0.7854,-1.8032,0.6976,-2.1952
0.6976,-2.1952,0.5941,-2.5872
0.5941,-2.5872,0.5000,1.7875
0.5000,1.7875,0.5558,1.3955
0.5558,1.3955,0.5960,1.0035
0.5960,1.0035,0.6204,0.6115
0.6204,0.6115,0.6292,0.2195
0.6292,0.2195,0.6223,-0.1725
0.6223,-0.1725,0.5997,-0.5645
0.5997,-0.5645,0.5615,-0.9565
0.5615,-0.9565,0.5075,-1.3485
0.5075,-1.3485,0.5000,1.0443
0.5000,1.0443,0.5261,0.6523
0.5261,0.6523,0.5365,0.2603
0.5365,0.2603,0.5312,-0.1317
0.5312,-0.1317,0.5103,-0.5237
0.5103,-0.5237,0.5000,0.5494
0.5000,0.5494,0.5063,0.1574
0.5063,0.1574,0.5000,0.0000
0.5000,0.0000,0.5000,0.0000
0.5000,0.0000,0.5000,0.0000
0.5000,0.0000,0.5000,0.0000
0.5000,0.0000,0.5000,0.0000
0.5000,0.0000,0.5000,0.0000
0.5000,0.0000,0.5000,0.0000
0.5000,0.0000,0.5000,0.0000
0.5000,0.0000,0.5000,0.0000
0.5000,0.0000,0.5000,0.0000
0.5000,0.0000,0.5000,0.0000
0.5000,0.0000,0.5000,0.0000
0.5000,0.0000,0.5000,0.0000
0.5000,0.0000,0.5000,0.0000
0.5000,0.0000,0.5000,0.0000
0.5000,0.0000,0.5000,0.0000
0.5000,0.0000,0.5000,0.0000
0.5000,0.0000,0.5000,0.0000
0.5000,0.0000,0.5000,0.0000
0.5000,0.0000,0.5000,0.0000
0.5000,0.0000,0.5000,0.0000
0.5000,0.0000,0.5000,0.0000
0.5000,0.0000,0.5000,0.0000
0.5000,0.0000,0.5000,0.0000
0.5000,0.0000,0.5000,0.0000
0.5000,0.0000,0.5000,0.0000
0.5000,0.0000,0.5000,0.0000
0.5000,0.0000,0.5000,0.0000
0.5000,0.0000,0.5000,0.0000
0.5000,0.0000,0.5000,0.0000
0.5000,0.0000,0.5000,0.0000
0.5000,0.0000,0.5000,0.0000
0.5000,0.0000,0.5000,0.0000
0.5000,0.0000,0.5000,0.0000
0.5000,0.0000,0.5000,0.0000
0.5000,0.0000,0.5000,0.0000
0.5000,0.0000,0.5000,0.0000
0.5000,0.0000,0.5000,0.0000
0.5000,0.0000,0.5000,0.0000
0.5000,0.0000,0.5000,0.0000
0.5000,0.0000,0.5000,0.0000
0.5000,0.0000,0.5000,0.0000
0.5000,0.0000,0.5000,0.0000
0.5000,0.0000,0.5000,0.0000
0.5000,0.0000,0.5000,0.0000
0.5000,0.0000,0.5000,0.0000
0.5000,0.0000,0.5000,0.0000
0.5000,0.0000,0.5000,0.0000
0.5000,0.0000,0.5000,0.0000
0.5000,0.0000,0.5000,0.0000
0.5000,0.0000,0.5000,0.0000
0.5000,0.0000,0.5000,0.0000
0.5000,0.0000,0.5000,0.0000
0.5000,0.0000,0.5000,0.0000
0.5000,0.0000,0.5000,0.0000
0.5000,0.0000,0.5000,0.0000
0.5000,0.0000,0.5000,0.0000
0.5000,0.0000,0.5000,0.0000
0.5000,0.0000,0.5000,0.0000
0.5000,0.0000,0.5000,0.0000
0.5000,0.0000,0.5000,0.0000
0.5000,0.0000,0.5000,0.0000
0.5000,0.0000,0.5000,0.0000
0.5000,0.0000,0.5000,0.0000
0.5000,0.0000,0.5000,0.0000
3.3309,0.0000,3.3152,-0.3920
3.3152,-0.3920,3.2838,-0.7840
3.2838,-0.7840,3.2368,-1.1760
3.2368,-1.1760,3.1741,-1.5680
3.1741,-1.5680,3.0957,-1.9600
3.0957,-1.9600,3.0016,-2.3520
3.0016,-2.3520,2.8918,-2.7440
2.8918,-2.7440,2.7664,-3.1360
2.7664,-3.1360,2.6253,-3.5280
2.6253,-3.5280,2.4685,-3.9200
2.4685,-3.9200,2.2960,-4.3120
2.2960,-4.3120,2.1078,-4.7040
2.1078,-4.7040,1.9040,-5.0960
1.9040,-5.0960,1.6845,-5.4880
1.6845,-5.4880,1.4493,-5.8800
1.4493,-5.8800,1.1984,-6.2720
1.1984,-6.2720,0.9318,-6.6640
0.9318,-6.6640,0.6496,-7.0560
0.6496,-7.0560,0.5000,4.4688
0.5000,4.4688,0.6631,4.0768
0.6631,4.0768,0.8105,3.6848
0.8105,3.6848,0.9422,3.2928
0.9422,3.2928,1.0582,2.9008
1.0582,2.9008,1.1586,2.5088
1.1586,2.5088,1.2432,2.1168
1.2432,2.1168,1.3122,1.7248
1.3122,1.7248,1.3655,1.3328
1.3655,1.3328,1.4032,0.9408
1.4032,0.9408,1.4251,0.5488
1.4251,0.5488,1.4314,0.1568
1.4314,0.1568,1.4220,-0.2352
1.4220,-0.2352,1.3969,-0.6272
1.3969,-0.6272,1.3561,-1.0192
1.3561,-1.0192,1.2997,-1.4112
1.2997,-1.4112,1.2276,-1.8032
1.2276,-1.8032,1.1397,-2.1952
1.1397,-2.1952,1.0363,-2.5872
1.0363,-2.5872,0.9171,-2.9792
0.9171,-2.9792,0.7822,-3.3712
0.7822,-3.3712,0.6317,-3.7632
0.6317,-3.7632,0.5000,2.4931
0.5000,2.4931,0.5840,2.1011
0.5840,2.1011,0.6524,1.7091
0.6524,1.7091,0.7051,1.3171
0.7051,1.3171,0.7421,0.9251
0.7421,0.9251,0.7634,0.5331
0.7634,0.5331,0.7691,0.1411
0.7691,0.1411,0.7590,-0.2509
0.7590,-0.2509,0.7333,-0.6429
0.7333,-0.6429,0.6919,-1.0349
0.6919,-1.0349,0.6348,-1.4269
0.6348,-1.4269,0.5621,-1.8189
0.5621,-1.8189,0.5000,1.3265
0.5000,1.3265,0.5374,0.9345
0.5374,0.9345,0.5591,0.5425
0.5591,0.5425,0.5651,0.1505
0.5651,0.1505,0.5554,-0.2415
0.5554,-0.2415,0.5301,-0.6335
0.5301,-0.6335,0.5000,0.6153
0.5000,0.6153,0.5089,0.2233
0.5089,0.2233,0.5022,-0.1687
0.5022,-0.1687,0.5000,0.0000
0.5000,0.0000,0.5000,0.0000
0.5000,0.0000,0.5000,0.0000
0.5000,0.0000,0.5000,0.0000
0.5000,0.0000,0.5000,0.0000
0.5000,0.0000,0.5000,0.0000
0.5000,0.0000,0.5000,0.0000
0.5000,0.0000,0.5000,0.0000
0.5000,0.0000,0.5000,0.0000
0.5000,0.0000,0.5000,0.0000
0.5000,0.0000,0.5000,0.0000
0.5000,0.0000,0.5000,0.0000
0.5000,0.0000,0.5000,0.0000
0.5000,0.0000,0.5000,0.0000
0.5000,0.0000,0.5000,0.0000
0.5000,0.0000,0.5000,0.0000
0.5000,0.0000,0.5000,0.0000
0.5000,0.0000,0.5000,0.0000
0.5000,0.0000,0.5000,0.0000
0.5000,0.0000,0.5000,0.0000
0.5000,0.0000,0.5000,0.0000
0.5000,0.0000,0.5000,0.0000
0.5000,0.0000,0.5000,0.0000
0.5000,0.0000,0.5000,0.0000
0.5000,0.0000,0.5000,0.0000
0.5000,0.0000,0.5000,0.0000
0.5000,0.0000,0.5000,0.0000
0.5000,0.0000,0.5000,0.0000
0.5000,0.0000,0.5000,0.0000
0.5000,0.0000,0.5000,0.0000
0.5000,0.0000,0.5000,0.0000
0.5000,0.0000,0.5000,0.0000
0.5000,0.0000,0.5000,0.0000
0.5000,0.0000,0.5000,0.0000
0.5000,0.0000,0.5000,0.0000
0.5000,0.0000,0.5000,0.0000
0.5000,0.0000,0.5000,0.0000
0.5000,0.0000,0.5000,0.0000
0.5000,0.0000,0.5000,0.0000
0.5000,0.0000,0.5000,0.0000
0.5000,0.0000,0.5000,0.0000
0.5000,0.0000,0.5000,0.0000
0.5000,0.0000,0.5000,0.0000
0.5000,0.0000,0.5000,0.0000
0.5000,0.0000,0.5000,0.0000
0.5000,0.0000,0.5000,0.0000
0.5000,0.0000,0.5000,0.0000
0.5000,0.0000,0.5000,0.0000
0.5000,0.0000,0.5000,0.0000
0.5000,0.0000,0.5000,0.0000
0.5000,0.0000,0.5000,0.0000
0.5000,0.0000,0.5000,0.0000
0.5000,0.0000,0.5000,0.0000
0.5000,0.0000,0.5000,0.0000
0.5000,0.0000,0.5000,0.0000
0.5000,0.0000,0.5000,0.0000
0.5000,0.0000,0.5000,0.0000
0.5000,0.0000,0.5000,0.0000
0.5000,0.0000,0.5000,0.0000
0.5000,0.0000,0.5000,0.0000
0.5000,0.0000,0.5000,0.0000
0.5000,0.0000,0.5000,0.0000
0.5000,0.0000,0.5000,0.0000
0.5000,0.0000,0.5000,0.0000
0.5000,0.0000,0.5000,0.0000
0.5000,0.0000,0.5000,0.0000
0.5000,0.0000,0.5000,0.0000
0.5000,0.0000,0.5000,0.0000
0.5000,0.0000,0.5000,0.0000
0.5000,0.0000,0.5000,0.0000
0.5000,0.0000,0.5000,0.0000
0.5000,0.0000,0.5000,0.0000
0.5000,0.0000,0.5000,0.0000
0.5000,0.0000,0.5000,0.0000
0.5000,0.0000,0.5000,0.0000
0.5000,0.0000,0.5000,0.0000
0.5000,0.0000,0.5000,0.0000
0.5000,0.0000,0.5000,0.0000
0.5000,0.0000,0.5000,0.0000
0.5000,0.0000,0.5000,0.0000
0.5000,0.0000,0.5000,0.0000
0.5000,0.0000,0.5000,0.0000
0.5000,0.0000,0.5000,0.0000
0.5000,0.0000,0.5000,0.0000
0.5000,0.0000,0.5000,0.0000
0.5000,0.0000,0.5000,0.0000
0.5000,0.0000,0.5000,0.0000
0.5000,0.0000,0.5000,0.0000
0.5000,0.0000,0.5000,0.0000
3.7304,0.0000,3.7148,-0.3920
3.7148,-0.3920,3.6834,-0.7840
3.6834,-0.7840,3.6364,-1.1760
3.6364,-1.1760,3.5736,-1.5680
3.5736,-1.5680,3.4952,-1.9600
3.4952,-1.9600,3.4012,-2.3520
3.4012,-2.3520,3.2914,-2.7440
3.2914,-2.7440,3.1660,-3.1360
3.1660,-3.1360,3.0248,-3.5280
3.0248,-3.5280,2.8680,-3.9200
2.8680,-3.9200,2.6956,-4.3120
2.6956,-4.3120,2.5074,-4.7040
2.5074,-4.7040,2.3036,-5.0960
2.3036,-5.0960,2.0840,-5.4880
2.0840,-5.4880,1.8488,-5.8800
1.8488,-5.8800,1.5980,-6.2720
1.5980,-6.2720,1.3314,-6.6640
1.3314,-6.6640,1.0492,-7.0560
1.0492,-7.0560,0.7512,-7.4480
0.7512,-7.4480,0.5000,4.7040
0.5000,4.7040,0.6725,4.3120
0.6725,4.3120,0.8293,3.9200
0.8293,3.9200,0.9704,3.5280
0.9704,3.5280,1.0958,3.1360
1.0958,3.1360,1.2056,2.7440
1.2056,2.7440,1.2997,2.3520
1.2997,2.3520,1.3781,1.9600
1.3781,1.9600,1.4408,1.5680
1.4408,1.5680,1.4878,1.1760
1.4878,1.1760,1.5192,0.7840
1.5192,0.7840,1.5349,0.3920
1.5349,0.3920,1.5349,0.0000
1.5349,0.0000,1.5192,-0.3920
1.5192,-0.3920,1.4878,-0.7840
1.4878,-0.7840,1.4408,-1.1760
1.4408,-1.1760,1.3781,-1.5680
1.3781,-1.5680,1.2997,-1.9600
1.2997,-1.9600,1.2056,-2.3520
1.2056,-2.3520,1.0958,-2.7440
1.0958,-2.7440,0.9704,-3.1360
0.9704,-3.1360,0.8293,-3.5280
0.8293,-3.5280,0.6725,-3.9200
0.6725,-3.9200,0.5000,-4.3120
0.5000,-4.3120,0.5000,2.8224
0.5000,2.8224,0.5972,2.4304
0.5972,2.4304,0.6788,2.0384
0.6788,2.0384,0.7446,1.6464
0.7446,1.6464,0.7948,1.2544
0.7948,1.2544,0.8293,0.8624
0.8293,0.8624,0.8481,0.4704
0.8481,0.4704,0.8512,0.0784
0.8512,0.0784,0.8387,-0.3136
0.8387,-0.3136,0.8105,-0.7056
0.8105,-0.7056,0.7666,-1.0976
0.7666,-1.0976,0.7070,-1.4896
0.7070,-1.4896,0.6317,-1.8816
0.6317,-1.8816,0.5408,-2.2736
0.5408,-2.2736,0.5000,1.5994
0.5000,1.5994,0.5483,1.2074
0.5483,1.2074,0.5809,0.8154
0.5809,0.8154,0.5978,0.4234
0.5978,0.4234,0.5991,0.0314
0.5991,0.0314,0.5847,-0.3606
0.5847,-0.3606,0.5546,-0.7526
0.5546,-0.7526,0.5088,-1.1446
0.5088,-1.1446,0.5000,0.9220
0.5000,0.9220,0.5212,0.5300
0.5212,0.5300,0.5267,0.1380
0.5267,0.1380,0.5166,-0.2540
0.5166,-0.2540,0.5000,0.0000
0.5000,0.0000,0.5000,0.0000
0.5000,0.0000,0.5000,0.0000
0.5000,0.0000,0.5000,0.0000
0.5000,0.0000,0.5000,0.0000
0.5000,0.0000,0.5000,0.0000
0.5000,0.0000,0.5000,0.0000
0.5000,0.0000,0.5000,0.0000
0.5000,0.0000,0.5000,0.0000
0.5000,0.0000,0.5000,0.0000
0.5000,0.0000,0.5000,0.0000
0.5000,0.0000,0.5000,0.0000
0.5000,0.0000,0.5000,0.0000
0.5000,0.0000,0.5000,0.0000
0.5000,0.0000,0.5000,0.0000
0.5000,0.0000,0.5000,0.0000
0.5000,0.0000,0.5000,0.0000
0.5000,0.0000,0.5000,0.0000
0.5000,0.0000,0.5000,0.0000
0.5000,0.0000,0.5000,0.0000
0.5000,0.0000,0.5000,0.0000
0.5000,0.0000,0.5000,0.0000
0.5000,0.0000,0.5000,0.0000
0.5000,0.0000,0.5000,0.0000
0.5000,0.0000,0.5000,0.0000
0.5000,0.0000,0.5000,0.0000
0.5000,0.0000,0.5000,0.0000
0.5000,0.0000,0.5000,0.0000
0.5000,0.0000,0.5000,0.0000
0.5000,0.0000,0.5000,0.0000
0.5000,0.0000,0.5000,0.0000
0.5000,0.0000,0.5000,0.0000
0.5000,0.0000,0.5000,0.0000
0.5000,0.0000,0.5000,0.0000
0.5000,0.0000,0.5000,0.0000
0.5000,0.0000,0.5000,0.0000
0.5000,0.0000,0.5000,0.0000
0.5000,0.0000,0.5000,0.0000
0.5000,0.0000,0.5000,0.0000
0.5000,0.0000,0.5000,0.0000
0.5000,0.0000,0.5000,0.0000
0.5000,0.0000,0.5000,0.0000
0.5000,0.0000,0.5000,0.0000
0.5000,0.0000,0.5000,0.0000
0.5000,0.0000,0.5000,0.0000
0.5000,0.0000,0.5000,0.0000
0.5000,0.0000,0.5000,0.0000
0.5000,0.0000,0.5000,0.0000
0.5000,0.0000,0.5000,0.0000
0.5000,0.0000,0.5000,0.0000
0.5000,0.0000,0.5000,0.0000
0.5000,0.0000,0.5000,0.0000
0.5000,0.0000,0.5000,0.0000
0.5000,0.0000,0.5000,0.0000
0.5000,0.0000,0.5000,0.0000
0.5000,0.0000,0.5000,0.0000
0.5000,0.0000,0.5000,0.0000
0.5000,0.0000,0.5000,0.0000
0.5000,0.0000,0.5000,0.0000
0.5000,0.0000,0.5000,0.0000
0.5000,0.0000,0.5000,0.0000
0.5000,0.0000,0.5000,0.0000
0.5000,0.0000,0.5000,0.0000
0.5000,0.0000,0.5000,0.0000
0.5000,0.0000,0.5000,0.0000
0.5000,0.0000,0.5000,0.0000
0.5000,0.0000,0.5000,0.0000
0.5000,0.0000,0.5000,0.0000
0.5000,0.0000,0.5000,0.0000
0.5000,0.0000,0.5000,0.0000
0.5000,0.0000,0.5000,0.0000
0.5000,0.0000,0.5000,0.0000
0.5000,0.0000,0.5000,0.0000
0.5000,0.0000,0.5000,0.0000
0.5000,0.0000,0.5000,0.0000
0.5000,0.0000,0.5000,0.0000
0.5000,0.0000,0.5000,0.0000
0.5000,0.0000,0.5000,0.0000
0.5000,0.0000,0.5000,0.0000
0.5000,0.0000,0.5000,0.0000
0.5000,0.0000,0.5000,0.0000
8.2681,0.0000,8.2524,-0.3920
8.2524,-0.3920,8.2211,-0.7840
8.2211,-0.7840,8.1740,-1.1760
8.1740,-1.1760,8.1113,-1.5680
8.1113,-1.5680,8.0329,-1.9600
8.0329,-1.9600,7.9388,-2.3520
7.9388,-2.3520,7.8291,-2.7440
7.8291,-2.7440,7.7036,-3.1360
7.7036,-3.1360,7.5625,-3.5280
7.5625,-3.5280,7.4057,-3.9200
7.4057,-3.9200,7.2332,-4.3120
7.2332,-4.3120,7.0451,-4.7040
7.0451,-4.7040,6.8412,-5.0960
6.8412,-5.0960,6.6217,-5.4880
6.6217,-5.4880,6.3865,-5.8800
6.3865,-5.8800,6.1356,-6.2720
6.1356,-6.2720,5.8691,-6.6640
5.8691,-6.6640,5.5868,-7.0560
5.5868,-7.0560,5.2889,-7.4480
5.2889,-7.4480,4.9753,-7.8400
4.9753,-7.8400,4.6460,-8.2320
4.6460,-8.2320,4.3011,-8.6240
4.3011,-8.6240,3.9404,-9.0160
3.9404,-9.0160,3.5641,-9.4080
3.5641,-9.4080,3.1721,-9.8000
3.1721,-9.8000,2.7644,-10.1920
2.7644,-10.1920,2.3411,-10.5840
2.3411,-10.5840,1.9020,-10.9760
1.9020,-10.9760,1.4473,-11.3680
1.4473,-11.3680,0.9769,-11.7600
0.9769,-11.7600,0.5000,7.2912
0.5000,7.2912,0.7760,6.8992
0.7760,6.8992,1.0363,6.5072
1.0363,6.5072,1.2809,6.1152
1.2809,6.1152,1.5098,5.7232
1.5098,5.7232,1.7230,5.3312
1.7230,5.3312,1.9206,4.9392
1.9206,4.9392,2.1025,4.5472
2.1025,4.5472,2.2687,4.1552
2.2687,4.1552,2.4192,3.7632
2.4192,3.7632,2.5541,3.3712
2.5541,3.3712,2.6732,2.9792
2.6732,2.9792,2.7767,2.5872
2.7767,2.5872,2.8645,2.1952
2.8645,2.1952,2.9367,1.8032
2.9367,1.8032,2.9931,1.4112
2.9931,1.4112,3.0339,1.0192
3.0339,1.0192,3.0590,0.6272
3.0590,0.6272,3.0684,0.2352
3.0684,0.2352,3.0621,-0.1568
3.0621,-0.1568,3.0402,-0.5488
3.0402,-0.5488,3.0025,-0.9408
3.0025,-0.9408,2.9492,-1.3328
2.9492,-1.3328,2.8802,-1.7248
2.8802,-1.7248,2.7956,-2.1168
2.7956,-2.1168,2.6952,-2.5088
2.6952,-2.5088,2.5792,-2.9008
2.5792,-2.9008,2.4475,-3.2928
2.4475,-3.2928,2.3001,-3.6848
2.3001,-3.6848,2.1370,-4.0768
2.1370,-4.0768,1.9582,-4.4688
1.9582,-4.4688,1.7638,-4.8608
1.7638,-4.8608,1.5537,-5.2528
1.5537,-5.2528,1.3279,-5.6448
1.3279,-5.6448,1.0864,-6.0368
1.0864,-6.0368,0.8293,-6.4288
0.8293,-6.4288,0.5564,-6.8208
0.5564,-6.8208,0.5000,4.3277
0.5000,4.3277,0.6574,3.9357
0.6574,3.9357,0.7992,3.5437
0.7992,3.5437,0.9252,3.1517
0.9252,3.1517,1.0356,2.7597
1.0356,2.7597,1.1303,2.3677
1.1303,2.3677,1.2094,1.9757
1.2094,1.9757,1.2727,1.5837
1.2727,1.5837,1.3204,1.1917
1.3204,1.1917,1.3524,0.7997
1.3524,0.7997,1.3687,0.4077
1.3687,0.4077,1.3693,0.0157
1.3693,0.0157,1.3542,-0.3763
1.3542,-0.3763,1.3235,-0.7683
1.3235,-0.7683,1.2771,-1.1603
1.2771,-1.1603,1.2150,-1.5523
1.2150,-1.5523,1.1372,-1.9443
1.1372,-1.9443,1.0438,-2.3363
1.0438,-2.3363,0.9346,-2.7283
0.9346,-2.7283,0.8098,-3.1203
0.8098,-3.1203,0.6693,-3.5123
0.6693,-3.5123,0.5132,-3.9043
0.5132,-3.9043,0.5000,2.5778
0.5000,2.5778,0.5874,2.1858
0.5874,2.1858,0.6592,1.7938
0.6592,1.7938,0.7153,1.4018
0.7153,1.4018,0.7556,1.0098
0.7556,1.0098,0.7804,0.6178
0.7804,0.6178,0.7894,0.2258
0.7894,0.2258,0.7827,-0.1662
0.7827,-0.1662,0.7604,-0.5582
0.7604,-0.5582,0.7224,-0.9502
0.7224,-0.9502,0.6687,-1.3422
0.6687,-1.3422,0.5993,-1.7342
0.5993,-1.7342,0.5143,-2.1262
0.5143,-2.1262,0.5000,1.5109
0.5000,1.5109,0.5448,1.1189
0.5448,1.1189,0.5738,0.7269
0.5738,0.7269,0.5872,0.3349
0.5872,0.3349,0.5849,-0.0571
0.5849,-0.0571,0.5670,-0.4491
0.5670,-0.4491,0.5333,-0.8411
0.5333,-0.8411,0.5000,0.7398
0.5000,0.7398,0.5139,0.3478
0.5139,0.3478,0.5121,-0.0442
0.5121,-0.0442,0.5000,0.0000
0.5000,0.0000,0.5000,0.0000
0.5000,0.0000,0.5000,0.0000
0.5000,0.0000,0.5000,0.0000
0.5000,0.0000,0.5000,0.0000
0.5000,0.0000,0.5000,0.0000
0.5000,0.0000,0.5000,0.0000
0.5000,0.0000,0.5000,0.0000
0.5000,0.0000,0.5000,0.0000
0.5000,0.0000,0.5000,0.0000
0.5000,0.0000,0.5000,0.0000
0.5000,0.0000,0.5000,0.0000
0.5000,0.0000,0.5000,0.0000
0.5000,0.0000,0.5000,0.0000
0.5000,0.0000,0.5000,0.0000
0.5000,0.0000,0.5000,0.0000
0.5000,0.0000,0.5000,0.0000
0.5000,0.0000,0.5000,0.0000
0.5000,0.0000,0.5000,0.0000
0.5000,0.0000,0.5000,0.0000
0.5000,0.0000,0.5000,0.0000
0.5000,0.0000,0.5000,0.0000
0.5000,0.0000,0.5000,0.0000
0.5000,0.0000,0.5000,0.0000
0.5000,0.0000,0.5000,0.0000
0.5000,0.0000,0.5000,0.0000
0.5000,0.0000,0.5000,0.0000
0.5000,0.0000,0.5000,0.0000
0.5000,0.0000,0.5000,0.0000
0.5000,0.0000,0.5000,0.0000
0.5000,0.0000,0.5000,0.0000
0.5000,0.0000,0.5000,0.0000
0.5000,0.0000,0.5000,0.0000
0.5000,0.0000,0.5000,0.0000
0.5000,0.0000,0.5000,0.0000
0.5000,0.0000,0.5000,0.0000
0.5000,0.0000,0.5000,0.0000
0.5000,0.0000,0.5000,0.0000
3.9046,0.0000,3.8889,-0.3920
3.8889,-0.3920,3.8576,-0.7840
3.8576,-0.7840,3.8105,-1.1760
3.8105,-1.1760,3.7478,-1.5680
3.7478,-1.5680,3.6694,-1.9600
3.6694,-1.9600,3.5753,-2.3520
3.5753,-2.3520,3.4656,-2.7440
3.4656,-2.7440,3.3401,-3.1360
3.3401,-3.1360,3.1990,-3.5280
3.1990,-3.5280,3.0422,-3.9200
3.0422,-3.9200,2.8697,-4.3120
2.8697,-4.3120,2.6816,-4.7040
2.6816,-4.7040,2.4777,-5.0960
2.4777,-5.0960,2.2582,-5.4880
2.2582,-5.4880,2.0230,-5.8800
2.0230,-5.8800,1.7721,-6.2720
1.7721,-6.2720,1.5056,-6.6640
1.5056,-6.6640,1.2233,-7.0560
1.2233,-7.0560,0.9254,-7.4480
0.9254,-7.4480,0.6118,-7.8400
0.6118,-7.8400,0.5000,4.9392
0.5000,4.9392,0.6819,4.5472
0.6819,4.5472,0.8481,4.1552
0.8481,4.1552,0.9986,3.7632
0.9986,3.7632,1.1335,3.3712
1.1335,3.3712,1.2526,2.9792
1.2526,2.9792,1.3561,2.5872
1.3561,2.5872,1.4439,2.1952
1.4439,2.1952,1.5161,1.8032
1.5161,1.8032,1.5725,1.4112
1.5725,1.4112,1.6133,1.0192
1.6133,1.0192,1.6384,0.6272
1.6384,0.6272,1.6478,0.2352
1.6478,0.2352,1.6415,-0.1568
1.6415,-0.1568,1.6196,-0.5488
1.6196,-0.5488,1.5819,-0.9408
1.5819,-0.9408,1.5286,-1.3328
1.5286,-1.3328,1.4596,-1.7248
1.4596,-1.7248,1.3749,-2.1168
1.3749,-2.1168,1.2746,-2.5088
1.2746,-2.5088,1.1586,-2.9008
1.1586,-2.9008,1.0268,-3.2928
1.0268,-3.2928,0.8795,-3.6848
0.8795,-3.6848,0.7164,-4.0768
0.7164,-4.0768,0.5376,-4.4688
0.5376,-4.4688,0.5000,2.9165
0.5000,2.9165,0.6010,2.5245
0.6010,2.5245,0.6863,2.1325
0.6863,2.1325,0.7559,1.7405
0.7559,1.7405,0.8098,1.3485
0.8098,1.3485,0.8481,0.9565
0.8481,0.9565,0.8707,0.5645
0.8707,0.5645,0.8776,0.1725
0.8776,0.1725,0.8688,-0.2195
0.8688,-0.2195,0.8443,-0.6115
0.8443,-0.6115,0.8042,-1.0035
0.8042,-1.0035,0.7484,-1.3955
0.7484,-1.3955,0.6769,-1.7875
0.6769,-1.7875,0.5897,-2.1795
0.5897,-2.1795,0.5000,1.5429
0.5000,1.5429,0.5460,1.1509
0.5460,1.1509,0.5764,0.7589
0.5764,0.7589,0.5911,0.3669
0.5911,0.3669,0.5901,-0.0251
0.5901,-0.0251,0.5734,-0.4171
0.5734,-0.4171,0.5410,-0.8091
0.5410,-0.8091,0.5000,0.7207
0.5000,0.7207,0.5131,0.3287
0.5131,0.3287,0.5106,-0.0633
0.5106,-0.0633,0.5000,0.0000
0.5000,0.0000,0.5000,0.0000
0.5000,0.0000,0.5000,0.0000
0.5000,0.0000,0.5000,0.0000
0.5000,0.0000,0.5000,0.0000
0.5000,0.0000,0.5000,0.0000
0.5000,0.0000,0.5000,0.0000
0.5000,0.0000,0.5000,0.0000
0.5000,0.0000,0.5000,0.0000
0.5000,0.0000,0.5000,0.0000
0.5000,0.0000,0.5000,0.0000
0.5000,0.0000,0.5000,0.0000
0.5000,0.0000,0.5000,0.0000
0.5000,0.0000,0.5000,0.0000
0.5000,0.0000,0.5000,0.0000
0.5000,0.0000,0.5000,0.0000
0.5000,0.0000,0.5000,0.0000
0.5000,0.0000,0.5000,0.0000
0.5000,0.0000,0.5000,0.0000
0.5000,0.0000,0.5000,0.0000
0.5000,0.0000,0.5000,0.0000
0.5000,0.0000,0.5000,0.0000
0.5000,0.0000,0.5000,0.0000
0.5000,0.0000,0.5000,0.0000
0.5000,0.0000,0.5000,0.0000
0.5000,0.0000,0.5000,0.0000
0.5000,0.0000,0.5000,0.0000
0.5000,0.0000,0.5000,0.0000
0.5000,0.0000,0.5000,0.0000
0.5000,0.0000,0.5000,0.0000
0.5000,0.0000,0.5000,0.0000
0.5000,0.0000,0.5000,0.0000
0.5000,0.0000,0.5000,0.0000
0.5000,0.0000,0.5000,0.0000
0.5000,0.0000,0.5000,0.0000
0.5000,0.0000,0.5000,0.0000
0.5000,0.0000,0.5000,0.0000
0.5000,0.0000,0.5000,0.0000
0.5000,0.0000,0.5000,0.0000
0.5000,0.0000,0.5000,0.0000
0.5000,0.0000,0.5000,0.0000
0.5000,0.0000,0.5000,0.0000
0.5000,0.0000,0.5000,0.0000
0.5000,0.0000,0.5000,0.0000
0.5000,0.0000,0.5000,0.0000
0.5000,0.0000,0.5000,0.0000
0.5000,0.0000,0.5000,0.0000
0.5000,0.0000,0.5000,0.0000
0.5000,0.0000,0.5000,0.0000
0.5000,0.0000,0.5000,0.0000
0.5000,0.0000,0.5000,0.0000
0.5000,0.0000,0.5000,0.0000
0.5000,0.0000,0.5000,0.0000
0.5000,0.0000,0.5000,0.0000
0.5000,0.0000,0.5000,0.0000
0.5000,0.0000,0.5000,0.0000
0.5000,0.0000,0.5000,0.0000
0.5000,0.0000,0.5000,0.0000
0.5000,0.0000,0.5000,0.0000
0.5000,0.0000,0.5000,0.0000
0.5000,0.0000,0.5000,0.0000
0.5000,0.0000,0.5000,0.0000
0.5000,0.0000,0.5000,0.0000
0.5000,0.0000,0.5000,0.0000
0.5000,0.0000,0.5000,0.0000
0.5000,0.0000,0.5000,0.0000
0.5000,0.0000,0.5000,0.0000
0.5000,0.0000,0.5000,0.0000
0.5000,0.0000,0.5000,0.0000
0.5000,0.0000,0.5000,0.0000
0.5000,0.0000,0.5000,0.0000
0.5000,0.0000,0.5000,0.0000
0.5000,0.0000,0.5000,0.0000
0.5000,0.0000,0.5000,0.0000
0.5000,0.0000,0.5000,0.0000
0.5000,0.0000,0.5000,0.0000
0.5000,0.0000,0.5000,0.0000
0.5000,0.0000,0.5000,0.0000
0.5000,0.0000,0.5000,0.0000
0.5000,0.0000,0.5000,0.0000
0.5000,0.0000,0.5000,0.0000
9.2301,0.0000,9.2144,-0.3920
9.2144,-0.3920,9.1830,-0.7840
9.1830,-0.7840,9.1360,-1.1760
9.1360,-1.1760,9.0733,-1.5680
9.0733,-1.5680,8.9949,-1.9600
8.9949,-1.9600,8.9008,-2.3520
8.9008,-2.3520,8.7910,-2.7440
8.7910,-2.7440,8.6656,-3.1360
8.6656,-3.1360,8.5245,-3.5280
8.5245,-3.5280,8.3677,-3.9200
8.3677,-3.9200,8.1952,-4.3120
8.1952,-4.3120,8.0070,-4.7040
8.0070,-4.7040,7.8032,-5.0960
7.8032,-5.0960,7.5837,-5.4880
7.5837,-5.4880,7.3485,-5.8800
7.3485,-5.8800,7.0976,-6.2720
7.0976,-6.2720,6.8310,-6.6640
6.8310,-6.6640,6.5488,-7.0560
6.5488,-7.0560,6.2509,-7.4480
6.2509,-7.4480,5.9373,-7.8400
5.9373,-7.8400,5.6080,-8.2320
5.6080,-8.2320,5.2630,-8.6240
5.2630,-8.6240,4.9024,-9.0160
4.9024,-9.0160,4.5261,-9.4080
4.5261,-9.4080,4.1341,-9.8000
4.1341,-9.8000,3.7264,-10.1920
3.7264,-10.1920,3.3030,-10.5840
3.3030,-10.5840,2.8640,-10.9760
2.8640,-10.9760,2.4093,-11.3680
2.4093,-11.3680,1.9389,-11.7600
1.9389,-11.7600,1.4528,-12.1520
1.4528,-12.1520,0.9510,-12.5440
0.9510,-12.5440,0.5000,7.7616
0.5000,7.7616,0.7948,7.3696
0.7948,7.3696,1.0739,6.9776
1.0739,6.9776,1.3373,6.5856
1.3373,6.5856,1.5851,6.1936
1.5851,6.1936,1.8171,5.8016
1.8171,5.8016,2.0335,5.4096
2.0335,5.4096,2.2342,5.0176
2.2342,5.0176,2.4192,4.6256
2.4192,4.6256,2.5886,4.2336
2.5886,4.2336,2.7422,3.8416
2.7422,3.8416,2.8802,3.4496
2.8802,3.4496,3.0025,3.0576
3.0025,3.0576,3.1092,2.6656
3.1092,2.6656,3.2001,2.2736
3.2001,2.2736,3.2754,1.8816
3.2754,1.8816,3.3349,1.4896
3.3349,1.4896,3.3788,1.0976
3.3788,1.0976,3.4071,0.7056
3.4071,0.7056,3.4196,0.3136
3.4196,0.3136,3.4165,-0.0784
3.4165,-0.0784,3.3977,-0.4704
3.3977,-0.4704,3.3632,-0.8624
3.3632,-0.8624,3.3130,-1.2544
3.3130,-1.2544,3.2471,-1.6464
3.2471,-1.6464,3.1656,-2.0384
3.1656,-2.0384,3.0684,-2.4304
3.0684,-2.4304,2.9555,-2.8224
2.9555,-2.8224,2.8269,-3.2144
2.8269,-3.2144,2.6827,-3.6064
2.6827,-3.6064,2.5227,-3.9984
2.5227,-3.9984,2.3471,-4.3904
2.3471,-4.3904,2.1558,-4.7824
2.1558,-4.7824,1.9488,-5.1744
1.9488,-5.1744,1.7262,-5.5664
1.7262,-5.5664,1.4878,-5.9584
1.4878,-5.9584,1.2338,-6.3504
1.2338,-6.3504,0.9641,-6.7424
0.9641,-6.7424,0.6788,-7.1344
0.6788,-7.1344,0.5000,4.5158
0.5000,4.5158,0.6650,4.1238
0.6650,4.1238,0.8142,3.7318
0.8142,3.7318,0.9478,3.3398
0.9478,3.3398,1.0657,2.9478
1.0657,2.9478,1.1680,2.5558
1.1680,2.5558,1.2545,2.1638
1.2545,2.1638,1.3254,1.7718
1.3254,1.7718,1.3806,1.3798
1.3806,1.3798,1.4201,0.9878
1.4201,0.9878,1.4439,0.5958
1.4439,0.5958,1.4521,0.2038
1.4521,0.2038,1.4446,-0.1882
1.4446,-0.1882,1.4214,-0.5802
1.4214,-0.5802,1.3825,-0.9722
1.3825,-0.9722,1.3279,-1.3642
1.3279,-1.3642,1.2577,-1.7562
1.2577,-1.7562,1.1717,-2.1482
1.1717,-2.1482,1.0701,-2.5402
1.0701,-2.5402,0.9528,-2.9322
0.9528,-2.9322,0.8199,-3.3242
0.8199,-3.3242,0.6712,-3.7162
0.6712,-3.7162,0.5069,-4.1082
0.5069,-4.1082,0.5000,2.7001
0.5000,2.7001,0.5923,2.3081
0.5923,2.3081,0.6690,1.9161
0.6690,1.9161,0.7299,1.5241
0.7299,1.5241,0.7752,1.1321
0.7752,1.1321,0.8048,0.7401
0.8048,0.7401,0.8187,0.3481
0.8187,0.3481,0.8170,-0.0439
0.8170,-0.0439,0.7996,-0.4359
0.7996,-0.4359,0.7664,-0.8279
0.7664,-0.8279,0.7176,-1.2199
0.7176,-1.2199,0.6532,-1.6119
0.6532,-1.6119,0.5730,-2.0039
0.5730,-2.0039,0.5000,1.4375
0.5000,1.4375,0.5418,1.0455
0.5418,1.0455,0.5680,0.6535
0.5680,0.6535,0.5784,0.2615
0.5784,0.2615,0.5732,-0.1305
0.5732,-0.1305,0.5523,-0.5225
0.5523,-0.5225,0.5157,-0.9145
0.5157,-0.9145,0.5000,0.7839
0.5000,0.7839,0.5157,0.3919
0.5157,0.3919,0.5157,-0.0001
0.5157,-0.0001,0.5000,0.0000
0.5000,0.0000,0.5000,0.0000
0.5000,0.0000,0.5000,0.0000
0.5000,0.0000,0.5000,0.0000
0.5000,0.0000,0.5000,0.0000
0.5000,0.0000,0.5000,0.0000
0.5000,0.0000,0.5000,0.0000
0.5000,0.0000,0.5000,0.0000
0.5000,0.0000,0.5000,0.0000
0.5000,0.0000,0.5000,0.0000
0.5000,0.0000,0.5000,0.0000
0.5000,0.0000,0.5000,0.0000
0.5000,0.0000,0.5000,0.0000
0.5000,0.0000,0.5000,0.0000
0.5000,0.0000,0.5000,0.0000
0.5000,0.0000,0.5000,0.0000
0.5000,0.0000,0.5000,0.0000
0.5000,0.0000,0.5000,0.0000
0.5000,0.0000,0.5000,0.0000
0.5000,0.0000,0.5000,0.0000
0.5000,0.0000,0.5000,0.0000
0.5000,0.0000,0.5000,0.0000
0.5000,0.0000,0.5000,0.0000
0.5000,0.0000,0.5000,0.0000
0.5000,0.0000,0.5000,0.0000
0.5000,0.0000,0.5000,0.0000
0.5000,0.0000,0.5000,0.0000
0.5000,0.0000,0.5000,0.0000
0.5000,0.0000,0.5000,0.0000
0.5000,0.0000,0.5000,0.0000
0.5000,0.0000,0.5000,0.0000
0.5000,0.0000,0.5000,0.0000
0.5000,0.0000,0.5000,0.0000
9.3189,0.0000,9.3032,-0.3920
9.3032,-0.3920,9.2718,-0.7840
9.2718,-0.7840,9.2248,-1.1760
9.2248,-1.1760,9.1621,-1.5680
9.1621,-1.5680,9.0837,-1.9600
9.0837,-1.9600,8.9896,-2.3520
8.9896,-2.3520,8.8798,-2.7440
8.8798,-2.7440,8.7544,-3.1360
8.7544,-3.1360,8.6133,-3.5280
8.6133,-3.5280,8.4565,-3.9200
8.4565,-3.9200,8.2840,-4.3120
8.2840,-4.3120,8.0958,-4.7040
8.0958,-4.7040,7.8920,-5.0960
7.8920,-5.0960,7.6725,-5.4880
7.6725,-5.4880,7.4373,-5.8800
7.4373,-5.8800,7.1864,-6.2720
7.1864,-6.2720,6.9198,-6.6640
6.9198,-6.6640,6.6376,-7.0560
6.6376,-7.0560,6.3397,-7.4480
6.3397,-7.4480,6.0261,-7.8400
6.0261,-7.8400,5.6968,-8.2320
5.6968,-8.2320,5.3518,-8.6240
5.3518,-8.6240,4.9912,-9.0160
4.9912,-9.0160,4.6149,-9.4080
4.6149,-9.4080,4.2229,-9.8000
4.2229,-9.8000,3.8152,-10.1920
3.8152,-10.1920,3.3918,-10.5840
3.3918,-10.5840,2.9528,-10.9760
2.9528,-10.9760,2.4981,-11.3680
2.4981,-11.3680,2.0277,-11.7600
2.0277,-11.7600,1.5416,-12.1520
1.5416,-12.1520,1.0398,-12.5440
1.0398,-12.5440,0.5224,-12.9360
0.5224,-12.9360,0.5000,7.9968
0.5000,7.9968,0.8042,7.6048
0.8042,7.6048,1.0927,7.2128
1.0927,7.2128,1.3655,6.8208
1.3655,6.8208,1.6227,6.4288
1.6227,6.4288,1.8642,6.0368
1.8642,6.0368,2.0900,5.6448
2.0900,5.6448,2.3001,5.2528
2.3001,5.2528,2.4945,4.8608
2.4945,4.8608,2.6732,4.4688
2.6732,4.4688,2.8363,4.0768
2.8363,4.0768,2.9837,3.6848
2.9837,3.6848,3.1154,3.2928
3.1154,3.2928,3.2315,2.9008
3.2315,2.9008,3.3318,2.5088
3.3318,2.5088,3.4165,2.1168
3.4165,2.1168,3.4855,1.7248
3.4855,1.7248,3.5388,1.3328
3.5388,1.3328,3.5764,0.9408
3.5764,0.9408,3.5984,0.5488
3.5984,0.5488,3.6046,0.1568
3.6046,0.1568,3.5952,-0.2352
3.5952,-0.2352,3.5701,-0.6272
3.5701,-0.6272,3.5294,-1.0192
3.5294,-1.0192,3.4729,-1.4112
3.4729,-1.4112,3.4008,-1.8032
3.4008,-1.8032,3.3130,-2.1952
3.3130,-2.1952,3.2095,-2.5872
3.2095,-2.5872,3.0903,-2.9792
3.0903,-2.9792,2.9555,-3.3712
2.9555,-3.3712,2.8050,-3.7632
2.8050,-3.7632,2.6388,-4.1552
2.6388,-4.1552,2.4569,-4.5472
2.4569,-4.5472,2.2593,-4.9392
2.2593,-4.9392,2.0460,-5.3312
2.0460,-5.3312,1.8171,-5.7232
1.8171,-5.7232,1.5725,-6.1152
1.5725,-6.1152,1.3122,-6.5072
1.3122,-6.5072,1.0363,-6.8992
1.0363,-6.8992,0.7446,-7.2912
0.7446,-7.2912,0.5000,4.6099
0.5000,4.6099,0.6687,4.2179
0.6687,4.2179,0.8218,3.8259
0.8218,3.8259,0.9591,3.4339
0.9591,3.4339,1.0808,3.0419
1.0808,3.0419,1.1868,2.6499
1.1868,2.6499,1.2771,2.2579
1.2771,2.2579,1.3517,1.8659
1.3517,1.8659,1.4107,1.4739
1.4107,1.4739,1.4540,1.0819
1.4540,1.0819,1.4816,0.6899
1.4816,0.6899,1.4935,0.2979
1.4935,0.2979,1.4897,-0.0941
1.4897,-0.0941,1.4703,-0.4861
1.4703,-0.4861,1.4352,-0.8781
1.4352,-0.8781,1.3844,-1.2701
1.3844,-1.2701,1.3179,-1.6621
1.3179,-1.6621,1.2357,-2.0541
1.2357,-2.0541,1.1379,-2.4461
1.1379,-2.4461,1.0243,-2.8381
1.0243,-2.8381,0.8951,-3.2301
0.8951,-3.2301,0.7503,-3.6221
0.7503,-3.6221,0.5897,-4.0141
0.5897,-4.0141,0.5000,2.6436
0.5000,2.6436,0.5901,2.2516
0.5901,2.2516,0.6645,1.8596
0.6645,1.8596,0.7232,1.4676
0.7232,1.4676,0.7662,1.0756
0.7662,1.0756,0.7935,0.6836
0.7935,0.6836,0.8052,0.2916
0.8052,0.2916,0.8012,-0.1004
0.8012,-0.1004,0.7815,-0.4924
0.7815,-0.4924,0.7461,-0.8844
0.7461,-0.8844,0.6951,-1.2764
0.6951,-1.2764,0.6283,-1.6684
0.6283,-1.6684,0.5459,-2.0604
0.5459,-2.0604,0.5000,1.4714
0.5000,1.4714,0.5432,1.0794
0.5432,1.0794,0.5707,0.6874
0.5707,0.6874,0.5825,0.2954
0.5825,0.2954,0.5786,-0.0966
0.5786,-0.0966,0.5591,-0.4886
0.5591,-0.4886,0.5239,-0.8806
0.5239,-0.8806,0.5000,0.7636
0.5000,0.7636,0.5149,0.3716
0.5149,0.3716,0.5140,-0.0204
0.5140,-0.0204,0.5000,0.0000
0.5000,0.0000,0.5000,0.0000
0.5000,0.0000,0.5000,0.0000
0.5000,0.0000,0.5000,0.0000
0.5000,0.0000,0.5000,0.0000
0.5000,0.0000,0.5000,0.0000
0.5000,0.0000,0.5000,0.0000
0.5000,0.0000,0.5000,0.0000
0.5000,0.0000,0.5000,0.0000
0.5000,0.0000,0.5000,0.0000
0.5000,0.0000,0.5000,0.0000
0.5000,0.0000,0.5000,0.0000
0.5000,0.0000,0.5000,0.0000
0.5000,0.0000,0.5000,0.0000
0.5000,0.0000,0.5000,0.0000
0.5000,0.0000,0.5000,0.0000
0.5000,0.0000,0.5000,0.0000
0.5000,0.0000,0.5000,0.0000
0.5000,0.0000,0.5000,0.0000
0.5000,0.0000,0.5000,0.0000
0.5000,0.0000,0.5000,0.0000
0.5000,0.0000,0.5000,0.0000
0.5000,0.0000,0.5000,0.0000
0.5000,0.0000,0.5000,0.0000
0.5000,0.0000,0.5000,0.0000
0.5000,0.0000,0.5000,0.0000
0.5000,0.0000,0.5000,0.0000
0.5000,0.0000,0.5000,0.0000
0.5000,0.0000,0.5000,0.0000
0.5000,0.0000,0.5000,0.0000
0.5000,0.0000,0.5000,0.0000
4.4400,0.0000,4.4243,-0.3920
4.4243,-0.3920,4.3929,-0.7840
4.3929,-0.7840,4.3459,-1.1760
4.3459,-1.1760,4.2832,-1.5680
4.2832,-1.5680,4.2048,-1.9600
4.2048,-1.9600,4.1107,-2.3520
4.1107,-2.3520,4.0009,-2.7440
4.0009,-2.7440,3.8755,-3.1360
3.8755,-3.1360,3.7344,-3.5280
3.7344,-3.5280,3.5776,-3.9200
3.5776,-3.9200,3.4051,-4.3120
3.4051,-4.3120,3.2169,-4.7040
3.2169,-4.7040,3.0131,-5.0960
3.0131,-5.0960,2.7936,-5.4880
2.7936,-5.4880,2.5584,-5.8800
2.5584,-5.8800,2.3075,-6.2720
2.3075,-6.2720,2.0409,-6.6640
2.0409,-6.6640,1.7587,-7.0560
1.7587,-7.0560,1.4608,-7.4480
1.4608,-7.4480,1.1472,-7.8400
1.1472,-7.8400,0.8179,-8.2320
0.8179,-8.2320,0.5000,5.1744
0.5000,5.1744,0.6913,4.7824
0.6913,4.7824,0.8669,4.3904
0.8669,4.3904,1.0268,3.9984
1.0268,3.9984,1.1711,3.6064
1.1711,3.6064,1.2997,3.2144
1.2997,3.2144,1.4126,2.8224
1.4126,2.8224,1.5098,2.4304
1.5098,2.4304,1.5913,2.0384
1.5913,2.0384,1.6572,1.6464
1.6572,1.6464,1.7074,1.2544
1.7074,1.2544,1.7419,0.8624
1.7419,0.8624,1.7607,0.4704
1.7607,0.4704,1.7638,0.0784
1.7638,0.0784,1.7513,-0.3136
1.7513,-0.3136,1.7230,-0.7056
1.7230,-0.7056,1.6791,-1.0976
1.6791,-1.0976,1.6196,-1.4896
1.6196,-1.4896,1.5443,-1.8816
1.5443,-1.8816,1.4533,-2.2736
1.4533,-2.2736,1.3467,-2.6656
1.3467,-2.6656,1.2244,-3.0576
1.2244,-3.0576,1.0864,-3.4496
1.0864,-3.4496,0.9328,-3.8416
0.9328,-3.8416,0.7634,-4.2336
0.7634,-4.2336,0.5784,-4.6256
0.5784,-4.6256,0.5000,3.0106
0.5000,3.0106,0.6047,2.6186
0.6047,2.6186,0.6938,2.2266
0.6938,2.2266,0.7672,1.8346
0.7672,1.8346,0.8249,1.4426
0.8249,1.4426,0.8669,1.0506
0.8669,1.0506,0.8933,0.6586
0.8933,0.6586,0.9039,0.2666
0.9039,0.2666,0.8989,-0.1254
0.8989,-0.1254,0.8782,-0.5174
0.8782,-0.5174,0.8418,-0.9094
0.8418,-0.9094,0.7898,-1.3014
0.7898,-1.3014,0.7220,-1.6934
0.7220,-1.6934,0.6386,-2.0854
0.6386,-2.0854,0.5395,-2.4774
0.5395,-2.4774,0.5000,1.7217
0.5000,1.7217,0.5532,1.3297
0.5532,1.3297,0.5907,0.9377
0.5907,0.9377,0.6125,0.5457
0.6125,0.5457,0.6187,0.1537
0.6187,0.1537,0.6091,-0.2383
0.6091,-0.2383,0.5839,-0.6303
0.5839,-0.6303,0.5430,-1.0223
0.5430,-1.0223,0.5000,0.8486
0.5000,0.8486,0.5183,0.4566
0.5183,0.4566,0.5208,0.0646
0.5208,0.0646,0.5078,-0.3274
0.5078,-0.3274,0.5000,0.4316
0.5000,0.4316,0.5016,0.0396
0.5016,0.0396,0.5000,0.0000
0.5000,0.0000,0.5000,0.0000
0.5000,0.0000,0.5000,0.0000
0.5000,0.0000,0.5000,0.0000
0.5000,0.0000,0.5000,0.0000
0.5000,0.0000,0.5000,0.0000
0.5000,0.0000,0.5000,0.0000
0.5000,0.0000,0.5000,0.0000
0.5000,0.0000,0.5000,0.0000
0.5000,0.0000,0.5000,0.0000
0.5000,0.0000,0.5000,0.0000
0.5000,0.0000,0.5000,0.0000
0.5000,0.0000,0.5000,0.0000
0.5000,0.0000,0.5000,0.0000
0.5000,0.0000,0.5000,0.0000
0.5000,0.0000,0.5000,0.0000
0.5000,0.0000,0.5000,0.0000
0.5000,0.0000,0.5000,0.0000
0.5000,0.0000,0.5000,0.0000
0.5000,0.0000,0.5000,0.0000
0.5000,0.0000,0.5000,0.0000
0.5000,0.0000,0.5000,0.0000
0.5000,0.0000,0.5000,0.0000
0.5000,0.0000,0.5000,0.0000
0.5000,0.0000,0.5000,0.0000
0.5000,0.0000,0.5000,0.0000
0.5000,0.0000,0.5000,0.0000
0.5000,0.0000,0.5000,0.0000
0.5000,0.0000,0.5000,0.0000
0.5000,0.0000,0.5000,0.0000
0.5000,0.0000,0.5000,0.0000
0.5000,0.0000,0.5000,0.0000
0.5000,0.0000,0.5000,0.0000
0.5000,0.0000,0.5000,0.0000
0.5000,0.0000,0.5000,0.0000
0.5000,0.0000,0.5000,0.0000
0.5000,0.0000,0.5000,0.0000
0.5000,0.0000,0.5000,0.0000
0.5000,0.0000,0.5000,0.0000
0.5000,0.0000,0.5000,0.0000
0.5000,0.0000,0.5000,0.0000
0.5000,0.0000,0.5000,0.0000
0.5000,0.0000,0.5000,0.0000
0.5000,0.0000,0.5000,0.0000
0.5000,0.0000,0.5000,0.0000
0.5000,0.0000,0.5000,0.0000
0.5000,0.0000,0.5000,0.0000
0.5000,0.0000,0.5000,0.0000
0.5000,0.0000,0.5000,0.0000
0.5000,0.0000,0.5000,0.0000
0.5000,0.0000,0.5000,0.0000
0.5000,0.0000,0.5000,0.0000
0.5000,0.0000,0.5000,0.0000
0.5000,0.0000,0.5000,0.0000
0.5000,0.0000,0.5000,0.0000
0.5000,0.0000,0.5000,0.0000
0.5000,0.0000,0.5000,0.0000
0.5000,0.0000,0.5000,0.0000
0.5000,0.0000,0.5000,0.0000
0.5000,0.0000,0.5000,0.0000
0.5000,0.0000,0.5000,0.0000
0.5000,0.0000,0.5000,0.0000
0.5000,0.0000,0.5000,0.0000
0.5000,0.0000,0.5000,0.0000
0.5000,0.0000,0.5000,0.0000
0.5000,0.0000,0.5000,0.0000
0.5000,0.0000,0.5000,0.0000
0.5000,0.0000,0.5000,0.0000
0.5000,0.0000,0.5000,0.0000
0.5000,0.0000,0.5000,0.0000
0.5000,0.0000,0.5000,0.0000
0.5000,0.0000,0.5000,0.0000
0.5000,0.0000,0.5000,0.0000
0.5000,0.0000,0.5000,0.0000
5.0172,0.0000,5.0015,-0.3920
5.0015,-0.3920,4.9702,-0.7840
4.9702,-0.7840,4.9231,-1.1760
4.9231,-1.1760,4.8604,-1.5680
4.8604,-1.5680,4.7820,-1.9600
4.7820,-1.9600,4.6879,-2.3520
4.6879,-2.3520,4.5782,-2.7440
4.5782,-2.7440,4.4527,-3.1360
4.4527,-3.1360,4.3116,-3.5280
4.3116,-3.5280,4.1548,-3.9200
4.1548,-3.9200,3.9823,-4.3120
3.9823,-4.3120,3.7942,-4.7040
3.7942,-4.7040,3.5903,-5.0960
3.5903,-5.0960,3.3708,-5.4880
3.3708,-5.4880,3.1356,-5.8800
3.1356,-5.8800,2.8847,-6.2720
2.8847,-6.2720,2.6182,-6.6640
2.6182,-6.6640,2.3359,-7.0560
2.3359,-7.0560,2.0380,-7.4480
2.0380,-7.4480,1.7244,-7.8400
1.7244,-7.8400,1.3951,-8.2320
1.3951,-8.2320,1.0502,-8.6240
1.0502,-8.6240,0.6895,-9.0160
0.6895,-9.0160,0.5000,5.6448
0.5000,5.6448,0.7101,5.2528
0.7101,5.2528,0.9045,4.8608
0.9045,4.8608,1.0833,4.4688
1.0833,4.4688,1.2464,4.0768
1.2464,4.0768,1.3938,3.6848
1.3938,3.6848,1.5255,3.2928
1.5255,3.2928,1.6415,2.9008
1.6415,2.9008,1.7419,2.5088
1.7419,2.5088,1.8265,2.1168
1.8265,2.1168,1.8955,1.7248
1.8955,1.7248,1.9488,1.3328
1.9488,1.3328,1.9865,0.9408
1.9865,0.9408,2.0084,0.5488
2.0084,0.5488,2.0147,0.1568
2.0147,0.1568,2.0053,-0.2352
2.0053,-0.2352,1.9802,-0.6272
1.9802,-0.6272,1.9394,-1.0192
1.9394,-1.0192,1.8830,-1.4112
1.8830,-1.4112,1.8108,-1.8032
1.8108,-1.8032,1.7230,-2.1952
1.7230,-2.1952,1.6196,-2.5872
1.6196,-2.5872,1.5004,-2.9792
1.5004,-2.9792,1.3655,-3.3712
1.3655,-3.3712,1.2150,-3.7632
1.2150,-3.7632,1.0488,-4.1552
1.0488,-4.1552,0.8669,-4.5472
0.8669,-4.5472,0.6693,-4.9392
0.6693,-4.9392,0.5000,3.1987
0.5000,3.1987,0.6123,2.8067
0.6123,2.8067,0.7089,2.4147
0.7089,2.4147,0.7898,2.0227
0.7898,2.0227,0.8550,1.6307
0.8550,1.6307,0.9045,1.2387
0.9045,1.2387,0.9384,0.8467
0.9384,0.8467,0.9566,0.4547
0.9566,0.4547,0.9591,0.0627
0.9591,0.0627,0.9459,-0.3293
0.9459,-0.3293,0.9171,-0.7213
0.9171,-0.7213,0.8726,-1.1133
0.8726,-1.1133,0.8123,-1.5053
0.8123,-1.5053,0.7365,-1.8973
0.7365,-1.8973,0.6449,-2.2893
0.6449,-2.2893,0.5376,-2.6813
0.5376,-2.6813,0.5000,1.8440
0.5000,1.8440,0.5581,1.4520
0.5581,1.4520,0.6005,1.0600
0.6005,1.0600,0.6272,0.6680
0.6272,0.6680,0.6382,0.2760
0.6382,0.2760,0.6336,-0.1160
0.6336,-0.1160,0.6133,-0.5080
0.6133,-0.5080,0.5773,-0.9000
0.5773,-0.9000,0.5256,-1.2920
0.5256,-1.2920,0.5000,1.0104
0.5000,1.0104,0.5247,0.6184
0.5247,0.6184,0.5338,0.2264
0.5338,0.2264,0.5272,-0.1656
0.5272,-0.1656,0.5049,-0.5576
0.5049,-0.5576,0.5000,0.5697
0.5000,0.5697,0.5071,0.1777
0.5071,0.1777,0.5000,0.0000
0.5000,0.0000,0.5000,0.0000
0.5000,0.0000,0.5000,0.0000
0.5000,0.0000,0.5000,0.0000
0.5000,0.0000,0.5000,0.0000
0.5000,0.0000,0.5000,0.0000
0.5000,0.0000,0.5000,0.0000
0.5000,0.0000,0.5000,0.0000
0.5000,0.0000,0.5000,0.0000
0.5000,0.0000,0.5000,0.0000
0.5000,0.0000,0.5000,0.0000
0.5000,0.0000,0.5000,0.0000
0.5000,0.0000,0.5000,0.0000
0.5000,0.0000,0.5000,0.0000
0.5000,0.0000,0.5000,0.0000
0.5000,0.0000,0.5000,0.0000
0.5000,0.0000,0.5000,0.0000
0.5000,0.0000,0.5000,0.0000
0.5000,0.0000,0.5000,0.0000
0.5000,0.0000,0.5000,0.0000
0.5000,0.0000,0.5000,0.0000
0.5000,0.0000,0.5000,0.0000
0.5000,0.0000,0.5000,0.0000
0.5000,0.0000,0.5000,0.0000
0.5000,0.0000,0.5000,0.0000
0.5000,0.0000,0.5000,0.0000
0.5000,0.0000,0.5000,0.0000
0.5000,0.0000,0.5000,0.0000
0.5000,0.0000,0.5000,0.0000
0.5000,0.0000,0.5000,0.0000
0.5000,0.0000,0.5000,0.0000
0.5000,0.0000,0.5000,0.0000
0.5000,0.0000,0.5000,0.0000
0.5000,0.0000,0.5000,0.0000
0.5000,0.0000,0.5000,0.0000
0.5000,0.0000,0.5000,0.0000
0.5000,0.0000,0.5000,0.0000
0.5000,0.0000,0.5000,0.0000
0.5000,0.0000,0.5000,0.0000
0.5000,0.0000,0.5000,0.0000
0.5000,0.0000,0.5000,0.0000
0.5000,0.0000,0.5000,0.0000
0.5000,0.0000,0.5000,0.0000
0.5000,0.0000,0.5000,0.0000
0.5000,0.0000,0.5000,0.0000
0.5000,0.0000,0.5000,0.0000
0.5000,0.0000,0.5000,0.0000
0.5000,0.0000,0.5000,0.0000
0.5000,0.0000,0.5000,0.0000
0.5000,0.0000,0.5000,0.0000
0.5000,0.0000,0.5000,0.0000
0.5000,0.0000,0.5000,0.0000
0.5000,0.0000,0.5000,0.0000
0.5000,0.0000,0.5000,0.0000
0.5000,0.0000,0.5000,0.0000
0.5000,0.0000,0.5000,0.0000
0.5000,0.0000,0.5000,0.0000
0.5000,0.0000,0.5000,0.0000
0.5000,0.0000,0.5000,0.0000
0.5000,0.0000,0.5000,0.0000
0.5000,0.0000,0.5000,0.0000
0.5000,0.0000,0.5000,0.0000
0.5000,0.0000,0.5000,0.0000
0.5000,0.0000,0.5000,0.0000
0.5000,0.0000,0.5000,0.0000
0.5000,0.0000,0.5000,0.0000
0.5000,0.0000,0.5000,0.0000
3.5610,0.0000,3.5453,-0.3920
3.5453,-0.3920,3.5139,-0.7840
3.5139,-0.7840,3.4669,-1.1760
3.4669,-1.1760,3.4042,-1.5680
3.4042,-1.5680,3.3258,-1.9600
3.3258,-1.9600,3.2317,-2.3520
3.2317,-2.3520,3.1219,-2.7440
3.1219,-2.7440,2.9965,-3.1360
2.9965,-3.1360,2.8554,-3.5280
2.8554,-3.5280,2.6986,-3.9200
2.6986,-3.9200,2.5261,-4.3120
2.5261,-4.3120,2.3379,-4.7040
2.3379,-4.7040,2.1341,-5.0960
2.1341,-5.0960,1.9146,-5.4880
1.9146,-5.4880,1.6794,-5.8800
1.6794,-5.8800,1.4285,-6.2720
1.4285,-6.2720,1.1619,-6.6640
1.1619,-6.6640,0.8797,-7.0560
0.8797,-7.0560,0.5818,-7.4480
0.5818,-7.4480,0.5000,4.7040
0.5000,4.7040,0.6725,4.3120
0.6725,4.3120,0.8293,3.9200
0.8293,3.9200,0.9704,3.5280
0.9704,3.5280,1.0958,3.1360
1.0958,3.1360,1.2056,2.7440
1.2056,2.7440,1.2997,2.3520
1.2997,2.3520,1.3781,1.9600
1.3781,1.9600,1.4408,1.5680
1.4408,1.5680,1.4878,1.1760
1.4878,1.1760,1.5192,0.7840
1.5192,0.7840,1.5349,0.3920
1.5349,0.3920,1.5349,0.0000
1.5349,0.0000,1.5192,-0.3920
1.5192,-0.3920,1.4878,-0.7840
1.4878,-0.7840,1.4408,-1.1760
1.4408,-1.1760,1.3781,-1.5680
1.3781,-1.5680,1.2997,-1.9600
1.2997,-1.9600,1.2056,-2.3520
1.2056,-2.3520,1.0958,-2.7440
1.0958,-2.7440,0.9704,-3.1360
0.9704,-3.1360,0.8293,-3.5280
0.8293,-3.5280,0.6725,-3.9200
0.6725,-3.9200,0.5000,-4.3120
0.5000,-4.3120,0.5000,2.8224
0.5000,2.8224,0.5972,2.4304
0.5972,2.4304,0.6788,2.0384
0.6788,2.0384,0.7446,1.6464
0.7446,1.6464,0.7948,1.2544
0.7948,1.2544,0.8293,0.8624
0.8293,0.8624,0.8481,0.4704
0.8481,0.4704,0.8512,0.0784
0.8512,0.0784,0.8387,-0.3136
0.8387,-0.3136,0.8105,-0.7056
0.8105,-0.7056,0.7666,-1.0976
0.7666,-1.0976,0.7070,-1.4896
0.7070,-1.4896,0.6317,-1.8816
0.6317,-1.8816,0.5408,-2.2736
0.5408,-2.2736,0.5000,1.5994
0.5000,1.5994,0.5483,1.2074
0.5483,1.2074,0.5809,0.8154
0.5809,0.8154,0.5978,0.4234
0.5978,0.4234,0.5991,0.0314
0.5991,0.0314,0.5847,-0.3606
0.5847,-0.3606,0.5546,-0.7526
0.5546,-0.7526,0.5088,-1.1446
0.5088,-1.1446,0.5000,0.9220
0.5000,0.9220,0.5212,0.5300
0.5212,0.5300,0.5267,0.1380
0.5267,0.1380,0.5166,-0.2540
0.5166,-0.2540,0.5000,0.0000
0.5000,0.0000,0.5000,0.0000
0.5000,0.0000,0.5000,0.0000
0.5000,0.0000,0.5000,0.0000
0.5000,0.0000,0.5000,0.0000
0.5000,0.0000,0.5000,0.0000
0.5000,0.0000,0.5000,0.0000
0.5000,0.0000,0.5000,0.0000
0.5000,0.0000,0.5000,0.0000
0.5000,0.0000,0.5000,0.0000
0.5000,0.0000,0.5000,0.0000
0.5000,0.0000,0.5000,0.0000
0.5000,0.0000,0.5000,0.0000
0.5000,0.0000,0.5000,0.0000
0.5000,0.0000,0.5000,0.0000
0.5000,0.0000,0.5000,0.0000
0.5000,0.0000,0.5000,0.0000
0.5000,0.0000,0.5000,0.0000
0.5000,0.0000,0.5000,0.0000
0.5000,0.0000,0.5000,0.0000
0.5000,0.0000,0.5000,0.0000
0.5000,0.0000,0.5000,0.0000
0.5000,0.0000,0.5000,0.0000
0.5000,0.0000,0.5000,0.0000
0.5000,0.0000,0.5000,0.0000
0.5000,0.0000,0.5000,0.0000
0.5000,0.0000,0.5000,0.0000
0.5000,0.0000,0.5000,0.0000
0.5000,0.0000,0.5000,0.0000
0.5000,0.0000,0.5000,0.0000
0.5000,0.0000,0.5000,0.0000
0.5000,0.0000,0.5000,0.0000
0.5000,0.0000,0.5000,0.0000
0.5000,0.0000,0.5000,0.0000
0.5000,0.0000,0.5000,0.0000
0.5000,0.0000,0.5000,0.0000
0.5000,0.0000,0.5000,0.0000
0.5000,0.0000,0.5000,0.0000
0.5000,0.0000,0.5000,0.0000
0.5000,0.0000,0.5000,0.0000
0.5000,0.0000,0.5000,0.0000
0.5000,0.0000,0.5000,0.0000
0.5000,0.0000,0.5000,0.0000
0.5000,0.0000,0.5000,0.0000
0.5000,0.0000,0.5000,0.0000
0.5000,0.0000,0.5000,0.0000
0.5000,0.0000,0.5000,0.0000
0.5000,0.0000,0.5000,0.0000
0.5000,0.0000,0.5000,0.0000
0.5000,0.0000,0.5000,0.0000
0.5000,0.0000,0.5000,0.0000
0.5000,0.0000,0.5000,0.0000
0.5000,0.0000,0.5000,0.0000
0.5000,0.0000,0.5000,0.0000
0.5000,0.0000,0.5000,0.0000
0.5000,0.0000,0.5000,0.0000
0.5000,0.0000,0.5000,0.0000
0.5000,0.0000,0.5000,0.0000
0.5000,0.0000,0.5000,0.0000
0.5000,0.0000,0.5000,0.0000
0.5000,0.0000,0.5000,0.0000
0.5000,0.0000,0.5000,0.0000
0.5000,0.0000,0.5000,0.0000
0.5000,0.0000,0.5000,0.0000
0.5000,0.0000,0.5000,0.0000
0.5000,0.0000,0.5000,0.0000
0.5000,0.0000,0.5000,0.0000
0.5000,0.0000,0.5000,0.0000
0.5000,0.0000,0.5000,0.0000
0.5000,0.0000,0.5000,0.0000
0.5000,0.0000,0.5000,0.0000
0.5000,0.0000,0.5000,0.0000
0.5000,0.0000,0.5000,0.0000
0.5000,0.0000,0.5000,0.0000
0.5000,0.0000,0.5000,0.0000
0.5000,0.0000,0.5000,0.0000
0.5000,0.0000,0.5000,0.0000
0.5000,0.0000,0.5000,0.0000
0.5000,0.0000,0.5000,0.0000
0.5000,0.0000,0.5000,0.0000
0.5000,0.0000,0.5000,0.0000
5.6036,0.0000,5.5879,-0.3920
5.5879,-0.3920,5.5565,-0.7840
5.5565,-0.7840,5.5095,-1.1760
5.5095,-1.1760,5.4468,-1.5680
5.4468,-1.5680,5.3684,-1.9600
5.3684,-1.9600,5.2743,-2.3520
5.2743,-2.3520,5.1645,-2.7440
5.1645,-2.7440,5.0391,-3.1360
5.0391,-3.1360,4.8980,-3.5280
4.8980,-3.5280,4.7412,-3.9200
4.7412,-3.9200,4.5687,-4.3120
4.5687,-4.3120,4.3805,-4.7040
4.3805,-4.7040,4.1767,-5.0960
4.1767,-5.0960,3.9572,-5.4880
3.9572,-5.4880,3.7220,-5.8800
3.7220,-5.8800,3.4711,-6.2720
3.4711,-6.2720,3.2045,-6.6640
3.2045,-6.6640,2.9223,-7.0560
2.9223,-7.0560,2.6244,-7.4480
2.6244,-7.4480,2.3108,-7.8400
2.3108,-7.8400,1.9815,-8.2320
1.9815,-8.2320,1.6365,-8.6240
1.6365,-8.6240,1.2759,-9.0160
1.2759,-9.0160,0.8996,-9.4080
0.8996,-9.4080,0.5076,-9.8000
0.5076,-9.8000,0.5000,6.1152
0.5000,6.1152,0.7289,5.7232
0.7289,5.7232,0.9422,5.3312
0.9422,5.3312,1.1397,4.9392
1.1397,4.9392,1.3216,4.5472
1.3216,4.5472,1.4878,4.1552
1.4878,4.1552,1.6384,3.7632
1.6384,3.7632,1.7732,3.3712
1.7732,3.3712,1.8924,2.9792
1.8924,2.9792,1.9959,2.5872
1.9959,2.5872,2.0837,2.1952
2.0837,2.1952,2.1558,1.8032
2.1558,1.8032,2.2123,1.4112
2.2123,1.4112,2.2530,1.0192
2.2530,1.0192,2.2781,0.6272
2.2781,0.6272,2.2875,0.2352
2.2875,0.2352,2.2812,-0.1568
2.2812,-0.1568,2.2593,-0.5488
2.2593,-0.5488,2.2217,-0.9408
2.2217,-0.9408,2.1684,-1.3328
2.1684,-1.3328,2.0994,-1.7248
2.0994,-1.7248,2.0147,-2.1168
2.0147,-2.1168,1.9143,-2.5088
1.9143,-2.5088,1.7983,-2.9008
1.7983,-2.9008,1.6666,-3.2928
1.6666,-3.2928,1.5192,-3.6848
1.5192,-3.6848,1.3561,-4.0768
1.3561,-4.0768,1.1774,-4.4688
1.1774,-4.4688,0.9829,-4.8608
0.9829,-4.8608,0.7728,-5.2528
0.7728,-5.2528,0.5470,-5.6448
0.5470,-5.6448,0.5000,3.6221
0.5000,3.6221,0.6292,3.2301
0.6292,3.2301,0.7427,2.8381
0.7427,2.8381,0.8406,2.4461
0.8406,2.4461,0.9227,2.0541
0.9227,2.0541,0.9892,1.6621
0.9892,1.6621,1.0400,1.2701
1.0400,1.2701,1.0751,0.8781
1.0751,0.8781,1.0946,0.4861
1.0946,0.4861,1.0983,0.0941
1.0983,0.0941,1.0864,-0.2979
1.0864,-0.2979,1.0588,-0.6899
1.0588,-0.6899,1.0156,-1.0819
1.0156,-1.0819,0.9566,-1.4739
0.9566,-1.4739,0.8820,-1.8659
0.8820,-1.8659,0.7916,-2.2579
0.7916,-2.2579,0.6857,-2.6499
0.6857,-2.6499,0.5640,-3.0419
0.5640,-3.0419,0.5000,2.0604
0.5000,2.0604,0.5667,1.6684
0.5667,1.6684,0.6178,1.2764
0.6178,1.2764,0.6532,0.8844
0.6532,0.8844,0.6729,0.4924
0.6729,0.4924,0.6769,0.1004
0.6769,0.1004,0.6652,-0.2916
0.6652,-0.2916,0.6379,-0.6836
0.6379,-0.6836,0.5948,-1.0756
0.5948,-1.0756,0.5361,-1.4676
0.5361,-1.4676,0.5000,1.1158
0.5000,1.1158,0.5290,0.7238
0.5290,0.7238,0.5422,0.3318
0.5422,0.3318,0.5398,-0.0602
0.5398,-0.0602,0.5217,-0.4522
0.5217,-0.4522,0.5000,0.5065
0.5000,0.5065,0.5046,0.1145
0.5046,0.1145,0.5000,0.0000
0.5000,0.0000,0.5000,0.0000
0.5000,0.0000,0.5000,0.0000
0.5000,0.0000,0.5000,0.0000
0.5000,0.0000,0.5000,0.0000
0.5000,0.0000,0.5000,0.0000
0.5000,0.0000,0.5000,0.0000
0.5000,0.0000,0.5000,0.0000
0.5000,0.0000,0.5000,0.0000
0.5000,0.0000,0.5000,0.0000
0.5000,0.0000,0.5000,0.0000
0.5000,0.0000,0.5000,0.0000
0.5000,0.0000,0.5000,0.0000
0.5000,0.0000,0.5000,0.0000
0.5000,0.0000,0.5000,0.0000
0.5000,0.0000,0.5000,0.0000
0.5000,0.0000,0.5000,0.0000
0.5000,0.0000,0.5000,0.0000
0.5000,0.0000,0.5000,0.0000
0.5000,0.0000,0.5000,0.0000
0.5000,0.0000,0.5000,0.0000
0.5000,0.0000,0.5000,0.0000
0.5000,0.0000,0.5000,0.0000
0.5000,0.0000,0.5000,0.0000
0.5000,0.0000,0.5000,0.0000
0.5000,0.0000,0.5000,0.0000
0.5000,0.0000,0.5000,0.0000
0.5000,0.0000,0.5000,0.0000
0.5000,0.0000,0.5000,0.0000
0.5000,0.0000,0.5000,0.0000
0.5000,0.0000,0.5000,0.0000
0.5000,0.0000,0.5000,0.0000
0.5000,0.0000,0.5000,0.0000
0.5000,0.0000,0.5000,0.0000
0.5000,0.0000,0.5000,0.0000
0.5000,0.0000,0.5000,0.0000
0.5000,0.0000,0.5000,0.0000
0.5000,0.0000,0.5000,0.0000
0.5000,0.0000,0.5000,0.0000
0.5000,0.0000,0.5000,0.0000
0.5000,0.0000,0.5000,0.0000
0.5000,0.0000,0.5000,0.0000
0.5000,0.0000,0.5000,0.0000
0.5000,0.0000,0.5000,0.0000
0.5000,0.0000,0.5000,0.0000
0.5000,0.0000,0.5000,0.0000
0.5000,0.0000,0.5000,0.0000
0.5000,0.0000,0.5000,0.0000
0.5000,0.0000,0.5000,0.0000
0.5000,0.0000,0.5000,0.0000
0.5000,0.0000,0.5000,0.0000
0.5000,0.0000,0.5000,0.0000
0.5000,0.0000,0.5000,0.0000
0.5000,0.0000,0.5000,0.0000
0.5000,0.0000,0.5000,0.0000
0.5000,0.0000,0.5000,0.0000
0.5000,0.0000,0.5000,0.0000
0.5000,0.0000,0.5000,0.0000
0.5000,0.0000,0.5000,0.0000
2.7202,0.0000,2.7045,-0.3920
2.7045,-0.3920,2.6731,-0.7840
2.6731,-0.7840,2.6261,-1.1760
2.6261,-1.1760,2.5634,-1.5680
2.5634,-1.5680,2.4850,-1.9600
2.4850,-1.9600,2.3909,-2.3520
2.3909,-2.3520,2.2811,-2.7440
2.2811,-2.7440,2.1557,-3.1360
2.1557,-3.1360,2.0146,-3.5280
2.0146,-3.5280,1.8578,-3.9200
1.8578,-3.9200,1.6853,-4.3120
1.6853,-4.3120,1.4971,-4.7040
1.4971,-4.7040,1.2933,-5.0960
1.2933,-5.0960,1.0738,-5.4880
1.0738,-5.4880,0.8386,-5.8800
0.8386,-5.8800,0.5877,-6.2720
0.5877,-6.2720,0.5000,3.9984
0.5000,3.9984,0.6443,3.6064
0.6443,3.6064,0.7728,3.2144
0.7728,3.2144,0.8857,2.8224
0.8857,2.8224,0.9829,2.4304
0.9829,2.4304,1.0645,2.0384
1.0645,2.0384,1.1303,1.6464
1.1303,1.6464,1.1805,1.2544
1.1805,1.2544,1.2150,0.8624
1.2150,0.8624,1.2338,0.4704
1.2338,0.4704,1.2370,0.0784
1.2370,0.0784,1.2244,-0.3136
1.2244,-0.3136,1.1962,-0.7056
1.1962,-0.7056,1.1523,-1.0976
1.1523,-1.0976,1.0927,-1.4896
1.0927,-1.4896,1.0174,-1.8816
1.0174,-1.8816,0.9265,-2.2736
0.9265,-2.2736,0.8199,-2.6656
0.8199,-2.6656,0.6976,-3.0576
0.6976,-3.0576,0.5596,-3.4496
0.5596,-3.4496,0.5000,2.3050
0.5000,2.3050,0.5765,1.9130
0.5765,1.9130,0.6374,1.5210
0.6374,1.5210,0.6825,1.1290
0.6825,1.1290,0.7120,0.7370
0.7120,0.7370,0.7258,0.3450
0.7258,0.3450,0.7239,-0.0470
0.7239,-0.0470,0.7063,-0.4390
0.7063,-0.4390,0.6731,-0.8310
0.6731,-0.8310,0.6242,-1.2230
0.6242,-1.2230,0.5596,-1.6150
0.5596,-1.6150,0.5000,1.2042
0.5000,1.2042,0.5325,0.8122
0.5325,0.8122,0.5493,0.4202
0.5493,0.4202,0.5504,0.0282
0.5504,0.0282,0.5359,-0.3638
0.5359,-0.3638,0.5056,-0.7558
0.5056,-0.7558,0.5000,0.6887
0.5000,0.6887,0.5119,0.2967
0.5119,0.2967,0.5081,-0.0953
0.5081,-0.0953,0.5000,0.0000
0.5000,0.0000,0.5000,0.0000
0.5000,0.0000,0.5000,0.0000
0.5000,0.0000,0.5000,0.0000
0.5000,0.0000,0.5000,0.0000
0.5000,0.0000,0.5000,0.0000
0.5000,0.0000,0.5000,0.0000
0.5000,0.0000,0.5000,0.0000
0.5000,0.0000,0.5000,0.0000
0.5000,0.0000,0.5000,0.0000
0.5000,0.0000,0.5000,0.0000
0.5000,0.0000,0.5000,0.0000
0.5000,0.0000,0.5000,0.0000
0.5000,0.0000,0.5000,0.0000
0.5000,0.0000,0.5000,0.0000
0.5000,0.0000,0.5000,0.0000
0.5000,0.0000,0.5000,0.0000
0.5000,0.0000,0.5000,0.0000
0.5000,0.0000,0.5000,0.0000
0.5000,0.0000,0.5000,0.0000
0.5000,0.0000,0.5000,0.0000
0.5000,0.0000,0.5000,0.0000
0.5000,0.0000,0.5000,0.0000
0.5000,0.0000,0.5000,0.0000
0.5000,0.0000,0.5000,0.0000
0.5000,0.0000,0.5000,0.0000
0.5000,0.0000,0.5000,0.0000
0.5000,0.0000,0.5000,0.0000
0.5000,0.0000,0.5000,0.0000
0.5000,0.0000,0.5000,0.0000
0.5000,0.0000,0.5000,0.0000
0.5000,0.0000,0.5000,0.0000
0.5000,0.0000,0.5000,0.0000
0.5000,0.0000,0.5000,0.0000
0.5000,0.0000,0.5000,0.0000
0.5000,0.0000,0.5000,0.0000
0.5000,0.0000,0.5000,0.0000
0.5000,0.0000,0.5000,0.0000
0.5000,0.0000,0.5000,0.0000
0.5000,0.0000,0.5000,0.0000
0.5000,0.0000,0.5000,0.0000
0.5000,0.0000,0.5000,0.0000
0.5000,0.0000,0.5000,0.0000
0.5000,0.0000,0.5000,0.0000
0.5000,0.0000,0.5000,0.0000
0.5000,0.0000,0.5000,0.0000
0.5000,0.0000,0.5000,0.0000
0.5000,0.0000,0.5000,0.0000
0.5000,0.0000,0.5000,0.0000
0.5000,0.0000,0.5000,0.0000
0.5000,0.0000,0.5000,0.0000
0.5000,0.0000,0.5000,0.0000
0.5000,0.0000,0.5000,0.0000
0.5000,0.0000,0.5000,0.0000
0.5000,0.0000,0.5000,0.0000
0.5000,0.0000,0.5000,0.0000
0.5000,0.0000,0.5000,0.0000
0.5000,0.0000,0.5000,0.0000
0.5000,0.0000,0.5000,0.0000
0.5000,0.0000,0.5000,0.0000
0.5000,0.0000,0.5000,0.0000
0.5000,0.0000,0.5000,0.0000
0.5000,0.0000,0.5000,0.0000
0.5000,0.0000,0.5000,0.0000
0.5000,0.0000,0.5000,0.0000
0.5000,0.0000,0.5000,0.0000
0.5000,0.0000,0.5000,0.0000
0.5000,0.0000,0.5000,0.0000
0.5000,0.0000,0.5000,0.0000
0.5000,0.0000,0.5000,0.0000
0.5000,0.0000,0.5000,0.0000
0.5000,0.0000,0.5000,0.0000
0.5000,0.0000,0.5000,0.0000
0.5000,0.0000,0.5000,0.0000
0.5000,0.0000,0.5000,0.0000
0.5000,0.0000,0.5000,0.0000
0.5000,0.0000,0.5000,0.0000
0.5000,0.0000,0.5000,0.0000
0.5000,0.0000,0.5000,0.0000
0.5000,0.0000,0.5000,0.0000
0.5000,0.0000,0.5000,0.0000
0.5000,0.0000,0.5000,0.0000
0.5000,0.0000,0.5000,0.0000
0.5000,0.0000,0.5000,0.0000
0.5000,0.0000,0.5000,0.0000
0.5000,0.0000,0.5000,0.0000
0.5000,0.0000,0.5000,0.0000
0.5000,0.0000,0.5000,0.0000
0.5000,0.0000,0.5000,0.0000
0.5000,0.0000,0.5000,0.0000
0.5000,0.0000,0.5000,0.0000
0.5000,0.0000,0.5000,0.0000
0.5000,0.0000,0.5000,0.0000
0.5000,0.0000,0.5000,0.0000
6.3087,0.0000,6.2931,-0.3920
6.2931,-0.3920,6.2617,-0.7840
6.2617,-0.7840,6.2147,-1.1760
6.2147,-1.1760,6.1519,-1.5680
6.1519,-1.5680,6.0735,-1.9600
6.0735,-1.9600,5.9795,-2.3520
5.9795,-2.3520,5.8697,-2.7440
5.8697,-2.7440,5.7443,-3.1360
5.7443,-3.1360,5.6031,-3.5280
5.6031,-3.5280,5.4463,-3.9200
5.4463,-3.9200,5.2739,-4.3120
5.2739,-4.3120,5.0857,-4.7040
5.0857,-4.7040,4.8819,-5.0960
4.8819,-5.0960,4.6623,-5.4880
4.6623,-5.4880,4.4271,-5.8800
4.4271,-5.8800,4.1763,-6.2720
4.1763,-6.2720,3.9097,-6.6640
3.9097,-6.6640,3.6275,-7.0560
3.6275,-7.0560,3.3295,-7.4480
3.3295,-7.4480,3.0159,-7.8400
3.0159,-7.8400,2.6867,-8.2320
2.6867,-8.2320,2.3417,-8.6240
2.3417,-8.6240,1.9811,-9.0160
1.9811,-9.0160,1.6047,-9.4080
1.6047,-9.4080,1.2127,-9.8000
1.2127,-9.8000,0.8051,-10.1920
0.8051,-10.1920,0.5000,6.3504
0.5000,6.3504,0.7383,5.9584
0.7383,5.9584,0.9610,5.5664
0.9610,5.5664,1.1680,5.1744
1.1680,5.1744,1.3593,4.7824
1.3593,4.7824,1.5349,4.3904
1.5349,4.3904,1.6948,3.9984
1.6948,3.9984,1.8391,3.6064
1.8391,3.6064,1.9676,3.2144
1.9676,3.2144,2.0805,2.8224
2.0805,2.8224,2.1778,2.4304
2.1778,2.4304,2.2593,2.0384
2.2593,2.0384,2.3252,1.6464
2.3252,1.6464,2.3753,1.2544
2.3753,1.2544,2.4098,0.8624
2.4098,0.8624,2.4286,0.4704
2.4286,0.4704,2.4318,0.0784
2.4318,0.0784,2.4192,-0.3136
2.4192,-0.3136,2.3910,-0.7056
2.3910,-0.7056,2.3471,-1.0976
2.3471,-1.0976,2.2875,-1.4896
2.2875,-1.4896,2.2123,-1.8816
2.2123,-1.8816,2.1213,-2.2736
2.1213,-2.2736,2.0147,-2.6656
2.0147,-2.6656,1.8924,-3.0576
1.8924,-3.0576,1.7544,-3.4496
1.7544,-3.4496,1.6007,-3.8416
1.6007,-3.8416,1.4314,-4.2336
1.4314,-4.2336,1.2464,-4.6256
1.2464,-4.6256,1.0457,-5.0176
1.0457,-5.0176,0.8293,-5.4096
0.8293,-5.4096,0.5972,-5.8016
0.5972,-5.8016,0.5000,3.7162
0.5000,3.7162,0.6330,3.3242
0.6330,3.3242,0.7503,2.9322
0.7503,2.9322,0.8519,2.5402
0.8519,2.5402,0.9378,2.1482
0.9378,2.1482,1.0080,1.7562
1.0080,1.7562,1.0626,1.3642
1.0626,1.3642,1.1015,0.9722
1.1015,0.9722,1.1247,0.5802
1.1247,0.5802,1.1322,0.1882
1.1322,0.1882,1.1241,-0.2038
1.1241,-0.2038,1.1002,-0.5958
1.1002,-0.5958,1.0607,-0.9878
1.0607,-0.9878,1.0055,-1.3798
1.0055,-1.3798,0.9346,-1.7718
0.9346,-1.7718,0.8481,-2.1638
0.8481,-2.1638,0.7459,-2.5558
0.7459,-2.5558,0.6279,-2.9478
0.6279,-2.9478,0.5000,2.0039
0.5000,2.0039,0.5645,1.6119
0.5645,1.6119,0.6133,1.2199
0.6133,1.2199,0.6464,0.8279
0.6464,0.8279,0.6638,0.4359
0.6638,0.4359,0.6656,0.0439
0.6656,0.0439,0.6517,-0.3481
0.6517,-0.3481,0.6221,-0.7401
0.6221,-0.7401,0.5768,-1.1321
0.5768,-1.1321,0.5158,-1.5241
0.5158,-1.5241,0.5000,1.1497
0.5000,1.1497,0.5303,0.7577
0.5303,0.7577,0.5449,0.3657
0.5449,0.3657,0.5439,-0.0263
0.5439,-0.0263,0.5271,-0.4183
0.5271,-0.4183,0.5000,0.4862
0.5000,0.4862,0.5038,0.0942
0.5038,0.0942,0.5000,0.0000
0.5000,0.0000,0.5000,0.0000
0.5000,0.0000,0.5000,0.0000
0.5000,0.0000,0.5000,0.0000
0.5000,0.0000,0.5000,0.0000
0.5000,0.0000,0.5000,0.0000
0.5000,0.0000,0.5000,0.0000
0.5000,0.0000,0.5000,0.0000
0.5000,0.0000,0.5000,0.0000
0.5000,0.0000,0.5000,0.0000
0.5000,0.0000,0.5000,0.0000
0.5000,0.0000,0.5000,0.0000
0.5000,0.0000,0.5000,0.0000
0.5000,0.0000,0.5000,0.0000
0.5000,0.0000,0.5000,0.0000
0.5000,0.0000,0.5000,0.0000
0.5000,0.0000,0.5000,0.0000
0.5000,0.0000,0.5000,0.0000
0.5000,0.0000,0.5000,0.0000
0.5000,0.0000,0.5000,0.0000
0.5000,0.0000,0.5000,0.0000
0.5000,0.0000,0.5000,0.0000
0.5000,0.0000,0.5000,0.0000
0.5000,0.0000,0.5000,0.0000
0.5000,0.0000,0.5000,0.0000
0.5000,0.0000,0.5000,0.0000
0.5000,0.0000,0.5000,0.0000
0.5000,0.0000,0.5000,0.0000
0.5000,0.0000,0.5000,0.0000
0.5000,0.0000,0.5000,0.0000
0.5000,0.0000,0.5000,0.0000
0.5000,0.0000,0.5000,0.0000
0.5000,0.0000,0.5000,0.0000
0.5000,0.0000,0.5000,0.0000
0.5000,0.0000,0.5000,0.0000
0.5000,0.0000,0.5000,0.0000
0.5000,0.0000,0.5000,0.0000
0.5000,0.0000,0.5000,0.0000
0.5000,0.0000,0.5000,0.0000
0.5000,0.0000,0.5000,0.0000
0.5000,0.0000,0.5000,0.0000
0.5000,0.0000,0.5000,0.0000
0.5000,0.0000,0.5000,0.0000
0.5000,0.0000,0.5000,0.0000
0.5000,0.0000,0.5000,0.0000
0.5000,0.0000,0.5000,0.0000
0.5000,0.0000,0.5000,0.0000
0.5000,0.0000,0.5000,0.0000
0.5000,0.0000,0.5000,0.0000
0.5000,0.0000,0.5000,0.0000
0.5000,0.0000,0.5000,0.0000
0.5000,0.0000,0.5000,0.0000
0.5000,0.0000,0.5000,0.0000
0.5000,0.0000,0.5000,0.0000
0.5000,0.0000,0.5000,0.0000
0.5000,0.0000,0.5000,0.0000
0.5000,0.0000,0.5000,0.0000
4.1814,0.0000,4.1657,-0.3920
4.1657,-0.3920,4.1343,-0.7840
4.1343,-0.7840,4.0873,-1.1760
4.0873,-1.1760,4.0246,-1.5680
4.0246,-1.5680,3.9462,-1.9600
3.9462,-1.9600,3.8521,-2.3520
3.8521,-2.3520,3.7423,-2.7440
3.7423,-2.7440,3.6169,-3.1360
3.6169,-3.1360,3.4758,-3.5280
3.4758,-3.5280,3.3190,-3.9200
3.3190,-3.9200,3.1465,-4.3120
3.1465,-4.3120,2.9583,-4.7040
2.9583,-4.7040,2.7545,-5.0960
2.7545,-5.0960,2.5350,-5.4880
2.5350,-5.4880,2.2998,-5.8800
2.2998,-5.8800,2.0489,-6.2720
2.0489,-6.2720,1.7823,-6.6640
1.7823,-6.6640,1.5001,-7.0560
1.5001,-7.0560,1.2022,-7.4480
1.2022,-7.4480,0.8886,-7.8400
0.8886,-7.8400,0.5593,-8.2320
0.5593,-8.2320,0.5000,5.1744
0.5000,5.1744,0.6913,4.7824
0.6913,4.7824,0.8669,4.3904
0.8669,4.3904,1.0268,3.9984
1.0268,3.9984,1.1711,3.6064
1.1711,3.6064,1.2997,3.2144
1.2997,3.2144,1.4126,2.8224
1.4126,2.8224,1.5098,2.4304
1.5098,2.4304,1.5913,2.0384
1.5913,2.0384,1.6572,1.6464
1.6572,1.6464,1.7074,1.2544
1.7074,1.2544,1.7419,0.8624
1.7419,0.8624,1.7607,0.4704
1.7607,0.4704,1.7638,0.0784
1.7638,0.0784,1.7513,-0.3136
1.7513,-0.3136,1.7230,-0.7056
1.7230,-0.7056,1.6791,-1.0976
1.6791,-1.0976,1.6196,-1.4896
1.6196,-1.4896,1.5443,-1.8816
1.5443,-1.8816,1.4533,-2.2736
1.4533,-2.2736,1.3467,-2.6656
1.3467,-2.6656,1.2244,-3.0576
1.2244,-3.0576,1.0864,-3.4496
1.0864,-3.4496,0.9328,-3.8416
0.9328,-3.8416,0.7634,-4.2336
0.7634,-4.2336,0.5784,-4.6256
0.5784,-4.6256,0.5000,3.0106
0.5000,3.0106,0.6047,2.6186
0.6047,2.6186,0.6938,2.2266
0.6938,2.2266,0.7672,1.8346
0.7672,1.8346,0.8249,1.4426
0.8249,1.4426,0.8669,1.0506
0.8669,1.0506,0.8933,0.6586
0.8933,0.6586,0.9039,0.2666
0.9039,0.2666,0.8989,-0.1254
0.8989,-0.1254,0.8782,-0.5174
0.8782,-0.5174,0.8418,-0.9094
0.8418,-0.9094,0.7898,-1.3014
0.7898,-1.3014,0.7220,-1.6934
0.7220,-1.6934,0.6386,-2.0854
0.6386,-2.0854,0.5395,-2.4774
0.5395,-2.4774,0.5000,1.7217
0.5000,1.7217,0.5532,1.3297
0.5532,1.3297,0.5907,0.9377
0.5907,0.9377,0.6125,0.5457
0.6125,0.5457,0.6187,0.1537
0.6187,0.1537,0.6091,-0.2383
0.6091,-0.2383,0.5839,-0.6303
0.5839,-0.6303,0.5430,-1.0223
0.5430,-1.0223,0.5000,0.8486
0.5000,0.8486,0.5183,0.4566
0.5183,0.4566,0.5208,0.0646
0.5208,0.0646,0.5078,-0.3274
0.5078,-0.3274,0.5000,0.4316
0.5000,0.4316,0.5016,0.0396
0.5016,0.0396,0.5000,0.0000
0.5000,0.0000,0.5000,0.0000
0.5000,0.0000,0.5000,0.0000
0.5000,0.0000,0.5000,0.0000
0.5000,0.0000,0.5000,0.0000
0.5000,0.0000,0.5000,0.0000
0.5000,0.0000,0.5000,0.0000
0.5000,0.0000,0.5000,0.0000
0.5000,0.0000,0.5000,0.0000
0.5000,0.0000,0.5000,0.0000
0.5000,0.0000,0.5000,0.0000
0.5000,0.0000,0.5000,0.0000
0.5000,0.0000,0.5000,0.0000
0.5000,0.0000,0.5000,0.0000
0.5000,0.0000,0.5000,0.0000
0.5000,0.0000,0.5000,0.0000
0.5000,0.0000,0.5000,0.0000
0.5000,0.0000,0.5000,0.0000
0.5000,0.0000,0.5000,0.0000
0.5000,0.0000,0.5000,0.0000
0.5000,0.0000,0.5000,0.0000
0.5000,0.0000,0.5000,0.0000
0.5000,0.0000,0.5000,0.0000
0.5000,0.0000,0.5000,0.0000
0.5000,0.0000,0.5000,0.0000
0.5000,0.0000,0.5000,0.0000
0.5000,0.0000,0.5000,0.0000
0.5000,0.0000,0.5000,0.0000
0.5000,0.0000,0.5000,0.0000
0.5000,0.0000,0.5000,0.0000
0.5000,0.0000,0.5000,0.0000
0.5000,0.0000,0.5000,0.0000
0.5000,0.0000,0.5000,0.0000
0.5000,0.0000,0.5000,0.0000
0.5000,0.0000,0.5000,0.0000
0.5000,0.0000,0.5000,0.0000
0.5000,0.0000,0.5000,0.0000
0.5000,0.0000,0.5000,0.0000
0.5000,0.0000,0.5000,0.0000
0.5000,0.0000,0.5000,0.0000
0.5000,0.0000,0.5000,0.0000
0.5000,0.0000,0.5000,0.0000
0.5000,0.0000,0.5000,0.0000
0.5000,0.0000,0.5000,0.0000
0.5000,0.0000,0.5000,0.0000
0.5000,0.0000,0.5000,0.0000
0.5000,0.0000,0.5000,0.0000
0.5000,0.0000,0.5000,0.0000
0.5000,0.0000,0.5000,0.0000
0.5000,0.0000,0.5000,0.0000
0.5000,0.0000,0.5000,0.0000
0.5000,0.0000,0.5000,0.0000
0.5000,0.0000,0.5000,0.0000
0.5000,0.0000,0.5000,0.0000
0.5000,0.0000,0.5000,0.0000
0.5000,0.0000,0.5000,0.0000
0.5000,0.0000,0.5000,0.0000
0.5000,0.0000,0.5000,0.0000
0.5000,0.0000,0.5000,0.0000
0.5000,0.0000,0.5000,0.0000
0.5000,0.0000,0.5000,0.0000
0.5000,0.0000,0.5000,0.0000
0.5000,0.0000,0.5000,0.0000
0.5000,0.0000,0.5000,0.0000
0.5000,0.0000,0.5000,0.0000
0.5000,0.0000,0.5000,0.0000
0.5000,0.0000,0.5000,0.0000
0.5000,0.0000,0.5000,0.0000
0.5000,0.0000,0.5000,0.0000
0.5000,0.0000,0.5000,0.0000
0.5000,0.0000,0.5000,0.0000
0.5000,0.0000,0.5000,0.0000
0.5000,0.0000,0.5000,0.0000
0.5000,0.0000,0.5000,0.0000
9.7790,0.0000,9.7633,-0.3920
9.7633,-0.3920,9.7320,-0.7840
9.7320,-0.7840,9.6849,-1.1760
9.6849,-1.1760,9.6222,-1.5680
9.6222,-1.5680,9.5438,-1.9600
9.5438,-1.9600,9.4497,-2.3520
9.4497,-2.3520,9.3400,-2.7440
9.3400,-2.7440,9.2145,-3.1360
9.2145,-3.1360,9.0734,-3.5280
9.0734,-3.5280,8.9166,-3.9200
8.9166,-3.9200,8.7441,-4.3120
8.7441,-4.3120,8.5560,-4.7040
8.5560,-4.7040,8.3521,-5.0960
8.3521,-5.0960,8.1326,-5.4880
8.1326,-5.4880,7.8974,-5.8800
7.8974,-5.8800,7.6465,-6.2720
7.6465,-6.2720,7.3800,-6.6640
7.3800,-6.6640,7.0977,-7.0560
7.0977,-7.0560,6.7998,-7.4480
6.7998,-7.4480,6.4862,-7.8400
6.4862,-7.8400,6.1569,-8.2320
6.1569,-8.2320,5.8120,-8.6240
5.8120,-8.6240,5.4513,-9.0160
5.4513,-9.0160,5.0750,-9.4080
5.0750,-9.4080,4.6830,-9.8000
4.6830,-9.8000,4.2753,-10.1920
4.2753,-10.1920,3.8520,-10.5840
3.8520,-10.5840,3.4129,-10.9760
3.4129,-10.9760,2.9582,-11.3680
2.9582,-11.3680,2.4878,-11.7600
2.4878,-11.7600,2.0017,-12.1520
2.0017,-12.1520,1.5000,-12.5440
1.5000,-12.5440,0.9825,-12.9360
0.9825,-12.9360,0.5000,7.9968
0.5000,7.9968,0.8042,7.6048
0.8042,7.6048,1.0927,7.2128
1.0927,7.2128,1.3655,6.8208
1.3655,6.8208,1.6227,6.4288
1.6227,6.4288,1.8642,6.0368
1.8642,6.0368,2.0900,5.6448
2.0900,5.6448,2.3001,5.2528
2.3001,5.2528,2.4945,4.8608
2.4945,4.8608,2.6732,4.4688
2.6732,4.4688,2.8363,4.0768
2.8363,4.0768,2.9837,3.6848
2.9837,3.6848,3.1154,3.2928
3.1154,3.2928,3.2315,2.9008
3.2315,2.9008,3.3318,2.5088
3.3318,2.5088,3.4165,2.1168
3.4165,2.1168,3.4855,1.7248
3.4855,1.7248,3.5388,1.3328
3.5388,1.3328,3.5764,0.9408
3.5764,0.9408,3.5984,0.5488
3.5984,0.5488,3.6046,0.1568
3.6046,0.1568,3.5952,-0.2352
3.5952,-0.2352,3.5701,-0.6272
3.5701,-0.6272,3.5294,-1.0192
3.5294,-1.0192,3.4729,-1.4112
3.4729,-1.4112,3.4008,-1.8032
3.4008,-1.8032,3.3130,-2.1952
3.3130,-2.1952,3.2095,-2.5872
3.2095,-2.5872,3.0903,-2.9792
3.0903,-2.9792,2.9555,-3.3712
2.9555,-3.3712,2.8050,-3.7632
2.8050,-3.7632,2.6388,-4.1552
2.6388,-4.1552,2.4569,-4.5472
2.4569,-4.5472,2.2593,-4.9392
2.2593,-4.9392,2.0460,-5.3312
2.0460,-5.3312,1.8171,-5.7232
1.8171,-5.7232,1.5725,-6.1152
1.5725,-6.1152,1.3122,-6.5072
1.3122,-6.5072,1.0363,-6.8992
1.0363,-6.8992,0.7446,-7.2912
0.7446,-7.2912,0.5000,4.6099
0.5000,4.6099,0.6687,4.2179
0.6687,4.2179,0.8218,3.8259
0.8218,3.8259,0.9591,3.4339
0.9591,3.4339,1.0808,3.0419
1.0808,3.0419,1.1868,2.6499
1.1868,2.6499,1.2771,2.2579
1.2771,2.2579,1.3517,1.8659
1.3517,1.8659,1.4107,1.4739
1.4107,1.4739,1.4540,1.0819
1.4540,1.0819,1.4816,0.6899
1.4816,0.6899,1.4935,0.2979
1.4935,0.2979,1.4897,-0.0941
1.4897,-0.0941,1.4703,-0.4861
1.4703,-0.4861,1.4352,-0.8781
1.4352,-0.8781,1.3844,-1.2701
1.3844,-1.2701,1.3179,-1.6621
1.3179,-1.6621,1.2357,-2.0541
1.2357,-2.0541,1.1379,-2.4461
1.1379,-2.4461,1.0243,-2.8381
1.0243,-2.8381,0.8951,-3.2301
0.8951,-3.2301,0.7503,-3.6221
0.7503,-3.6221,0.5897,-4.0141
0.5897,-4.0141,0.5000,2.6436
0.5000,2.6436,0.5901,2.2516
0.5901,2.2516,0.6645,1.8596
0.6645,1.8596,0.7232,1.4676
0.7232,1.4676,0.7662,1.0756
0.7662,1.0756,0.7935,0.6836
0.7935,0.6836,0.8052,0.2916
0.8052,0.2916,0.8012,-0.1004
0.8012,-0.1004,0.7815,-0.4924
0.7815,-0.4924,0.7461,-0.8844
0.7461,-0.8844,0.6951,-1.2764
0.6951,-1.2764,0.6283,-1.6684
0.6283,-1.6684,0.5459,-2.0604
0.5459,-2.0604,0.5000,1.4714
0.5000,1.4714,0.5432,1.0794
0.5432,1.0794,0.5707,0.6874
0.5707,0.6874,0.5825,0.2954
0.5825,0.2954,0.5786,-0.0966
0.5786,-0.0966,0.5591,-0.4886
0.5591,-0.4886,0.5239,-0.8806
0.5239,-0.8806,0.5000,0.7636
0.5000,0.7636,0.5149,0.3716
0.5149,0.3716,0.5140,-0.0204
0.5140,-0.0204,0.5000,0.0000
0.5000,0.0000,0.5000,0.0000
0.5000,0.0000,0.5000,0.0000
0.5000,0.0000,0.5000,0.0000
0.5000,0.0000,0.5000,0.0000
0.5000,0.0000,0.5000,0.0000
0.5000,0.0000,0.5000,0.0000
0.5000,0.0000,0.5000,0.0000
0.5000,0.0000,0.5000,0.0000
0.5000,0.0000,0.5000,0.0000
0.5000,0.0000,0.5000,0.0000
0.5000,0.0000,0.5000,0.0000
0.5000,0.0000,0.5000,0.0000
0.5000,0.0000,0.5000,0.0000
0.5000,0.0000,0.5000,0.0000
0.5000,0.0000,0.5000,0.0000
0.5000,0.0000,0.5000,0.0000
0.5000,0.0000,0.5000,0.0000
0.5000,0.0000,0.5000,0.0000
0.5000,0.0000,0.5000,0.0000
0.5000,0.0000,0.5000,0.0000
0.5000,0.0000,0.5000,0.0000
0.5000,0.0000,0.5000,0.0000
0.5000,0.0000,0.5000,0.0000
0.5000,0.0000,0.5000,0.0000
0.5000,0.0000,0.5000,0.0000
0.5000,0.0000,0.5000,0.0000
0.5000,0.0000,0.5000,0.0000
0.5000,0.0000,0.5000,0.0000
0.5000,0.0000,0.5000,0.0000
0.5000,0.0000,0.5000,0.0000
7.6239,0.0000,7.6082,-0.3920
7.6082,-0.3920,7.5769,-0.7840
7.5769,-0.7840,7.5298,-1.1760
7.5298,-1.1760,7.4671,-1.5680
7.4671,-1.5680,7.3887,-1.9600
7.3887,-1.9600,7.2946,-2.3520
7.2946,-2.3520,7.1849,-2.7440
7.1849,-2.7440,7.0594,-3.1360
7.0594,-3.1360,6.9183,-3.5280
6.9183,-3.5280,6.7615,-3.9200
6.7615,-3.9200,6.5890,-4.3120
6.5890,-4.3120,6.4009,-4.7040
6.4009,-4.7040,6.1970,-5.0960
6.1970,-5.0960,5.9775,-5.4880
5.9775,-5.4880,5.7423,-5.8800
5.7423,-5.8800,5.4914,-6.2720
5.4914,-6.2720,5.2249,-6.6640
5.2249,-6.6640,4.9426,-7.0560
4.9426,-7.0560,4.6447,-7.4480
4.6447,-7.4480,4.3311,-7.8400
4.3311,-7.8400,4.0018,-8.2320
4.0018,-8.2320,3.6569,-8.6240
3.6569,-8.6240,3.2962,-9.0160
3.2962,-9.0160,2.9199,-9.4080
2.9199,-9.4080,2.5279,-9.8000
2.5279,-9.8000,2.1202,-10.1920
2.1202,-10.1920,1.6969,-10.5840
1.6969,-10.5840,1.2578,-10.9760
1.2578,-10.9760,0.8031,-11.3680
0.8031,-11.3680,0.5000,7.0560
0.5000,7.0560,0.7666,6.6640
0.7666,6.6640,1.0174,6.2720
1.0174,6.2720,1.2526,5.8800
1.2526,5.8800,1.4722,5.4880
1.4722,5.4880,1.6760,5.0960
1.6760,5.0960,1.8642,4.7040
1.8642,4.7040,2.0366,4.3120
2.0366,4.3120,2.1934,3.9200
2.1934,3.9200,2.3346,3.5280
2.3346,3.5280,2.4600,3.1360
2.4600,3.1360,2.5698,2.7440
2.5698,2.7440,2.6638,2.3520
2.6638,2.3520,2.7422,1.9600
2.7422,1.9600,2.8050,1.5680
2.8050,1.5680,2.8520,1.1760
2.8520,1.1760,2.8834,0.7840
2.8834,0.7840,2.8990,0.3920
2.8990,0.3920,2.8990,-0.0000
2.8990,-0.0000,2.8834,-0.3920
2.8834,-0.3920,2.8520,-0.7840
2.8520,-0.7840,2.8050,-1.1760
2.8050,-1.1760,2.7422,-1.5680
2.7422,-1.5680,2.6638,-1.9600
2.6638,-1.9600,2.5698,-2.3520
2.5698,-2.3520,2.4600,-2.7440
2.4600,-2.7440,2.3346,-3.1360
2.3346,-3.1360,2.1934,-3.5280
2.1934,-3.5280,2.0366,-3.9200
2.0366,-3.9200,1.8642,-4.3120
1.8642,-4.3120,1.6760,-4.7040
1.6760,-4.7040,1.4722,-5.0960
1.4722,-5.0960,1.2526,-5.4880
1.2526,-5.4880,1.0174,-5.8800
1.0174,-5.8800,0.7666,-6.2720
0.7666,-6.2720,0.5000,3.9984
0.5000,3.9984,0.6443,3.6064
0.6443,3.6064,0.7728,3.2144
0.7728,3.2144,0.8857,2.8224
0.8857,2.8224,0.9829,2.4304
0.9829,2.4304,1.0645,2.0384
1.0645,2.0384,1.1303,1.6464
1.1303,1.6464,1.1805,1.2544
1.1805,1.2544,1.2150,0.8624
1.2150,0.8624,1.2338,0.4704
1.2338,0.4704,1.2370,0.0784
1.2370,0.0784,1.2244,-0.3136
1.2244,-0.3136,1.1962,-0.7056
1.1962,-0.7056,1.1523,-1.0976
1.1523,-1.0976,1.0927,-1.4896
1.0927,-1.4896,1.0174,-1.8816
1.0174,-1.8816,0.9265,-2.2736
0.9265,-2.2736,0.8199,-2.6656
0.8199,-2.6656,0.6976,-3.0576
0.6976,-3.0576,0.5596,-3.4496
0.5596,-3.4496,0.5000,2.3050
0.5000,2.3050,0.5765,1.9130
0.5765,1.9130,0.6374,1.5210
0.6374,1.5210,0.6825,1.1290
0.6825,1.1290,0.7120,0.7370
0.7120,0.7370,0.7258,0.3450
0.7258,0.3450,0.7239,-0.0470
0.7239,-0.0470,0.7063,-0.4390
0.7063,-0.4390,0.6731,-0.8310
0.6731,-0.8310,0.6242,-1.2230
0.6242,-1.2230,0.5596,-1.6150
0.5596,-1.6150,0.5000,1.2042
0.5000,1.2042,0.5325,0.8122
0.5325,0.8122,0.5493,0.4202
0.5493,0.4202,0.5504,0.0282
0.5504,0.0282,0.5359,-0.3638
0.5359,-0.3638,0.5056,-0.7558
0.5056,-0.7558,0.5000,0.6887
0.5000,0.6887,0.5119,0.2967
0.5119,0.2967,0.5081,-0.0953
0.5081,-0.0953,0.5000,0.0000
0.5000,0.0000,0.5000,0.0000
0.5000,0.0000,0.5000,0.0000
0.5000,0.0000,0.5000,0.0000
0.5000,0.0000,0.5000,0.0000
0.5000,0.0000,0.5000,0.0000
0.5000,0.0000,0.5000,0.0000
0.5000,0.0000,0.5000,0.0000
0.5000,0.0000,0.5000,0.0000
0.5000,0.0000,0.5000,0.0000
0.5000,0.0000,0.5000,0.0000
0.5000,0.0000,0.5000,0.0000
0.5000,0.0000,0.5000,0.0000
0.5000,0.0000,0.5000,0.0000
0.5000,0.0000,0.5000,0.0000
0.5000,0.0000,0.5000,0.0000
0.5000,0.0000,0.5000,0.0000
0.5000,0.0000,0.5000,0.0000
0.5000,0.0000,0.5000,0.0000
0.5000,0.0000,0.5000,0.0000
0.5000,0.0000,0.5000,0.0000
0.5000,0.0000,0.5000,0.0000
0.5000,0.0000,0.5000,0.0000
0.5000,0.0000,0.5000,0.0000
0.5000,0.0000,0.5000,0.0000
0.5000,0.0000,0.5000,0.0000
0.5000,0.0000,0.5000,0.0000
0.5000,0.0000,0.5000,0.0000
0.5000,0.0000,0.5000,0.0000
0.5000,0.0000,0.5000,0.0000
0.5000,0.0000,0.5000,0.0000
0.5000,0.0000,0.5000,0.0000
0.5000,0.0000,0.5000,0.0000
0.5000,0.0000,0.5000,0.0000
0.5000,0.0000,0.5000,0.0000
0.5000,0.0000,0.5000,0.0000
0.5000,0.0000,0.5000,0.0000
0.5000,0.0000,0.5000,0.0000
0.5000,0.0000,0.5000,0.0000
0.5000,0.0000,0.5000,0.0000
0.5000,0.0000,0.5000,0.0000
0.5000,0.0000,0.5000,0.0000
0.5000,0.0000,0.5000,0.0000
0.5000,0.0000,0.5000,0.0000
0.5000,0.0000,0.5000,0.0000
0.5000,0.0000,0.5000,0.0000
6.8915,0.0000,6.8758,-0.3920
6.8758,-0.3920,6.8444,-0.7840
6.8444,-0.7840,6.7974,-1.1760
6.7974,-1.1760,6.7347,-1.5680
6.7347,-1.5680,6.6563,-1.9600
6.6563,-1.9600,6.5622,-2.3520
6.5622,-2.3520,6.4524,-2.7440
6.4524,-2.7440,6.3270,-3.1360
6.3270,-3.1360,6.1859,-3.5280
6.1859,-3.5280,6.0291,-3.9200
6.0291,-3.9200,5.8566,-4.3120
5.8566,-4.3120,5.6684,-4.7040
5.6684,-4.7040,5.4646,-5.0960
5.4646,-5.0960,5.2451,-5.4880
5.2451,-5.4880,5.0099,-5.8800
5.0099,-5.8800,4.7590,-6.2720
4.7590,-6.2720,4.4924,-6.6640
4.4924,-6.6640,4.2102,-7.0560
4.2102,-7.0560,3.9123,-7.4480
3.9123,-7.4480,3.5987,-7.8400
3.5987,-7.8400,3.2694,-8.2320
3.2694,-8.2320,2.9244,-8.6240
2.9244,-8.6240,2.5638,-9.0160
2.5638,-9.0160,2.1875,-9.4080
2.1875,-9.4080,1.7955,-9.8000
1.7955,-9.8000,1.3878,-10.1920
1.3878,-10.1920,0.9644,-10.5840
0.9644,-10.5840,0.5254,-10.9760
0.5254,-10.9760,0.5000,6.8208
0.5000,6.8208,0.7572,6.4288
0.7572,6.4288,0.9986,6.0368
0.9986,6.0368,1.2244,5.6448
1.2244,5.6448,1.4345,5.2528
1.4345,5.2528,1.6290,4.8608
1.6290,4.8608,1.8077,4.4688
1.8077,4.4688,1.9708,4.0768
1.9708,4.0768,2.1182,3.6848
2.1182,3.6848,2.2499,3.2928
2.2499,3.2928,2.3659,2.9008
2.3659,2.9008,2.4663,2.5088
2.4663,2.5088,2.5509,2.1168
2.5509,2.1168,2.6199,1.7248
2.6199,1.7248,2.6732,1.3328
2.6732,1.3328,2.7109,0.9408
2.7109,0.9408,2.7328,0.5488
2.7328,0.5488,2.7391,0.1568
2.7391,0.1568,2.7297,-0.2352
2.7297,-0.2352,2.7046,-0.6272
2.7046,-0.6272,2.6638,-1.0192
2.6638,-1.0192,2.6074,-1.4112
2.6074,-1.4112,2.5353,-1.8032
2.5353,-1.8032,2.4475,-2.1952
2.4475,-2.1952,2.3440,-2.5872
2.3440,-2.5872,2.2248,-2.9792
2.2248,-2.9792,2.0900,-3.3712
2.0900,-3.3712,1.9394,-3.7632
1.9394,-3.7632,1.7732,-4.1552
1.7732,-4.1552,1.5913,-4.5472
1.5913,-4.5472,1.3938,-4.9392
1.3938,-4.9392,1.1805,-5.3312
1.1805,-5.3312,0.9516,-5.7232
0.9516,-5.7232,0.7070,-6.1152
0.7070,-6.1152,0.5000,3.9043
0.5000,3.9043,0.6405,3.5123
0.6405,3.5123,0.7653,3.1203
0.7653,3.1203,0.8744,2.7283
0.8744,2.7283,0.9679,2.3363
0.9679,2.3363,1.0457,1.9443
1.0457,1.9443,1.1078,1.5523
1.1078,1.5523,1.1542,1.1603
1.1542,1.1603,1.1849,0.7683
1.1849,0.7683,1.2000,0.3763
1.2000,0.3763,1.1993,-0.0157
1.1993,-0.0157,1.1830,-0.4077
1.1830,-0.4077,1.1510,-0.7997
1.1510,-0.7997,1.1034,-1.1917
1.1034,-1.1917,1.0400,-1.5837
1.0400,-1.5837,0.9610,-1.9757
0.9610,-1.9757,0.8663,-2.3677
0.8663,-2.3677,0.7559,-2.7597
0.7559,-2.7597,0.6298,-3.1517
0.6298,-3.1517,0.5000,2.1262
0.5000,2.1262,0.5694,1.7342
0.5694,1.7342,0.6231,1.3422
0.6231,1.3422,0.6611,0.9502
0.6611,0.9502,0.6834,0.5582
0.6834,0.5582,0.6900,0.1662
0.6900,0.1662,0.6810,-0.2258
0.6810,-0.2258,0.6563,-0.6178
0.6563,-0.6178,0.6159,-1.0098
0.6159,-1.0098,0.5598,-1.4018
0.5598,-1.4018,0.5000,1.0763
0.5000,1.0763,0.5274,0.6843
0.5274,0.6843,0.5391,0.2923
0.5391,0.2923,0.5351,-0.0997
0.5351,-0.0997,0.5154,-0.4917
0.5154,-0.4917,0.5000,0.5302
0.5000,0.5302,0.5055,0.1382
0.5055,0.1382,0.5000,0.0000
0.5000,0.0000,0.5000,0.0000
0.5000,0.0000,0.5000,0.0000
0.5000,0.0000,0.5000,0.0000
0.5000,0.0000,0.5000,0.0000
0.5000,0.0000,0.5000,0.0000
0.5000,0.0000,0.5000,0.0000
0.5000,0.0000,0.5000,0.0000
0.5000,0.0000,0.5000,0.0000
0.5000,0.0000,0.5000,0.0000
0.5000,0.0000,0.5000,0.0000
0.5000,0.0000,0.5000,0.0000
0.5000,0.0000,0.5000,0.0000
0.5000,0.0000,0.5000,0.0000
0.5000,0.0000,0.5000,0.0000
0.5000,0.0000,0.5000,0.0000
0.5000,0.0000,0.5000,0.0000
0.5000,0.0000,0.5000,0.0000
0.5000,0.0000,0.5000,0.0000
0.5000,0.0000,0.5000,0.0000
0.5000,0.0000,0.5000,0.0000
0.5000,0.0000,0.5000,0.0000
0.5000,0.0000,0.5000,0.0000
0.5000,0.0000,0.5000,0.0000
0.5000,0.0000,0.5000,0.0000
0.5000,0.0000,0.5000,0.0000
0.5000,0.0000,0.5000,0.0000
0.5000,0.0000,0.5000,0.0000
0.5000,0.0000,0.5000,0.0000
0.5000,0.0000,0.5000,0.0000
0.5000,0.0000,0.5000,0.0000
0.5000,0.0000,0.5000,0.0000
0.5000,0.0000,0.5000,0.0000
0.5000,0.0000,0.5000,0.0000
0.5000,0.0000,0.5000,0.0000
0.5000,0.0000,0.5000,0.0000
0.5000,0.0000,0.5000,0.0000
0.5000,0.0000,0.5000,0.0000
0.5000,0.0000,0.5000,0.0000
0.5000,0.0000,0.5000,0.0000
0.5000,0.0000,0.5000,0.0000
0.5000,0.0000,0.5000,0.0000
0.5000,0.0000,0.5000,0.0000
0.5000,0.0000,0.5000,0.0000
0.5000,0.0000,0.5000,0.0000
0.5000,0.0000,0.5000,0.0000
0.5000,0.0000,0.5000,0.0000
0.5000,0.0000,0.5000,0.0000
0.5000,0.0000,0.5000,0.0000
0.5000,0.0000,0.5000,0.0000
0.5000,0.0000,0.5000,0.0000
0.5000,0.0000,0.5000,0.0000
7.3650,0.0000,7.3493,-0.3920
7.3493,-0.3920,7.3180,-0.7840
7.3180,-0.7840,7.2709,-1.1760
7.2709,-1.1760,7.2082,-1.5680
7.2082,-1.5680,7.1298,-1.9600
7.1298,-1.9600,7.0357,-2.3520
7.0357,-2.3520,6.9260,-2.7440
6.9260,-2.7440,6.8005,-3.1360
6.8005,-3.1360,6.6594,-3.5280
6.6594,-3.5280,6.5026,-3.9200
6.5026,-3.9200,6.3301,-4.3120
6.3301,-4.3120,6.1420,-4.7040
6.1420,-4.7040,5.9381,-5.0960
5.9381,-5.0960,5.7186,-5.4880
5.7186,-5.4880,5.4834,-5.8800
5.4834,-5.8800,5.2325,-6.2720
5.2325,-6.2720,4.9660,-6.6640
4.9660,-6.6640,4.6837,-7.0560
4.6837,-7.0560,4.3858,-7.4480
4.3858,-7.4480,4.0722,-7.8400
4.0722,-7.8400,3.7429,-8.2320
3.7429,-8.2320,3.3980,-8.6240
3.3980,-8.6240,3.0373,-9.0160
3.0373,-9.0160,2.6610,-9.4080
2.6610,-9.4080,2.2690,-9.8000
2.2690,-9.8000,1.8613,-10.1920
1.8613,-10.1920,1.4380,-10.5840
1.4380,-10.5840,0.9989,-10.9760
0.9989,-10.9760,0.5442,-11.3680
0.5442,-11.3680,0.5000,7.0560
0.5000,7.0560,0.7666,6.6640
0.7666,6.6640,1.0174,6.2720
1.0174,6.2720,1.2526,5.8800
1.2526,5.8800,1.4722,5.4880
1.4722,5.4880,1.6760,5.0960
1.6760,5.0960,1.8642,4.7040
1.8642,4.7040,2.0366,4.3120
2.0366,4.3120,2.1934,3.9200
2.1934,3.9200,2.3346,3.5280
2.3346,3.5280,2.4600,3.1360
2.4600,3.1360,2.5698,2.7440
2.5698,2.7440,2.6638,2.3520
2.6638,2.3520,2.7422,1.9600
2.7422,1.9600,2.8050,1.5680
2.8050,1.5680,2.8520,1.1760
2.8520,1.1760,2.8834,0.7840
2.8834,0.7840,2.8990,0.3920
2.8990,0.3920,2.8990,-0.0000
2.8990,-0.0000,2.8834,-0.3920
2.8834,-0.3920,2.8520,-0.7840
2.8520,-0.7840,2.8050,-1.1760
2.8050,-1.1760,2.7422,-1.5680
2.7422,-1.5680,2.6638,-1.9600
2.6638,-1.9600,2.5698,-2.3520
2.5698,-2.3520,2.4600,-2.7440
2.4600,-2.7440,2.3346,-3.1360
2.3346,-3.1360,2.1934,-3.5280
2.1934,-3.5280,2.0366,-3.9200
2.0366,-3.9200,1.8642,-4.3120
1.8642,-4.3120,1.6760,-4.7040
1.6760,-4.7040,1.4722,-5.0960
1.4722,-5.0960,1.2526,-5.4880
1.2526,-5.4880,1.0174,-5.8800
1.0174,-5.8800,0.7666,-6.2720
0.7666,-6.2720,0.5000,3.9984
0.5000,3.9984,0.6443,3.6064
0.6443,3.6064,0.7728,3.2144
0.7728,3.2144,0.8857,2.8224
0.8857,2.8224,0.9829,2.4304
0.9829,2.4304,1.0645,2.0384
1.0645,2.0384,1.1303,1.6464
1.1303,1.6464,1.1805,1.2544
1.1805,1.2544,1.2150,0.8624
1.2150,0.8624,1.2338,0.4704
1.2338,0.4704,1.2370,0.0784
1.2370,0.0784,1.2244,-0.3136
1.2244,-0.3136,1.1962,-0.7056
1.1962,-0.7056,1.1523,-1.0976
1.1523,-1.0976,1.0927,-1.4896
1.0927,-1.4896,1.0174,-1.8816
1.0174,-1.8816,0.9265,-2.2736
0.9265,-2.2736,0.8199,-2.6656
0.8199,-2.6656,0.6976,-3.0576
0.6976,-3.0576,0.5596,-3.4496
0.5596,-3.4496,0.5000,2.3050
0.5000,2.3050,0.5765,1.9130
0.5765,1.9130,0.6374,1.5210
0.6374,1.5210,0.6825,1.1290
0.6825,1.1290,0.7120,0.7370
0.7120,0.7370,0.7258,0.3450
0.7258,0.3450,0.7239,-0.0470
0.7239,-0.0470,0.7063,-0.4390
0.7063,-0.4390,0.6731,-0.8310
0.6731,-0.8310,0.6242,-1.2230
0.6242,-1.2230,0.5596,-1.6150
0.5596,-1.6150,0.5000,1.2042
0.5000,1.2042,0.5325,0.8122
0.5325,0.8122,0.5493,0.4202
0.5493,0.4202,0.5504,0.0282
0.5504,0.0282,0.5359,-0.3638
0.5359,-0.3638,0.5056,-0.7558
0.5056,-0.7558,0.5000,0.6887
0.5000,0.6887,0.5119,0.2967
0.5119,0.2967,0.5081,-0.0953
0.5081,-0.0953,0.5000,0.0000
0.5000,0.0000,0.5000,0.0000
0.5000,0.0000,0.5000,0.0000
0.5000,0.0000,0.5000,0.0000
0.5000,0.0000,0.5000,0.0000
0.5000,0.0000,0.5000,0.0000
0.5000,0.0000,0.5000,0.0000
0.5000,0.0000,0.5000,0.0000
0.5000,0.0000,0.5000,0.0000
0.5000,0.0000,0.5000,0.0000
0.5000,0.0000,0.5000,0.0000
0.5000,0.0000,0.5000,0.0000
0.5000,0.0000,0.5000,0.0000
0.5000,0.0000,0.5000,0.0000
0.5000,0.0000,0.5000,0.0000
0.5000,0.0000,0.5000,0.0000
0.5000,0.0000,0.5000,0.0000
0.5000,0.0000,0.5000,0.0000
0.5000,0.0000,0.5000,0.0000
0.5000,0.0000,0.5000,0.0000
0.5000,0.0000,0.5000,0.0000
0.5000,0.0000,0.5000,0.0000
0.5000,0.0000,0.5000,0.0000
0.5000,0.0000,0.5000,0.0000
0.5000,0.0000,0.5000,0.0000
0.5000,0.0000,0.5000,0.0000
0.5000,0.0000,0.5000,0.0000
0.5000,0.0000,0.5000,0.0000
0.5000,0.0000,0.5000,0.0000
0.5000,0.0000,0.5000,0.0000
0.5000,0.0000,0.5000,0.0000
0.5000,0.0000,0.5000,0.0000
0.5000,0.0000,0.5000,0.0000
0.5000,0.0000,0.5000,0.0000
0.5000,0.0000,0.5000,0.0000
0.5000,0.0000,0.5000,0.0000
0.5000,0.0000,0.5000,0.0000
0.5000,0.0000,0.5000,0.0000
0.5000,0.0000,0.5000,0.0000
0.5000,0.0000,0.5000,0.0000
0.5000,0.0000,0.5000,0.0000
0.5000,0.0000,0.5000,0.0000
0.5000,0.0000,0.5000,0.0000
0.5000,0.0000,0.5000,0.0000
0.5000,0.0000,0.5000,0.0000
0.5000,0.0000,0.5000,0.0000
4.5104,0.0000,4.4947,-0.3920
4.4947,-0.3920,4.4633,-0.7840
4.4633,-0.7840,4.4163,-1.1760
4.4163,-1.1760,4.3536,-1.5680
4.3536,-1.5680,4.2752,-1.9600
4.2752,-1.9600,4.1811,-2.3520
4.1811,-2.3520,4.0713,-2.7440
4.0713,-2.7440,3.9459,-3.1360
3.9459,-3.1360,3.8048,-3.5280
3.8048,-3.5280,3.6480,-3.9200
3.6480,-3.9200,3.4755,-4.3120
3.4755,-4.3120,3.2873,-4.7040
3.2873,-4.7040,3.0835,-5.0960
3.0835,-5.0960,2.8640,-5.4880
2.8640,-5.4880,2.6288,-5.8800
2.6288,-5.8800,2.3779,-6.2720
2.3779,-6.2720,2.1113,-6.6640
2.1113,-6.6640,1.8291,-7.0560
1.8291,-7.0560,1.5312,-7.4480
1.5312,-7.4480,1.2176,-7.8400
1.2176,-7.8400,0.8883,-8.2320
0.8883,-8.2320,0.5433,-8.6240
0.5433,-8.6240,0.5000,5.4096
0.5000,5.4096,0.7007,5.0176
0.7007,5.0176,0.8857,4.6256
0.8857,4.6256,1.0551,4.2336
1.0551,4.2336,1.2087,3.8416
1.2087,3.8416,1.3467,3.4496
1.3467,3.4496,1.4690,3.0576
1.4690,3.0576,1.5756,2.6656
1.5756,2.6656,1.6666,2.2736
1.6666,2.2736,1.7419,1.8816
1.7419,1.8816,1.8014,1.4896
1.8014,1.4896,1.8453,1.0976
1.8453,1.0976,1.8736,0.7056
1.8736,0.7056,1.8861,0.3136
1.8861,0.3136,1.8830,-0.0784
1.8830,-0.0784,1.8642,-0.4704
1.8642,-0.4704,1.8297,-0.8624
1.8297,-0.8624,1.7795,-1.2544
1.7795,-1.2544,1.7136,-1.6464
1.7136,-1.6464,1.6321,-2.0384
1.6321,-2.0384,1.5349,-2.4304
1.5349,-2.4304,1.4220,-2.8224
1.4220,-2.8224,1.2934,-3.2144
1.2934,-3.2144,1.1492,-3.6064
1.1492,-3.6064,0.9892,-3.9984
0.9892,-3.9984,0.8136,-4.3904
0.8136,-4.3904,0.6223,-4.7824
0.6223,-4.7824,0.5000,3.1046
0.5000,3.1046,0.6085,2.7126
0.6085,2.7126,0.7013,2.3206
0.7013,2.3206,0.7785,1.9286
0.7785,1.9286,0.8399,1.5366
0.8399,1.5366,0.8857,1.1446
0.8857,1.1446,0.9158,0.7526
0.9158,0.7526,0.9303,0.3606
0.9303,0.3606,0.9290,-0.0314
0.9290,-0.0314,0.9121,-0.4234
0.9121,-0.4234,0.8795,-0.8154
0.8795,-0.8154,0.8312,-1.2074
0.8312,-1.2074,0.7672,-1.5994
0.7672,-1.5994,0.6875,-1.9914
0.6875,-1.9914,0.5922,-2.3834
0.5922,-2.3834,0.5000,1.6652
0.5000,1.6652,0.5509,1.2732
0.5509,1.2732,0.5862,0.8812
0.5862,0.8812,0.6057,0.4892
0.6057,0.4892,0.6096,0.0972
0.6096,0.0972,0.5978,-0.2948
0.5978,-0.2948,0.5704,-0.6868
0.5704,-0.6868,0.5272,-1.0788
0.5272,-1.0788,0.5000,0.8825
0.5000,0.8825,0.5196,0.4905
0.5196,0.4905,0.5236,0.0985
0.5236,0.0985,0.5118,-0.2935
0.5118,-0.2935,0.5000,0.4113
0.5000,0.4113,0.5008,0.0193
0.5008,0.0193,0.5000,0.0000
0.5000,0.0000,0.5000,0.0000
0.5000,0.0000,0.5000,0.0000
0.5000,0.0000,0.5000,0.0000
0.5000,0.0000,0.5000,0.0000
0.5000,0.0000,0.5000,0.0000
0.5000,0.0000,0.5000,0.0000
0.5000,0.0000,0.5000,0.0000
0.5000,0.0000,0.5000,0.0000
0.5000,0.0000,0.5000,0.0000
0.5000,0.0000,0.5000,0.0000
0.5000,0.0000,0.5000,0.0000
0.5000,0.0000,0.5000,0.0000
0.5000,0.0000,0.5000,0.0000
0.5000,0.0000,0.5000,0.0000
0.5000,0.0000,0.5000,0.0000
0.5000,0.0000,0.5000,0.0000
0.5000,0.0000,0.5000,0.0000
0.5000,0.0000,0.5000,0.0000
0.5000,0.0000,0.5000,0.0000
0.5000,0.0000,0.5000,0.0000
0.5000,0.0000,0.5000,0.0000
0.5000,0.0000,0.5000,0.0000
0.5000,0.0000,0.5000,0.0000
0.5000,0.0000,0.5000,0.0000
0.5000,0.0000,0.5000,0.0000
0.5000,0.0000,0.5000,0.0000
0.5000,0.0000,0.5000,0.0000
0.5000,0.0000,0.5000,0.0000
0.5000,0.0000,0.5000,0.0000
0.5000,0.0000,0.5000,0.0000
0.5000,0.0000,0.5000,0.0000
0.5000,0.0000,0.5000,0.0000
0.5000,0.0000,0.5000,0.0000
0.5000,0.0000,0.5000,0.0000
0.5000,0.0000,0.5000,0.0000
0.5000,0.0000,0.5000,0.0000
0.5000,0.0000,0.5000,0.0000
0.5000,0.0000,0.5000,0.0000
0.5000,0.0000,0.5000,0.0000
0.5000,0.0000,0.5000,0.0000
0.5000,0.0000,0.5000,0.0000
0.5000,0.0000,0.5000,0.0000
0.5000,0.0000,0.5000,0.0000
0.5000,0.0000,0.5000,0.0000
0.5000,0.0000,0.5000,0.0000
0.5000,0.0000,0.5000,0.0000
0.5000,0.0000,0.5000,0.0000
0.5000,0.0000,0.5000,0.0000
0.5000,0.0000,0.5000,0.0000
0.5000,0.0000,0.5000,0.0000
0.5000,0.0000,0.5000,0.0000
0.5000,0.0000,0.5000,0.0000
0.5000,0.0000,0.5000,0.0000
0.5000,0.0000,0.5000,0.0000
0.5000,0.0000,0.5000,0.0000
0.5000,0.0000,0.5000,0.0000
0.5000,0.0000,0.5000,0.0000
0.5000,0.0000,0.5000,0.0000
0.5000,0.0000,0.5000,0.0000
0.5000,0.0000,0.5000,0.0000
0.5000,0.0000,0.5000,0.0000
0.5000,0.0000,0.5000,0.0000
0.5000,0.0000,0.5000,0.0000
0.5000,0.0000,0.5000,0.0000
0.5000,0.0000,0.5000,0.0000
0.5000,0.0000,0.5000,0.0000
0.5000,0.0000,0.5000,0.0000
0.5000,0.0000,0.5000,0.0000
0.5000,0.0000,0.5000,0.0000
0.5000,0.0000,0.5000,0.0000
0.5000,0.0000,0.5000,0.0000
6.6907,0.0000,6.6750,-0.3920
6.6750,-0.3920,6.6437,-0.7840
6.6437,-0.7840,6.5966,-1.1760
6.5966,-1.1760,6.5339,-1.5680
6.5339,-1.5680,6.4555,-1.9600
6.4555,-1.9600,6.3614,-2.3520
6.3614,-2.3520,6.2517,-2.7440
6.2517,-2.7440,6.1262,-3.1360
6.1262,-3.1360,5.9851,-3.5280
5.9851,-3.5280,5.8283,-3.9200
5.8283,-3.9200,5.6558,-4.3120
5.6558,-4.3120,5.4677,-4.7040
5.4677,-4.7040,5.2638,-5.0960
5.2638,-5.0960,5.0443,-5.4880
5.0443,-5.4880,4.8091,-5.8800
4.8091,-5.8800,4.5582,-6.2720
4.5582,-6.2720,4.2917,-6.6640
4.2917,-6.6640,4.0094,-7.0560
4.0094,-7.0560,3.7115,-7.4480
3.7115,-7.4480,3.3979,-7.8400
3.3979,-7.8400,3.0686,-8.2320
3.0686,-8.2320,2.7237,-8.6240
2.7237,-8.6240,2.3630,-9.0160
2.3630,-9.0160,1.9867,-9.4080
1.9867,-9.4080,1.5947,-9.8000
1.5947,-9.8000,1.1870,-10.1920
1.1870,-10.1920,0.7637,-10.5840
0.7637,-10.5840,0.5000,6.5856
0.5000,6.5856,0.7477,6.1936
0.7477,6.1936,0.9798,5.8016
0.9798,5.8016,1.1962,5.4096
1.1962,5.4096,1.3969,5.0176
1.3969,5.0176,1.5819,4.6256
1.5819,4.6256,1.7513,4.2336
1.7513,4.2336,1.9049,3.8416
1.9049,3.8416,2.0429,3.4496
2.0429,3.4496,2.1652,3.0576
2.1652,3.0576,2.2718,2.6656
2.2718,2.6656,2.3628,2.2736
2.3628,2.2736,2.4380,1.8816
2.4380,1.8816,2.4976,1.4896
2.4976,1.4896,2.5415,1.0976
2.5415,1.0976,2.5698,0.7056
2.5698,0.7056,2.5823,0.3136
2.5823,0.3136,2.5792,-0.0784
2.5792,-0.0784,2.5604,-0.4704
2.5604,-0.4704,2.5259,-0.8624
2.5259,-0.8624,2.4757,-1.2544
2.4757,-1.2544,2.4098,-1.6464
2.4098,-1.6464,2.3283,-2.0384
2.3283,-2.0384,2.2311,-2.4304
2.2311,-2.4304,2.1182,-2.8224
2.1182,-2.8224,1.9896,-3.2144
1.9896,-3.2144,1.8453,-3.6064
1.8453,-3.6064,1.6854,-3.9984
1.6854,-3.9984,1.5098,-4.3904
1.5098,-4.3904,1.3185,-4.7824
1.3185,-4.7824,1.1115,-5.1744
1.1115,-5.1744,0.8889,-5.5664
0.8889,-5.5664,0.6505,-5.9584
0.6505,-5.9584,0.5000,3.8102
0.5000,3.8102,0.6367,3.4182
0.6367,3.4182,0.7578,3.0262
0.7578,3.0262,0.8631,2.6342
0.8631,2.6342,0.9528,2.2422
0.9528,2.2422,1.0268,1.8502
1.0268,1.8502,1.0852,1.4582
1.0852,1.4582,1.1278,1.0662
1.1278,1.0662,1.1548,0.6742
1.1548,0.6742,1.1661,0.2822
1.1661,0.2822,1.1617,-0.1098
1.1617,-0.1098,1.1416,-0.5018
1.1416,-0.5018,1.1059,-0.8938
1.1059,-0.8938,1.0544,-1.2858
1.0544,-1.2858,0.9873,-1.6778
0.9873,-1.6778,0.9045,-2.0698
0.9045,-2.0698,0.8061,-2.4618
0.8061,-2.4618,0.6919,-2.8538
0.6919,-2.8538,0.5621,-3.2458
0.5621,-3.2458,0.5000,2.1827
0.5000,2.1827,0.5716,1.7907
0.5716,1.7907,0.6276,1.3987
0.6276,1.3987,0.6678,1.0067
0.6678,1.0067,0.6924,0.6147
0.6924,0.6147,0.7013,0.2227
0.7013,0.2227,0.6946,-0.1693
0.6946,-0.1693,0.6721,-0.5613
0.6721,-0.5613,0.6340,-0.9533
0.6340,-0.9533,0.5802,-1.3453
0.5802,-1.3453,0.5107,-1.7373
0.5107,-1.7373,0.5000,1.2776
0.5000,1.2776,0.5354,0.8856
0.5354,0.8856,0.5552,0.4936
0.5552,0.4936,0.5592,0.1016
0.5592,0.1016,0.5476,-0.2904
0.5476,-0.2904,0.5203,-0.6824
0.5203,-0.6824,0.5000,0.6446
0.5000,0.6446,0.5101,0.2526
0.5101,0.2526,0.5045,-0.1394
0.5045,-0.1394,0.5000,0.0000
0.5000,0.0000,0.5000,0.0000
0.5000,0.0000,0.5000,0.0000
0.5000,0.0000,0.5000,0.0000
0.5000,0.0000,0.5000,0.0000
0.5000,0.0000,0.5000,0.0000
0.5000,0.0000,0.5000,0.0000
0.5000,0.0000,0.5000,0.0000
0.5000,0.0000,0.5000,0.0000
0.5000,0.0000,0.5000,0.0000
0.5000,0.0000,0.5000,0.0000
0.5000,0.0000,0.5000,0.0000
0.5000,0.0000,0.5000,0.0000
0.5000,0.0000,0.5000,0.0000
0.5000,0.0000,0.5000,0.0000
0.5000,0.0000,0.5000,0.0000
0.5000,0.0000,0.5000,0.0000
0.5000,0.0000,0.5000,0.0000
0.5000,0.0000,0.5000,0.0000
0.5000,0.0000,0.5000,0.0000
0.5000,0.0000,0.5000,0.0000
0.5000,0.0000,0.5000,0.0000
0.5000,0.0000,0.5000,0.0000
0.5000,0.0000,0.5000,0.0000
0.5000,0.0000,0.5000,0.0000
0.5000,0.0000,0.5000,0.0000
0.5000,0.0000,0.5000,0.0000
0.5000,0.0000,0.5000,0.0000
0.5000,0.0000,0.5000,0.0000
0.5000,0.0000,0.5000,0.0000
0.5000,0.0000,0.5000,0.0000
0.5000,0.0000,0.5000,0.0000
0.5000,0.0000,0.5000,0.0000
0.5000,0.0000,0.5000,0.0000
0.5000,0.0000,0.5000,0.0000
0.5000,0.0000,0.5000,0.0000
0.5000,0.0000,0.5000,0.0000
0.5000,0.0000,0.5000,0.0000
0.5000,0.0000,0.5000,0.0000
0.5000,0.0000,0.5000,0.0000
0.5000,0.0000,0.5000,0.0000
0.5000,0.0000,0.5000,0.0000
0.5000,0.0000,0.5000,0.0000
0.5000,0.0000,0.5000,0.0000
0.5000,0.0000,0.5000,0.0000
0.5000,0.0000,0.5000,0.0000
0.5000,0.0000,0.5000,0.0000
0.5000,0.0000,0.5000,0.0000
0.5000,0.0000,0.5000,0.0000
0.5000,0.0000,0.5000,0.0000
0.5000,0.0000,0.5000,0.0000
4.2160,0.0000,4.2003,-0.3920
4.2003,-0.3920,4.1689,-0.7840
4.1689,-0.7840,4.1219,-1.1760
4.1219,-1.1760,4.0592,-1.5680
4.0592,-1.5680,3.9808,-1.9600
3.9808,-1.9600,3.8867,-2.3520
3.8867,-2.3520,3.7769,-2.7440
3.7769,-2.7440,3.6515,-3.1360
3.6515,-3.1360,3.5104,-3.5280
3.5104,-3.5280,3.3536,-3.9200
3.3536,-3.9200,3.1811,-4.3120
3.1811,-4.3120,2.9929,-4.7040
2.9929,-4.7040,2.7891,-5.0960
2.7891,-5.0960,2.5696,-5.4880
2.5696,-5.4880,2.3344,-5.8800
2.3344,-5.8800,2.0835,-6.2720
2.0835,-6.2720,1.8169,-6.6640
1.8169,-6.6640,1.5347,-7.0560
1.5347,-7.0560,1.2368,-7.4480
1.2368,-7.4480,0.9232,-7.8400
0.9232,-7.8400,0.5939,-8.2320
0.5939,-8.2320,0.5000,5.1744
0.5000,5.1744,0.6913,4.7824
0.6913,4.7824,0.8669,4.3904
0.8669,4.3904,1.0268,3.9984
1.0268,3.9984,1.1711,3.6064
1.1711,3.6064,1.2997,3.2144
1.2997,3.2144,1.4126,2.8224
1.4126,2.8224,1.5098,2.4304
1.5098,2.4304,1.5913,2.0384
1.5913,2.0384,1.6572,1.6464
1.6572,1.6464,1.7074,1.2544
1.7074,1.2544,1.7419,0.8624
1.7419,0.8624,1.7607,0.4704
1.7607,0.4704,1.7638,0.0784
1.7638,0.0784,1.7513,-0.3136
1.7513,-0.3136,1.7230,-0.7056
1.7230,-0.7056,1.6791,-1.0976
1.6791,-1.0976,1.6196,-1.4896
1.6196,-1.4896,1.5443,-1.8816
1.5443,-1.8816,1.4533,-2.2736
1.4533,-2.2736,1.3467,-2.6656
1.3467,-2.6656,1.2244,-3.0576
1.2244,-3.0576,1.0864,-3.4496
1.0864,-3.4496,0.9328,-3.8416
0.9328,-3.8416,0.7634,-4.2336
0.7634,-4.2336,0.5784,-4.6256
0.5784,-4.6256,0.5000,3.0106
0.5000,3.0106,0.6047,2.6186
0.6047,2.6186,0.6938,2.2266
0.6938,2.2266,0.7672,1.8346
0.7672,1.8346,0.8249,1.4426
0.8249,1.4426,0.8669,1.0506
0.8669,1.0506,0.8933,0.6586
0.8933,0.6586,0.9039,0.2666
0.9039,0.2666,0.8989,-0.1254
0.8989,-0.1254,0.8782,-0.5174
0.8782,-0.5174,0.8418,-0.9094
0.8418,-0.9094,0.7898,-1.3014
0.7898,-1.3014,0.7220,-1.6934
0.7220,-1.6934,0.6386,-2.0854
0.6386,-2.0854,0.5395,-2.4774
0.5395,-2.4774,0.5000,1.7217
0.5000,1.7217,0.5532,1.3297
0.5532,1.3297,0.5907,0.9377
0.5907,0.9377,0.6125,0.5457
0.6125,0.5457,0.6187,0.1537
0.6187,0.1537,0.6091,-0.2383
0.6091,-0.2383,0.5839,-0.6303
0.5839,-0.6303,0.5430,-1.0223
0.5430,-1.0223,0.5000,0.8486
0.5000,0.8486,0.5183,0.4566
0.5183,0.4566,0.5208,0.0646
0.5208,0.0646,0.5078,-0.3274
0.5078,-0.3274,0.5000,0.4316
0.5000,0.4316,0.5016,0.0396
0.5016,0.0396,0.5000,0.0000
0.5000,0.0000,0.5000,0.0000
0.5000,0.0000,0.5000,0.0000
0.5000,0.0000,0.5000,0.0000
0.5000,0.0000,0.5000,0.0000
0.5000,0.0000,0.5000,0.0000
0.5000,0.0000,0.5000,0.0000
0.5000,0.0000,0.5000,0.0000
0.5000,0.0000,0.5000,0.0000
0.5000,0.0000,0.5000,0.0000
0.5000,0.0000,0.5000,0.0000
0.5000,0.0000,0.5000,0.0000
0.5000,0.0000,0.5000,0.0000
0.5000,0.0000,0.5000,0.0000
0.5000,0.0000,0.5000,0.0000
0.5000,0.0000,0.5000,0.0000
0.5000,0.0000,0.5000,0.0000
0.5000,0.0000,0.5000,0.0000
0.5000,0.0000,0.5000,0.0000
0.5000,0.0000,0.5000,0.0000
0.5000,0.0000,0.5000,0.0000
0.5000,0.0000,0.5000,0.0000
0.5000,0.0000,0.5000,0.0000
0.5000,0.0000,0.5000,0.0000
0.5000,0.0000,0.5000,0.0000
0.5000,0.0000,0.5000,0.0000
0.5000,0.0000,0.5000,0.0000
0.5000,0.0000,0.5000,0.0000
0.5000,0.0000,0.5000,0.0000
0.5000,0.0000,0.5000,0.0000
0.5000,0.0000,0.5000,0.0000
0.5000,0.0000,0.5000,0.0000
0.5000,0.0000,0.5000,0.0000
0.5000,0.0000,0.5000,0.0000
0.5000,0.0000,0.5000,0.0000
0.5000,0.0000,0.5000,0.0000
0.5000,0.0000,0.5000,0.0000
0.5000,0.0000,0.5000,0.0000
0.5000,0.0000,0.5000,0.0000
0.5000,0.0000,0.5000,0.0000
0.5000,0.0000,0.5000,0.0000
0.5000,0.0000,0.5000,0.0000
0.5000,0.0000,0.5000,0.0000
0.5000,0.0000,0.5000,0.0000
0.5000,0.0000,0.5000,0.0000
0.5000,0.0000,0.5000,0.0000
0.5000,0.0000,0.5000,0.0000
0.5000,0.0000,0.5000,0.0000
0.5000,0.0000,0.5000,0.0000
0.5000,0.0000,0.5000,0.0000
0.5000,0.0000,0.5000,0.0000
0.5000,0.0000,0.5000,0.0000
0.5000,0.0000,0.5000,0.0000
0.5000,0.0000,0.5000,0.0000
0.5000,0.0000,0.5000,0.0000
0.5000,0.0000,0.5000,0.0000
0.5000,0.0000,0.5000,0.0000
0.5000,0.0000,0.5000,0.0000
0.5000,0.0000,0.5000,0.0000
0.5000,0.0000,0.5000,0.0000
0.5000,0.0000,0.5000,0.0000
0.5000,0.0000,0.5000,0.0000
0.5000,0.0000,0.5000,0.0000
0.5000,0.0000,0.5000,0.0000
0.5000,0.0000,0.5000,0.0000
0.5000,0.0000,0.5000,0.0000
0.5000,0.0000,0.5000,0.0000
0.5000,0.0000,0.5000,0.0000
0.5000,0.0000,0.5000,0.0000
0.5000,0.0000,0.5000,0.0000
0.5000,0.0000,0.5000,0.0000
0.5000,0.0000,0.5000,0.0000
0.5000,0.0000,0.5000,0.0000
0.5000,0.0000,0.5000,0.0000
4.3055,0.0000,4.2898,-0.3920
4.2898,-0.3920,4.2585,-0.7840
4.2585,-0.7840,4.2114,-1.1760
4.2114,-1.1760,4.1487,-1.5680
4.1487,-1.5680,4.0703,-1.9600
4.0703,-1.9600,3.9762,-2.3520
3.9762,-2.3520,3.8665,-2.7440
3.8665,-2.7440,3.7410,-3.1360
3.7410,-3.1360,3.5999,-3.5280
3.5999,-3.5280,3.4431,-3.9200
3.4431,-3.9200,3.2706,-4.3120
3.2706,-4.3120,3.0825,-4.7040
3.0825,-4.7040,2.8786,-5.0960
2.8786,-5.0960,2.6591,-5.4880
2.6591,-5.4880,2.4239,-5.8800
2.4239,-5.8800,2.1730,-6.2720
2.1730,-6.2720,1.9065,-6.6640
1.9065,-6.6640,1.6242,-7.0560
1.6242,-7.0560,1.3263,-7.4480
1.3263,-7.4480,1.0127,-7.8400
1.0127,-7.8400,0.6834,-8.2320
0.6834,-8.2320,0.5000,5.1744
0.5000,5.1744,0.6913,4.7824
0.6913,4.7824,0.8669,4.3904
0.8669,4.3904,1.0268,3.9984
1.0268,3.9984,1.1711,3.6064
1.1711,3.6064,1.2997,3.2144
1.2997,3.2144,1.4126,2.8224
1.4126,2.8224,1.5098,2.4304
1.5098,2.4304,1.5913,2.0384
1.5913,2.0384,1.6572,1.6464
1.6572,1.6464,1.7074,1.2544
1.7074,1.2544,1.7419,0.8624
1.7419,0.8624,1.7607,0.4704
1.7607,0.4704,1.7638,0.0784
1.7638,0.0784,1.7513,-0.3136
1.7513,-0.3136,1.7230,-0.7056
1.7230,-0.7056,1.6791,-1.0976
1.6791,-1.0976,1.6196,-1.4896
1.6196,-1.4896,1.5443,-1.8816
1.5443,-1.8816,1.4533,-2.2736
1.4533,-2.2736,1.3467,-2.6656
1.3467,-2.6656,1.2244,-3.0576
1.2244,-3.0576,1.0864,-3.4496
1.0864,-3.4496,0.9328,-3.8416
0.9328,-3.8416,0.7634,-4.2336
0.7634,-4.2336,0.5784,-4.6256
0.5784,-4.6256,0.5000,3.0106
0.5000,3.0106,0.6047,2.6186
0.6047,2.6186,0.6938,2.2266
0.6938,2.2266,0.7672,1.8346
0.7672,1.8346,0.8249,1.4426
0.8249,1.4426,0.8669,1.0506
0.8669,1.0506,0.8933,0.6586
0.8933,0.6586,0.9039,0.2666
0.9039,0.2666,0.8989,-0.1254
0.8989,-0.1254,0.8782,-0.5174
0.8782,-0.5174,0.8418,-0.9094
0.8418,-0.9094,0.7898,-1.3014
0.7898,-1.3014,0.7220,-1.6934
0.7220,-1.6934,0.6386,-2.0854
0.6386,-2.0854,0.5395,-2.4774
0.5395,-2.4774,0.5000,1.7217
0.5000,1.7217,0.5532,1.3297
0.5532,1.3297,0.5907,0.9377
0.5907,0.9377,0.6125,0.5457
0.6125,0.5457,0.6187,0.1537
0.6187,0.1537,0.6091,-0.2383
0.6091,-0.2383,0.5839,-0.6303
0.5839,-0.6303,0.5430,-1.0223
0.5430,-1.0223,0.5000,0.8486
0.5000,0.8486,0.5183,0.4566
0.5183,0.4566,0.5208,0.0646
0.5208,0.0646,0.5078,-0.3274
0.5078,-0.3274,0.5000,0.4316
0.5000,0.4316,0.5016,0.0396
0.5016,0.0396,0.5000,0.0000
0.5000,0.0000,0.5000,0.0000
0.5000,0.0000,0.5000,0.0000
0.5000,0.0000,0.5000,0.0000
0.5000,0.0000,0.5000,0.0000
0.5000,0.0000,0.5000,0.0000
0.5000,0.0000,0.5000,0.0000
0.5000,0.0000,0.5000,0.0000
0.5000,0.0000,0.5000,0.0000
0.5000,0.0000,0.5000,0.0000
0.5000,0.0000,0.5000,0.0000
0.5000,0.0000,0.5000,0.0000
0.5000,0.0000,0.5000,0.0000
0.5000,0.0000,0.5000,0.0000
0.5000,0.0000,0.5000,0.0000
0.5000,0.0000,0.5000,0.0000
0.5000,0.0000,0.5000,0.0000
0.5000,0.0000,0.5000,0.0000
0.5000,0.0000,0.5000,0.0000
0.5000,0.0000,0.5000,0.0000
0.5000,0.0000,0.5000,0.0000
0.5000,0.0000,0.5000,0.0000
0.5000,0.0000,0.5000,0.0000
0.5000,0.0000,0.5000,0.0000
0.5000,0.0000,0.5000,0.0000
0.5000,0.0000,0.5000,0.0000
0.5000,0.0000,0.5000,0.0000
0.5000,0.0000,0.5000,0.0000
0.5000,0.0000,0.5000,0.0000
0.5000,0.0000,0.5000,0.0000
0.5000,0.0000,0.5000,0.0000
0.5000,0.0000,0.5000,0.0000
0.5000,0.0000,0.5000,0.0000
0.5000,0.0000,0.5000,0.0000
0.5000,0.0000,0.5000,0.0000
0.5000,0.0000,0.5000,0.0000
0.5000,0.0000,0.5000,0.0000
0.5000,0.0000,0.5000,0.0000
0.5000,0.0000,0.5000,0.0000
0.5000,0.0000,0.5000,0.0000
0.5000,0.0000,0.5000,0.0000
0.5000,0.0000,0.5000,0.0000
0.5000,0.0000,0.5000,0.0000
0.5000,0.0000,0.5000,0.0000
0.5000,0.0000,0.5000,0.0000
0.5000,0.0000,0.5000,0.0000
0.5000,0.0000,0.5000,0.0000
0.5000,0.0000,0.5000,0.0000
0.5000,0.0000,0.5000,0.0000
0.5000,0.0000,0.5000,0.0000
0.5000,0.0000,0.5000,0.0000
0.5000,0.0000,0.5000,0.0000
0.5000,0.0000,0.5000,0.0000
0.5000,0.0000,0.5000,0.0000
0.5000,0.0000,0.5000,0.0000
0.5000,0.0000,0.5000,0.0000
0.5000,0.0000,0.5000,0.0000
0.5000,0.0000,0.5000,0.0000
0.5000,0.0000,0.5000,0.0000
0.5000,0.0000,0.5000,0.0000
0.5000,0.0000,0.5000,0.0000
0.5000,0.0000,0.5000,0.0000
0.5000,0.0000,0.5000,0.0000
0.5000,0.0000,0.5000,0.0000
0.5000,0.0000,0.5000,0.0000
0.5000,0.0000,0.5000,0.0000
0.5000,0.0000,0.5000,0.0000
0.5000,0.0000,0.5000,0.0000
0.5000,0.0000,0.5000,0.0000
0.5000,0.0000,0.5000,0.0000
0.5000,0.0000,0.5000,0.0000
0.5000,0.0000,0.5000,0.0000
0.5000,0.0000,0.5000,0.0000
0.5000,0.0000,0.5000,0.0000
9.8283,0.0000,9.8126,-0.3920
9.8126,-0.3920,9.7812,-0.7840
9.7812,-0.7840,9.7342,-1.1760
9.7342,-1.1760,9.6715,-1.5680
9.6715,-1.5680,9.5931,-1.9600
9.5931,-1.9600,9.4990,-2.3520
9.4990,-2.3520,9.3892,-2.7440
9.3892,-2.7440,9.2638,-3.1360
9.2638,-3.1360,9.1227,-3.5280
9.1227,-3.5280,8.9659,-3.9200
8.9659,-3.9200,8.7934,-4.3120
8.7934,-4.3120,8.6052,-4.7040
8.6052,-4.7040,8.4014,-5.0960
8.4014,-5.0960,8.1819,-5.4880
8.1819,-5.4880,7.9467,-5.8800
7.9467,-5.8800,7.6958,-6.2720
7.6958,-6.2720,7.4292,-6.6640
7.4292,-6.6640,7.1470,-7.0560
7.1470,-7.0560,6.8491,-7.4480
6.8491,-7.4480,6.5355,-7.8400
6.5355,-7.8400,6.2062,-8.2320
6.2062,-8.2320,5.8612,-8.6240
5.8612,-8.6240,5.5006,-9.0160
5.5006,-9.0160,5.1243,-9.4080
5.1243,-9.4080,4.7323,-9.8000
4.7323,-9.8000,4.3246,-10.1920
4.3246,-10.1920,3.9012,-10.5840
3.9012,-10.5840,3.4622,-10.9760
3.4622,-10.9760,3.0075,-11.3680
3.0075,-11.3680,2.5371,-11.7600
2.5371,-11.7600,2.0510,-12.1520
2.0510,-12.1520,1.5492,-12.5440
1.5492,-12.5440,1.0318,-12.9360
1.0318,-12.9360,0.5000,7.9968
0.5000,7.9968,0.8042,7.6048
0.8042,7.6048,1.0927,7.2128
1.0927,7.2128,1.3655,6.8208
1.3655,6.8208,1.6227,6.4288
1.6227,6.4288,1.8642,6.0368
1.8642,6.0368,2.0900,5.6448
2.0900,5.6448,2.3001,5.2528
2.3001,5.2528,2.4945,4.8608
2.4945,4.8608,2.6732,4.4688
2.6732,4.4688,2.8363,4.0768
2.8363,4.0768,2.9837,3.6848
2.9837,3.6848,3.1154,3.2928
3.1154,3.2928,3.2315,2.9008
3.2315,2.9008,3.3318,2.5088
3.3318,2.5088,3.4165,2.1168
3.4165,2.1168,3.4855,1.7248
3.4855,1.7248,3.5388,1.3328
3.5388,1.3328,3.5764,0.9408
3.5764,0.9408,3.5984,0.5488
3.5984,0.5488,3.6046,0.1568
3.6046,0.1568,3.5952,-0.2352
3.5952,-0.2352,3.5701,-0.6272
3.5701,-0.6272,3.5294,-1.0192
3.5294,-1.0192,3.4729,-1.4112
3.4729,-1.4112,3.4008,-1.8032
3.4008,-1.8032,3.3130,-2.1952
3.3130,-2.1952,3.2095,-2.5872
3.2095,-2.5872,3.0903,-2.9792
3.0903,-2.9792,2.9555,-3.3712
2.9555,-3.3712,2.8050,-3.7632
2.8050,-3.7632,2.6388,-4.1552
2.6388,-4.1552,2.4569,-4.5472
2.4569,-4.5472,2.2593,-4.9392
2.2593,-4.9392,2.0460,-5.3312
2.0460,-5.3312,1.8171,-5.7232
1.8171,-5.7232,1.5725,-6.1152
1.5725,-6.1152,1.3122,-6.5072
1.3122,-6.5072,1.0363,-6.8992
1.0363,-6.8992,0.7446,-7.2912
0.7446,-7.2912,0.5000,4.6099
0.5000,4.6099,0.6687,4.2179
0.6687,4.2179,0.8218,3.8259
0.8218,3.8259,0.9591,3.4339
0.9591,3.4339,1.0808,3.0419
1.0808,3.0419,1.1868,2.6499
1.1868,2.6499,1.2771,2.2579
1.2771,2.2579,1.3517,1.8659
1.3517,1.8659,1.4107,1.4739
1.4107,1.4739,1.4540,1.0819
1.4540,1.0819,1.4816,0.6899
1.4816,0.6899,1.4935,0.2979
1.4935,0.2979,1.4897,-0.0941
1.4897,-0.0941,1.4703,-0.4861
1.4703,-0.4861,1.4352,-0.8781
1.4352,-0.8781,1.3844,-1.2701
1.3844,-1.2701,1.3179,-1.6621
1.3179,-1.6621,1.2357,-2.0541
1.2357,-2.0541,1.1379,-2.4461
1.1379,-2.4461,1.0243,-2.8381
1.0243,-2.8381,0.8951,-3.2301
0.8951,-3.2301,0.7503,-3.6221
0.7503,-3.6221,0.5897,-4.0141
0.5897,-4.0141,0.5000,2.6436
0.5000,2.6436,0.5901,2.2516
0.5901,2.2516,0.6645,1.8596
0.6645,1.8596,0.7232,1.4676
0.7232,1.4676,0.7662,1.0756
0.7662,1.0756,0.7935,0.6836
0.7935,0.6836,0.8052,0.2916
0.8052,0.2916,0.8012,-0.1004
0.8012,-0.1004,0.7815,-0.4924
0.7815,-0.4924,0.7461,-0.8844
0.7461,-0.8844,0.6951,-1.2764
0.6951,-1.2764,0.6283,-1.6684
0.6283,-1.6684,0.5459,-2.0604
0.5459,-2.0604,0.5000,1.4714
0.5000,1.4714,0.5432,1.0794
0.5432,1.0794,0.5707,0.6874
0.5707,0.6874,0.5825,0.2954
0.5825,0.2954,0.5786,-0.0966
0.5786,-0.0966,0.5591,-0.4886
0.5591,-0.4886,0.5239,-0.8806
0.5239,-0.8806,0.5000,0.7636
0.5000,0.7636,0.5149,0.3716
0.5149,0.3716,0.5140,-0.0204
0.5140,-0.0204,0.5000,0.0000
0.5000,0.0000,0.5000,0.0000
0.5000,0.0000,0.5000,0.0000
0.5000,0.0000,0.5000,0.0000
0.5000,0.0000,0.5000,0.0000
0.5000,0.0000,0.5000,0.0000
0.5000,0.0000,0.5000,0.0000
0.5000,0.0000,0.5000,0.0000
0.5000,0.0000,0.5000,0.0000
0.5000,0.0000,0.5000,0.0000
0.5000,0.0000,0.5000,0.0000
0.5000,0.0000,0.5000,0.0000
0.5000,0.0000,0.5000,0.0000
0.5000,0.0000,0.5000,0.0000
0.5000,0.0000,0.5000,0.0000
0.5000,0.0000,0.5000,0.0000
0.5000,0.0000,0.5000,0.0000
0.5000,0.0000,0.5000,0.0000
0.5000,0.0000,0.5000,0.0000
0.5000,0.0000,0.5000,0.0000
0.5000,0.0000,0.5000,0.0000
0.5000,0.0000,0.5000,0.0000
0.5000,0.0000,0.5000,0.0000
0.5000,0.0000,0.5000,0.0000
0.5000,0.0000,0.5000,0.0000
0.5000,0.0000,0.5000,0.0000
0.5000,0.0000,0.5000,0.0000
0.5000,0.0000,0.5000,0.0000
0.5000,0.0000,0.5000,0.0000
0.5000,0.0000,0.5000,0.0000
0.5000,0.0000,0.5000,0.0000
2.5743,0.0000,2.5586,-0.3920
2.5586,-0.3920,2.5272,-0.7840
2.5272,-0.7840,2.4802,-1.1760
2.4802,-1.1760,2.4175,-1.5680
2.4175,-1.5680,2.3391,-1.9600
2.3391,-1.9600,2.2450,-2.3520
2.2450,-2.3520,2.1352,-2.7440
2.1352,-2.7440,2.0098,-3.1360
2.0098,-3.1360,1.8687,-3.5280
1.8687,-3.5280,1.7119,-3.9200
1.7119,-3.9200,1.5394,-4.3120
1.5394,-4.3120,1.3512,-4.7040
1.3512,-4.7040,1.1474,-5.0960
1.1474,-5.0960,0.9279,-5.4880
0.9279,-5.4880,0.6927,-5.8800
0.6927,-5.8800,0.5000,3.7632
0.5000,3.7632,0.6348,3.3712
0.6348,3.3712,0.7540,2.9792
0.7540,2.9792,0.8575,2.5872
0.8575,2.5872,0.9453,2.1952
0.9453,2.1952,1.0174,1.8032
1.0174,1.8032,1.0739,1.4112
1.0739,1.4112,1.1147,1.0192
1.1147,1.0192,1.1397,0.6272
1.1397,0.6272,1.1492,0.2352
1.1492,0.2352,1.1429,-0.1568
1.1429,-0.1568,1.1209,-0.5488
1.1209,-0.5488,1.0833,-0.9408
1.0833,-0.9408,1.0300,-1.3328
1.0300,-1.3328,0.9610,-1.7248
0.9610,-1.7248,0.8763,-2.1168
0.8763,-2.1168,0.7760,-2.5088
0.7760,-2.5088,0.6599,-2.9008
0.6599,-2.9008,0.5282,-3.2928
0.5282,-3.2928,0.5000,2.2109
0.5000,2.2109,0.5728,1.8189
0.5728,1.8189,0.6298,1.4269
0.6298,1.4269,0.6712,1.0349
0.6712,1.0349,0.6969,0.6429
0.6969,0.6429,0.7070,0.2509
0.7070,0.2509,0.7013,-0.1411
0.7013,-0.1411,0.6800,-0.5331
0.6800,-0.5331,0.6430,-0.9251
0.6430,-0.9251,0.5903,-1.3171
0.5903,-1.3171,0.5220,-1.7091
0.5220,-1.7091,0.5000,1.2607
0.5000,1.2607,0.5347,0.8687
0.5347,0.8687,0.5538,0.4767
0.5538,0.4767,0.5572,0.0847
0.5572,0.0847,0.5449,-0.3073
0.5449,-0.3073,0.5169,-0.6993
0.5169,-0.6993,0.5000,0.6548
0.5000,0.6548,0.5105,0.2628
0.5105,0.2628,0.5053,-0.1292
0.5053,-0.1292,0.5000,0.0000
0.5000,0.0000,0.5000,0.0000
0.5000,0.0000,0.5000,0.0000
0.5000,0.0000,0.5000,0.0000
0.5000,0.0000,0.5000,0.0000
0.5000,0.0000,0.5000,0.0000
0.5000,0.0000,0.5000,0.0000
0.5000,0.0000,0.5000,0.0000
0.5000,0.0000,0.5000,0.0000
0.5000,0.0000,0.5000,0.0000
0.5000,0.0000,0.5000,0.0000
0.5000,0.0000,0.5000,0.0000
0.5000,0.0000,0.5000,0.0000
0.5000,0.0000,0.5000,0.0000
0.5000,0.0000,0.5000,0.0000
0.5000,0.0000,0.5000,0.0000
0.5000,0.0000,0.5000,0.0000
0.5000,0.0000,0.5000,0.0000
0.5000,0.0000,0.5000,0.0000
0.5000,0.0000,0.5000,0.0000
0.5000,0.0000,0.5000,0.0000
0.5000,0.0000,0.5000,0.0000
0.5000,0.0000,0.5000,0.0000
0.5000,0.0000,0.5000,0.0000
0.5000,0.0000,0.5000,0.0000
0.5000,0.0000,0.5000,0.0000
0.5000,0.0000,0.5000,0.0000
0.5000,0.0000,0.5000,0.0000
0.5000,0.0000,0.5000,0.0000
0.5000,0.0000,0.5000,0.0000
0.5000,0.0000,0.5000,0.0000
0.5000,0.0000,0.5000,0.0000
0.5000,0.0000,0.5000,0.0000
0.5000,0.0000,0.5000,0.0000
0.5000,0.0000,0.5000,0.0000
0.5000,0.0000,0.5000,0.0000
0.5000,0.0000,0.5000,0.0000
0.5000,0.0000,0.5000,0.0000
0.5000,0.0000,0.5000,0.0000
0.5000,0.0000,0.5000,0.0000
0.5000,0.0000,0.5000,0.0000
0.5000,0.0000,0.5000,0.0000
0.5000,0.0000,0.5000,0.0000
0.5000,0.0000,0.5000,0.0000
0.5000,0.0000,0.5000,0.0000
0.5000,0.0000,0.5000,0.0000
0.5000,0.0000,0.5000,0.0000
0.5000,0.0000,0.5000,0.0000
0.5000,0.0000,0.5000,0.0000
0.5000,0.0000,0.5000,0.0000
0.5000,0.0000,0.5000,0.0000
0.5000,0.0000,0.5000,0.0000
0.5000,0.0000,0.5000,0.0000
0.5000,0.0000,0.5000,0.0000
0.5000,0.0000,0.5000,0.0000
0.5000,0.0000,0.5000,0.0000
0.5000,0.0000,0.5000,0.0000
0.5000,0.0000,0.5000,0.0000
0.5000,0.0000,0.5000,0.0000
0.5000,0.0000,0.5000,0.0000
0.5000,0.0000,0.5000,0.0000
0.5000,0.0000,0.5000,0.0000
0.5000,0.0000,0.5000,0.0000
0.5000,0.0000,0.5000,0.0000
0.5000,0.0000,0.5000,0.0000
0.5000,0.0000,0.5000,0.0000
0.5000,0.0000,0.5000,0.0000
0.5000,0.0000,0.5000,0.0000
0.5000,0.0000,0.5000,0.0000
0.5000,0.0000,0.5000,0.0000
0.5000,0.0000,0.5000,0.0000
0.5000,0.0000,0.5000,0.0000
0.5000,0.0000,0.5000,0.0000
0.5000,0.0000,0.5000,0.0000
0.5000,0.0000,0.5000,0.0000
0.5000,0.0000,0.5000,0.0000
0.5000,0.0000,0.5000,0.0000
0.5000,0.0000,0.5000,0.0000
0.5000,0.0000,0.5000,0.0000
0.5000,0.0000,0.5000,0.0000
0.5000,0.0000,0.5000,0.0000
0.5000,0.0000,0.5000,0.0000
0.5000,0.0000,0.5000,0.0000
0.5000,0.0000,0.5000,0.0000
0.5000,0.0000,0.5000,0.0000
0.5000,0.0000,0.5000,0.0000
0.5000,0.0000,0.5000,0.0000
0.5000,0.0000,0.5000,0.0000
0.5000,0.0000,0.5000,0.0000
0.5000,0.0000,0.5000,0.0000
0.5000,0.0000,0.5000,0.0000
0.5000,0.0000,0.5000,0.0000
0.5000,0.0000,0.5000,0.0000
0.5000,0.0000,0.5000,0.0000
0.5000,0.0000,0.5000,0.0000
0.5000,0.0000,0.5000,0.0000
7.2405,0.0000,7.2248,-0.3920
7.2248,-0.3920,7.1935,-0.7840
7.1935,-0.7840,7.1464,-1.1760
7.1464,-1.1760,7.0837,-1.5680
7.0837,-1.5680,7.0053,-1.9600
7.0053,-1.9600,6.9112,-2.3520
6.9112,-2.3520,6.8015,-2.7440
6.8015,-2.7440,6.6760,-3.1360
6.6760,-3.1360,6.5349,-3.5280
6.5349,-3.5280,6.3781,-3.9200
6.3781,-3.9200,6.2056,-4.3120
6.2056,-4.3120,6.0175,-4.7040
6.0175,-4.7040,5.8136,-5.0960
5.8136,-5.0960,5.5941,-5.4880
5.5941,-5.4880,5.3589,-5.8800
5.3589,-5.8800,5.1080,-6.2720
5.1080,-6.2720,4.8415,-6.6640
4.8415,-6.6640,4.5592,-7.0560
4.5592,-7.0560,4.2613,-7.4480
4.2613,-7.4480,3.9477,-7.8400
3.9477,-7.8400,3.6184,-8.2320
3.6184,-8.2320,3.2735,-8.6240
3.2735,-8.6240,2.9128,-9.0160
2.9128,-9.0160,2.5365,-9.4080
2.5365,-9.4080,2.1445,-9.8000
2.1445,-9.8000,1.7368,-10.1920
1.7368,-10.1920,1.3135,-10.5840
1.3135,-10.5840,0.8744,-10.9760
0.8744,-10.9760,0.5000,6.8208
0.5000,6.8208,0.7572,6.4288
0.7572,6.4288,0.9986,6.0368
0.9986,6.0368,1.2244,5.6448
1.2244,5.6448,1.4345,5.2528
1.4345,5.2528,1.6290,4.8608
1.6290,4.8608,1.8077,4.4688
1.8077,4.4688,1.9708,4.0768
1.9708,4.0768,2.1182,3.6848
2.1182,3.6848,2.2499,3.2928
2.2499,3.2928,2.3659,2.9008
2.3659,2.9008,2.4663,2.5088
2.4663,2.5088,2.5509,2.1168
2.5509,2.1168,2.6199,1.7248
2.6199,1.7248,2.6732,1.3328
2.6732,1.3328,2.7109,0.9408
2.7109,0.9408,2.7328,0.5488
2.7328,0.5488,2.7391,0.1568
2.7391,0.1568,2.7297,-0.2352
2.7297,-0.2352,2.7046,-0.6272
2.7046,-0.6272,2.6638,-1.0192
2.6638,-1.0192,2.6074,-1.4112
2.6074,-1.4112,2.5353,-1.8032
2.5353,-1.8032,2.4475,-2.1952
2.4475,-2.1952,2.3440,-2.5872
2.3440,-2.5872,2.2248,-2.9792
2.2248,-2.9792,2.0900,-3.3712
2.0900,-3.3712,1.9394,-3.7632
1.9394,-3.7632,1.7732,-4.1552
1.7732,-4.1552,1.5913,-4.5472
1.5913,-4.5472,1.3938,-4.9392
1.3938,-4.9392,1.1805,-5.3312
1.1805,-5.3312,0.9516,-5.7232
0.9516,-5.7232,0.7070,-6.1152
0.7070,-6.1152,0.5000,3.9043
0.5000,3.9043,0.6405,3.5123
0.6405,3.5123,0.7653,3.1203
0.7653,3.1203,0.8744,2.7283
0.8744,2.7283,0.9679,2.3363
0.9679,2.3363,1.0457,1.9443
1.0457,1.9443,1.1078,1.5523
1.1078,1.5523,1.1542,1.1603
1.1542,1.1603,1.1849,0.7683
1.1849,0.7683,1.2000,0.3763
1.2000,0.3763,1.1993,-0.0157
1.1993,-0.0157,1.1830,-0.4077
1.1830,-0.4077,1.1510,-0.7997
1.1510,-0.7997,1.1034,-1.1917
1.1034,-1.1917,1.0400,-1.5837
1.0400,-1.5837,0.9610,-1.9757
0.9610,-1.9757,0.8663,-2.3677
0.8663,-2.3677,0.7559,-2.7597
0.7559,-2.7597,0.6298,-3.1517
0.6298,-3.1517,0.5000,2.1262
0.5000,2.1262,0.5694,1.7342
0.5694,1.7342,0.6231,1.3422
0.6231,1.3422,0.6611,0.9502
0.6611,0.9502,0.6834,0.5582
0.6834,0.5582,0.6900,0.1662
0.6900,0.1662,0.6810,-0.2258
0.6810,-0.2258,0.6563,-0.6178
0.6563,-0.6178,0.6159,-1.0098
0.6159,-1.0098,0.5598,-1.4018
0.5598,-1.4018,0.5000,1.0763
0.5000,1.0763,0.5274,0.6843
0.5274,0.6843,0.5391,0.2923
0.5391,0.2923,0.5351,-0.0997
0.5351,-0.0997,0.5154,-0.4917
0.5154,-0.4917,0.5000,0.5302
0.5000,0.5302,0.5055,0.1382
0.5055,0.1382,0.5000,0.0000
0.5000,0.0000,0.5000,0.0000
0.5000,0.0000,0.5000,0.0000
0.5000,0.0000,0.5000,0.0000
0.5000,0.0000,0.5000,0.0000
0.5000,0.0000,0.5000,0.0000
0.5000,0.0000,0.5000,0.0000
0.5000,0.0000,0.5000,0.0000
0.5000,0.0000,0.5000,0.0000
0.5000,0.0000,0.5000,0.0000
0.5000,0.0000,0.5000,0.0000
0.5000,0.0000,0.5000,0.0000
0.5000,0.0000,0.5000,0.0000
0.5000,0.0000,0.5000,0.0000
0.5000,0.0000,0.5000,0.0000
0.5000,0.0000,0.5000,0.0000
0.5000,0.0000,0.5000,0.0000
0.5000,0.0000,0.5000,0.0000
0.5000,0.0000,0.5000,0.0000
0.5000,0.0000,0.5000,0.0000
0.5000,0.0000,0.5000,0.0000
0.5000,0.0000,0.5000,0.0000
0.5000,0.0000,0.5000,0.0000
0.5000,0.0000,0.5000,0.0000
0.5000,0.0000,0.5000,0.0000
0.5000,0.0000,0.5000,0.0000
0.5000,0.0000,0.5000,0.0000
0.5000,0.0000,0.5000,0.0000
0.5000,0.0000,0.5000,0.0000
0.5000,0.0000,0.5000,0.0000
0.5000,0.0000,0.5000,0.0000
0.5000,0.0000,0.5000,0.0000
0.5000,0.0000,0.5000,0.0000
0.5000,0.0000,0.5000,0.0000
0.5000,0.0000,0.5000,0.0000
0.5000,0.0000,0.5000,0.0000
0.5000,0.0000,0.5000,0.0000
0.5000,0.0000,0.5000,0.0000
0.5000,0.0000,0.5000,0.0000
0.5000,0.0000,0.5000,0.0000
0.5000,0.0000,0.5000,0.0000
0.5000,0.0000,0.5000,0.0000
0.5000,0.0000,0.5000,0.0000
0.5000,0.0000,0.5000,0.0000
0.5000,0.0000,0.5000,0.0000
0.5000,0.0000,0.5000,0.0000
0.5000,0.0000,0.5000,0.0000
0.5000,0.0000,0.5000,0.0000
0.5000,0.0000,0.5000,0.0000
0.5000,0.0000,0.5000,0.0000
0.5000,0.0000,0.5000,0.0000
0.5000,0.0000,0.5000,0.0000
7.6845,0.0000,7.6689,-0.3920
7.6689,-0.3920,7.6375,-0.7840
7.6375,-0.7840,7.5905,-1.1760
7.5905,-1.1760,7.5277,-1.5680
7.5277,-1.5680,7.4493,-1.9600
7.4493,-1.9600,7.3553,-2.3520
7.3553,-2.3520,7.2455,-2.7440
7.2455,-2.7440,7.1201,-3.1360
7.1201,-3.1360,6.9789,-3.5280
6.9789,-3.5280,6.8221,-3.9200
6.8221,-3.9200,6.6497,-4.3120
6.6497,-4.3120,6.4615,-4.7040
6.4615,-4.7040,6.2577,-5.0960
6.2577,-5.0960,6.0381,-5.4880
6.0381,-5.4880,5.8029,-5.8800
5.8029,-5.8800,5.5521,-6.2720
5.5521,-6.2720,5.2855,-6.6640
5.2855,-6.6640,5.0033,-7.0560
5.0033,-7.0560,4.7053,-7.4480
4.7053,-7.4480,4.3917,-7.8400
4.3917,-7.8400,4.0625,-8.2320
4.0625,-8.2320,3.7175,-8.6240
3.7175,-8.6240,3.3569,-9.0160
3.3569,-9.0160,2.9805,-9.4080
2.9805,-9.4080,2.5885,-9.8000
2.5885,-9.8000,2.1809,-10.1920
2.1809,-10.1920,1.7575,-10.5840
1.7575,-10.5840,1.3185,-10.9760
1.3185,-10.9760,0.8637,-11.3680
0.8637,-11.3680,0.5000,7.0560
0.5000,7.0560,0.7666,6.6640
0.7666,6.6640,1.0174,6.2720
1.0174,6.2720,1.2526,5.8800
1.2526,5.8800,1.4722,5.4880
1.4722,5.4880,1.6760,5.0960
1.6760,5.0960,1.8642,4.7040
1.8642,4.7040,2.0366,4.3120
2.0366,4.3120,2.1934,3.9200
2.1934,3.9200,2.3346,3.5280
2.3346,3.5280,2.4600,3.1360
2.4600,3.1360,2.5698,2.7440
2.5698,2.7440,2.6638,2.3520
2.6638,2.3520,2.7422,1.9600
2.7422,1.9600,2.8050,1.5680
2.8050,1.5680,2.8520,1.1760
2.8520,1.1760,2.8834,0.7840
2.8834,0.7840,2.8990,0.3920
2.8990,0.3920,2.8990,-0.0000
2.8990,-0.0000,2.8834,-0.3920
2.8834,-0.3920,2.8520,-0.7840
2.8520,-0.7840,2.8050,-1.1760
2.8050,-1.1760,2.7422,-1.5680
2.7422,-1.5680,2.6638,-1.9600
2.6638,-1.9600,2.5698,-2.3520
2.5698,-2.3520,2.4600,-2.7440
2.4600,-2.7440,2.3346,-3.1360
2.3346,-3.1360,2.1934,-3.5280
2.1934,-3.5280,2.0366,-3.9200
2.0366,-3.9200,1.8642,-4.3120
1.8642,-4.3120,1.6760,-4.7040
1.6760,-4.7040,1.4722,-5.0960
1.4722,-5.0960,1.2526,-5.4880
1.2526,-5.4880,1.0174,-5.8800
1.0174,-5.8800,0.7666,-6.2720
0.7666,-6.2720,0.5000,3.9984
0.5000,3.9984,0.6443,3.6064
0.6443,3.6064,0.7728,3.2144
0.7728,3.2144,0.8857,2.8224
0.8857,2.8224,0.9829,2.4304
0.9829,2.4304,1.0645,2.0384
1.0645,2.0384,1.1303,1.6464
1.1303,1.6464,1.1805,1.2544
1.1805,1.2544,1.2150,0.8624
1.2150,0.8624,1.2338,0.4704
1.2338,0.4704,1.2370,0.0784
1.2370,0.0784,1.2244,-0.3136
1.2244,-0.3136,1.1962,-0.7056
1.1962,-0.7056,1.1523,-1.0976
1.1523,-1.0976,1.0927,-1.4896
1.0927,-1.4896,1.0174,-1.8816
1.0174,-1.8816,0.9265,-2.2736
0.9265,-2.2736,0.8199,-2.6656
0.8199,-2.6656,0.6976,-3.0576
0.6976,-3.0576,0.5596,-3.4496
0.5596,-3.4496,0.5000,2.3050
0.5000,2.3050,0.5765,1.9130
0.5765,1.9130,0.6374,1.5210
0.6374,1.5210,0.6825,1.1290
0.6825,1.1290,0.7120,0.7370
0.7120,0.7370,0.7258,0.3450
0.7258,0.3450,0.7239,-0.0470
0.7239,-0.0470,0.7063,-0.4390
0.7063,-0.4390,0.6731,-0.8310
0.6731,-0.8310,0.6242,-1.2230
0.6242,-1.2230,0.5596,-1.6150
0.5596,-1.6150,0.5000,1.2042
0.5000,1.2042,0.5325,0.8122
0.5325,0.8122,0.5493,0.4202
0.5493,0.4202,0.5504,0.0282
0.5504,0.0282,0.5359,-0.3638
0.5359,-0.3638,0.5056,-0.7558
0.5056,-0.7558,0.5000,0.6887
0.5000,0.6887,0.5119,0.2967
0.5119,0.2967,0.5081,-0.0953
0.5081,-0.0953,0.5000,0.0000
0.5000,0.0000,0.5000,0.0000
0.5000,0.0000,0.5000,0.0000
0.5000,0.0000,0.5000,0.0000
0.5000,0.0000,0.5000,0.0000
0.5000,0.0000,0.5000,0.0000
0.5000,0.0000,0.5000,0.0000
0.5000,0.0000,0.5000,0.0000
0.5000,0.0000,0.5000,0.0000
0.5000,0.0000,0.5000,0.0000
0.5000,0.0000,0.5000,0.0000
0.5000,0.0000,0.5000,0.0000
0.5000,0.0000,0.5000,0.0000
0.5000,0.0000,0.5000,0.0000
0.5000,0.0000,0.5000,0.0000
0.5000,0.0000,0.5000,0.0000
0.5000,0.0000,0.5000,0.0000
0.5000,0.0000,0.5000,0.0000
0.5000,0.0000,0.5000,0.0000
0.5000,0.0000,0.5000,0.0000
0.5000,0.0000,0.5000,0.0000
0.5000,0.0000,0.5000,0.0000
0.5000,0.0000,0.5000,0.0000
0.5000,0.0000,0.5000,0.0000
0.5000,0.0000,0.5000,0.0000
0.5000,0.0000,0.5000,0.0000
0.5000,0.0000,0.5000,0.0000
0.5000,0.0000,0.5000,0.0000
0.5000,0.0000,0.5000,0.0000
0.5000,0.0000,0.5000,0.0000
0.5000,0.0000,0.5000,0.0000
0.5000,0.0000,0.5000,0.0000
0.5000,0.0000,0.5000,0.0000
0.5000,0.0000,0.5000,0.0000
0.5000,0.0000,0.5000,0.0000
0.5000,0.0000,0.5000,0.0000
0.5000,0.0000,0.5000,0.0000
0.5000,0.0000,0.5000,0.0000
0.5000,0.0000,0.5000,0.0000
0.5000,0.0000,0.5000,0.0000
0.5000,0.0000,0.5000,0.0000
0.5000,0.0000,0.5000,0.0000
0.5000,0.0000,0.5000,0.0000
0.5000,0.0000,0.5000,0.0000
0.5000,0.0000,0.5000,0.0000
0.5000,0.0000,0.5000,0.0000
8.4191,0.0000,8.4034,-0.3920
8.4034,-0.3920,8.3721,-0.7840
8.3721,-0.7840,8.3250,-1.1760
8.3250,-1.1760,8.2623,-1.5680
8.2623,-1.5680,8.1839,-1.9600
8.1839,-1.9600,8.0898,-2.3520
8.0898,-2.3520,7.9801,-2.7440
7.9801,-2.7440,7.8546,-3.1360
7.8546,-3.1360,7.7135,-3.5280
7.7135,-3.5280,7.5567,-3.9200
7.5567,-3.9200,7.3842,-4.3120
7.3842,-4.3120,7.1961,-4.7040
7.1961,-4.7040,6.9922,-5.0960
6.9922,-5.0960,6.7727,-5.4880
6.7727,-5.4880,6.5375,-5.8800
6.5375,-5.8800,6.2866,-6.2720
6.2866,-6.2720,6.0201,-6.6640
6.0201,-6.6640,5.7378,-7.0560
5.7378,-7.0560,5.4399,-7.4480
5.4399,-7.4480,5.1263,-7.8400
5.1263,-7.8400,4.7970,-8.2320
4.7970,-8.2320,4.4521,-8.6240
4.4521,-8.6240,4.0914,-9.0160
4.0914,-9.0160,3.7151,-9.4080
3.7151,-9.4080,3.3231,-9.8000
3.3231,-9.8000,2.9154,-10.1920
2.9154,-10.1920,2.4921,-10.5840
2.4921,-10.5840,2.0530,-10.9760
2.0530,-10.9760,1.5983,-11.3680
1.5983,-11.3680,1.1279,-11.7600
1.1279,-11.7600,0.6418,-12.1520
0.6418,-12.1520,0.5000,7.5264
0.5000,7.5264,0.7854,7.1344
0.7854,7.1344,1.0551,6.7424
1.0551,6.7424,1.3091,6.3504
1.3091,6.3504,1.5474,5.9584
1.5474,5.9584,1.7701,5.5664
1.7701,5.5664,1.9771,5.1744
1.9771,5.1744,2.1684,4.7824
2.1684,4.7824,2.3440,4.3904
2.3440,4.3904,2.5039,3.9984
2.5039,3.9984,2.6482,3.6064
2.6482,3.6064,2.7767,3.2144
2.7767,3.2144,2.8896,2.8224
2.8896,2.8224,2.9868,2.4304
2.9868,2.4304,3.0684,2.0384
3.0684,2.0384,3.1342,1.6464
3.1342,1.6464,3.1844,1.2544
3.1844,1.2544,3.2189,0.8624
3.2189,0.8624,3.2377,0.4704
3.2377,0.4704,3.2409,0.0784
3.2409,0.0784,3.2283,-0.3136
3.2283,-0.3136,3.2001,-0.7056
3.2001,-0.7056,3.1562,-1.0976
3.1562,-1.0976,3.0966,-1.4896
3.0966,-1.4896,3.0213,-1.8816
3.0213,-1.8816,2.9304,-2.2736
2.9304,-2.2736,2.8238,-2.6656
2.8238,-2.6656,2.7015,-3.0576
2.7015,-3.0576,2.5635,-3.4496
2.5635,-3.4496,2.4098,-3.8416
2.4098,-3.8416,2.2405,-4.2336
2.2405,-4.2336,2.0555,-4.6256
2.0555,-4.6256,1.8548,-5.0176
1.8548,-5.0176,1.6384,-5.4096
1.6384,-5.4096,1.4063,-5.8016
1.4063,-5.8016,1.1586,-6.1936
1.1586,-6.1936,0.8951,-6.5856
0.8951,-6.5856,0.6160,-6.9776
0.6160,-6.9776,0.5000,4.4218
0.5000,4.4218,0.6612,4.0298
0.6612,4.0298,0.8067,3.6378
0.8067,3.6378,0.9365,3.2458
0.9365,3.2458,1.0507,2.8538
1.0507,2.8538,1.1492,2.4618
1.1492,2.4618,1.2319,2.0698
1.2319,2.0698,1.2991,1.6778
1.2991,1.6778,1.3505,1.2858
1.3505,1.2858,1.3862,0.8938
1.3862,0.8938,1.4063,0.5018
1.4063,0.5018,1.4107,0.1098
1.4107,0.1098,1.3994,-0.2822
1.3994,-0.2822,1.3724,-0.6742
1.3724,-0.6742,1.3298,-1.0662
1.3298,-1.0662,1.2715,-1.4582
1.2715,-1.4582,1.1974,-1.8502
1.1974,-1.8502,1.1078,-2.2422
1.1078,-2.2422,1.0024,-2.6342
1.0024,-2.6342,0.8813,-3.0262
0.8813,-3.0262,0.7446,-3.4182
0.7446,-3.4182,0.5922,-3.8102
0.5922,-3.8102,0.5000,2.5213
0.5000,2.5213,0.5852,2.1293
0.5852,2.1293,0.6547,1.7373
0.6547,1.7373,0.7085,1.3453
0.7085,1.3453,0.7466,0.9533
0.7466,0.9533,0.7691,0.5613
0.7691,0.5613,0.7758,0.1693
0.7758,0.1693,0.7669,-0.2227
0.7669,-0.2227,0.7424,-0.6147
0.7424,-0.6147,0.7021,-1.0067
0.7021,-1.0067,0.6461,-1.3987
0.6461,-1.3987,0.5745,-1.7907
0.5745,-1.7907,0.5000,1.3096
0.5000,1.3096,0.5367,0.9176
0.5367,0.9176,0.5577,0.5256
0.5577,0.5256,0.5631,0.1336
0.5631,0.1336,0.5527,-0.2584
0.5527,-0.2584,0.5267,-0.6504
0.5267,-0.6504,0.5000,0.6254
0.5000,0.6254,0.5093,0.2334
0.5093,0.2334,0.5030,-0.1586
0.5030,-0.1586,0.5000,0.0000
0.5000,0.0000,0.5000,0.0000
0.5000,0.0000,0.5000,0.0000
0.5000,0.0000,0.5000,0.0000
0.5000,0.0000,0.5000,0.0000
0.5000,0.0000,0.5000,0.0000
0.5000,0.0000,0.5000,0.0000
0.5000,0.0000,0.5000,0.0000
0.5000,0.0000,0.5000,0.0000
0.5000,0.0000,0.5000,0.0000
0.5000,0.0000,0.5000,0.0000
0.5000,0.0000,0.5000,0.0000
0.5000,0.0000,0.5000,0.0000
0.5000,0.0000,0.5000,0.0000
0.5000,0.0000,0.5000,0.0000
0.5000,0.0000,0.5000,0.0000
0.5000,0.0000,0.5000,0.0000
0.5000,0.0000,0.5000,0.0000
0.5000,0.0000,0.5000,0.0000
0.5000,0.0000,0.5000,0.0000
0.5000,0.0000,0.5000,0.0000
0.5000,0.0000,0.5000,0.0000
0.5000,0.0000,0.5000,0.0000
0.5000,0.0000,0.5000,0.0000
0.5000,0.0000,0.5000,0.0000
0.5000,0.0000,0.5000,0.0000
0.5000,0.0000,0.5000,0.0000
0.5000,0.0000,0.5000,0.0000
0.5000,0.0000,0.5000,0.0000
0.5000,0.0000,0.5000,0.0000
0.5000,0.0000,0.5000,0.0000
0.5000,0.0000,0.5000,0.0000
0.5000,0.0000,0.5000,0.0000
0.5000,0.0000,0.5000,0.0000
0.5000,0.0000,0.5000,0.0000
0.5000,0.0000,0.5000,0.0000
0.5000,0.0000,0.5000,0.0000
0.5000,0.0000,0.5000,0.0000
5.4518,0.0000,5.4361,-0.3920
5.4361,-0.3920,5.4048,-0.7840
5.4048,-0.7840,5.3577,-1.1760
5.3577,-1.1760,5.2950,-1.5680
5.2950,-1.5680,5.2166,-1.9600
5.2166,-1.9600,5.1225,-2.3520
5.1225,-2.3520,5.0128,-2.7440
5.0128,-2.7440,4.8873,-3.1360
4.8873,-3.1360,4.7462,-3.5280
4.7462,-3.5280,4.5894,-3.9200
4.5894,-3.9200,4.4169,-4.3120
4.4169,-4.3120,4.2288,-4.7040
4.2288,-4.7040,4.0249,-5.0960
4.0249,-5.0960,3.8054,-5.4880
3.8054,-5.4880,3.5702,-5.8800
3.5702,-5.8800,3.3193,-6.2720
3.3193,-6.2720,3.0528,-6.6640
3.0528,-6.6640,2.7705,-7.0560
2.7705,-7.0560,2.4726,-7.4480
2.4726,-7.4480,2.1590,-7.8400
2.1590,-7.8400,1.8297,-8.2320
1.8297,-8.2320,1.4848,-8.6240
1.4848,-8.6240,1.1241,-9.0160
1.1241,-9.0160,0.7478,-9.4080
0.7478,-9.4080,0.5000,5.8800
0.5000,5.8800,0.7195,5.4880
0.7195,5.4880,0.9234,5.0960
0.9234,5.0960,1.1115,4.7040
1.1115,4.7040,1.2840,4.3120
1.2840,4.3120,1.4408,3.9200
1.4408,3.9200,1.5819,3.5280
1.5819,3.5280,1.7074,3.1360
1.7074,3.1360,1.8171,2.7440
1.8171,2.7440,1.9112,2.3520
1.9112,2.3520,1.9896,1.9600
1.9896,1.9600,2.0523,1.5680
2.0523,1.5680,2.0994,1.1760
2.0994,1.1760,2.1307,0.7840
2.1307,0.7840,2.1464,0.3920
2.1464,0.3920,2.1464,-0.0000
2.1464,-0.0000,2.1307,-0.3920
2.1307,-0.3920,2.0994,-0.7840
2.0994,-0.7840,2.0523,-1.1760
2.0523,-1.1760,1.9896,-1.5680
1.9896,-1.5680,1.9112,-1.9600
1.9112,-1.9600,1.8171,-2.3520
1.8171,-2.3520,1.7074,-2.7440
1.7074,-2.7440,1.5819,-3.1360
1.5819,-3.1360,1.4408,-3.5280
1.4408,-3.5280,1.2840,-3.9200
1.2840,-3.9200,1.1115,-4.3120
1.1115,-4.3120,0.9234,-4.7040
0.9234,-4.7040,0.7195,-5.0960
0.7195,-5.0960,0.5000,3.2928
0.5000,3.2928,0.6160,2.9008
0.6160,2.9008,0.7164,2.5088
0.7164,2.5088,0.8011,2.1168
0.8011,2.1168,0.8700,1.7248
0.8700,1.7248,0.9234,1.3328
0.9234,1.3328,0.9610,0.9408
0.9610,0.9408,0.9829,0.5488
0.9829,0.5488,0.9892,0.1568
0.9892,0.1568,0.9798,-0.2352
0.9798,-0.2352,0.9547,-0.6272
0.9547,-0.6272,0.9140,-1.0192
0.9140,-1.0192,0.8575,-1.4112
0.8575,-1.4112,0.7854,-1.8032
0.7854,-1.8032,0.6976,-2.1952
0.6976,-2.1952,0.5941,-2.5872
0.5941,-2.5872,0.5000,1.7875
0.5000,1.7875,0.5558,1.3955
0.5558,1.3955,0.5960,1.0035
0.5960,1.0035,0.6204,0.6115
0.6204,0.6115,0.6292,0.2195
0.6292,0.2195,0.6223,-0.1725
0.6223,-0.1725,0.5997,-0.5645
0.5997,-0.5645,0.5615,-0.9565
0.5615,-0.9565,0.5075,-1.3485
0.5075,-1.3485,0.5000,1.0443
0.5000,1.0443,0.5261,0.6523
0.5261,0.6523,0.5365,0.2603
0.5365,0.2603,0.5312,-0.1317
0.5312,-0.1317,0.5103,-0.5237
0.5103,-0.5237,0.5000,0.5494
0.5000,0.5494,0.5063,0.1574
0.5063,0.1574,0.5000,0.0000
0.5000,0.0000,0.5000,0.0000
0.5000,0.0000,0.5000,0.0000
0.5000,0.0000,0.5000,0.0000
0.5000,0.0000,0.5000,0.0000
0.5000,0.0000,0.5000,0.0000
0.5000,0.0000,0.5000,0.0000
0.5000,0.0000,0.5000,0.0000
0.5000,0.0000,0.5000,0.0000
0.5000,0.0000,0.5000,0.0000
0.5000,0.0000,0.5000,0.0000
0.5000,0.0000,0.5000,0.0000
0.5000,0.0000,0.5000,0.0000
0.5000,0.0000,0.5000,0.0000
0.5000,0.0000,0.5000,0.0000
0.5000,0.0000,0.5000,0.0000
0.5000,0.0000,0.5000,0.0000
0.5000,0.0000,0.5000,0.0000
0.5000,0.0000,0.5000,0.0000
0.5000,0.0000,0.5000,0.0000
0.5000,0.0000,0.5000,0.0000
0.5000,0.0000,0.5000,0.0000
0.5000,0.0000,0.5000,0.0000
0.5000,0.0000,0.5000,0.0000
0.5000,0.0000,0.5000,0.0000
0.5000,0.0000,0.5000,0.0000
0.5000,0.0000,0.5000,0.0000
0.5000,0.0000,0.5000,0.0000
0.5000,0.0000,0.5000,0.0000
0.5000,0.0000,0.5000,0.0000
0.5000,0.0000,0.5000,0.0000
0.5000,0.0000,0.5000,0.0000
0.5000,0.0000,0.5000,0.0000
0.5000,0.0000,0.5000,0.0000
0.5000,0.0000,0.5000,0.0000
0.5000,0.0000,0.5000,0.0000
0.5000,0.0000,0.5000,0.0000
0.5000,0.0000,0.5000,0.0000
0.5000,0.0000,0.5000,0.0000
0.5000,0.0000,0.5000,0.0000
0.5000,0.0000,0.5000,0.0000
0.5000,0.0000,0.5000,0.0000
0.5000,0.0000,0.5000,0.0000
0.5000,0.0000,0.5000,0.0000
0.5000,0.0000,0.5000,0.0000
0.5000,0.0000,0.5000,0.0000
0.5000,0.0000,0.5000,0.0000
0.5000,0.0000,0.5000,0.0000
0.5000,0.0000,0.5000,0.0000
0.5000,0.0000,0.5000,0.0000
0.5000,0.0000,0.5000,0.0000
0.5000,0.0000,0.5000,0.0000
0.5000,0.0000,0.5000,0.0000
0.5000,0.0000,0.5000,0.0000
0.5000,0.0000,0.5000,0.0000
0.5000,0.0000,0.5000,0.0000
0.5000,0.0000,0.5000,0.0000
0.5000,0.0000,0.5000,0.0000
0.5000,0.0000,0.5000,0.0000
0.5000,0.0000,0.5000,0.0000
0.5000,0.0000,0.5000,0.0000
0.5000,0.0000,0.5000,0.0000
0.5000,0.0000,0.5000,0.0000
0.5000,0.0000,0.5000,0.0000
0.5000,0.0000,0.5000,0.0000
8.0254,0.0000,8.0097,-0.3920
8.0097,-0.3920,7.9783,-0.7840
7.9783,-0.7840,7.9313,-1.1760
7.9313,-1.1760,7.8686,-1.5680
7.8686,-1.5680,7.7902,-1.9600
7.7902,-1.9600,7.6961,-2.3520
7.6961,-2.3520,7.5863,-2.7440
7.5863,-2.7440,7.4609,-3.1360
7.4609,-3.1360,7.3198,-3.5280
7.3198,-3.5280,7.1630,-3.9200
7.1630,-3.9200,6.9905,-4.3120
6.9905,-4.3120,6.8023,-4.7040
6.8023,-4.7040,6.5985,-5.0960
6.5985,-5.0960,6.3790,-5.4880
6.3790,-5.4880,6.1438,-5.8800
6.1438,-5.8800,5.8929,-6.2720
5.8929,-6.2720,5.6263,-6.6640
5.6263,-6.6640,5.3441,-7.0560
5.3441,-7.0560,5.0462,-7.4480
5.0462,-7.4480,4.7326,-7.8400
4.7326,-7.8400,4.4033,-8.2320
4.4033,-8.2320,4.0583,-8.6240
4.0583,-8.6240,3.6977,-9.0160
3.6977,-9.0160,3.3214,-9.4080
3.3214,-9.4080,2.9294,-9.8000
2.9294,-9.8000,2.5217,-10.1920
2.5217,-10.1920,2.0983,-10.5840
2.0983,-10.5840,1.6593,-10.9760
1.6593,-10.9760,1.2046,-11.3680
1.2046,-11.3680,0.7342,-11.7600
0.7342,-11.7600,0.5000,7.2912
0.5000,7.2912,0.7760,6.8992
0.7760,6.8992,1.0363,6.5072
1.0363,6.5072,1.2809,6.1152
1.2809,6.1152,1.5098,5.7232
1.5098,5.7232,1.7230,5.3312
1.7230,5.3312,1.9206,4.9392
1.9206,4.9392,2.1025,4.5472
2.1025,4.5472,2.2687,4.1552
2.2687,4.1552,2.4192,3.7632
2.4192,3.7632,2.5541,3.3712
2.5541,3.3712,2.6732,2.9792
2.6732,2.9792,2.7767,2.5872
2.7767,2.5872,2.8645,2.1952
2.8645,2.1952,2.9367,1.8032
2.9367,1.8032,2.9931,1.4112
2.9931,1.4112,3.0339,1.0192
3.0339,1.0192,3.0590,0.6272
3.0590,0.6272,3.0684,0.2352
3.0684,0.2352,3.0621,-0.1568
3.0621,-0.1568,3.0402,-0.5488
3.0402,-0.5488,3.0025,-0.9408
3.0025,-0.9408,2.9492,-1.3328
2.9492,-1.3328,2.8802,-1.7248
2.8802,-1.7248,2.7956,-2.1168
2.7956,-2.1168,2.6952,-2.5088
2.6952,-2.5088,2.5792,-2.9008
2.5792,-2.9008,2.4475,-3.2928
2.4475,-3.2928,2.3001,-3.6848
2.3001,-3.6848,2.1370,-4.0768
2.1370,-4.0768,1.9582,-4.4688
1.9582,-4.4688,1.7638,-4.8608
1.7638,-4.8608,1.5537,-5.2528
1.5537,-5.2528,1.3279,-5.6448
1.3279,-5.6448,1.0864,-6.0368
1.0864,-6.0368,0.8293,-6.4288
0.8293,-6.4288,0.5564,-6.8208
0.5564,-6.8208,0.5000,4.3277
0.5000,4.3277,0.6574,3.9357
0.6574,3.9357,0.7992,3.5437
0.7992,3.5437,0.9252,3.1517
0.9252,3.1517,1.0356,2.7597
1.0356,2.7597,1.1303,2.3677
1.1303,2.3677,1.2094,1.9757
1.2094,1.9757,1.2727,1.5837
1.2727,1.5837,1.3204,1.1917
1.3204,1.1917,1.3524,0.7997
1.3524,0.7997,1.3687,0.4077
1.3687,0.4077,1.3693,0.0157
1.3693,0.0157,1.3542,-0.3763
1.3542,-0.3763,1.3235,-0.7683
1.3235,-0.7683,1.2771,-1.1603
1.2771,-1.1603,1.2150,-1.5523
1.2150,-1.5523,1.1372,-1.9443
1.1372,-1.9443,1.0438,-2.3363
1.0438,-2.3363,0.9346,-2.7283
0.9346,-2.7283,0.8098,-3.1203
0.8098,-3.1203,0.6693,-3.5123
0.6693,-3.5123,0.5132,-3.9043
0.5132,-3.9043,0.5000,2.5778
0.5000,2.5778,0.5874,2.1858
0.5874,2.1858,0.6592,1.7938
0.6592,1.7938,0.7153,1.4018
0.7153,1.4018,0.7556,1.0098
0.7556,1.0098,0.7804,0.6178
0.7804,0.6178,0.7894,0.2258
0.7894,0.2258,0.7827,-0.1662
0.7827,-0.1662,0.7604,-0.5582
0.7604,-0.5582,0.7224,-0.9502
0.7224,-0.9502,0.6687,-1.3422
0.6687,-1.3422,0.5993,-1.7342
0.5993,-1.7342,0.5143,-2.1262
0.5143,-2.1262,0.5000,1.5109
0.5000,1.5109,0.5448,1.1189
0.5448,1.1189,0.5738,0.7269
0.5738,0.7269,0.5872,0.3349
0.5872,0.3349,0.5849,-0.0571
0.5849,-0.0571,0.5670,-0.4491
0.5670,-0.4491,0.5333,-0.8411
0.5333,-0.8411,0.5000,0.7398
0.5000,0.7398,0.5139,0.3478
0.5139,0.3478,0.5121,-0.0442
0.5121,-0.0442,0.5000,0.0000
0.5000,0.0000,0.5000,0.0000
0.5000,0.0000,0.5000,0.0000
0.5000,0.0000,0.5000,0.0000
0.5000,0.0000,0.5000,0.0000
0.5000,0.0000,0.5000,0.0000
0.5000,0.0000,0.5000,0.0000
0.5000,0.0000,0.5000,0.0000
0.5000,0.0000,0.5000,0.0000
0.5000,0.0000,0.5000,0.0000
0.5000,0.0000,0.5000,0.0000
0.5000,0.0000,0.5000,0.0000
0.5000,0.0000,0.5000,0.0000
0.5000,0.0000,0.5000,0.0000
0.5000,0.0000,0.5000,0.0000
0.5000,0.0000,0.5000,0.0000
0.5000,0.0000,0.5000,0.0000
0.5000,0.0000,0.5000,0.0000
0.5000,0.0000,0.5000,0.0000
0.5000,0.0000,0.5000,0.0000
0.5000,0.0000,0.5000,0.0000
0.5000,0.0000,0.5000,0.0000
0.5000,0.0000,0.5000,0.0000
0.5000,0.0000,0.5000,0.0000
0.5000,0.0000,0.5000,0.0000
0.5000,0.0000,0.5000,0.0000
0.5000,0.0000,0.5000,0.0000
0.5000,0.0000,0.5000,0.0000
0.5000,0.0000,0.5000,0.0000
0.5000,0.0000,0.5000,0.0000
0.5000,0.0000,0.5000,0.0000
0.5000,0.0000,0.5000,0.0000
0.5000,0.0000,0.5000,0.0000
0.5000,0.0000,0.5000,0.0000
0.5000,0.0000,0.5000,0.0000
0.5000,0.0000,0.5000,0.0000
0.5000,0.0000,0.5000,0.0000
0.5000,0.0000,0.5000,0.0000
8.4205,0.0000,8.4048,-0.3920
8.4048,-0.3920,8.3735,-0.7840
8.3735,-0.7840,8.3264,-1.1760
8.3264,-1.1760,8.2637,-1.5680
8.2637,-1.5680,8.1853,-1.9600
8.1853,-1.9600,8.0912,-2.3520
8.0912,-2.3520,7.9815,-2.7440
7.9815,-2.7440,7.8560,-3.1360
7.8560,-3.1360,7.7149,-3.5280
7.7149,-3.5280,7.5581,-3.9200
7.5581,-3.9200,7.3856,-4.3120
7.3856,-4.3120,7.1975,-4.7040
7.1975,-4.7040,6.9936,-5.0960
6.9936,-5.0960,6.7741,-5.4880
6.7741,-5.4880,6.5389,-5.8800
6.5389,-5.8800,6.2880,-6.2720
6.2880,-6.2720,6.0215,-6.6640
6.0215,-6.6640,5.7392,-7.0560
5.7392,-7.0560,5.4413,-7.4480
5.4413,-7.4480,5.1277,-7.8400
5.1277,-7.8400,4.7984,-8.2320
4.7984,-8.2320,4.4535,-8.6240
4.4535,-8.6240,4.0928,-9.0160
4.0928,-9.0160,3.7165,-9.4080
3.7165,-9.4080,3.3245,-9.8000
3.3245,-9.8000,2.9168,-10.1920
2.9168,-10.1920,2.4935,-10.5840
2.4935,-10.5840,2.0544,-10.9760
2.0544,-10.9760,1.5997,-11.3680
1.5997,-11.3680,1.1293,-11.7600
1.1293,-11.7600,0.6432,-12.1520
0.6432,-12.1520,0.5000,7.5264
0.5000,7.5264,0.7854,7.1344
0.7854,7.1344,1.0551,6.7424
1.0551,6.7424,1.3091,6.3504
1.3091,6.3504,1.5474,5.9584
1.5474,5.9584,1.7701,5.5664
1.7701,5.5664,1.9771,5.1744
1.9771,5.1744,2.1684,4.7824
2.1684,4.7824,2.3440,4.3904
2.3440,4.3904,2.5039,3.9984
2.5039,3.9984,2.6482,3.6064
2.6482,3.6064,2.7767,3.2144
2.7767,3.2144,2.8896,2.8224
2.8896,2.8224,2.9868,2.4304
2.9868,2.4304,3.0684,2.0384
3.0684,2.0384,3.1342,1.6464
3.1342,1.6464,3.1844,1.2544
3.1844,1.2544,3.2189,0.8624
3.2189,0.8624,3.2377,0.4704
3.2377,0.4704,3.2409,0.0784
3.2409,0.0784,3.2283,-0.3136
3.2283,-0.3136,3.2001,-0.7056
3.2001,-0.7056,3.1562,-1.0976
3.1562,-1.0976,3.0966,-1.4896
3.0966,-1.4896,3.0213,-1.8816
3.0213,-1.8816,2.9304,-2.2736
2.9304,-2.2736,2.8238,-2.6656
2.8238,-2.6656,2.7015,-3.0576
2.7015,-3.0576,2.5635,-3.4496
2.5635,-3.4496,2.4098,-3.8416
2.4098,-3.8416,2.2405,-4.2336
2.2405,-4.2336,2.0555,-4.6256
2.0555,-4.6256,1.8548,-5.0176
1.8548,-5.0176,1.6384,-5.4096
1.6384,-5.4096,1.4063,-5.8016
1.4063,-5.8016,1.1586,-6.1936
1.1586,-6.1936,0.8951,-6.5856
0.8951,-6.5856,0.6160,-6.9776
0.6160,-6.9776,0.5000,4.4218
0.5000,4.4218,0.6612,4.0298
0.6612,4.0298,0.8067,3.6378
0.8067,3.6378,0.9365,3.2458
0.9365,3.2458,1.0507,2.8538
1.0507,2.8538,1.1492,2.4618
1.1492,2.4618,1.2319,2.0698
1.2319,2.0698,1.2991,1.6778
1.2991,1.6778,1.3505,1.2858
1.3505,1.2858,1.3862,0.8938
1.3862,0.8938,1.4063,0.5018
1.4063,0.5018,1.4107,0.1098
1.4107,0.1098,1.3994,-0.2822
1.3994,-0.2822,1.3724,-0.6742
1.3724,-0.6742,1.3298,-1.0662
1.3298,-1.0662,1.2715,-1.4582
1.2715,-1.4582,1.1974,-1.8502
1.1974,-1.8502,1.1078,-2.2422
1.1078,-2.2422,1.0024,-2.6342
1.0024,-2.6342,0.8813,-3.0262
0.8813,-3.0262,0.7446,-3.4182
0.7446,-3.4182,0.5922,-3.8102
0.5922,-3.8102,0.5000,2.5213
0.5000,2.5213,0.5852,2.1293
0.5852,2.1293,0.6547,1.7373
0.6547,1.7373,0.7085,1.3453
0.7085,1.3453,0.7466,0.9533
0.7466,0.9533,0.7691,0.5613
0.7691,0.5613,0.7758,0.1693
0.7758,0.1693,0.7669,-0.2227
0.7669,-0.2227,0.7424,-0.6147
0.7424,-0.6147,0.7021,-1.0067
0.7021,-1.0067,0.6461,-1.3987
0.6461,-1.3987,0.5745,-1.7907
0.5745,-1.7907,0.5000,1.3096
0.5000,1.3096,0.5367,0.9176
0.5367,0.9176,0.5577,0.5256
0.5577,0.5256,0.5631,0.1336
0.5631,0.1336,0.5527,-0.2584
0.5527,-0.2584,0.5267,-0.6504
0.5267,-0.6504,0.5000,0.6254
0.5000,0.6254,0.5093,0.2334
0.5093,0.2334,0.5030,-0.1586
0.5030,-0.1586,0.5000,0.0000
0.5000,0.0000,0.5000,0.0000
0.5000,0.0000,0.5000,0.0000
0.5000,0.0000,0.5000,0.0000
0.5000,0.0000,0.5000,0.0000
0.5000,0.0000,0.5000,0.0000
0.5000,0.0000,0.5000,0.0000
0.5000,0.0000,0.5000,0.0000
0.5000,0.0000,0.5000,0.0000
0.5000,0.0000,0.5000,0.0000
0.5000,0.0000,0.5000,0.0000
0.5000,0.0000,0.5000,0.0000
0.5000,0.0000,0.5000,0.0000
0.5000,0.0000,0.5000,0.0000
0.5000,0.0000,0.5000,0.0000
0.5000,0.0000,0.5000,0.0000
0.5000,0.0000,0.5000,0.0000
0.5000,0.0000,0.5000,0.0000
0.5000,0.0000,0.5000,0.0000
0.5000,0.0000,0.5000,0.0000
0.5000,0.0000,0.5000,0.0000
0.5000,0.0000,0.5000,0.0000
0.5000,0.0000,0.5000,0.0000
0.5000,0.0000,0.5000,0.0000
0.5000,0.0000,0.5000,0.0000
0.5000,0.0000,0.5000,0.0000
0.5000,0.0000,0.5000,0.0000
0.5000,0.0000,0.5000,0.0000
0.5000,0.0000,0.5000,0.0000
0.5000,0.0000,0.5000,0.0000
0.5000,0.0000,0.5000,0.0000
0.5000,0.0000,0.5000,0.0000
0.5000,0.0000,0.5000,0.0000
0.5000,0.0000,0.5000,0.0000
0.5000,0.0000,0.5000,0.0000
0.5000,0.0000,0.5000,0.0000
0.5000,0.0000,0.5000,0.0000
0.5000,0.0000,0.5000,0.0000
7.3333,0.0000,7.3177,-0.3920
7.3177,-0.3920,7.2863,-0.7840
7.2863,-0.7840,7.2393,-1.1760
7.2393,-1.1760,7.1765,-1.5680
7.1765,-1.5680,7.0981,-1.9600
7.0981,-1.9600,7.0041,-2.3520
7.0041,-2.3520,6.8943,-2.7440
6.8943,-2.7440,6.7689,-3.1360
6.7689,-3.1360,6.6277,-3.5280
6.6277,-3.5280,6.4709,-3.9200
6.4709,-3.9200,6.2985,-4.3120
6.2985,-4.3120,6.1103,-4.7040
6.1103,-4.7040,5.9065,-5.0960
5.9065,-5.0960,5.6869,-5.4880
5.6869,-5.4880,5.4517,-5.8800
5.4517,-5.8800,5.2009,-6.2720
5.2009,-6.2720,4.9343,-6.6640
4.9343,-6.6640,4.6521,-7.0560
4.6521,-7.0560,4.3541,-7.4480
4.3541,-7.4480,4.0405,-7.8400
4.0405,-7.8400,3.7113,-8.2320
3.7113,-8.2320,3.3663,-8.6240
3.3663,-8.6240,3.0057,-9.0160
3.0057,-9.0160,2.6293,-9.4080
2.6293,-9.4080,2.2373,-9.8000
2.2373,-9.8000,1.8297,-10.1920
1.8297,-10.1920,1.4063,-10.5840
1.4063,-10.5840,0.9673,-10.9760
0.9673,-10.9760,0.5125,-11.3680
0.5125,-11.3680,0.5000,7.0560
0.5000,7.0560,0.7666,6.6640
0.7666,6.6640,1.0174,6.2720
1.0174,6.2720,1.2526,5.8800
1.2526,5.8800,1.4722,5.4880
1.4722,5.4880,1.6760,5.0960
1.6760,5.0960,1.8642,4.7040
1.8642,4.7040,2.0366,4.3120
2.0366,4.3120,2.1934,3.9200
2.1934,3.9200,2.3346,3.5280
2.3346,3.5280,2.4600,3.1360
2.4600,3.1360,2.5698,2.7440
2.5698,2.7440,2.6638,2.3520
2.6638,2.3520,2.7422,1.9600
2.7422,1.9600,2.8050,1.5680
2.8050,1.5680,2.8520,1.1760
2.8520,1.1760,2.8834,0.7840
2.8834,0.7840,2.8990,0.3920
2.8990,0.3920,2.8990,-0.0000
2.8990,-0.0000,2.8834,-0.3920
2.8834,-0.3920,2.8520,-0.7840
2.8520,-0.7840,2.8050,-1.1760
2.8050,-1.1760,2.7422,-1.5680
2.7422,-1.5680,2.6638,-1.9600
2.6638,-1.9600,2.5698,-2.3520
2.5698,-2.3520,2.4600,-2.7440
2.4600,-2.7440,2.3346,-3.1360
2.3346,-3.1360,2.1934,-3.5280
2.1934,-3.5280,2.0366,-3.9200
2.0366,-3.9200,1.8642,-4.3120
1.8642,-4.3120,1.6760,-4.7040
1.6760,-4.7040,1.4722,-5.0960
1.4722,-5.0960,1.2526,-5.4880
1.2526,-5.4880,1.0174,-5.8800
1.0174,-5.8800,0.7666,-6.2720
0.7666,-6.2720,0.5000,3.9984
0.5000,3.9984,0.6443,3.6064
0.6443,3.6064,0.7728,3.2144
0.7728,3.2144,0.8857,2.8224
0.8857,2.8224,0.9829,2.4304
0.9829,2.4304,1.0645,2.0384
1.0645,2.0384,1.1303,1.6464
1.1303,1.6464,1.1805,1.2544
1.1805,1.2544,1.2150,0.8624
1.2150,0.8624,1.2338,0.4704
1.2338,0.4704,1.2370,0.0784
1.2370,0.0784,1.2244,-0.3136
1.2244,-0.3136,1.1962,-0.7056
1.1962,-0.7056,1.1523,-1.0976
1.1523,-1.0976,1.0927,-1.4896
1.0927,-1.4896,1.0174,-1.8816
1.0174,-1.8816,0.9265,-2.2736
0.9265,-2.2736,0.8199,-2.6656
0.8199,-2.6656,0.6976,-3.0576
0.6976,-3.0576,0.5596,-3.4496
0.5596,-3.4496,0.5000,2.3050
0.5000,2.3050,0.5765,1.9130
0.5765,1.9130,0.6374,1.5210
0.6374,1.5210,0.6825,1.1290
0.6825,1.1290,0.7120,0.7370
0.7120,0.7370,0.7258,0.3450
0.7258,0.3450,0.7239,-0.0470
0.7239,-0.0470,0.7063,-0.4390
0.7063,-0.4390,0.6731,-0.8310
0.6731,-0.8310,0.6242,-1.2230
0.6242,-1.2230,0.5596,-1.6150
0.5596,-1.6150,0.5000,1.2042
0.5000,1.2042,0.5325,0.8122
0.5325,0.8122,0.5493,0.4202
0.5493,0.4202,0.5504,0.0282
0.5504,0.0282,0.5359,-0.3638
0.5359,-0.3638,0.5056,-0.7558
0.5056,-0.7558,0.5000,0.6887
0.5000,0.6887,0.5119,0.2967
0.5119,0.2967,0.5081,-0.0953
0.5081,-0.0953,0.5000,0.0000
0.5000,0.0000,0.5000,0.0000
0.5000,0.0000,0.5000,0.0000
0.5000,0.0000,0.5000,0.0000
0.5000,0.0000,0.5000,0.0000
0.5000,0.0000,0.5000,0.0000
0.5000,0.0000,0.5000,0.0000
0.5000,0.0000,0.5000,0.0000
0.5000,0.0000,0.5000,0.0000
0.5000,0.0000,0.5000,0.0000
0.5000,0.0000,0.5000,0.0000
0.5000,0.0000,0.5000,0.0000
0.5000,0.0000,0.5000,0.0000
0.5000,0.0000,0.5000,0.0000
0.5000,0.0000,0.5000,0.0000
0.5000,0.0000,0.5000,0.0000
0.5000,0.0000,0.5000,0.0000
0.5000,0.0000,0.5000,0.0000
0.5000,0.0000,0.5000,0.0000
0.5000,0.0000,0.5000,0.0000
0.5000,0.0000,0.5000,0.0000
0.5000,0.0000,0.5000,0.0000
0.5000,0.0000,0.5000,0.0000
0.5000,0.0000,0.5000,0.0000
0.5000,0.0000,0.5000,0.0000
0.5000,0.0000,0.5000,0.0000
0.5000,0.0000,0.5000,0.0000
0.5000,0.0000,0.5000,0.0000
0.5000,0.0000,0.5000,0.0000
0.5000,0.0000,0.5000,0.0000
0.5000,0.0000,0.5000,0.0000
0.5000,0.0000,0.5000,0.0000
0.5000,0.0000,0.5000,0.0000
0.5000,0.0000,0.5000,0.0000
0.5000,0.0000,0.5000,0.0000
0.5000,0.0000,0.5000,0.0000
0.5000,0.0000,0.5000,0.0000
0.5000,0.0000,0.5000,0.0000
0.5000,0.0000,0.5000,0.0000
0.5000,0.0000,0.5000,0.0000
0.5000,0.0000,0.5000,0.0000
0.5000,0.0000,0.5000,0.0000
0.5000,0.0000,0.5000,0.0000
0.5000,0.0000,0.5000,0.0000
0.5000,0.0000,0.5000,0.0000
0.5000,0.0000,0.5000,0.0000
8.7714,0.0000,8.7557,-0.3920
8.7557,-0.3920,8.7244,-0.7840
8.7244,-0.7840,8.6773,-1.1760
8.6773,-1.1760,8.6146,-1.5680
8.6146,-1.5680,8.5362,-1.9600
8.5362,-1.9600,8.4421,-2.3520
8.4421,-2.3520,8.3324,-2.7440
8.3324,-2.7440,8.2069,-3.1360
8.2069,-3.1360,8.0658,-3.5280
8.0658,-3.5280,7.9090,-3.9200
7.9090,-3.9200,7.7365,-4.3120
7.7365,-4.3120,7.5484,-4.7040
7.5484,-4.7040,7.3445,-5.0960
7.3445,-5.0960,7.1250,-5.4880
7.1250,-5.4880,6.8898,-5.8800
6.8898,-5.8800,6.6389,-6.2720
6.6389,-6.2720,6.3724,-6.6640
6.3724,-6.6640,6.0901,-7.0560
6.0901,-7.0560,5.7922,-7.4480
5.7922,-7.4480,5.4786,-7.8400
5.4786,-7.8400,5.1493,-8.2320
5.1493,-8.2320,4.8044,-8.6240
4.8044,-8.6240,4.4437,-9.0160
4.4437,-9.0160,4.0674,-9.4080
4.0674,-9.4080,3.6754,-9.8000
3.6754,-9.8000,3.2677,-10.1920
3.2677,-10.1920,2.8444,-10.5840
2.8444,-10.5840,2.4053,-10.9760
2.4053,-10.9760,1.9506,-11.3680
1.9506,-11.3680,1.4802,-11.7600
1.4802,-11.7600,0.9941,-12.1520
0.9941,-12.1520,0.5000,7.5264
0.5000,7.5264,0.7854,7.1344
0.7854,7.1344,1.0551,6.7424
1.0551,6.7424,1.3091,6.3504
1.3091,6.3504,1.5474,5.9584
1.5474,5.9584,1.7701,5.5664
1.7701,5.5664,1.9771,5.1744
1.9771,5.1744,2.1684,4.7824
2.1684,4.7824,2.3440,4.3904
2.3440,4.3904,2.5039,3.9984
2.5039,3.9984,2.6482,3.6064
2.6482,3.6064,2.7767,3.2144
2.7767,3.2144,2.8896,2.8224
2.8896,2.8224,2.9868,2.4304
2.9868,2.4304,3.0684,2.0384
3.0684,2.0384,3.1342,1.6464
3.1342,1.6464,3.1844,1.2544
3.1844,1.2544,3.2189,0.8624
3.2189,0.8624,3.2377,0.4704
3.2377,0.4704,3.2409,0.0784
3.2409,0.0784,3.2283,-0.3136
3.2283,-0.3136,3.2001,-0.7056
3.2001,-0.7056,3.1562,-1.0976
3.1562,-1.0976,3.0966,-1.4896
3.0966,-1.4896,3.0213,-1.8816
3.0213,-1.8816,2.9304,-2.2736
2.9304,-2.2736,2.8238,-2.6656
2.8238,-2.6656,2.7015,-3.0576
2.7015,-3.0576,2.5635,-3.4496
2.5635,-3.4496,2.4098,-3.8416
2.4098,-3.8416,2.2405,-4.2336
2.2405,-4.2336,2.0555,-4.6256
2.0555,-4.6256,1.8548,-5.0176
1.8548,-5.0176,1.6384,-5.4096
1.6384,-5.4096,1.4063,-5.8016
1.4063,-5.8016,1.1586,-6.1936
1.1586,-6.1936,0.8951,-6.5856
0.8951,-6.5856,0.6160,-6.9776
0.6160,-6.9776,0.5000,4.4218
0.5000,4.4218,0.6612,4.0298
0.6612,4.0298,0.8067,3.6378
0.8067,3.6378,0.9365,3.2458
0.9365,3.2458,1.0507,2.8538
1.0507,2.8538,1.1492,2.4618
1.1492,2.4618,1.2319,2.0698
1.2319,2.0698,1.2991,1.6778
1.2991,1.6778,1.3505,1.2858
1.3505,1.2858,1.3862,0.8938
1.3862,0.8938,1.4063,0.5018
1.4063,0.5018,1.4107,0.1098
1.4107,0.1098,1.3994,-0.2822
1.3994,-0.2822,1.3724,-0.6742
1.3724,-0.6742,1.3298,-1.0662
1.3298,-1.0662,1.2715,-1.4582
1.2715,-1.4582,1.1974,-1.8502
1.1974,-1.8502,1.1078,-2.2422
1.1078,-2.2422,1.0024,-2.6342
1.0024,-2.6342,0.8813,-3.0262
0.8813,-3.0262,0.7446,-3.4182
0.7446,-3.4182,0.5922,-3.8102
0.5922,-3.8102,0.5000,2.5213
0.5000,2.5213,0.5852,2.1293
0.5852,2.1293,0.6547,1.7373
0.6547,1.7373,0.7085,1.3453
0.7085,1.3453,0.7466,0.9533
0.7466,0.9533,0.7691,0.5613
0.7691,0.5613,0.7758,0.1693
0.7758,0.1693,0.7669,-0.2227
0.7669,-0.2227,0.7424,-0.6147
0.7424,-0.6147,0.7021,-1.0067
0.7021,-1.0067,0.6461,-1.3987
0.6461,-1.3987,0.5745,-1.7907
0.5745,-1.7907,0.5000,1.3096
0.5000,1.3096,0.5367,0.9176
0.5367,0.9176,0.5577,0.5256
0.5577,0.5256,0.5631,0.1336
0.5631,0.1336,0.5527,-0.2584
0.5527,-0.2584,0.5267,-0.6504
0.5267,-0.6504,0.5000,0.6254
0.5000,0.6254,0.5093,0.2334
0.5093,0.2334,0.5030,-0.1586
0.5030,-0.1586,0.5000,0.0000
0.5000,0.0000,0.5000,0.0000
0.5000,0.0000,0.5000,0.0000
0.5000,0.0000,0.5000,0.0000
0.5000,0.0000,0.5000,0.0000
0.5000,0.0000,0.5000,0.0000
0.5000,0.0000,0.5000,0.0000
0.5000,0.0000,0.5000,0.0000
0.5000,0.0000,0.5000,0.0000
0.5000,0.0000,0.5000,0.0000
0.5000,0.0000,0.5000,0.0000
0.5000,0.0000,0.5000,0.0000
0.5000,0.0000,0.5000,0.0000
0.5000,0.0000,0.5000,0.0000
0.5000,0.0000,0.5000,0.0000
0.5000,0.0000,0.5000,0.0000
0.5000,0.0000,0.5000,0.0000
0.5000,0.0000,0.5000,0.0000
0.5000,0.0000,0.5000,0.0000
0.5000,0.0000,0.5000,0.0000
0.5000,0.0000,0.5000,0.0000
0.5000,0.0000,0.5000,0.0000
0.5000,0.0000,0.5000,0.0000
0.5000,0.0000,0.5000,0.0000
0.5000,0.0000,0.5000,0.0000
0.5000,0.0000,0.5000,0.0000
0.5000,0.0000,0.5000,0.0000
0.5000,0.0000,0.5000,0.0000
0.5000,0.0000,0.5000,0.0000
0.5000,0.0000,0.5000,0.0000
0.5000,0.0000,0.5000,0.0000
0.5000,0.0000,0.5000,0.0000
0.5000,0.0000,0.5000,0.0000
0.5000,0.0000,0.5000,0.0000
0.5000,0.0000,0.5000,0.0000
0.5000,0.0000,0.5000,0.0000
0.5000,0.0000,0.5000,0.0000
0.5000,0.0000,0.5000,0.0000
3.7459,0.0000,3.7302,-0.3920
3.7302,-0.3920,3.6988,-0.7840
3.6988,-0.7840,3.6518,-1.1760
3.6518,-1.1760,3.5891,-1.5680
3.5891,-1.5680,3.5107,-1.9600
3.5107,-1.9600,3.4166,-2.3520
3.4166,-2.3520,3.3068,-2.7440
3.3068,-2.7440,3.1814,-3.1360
3.1814,-3.1360,3.0403,-3.5280
3.0403,-3.5280,2.8835,-3.9200
2.8835,-3.9200,2.7110,-4.3120
2.7110,-4.3120,2.5228,-4.7040
2.5228,-4.7040,2.3190,-5.0960
2.3190,-5.0960,2.0995,-5.4880
2.0995,-5.4880,1.8643,-5.8800
1.8643,-5.8800,1.6134,-6.2720
1.6134,-6.2720,1.3468,-6.6640
1.3468,-6.6640,1.0646,-7.0560
1.0646,-7.0560,0.7667,-7.4480
0.7667,-7.4480,0.5000,4.7040
0.5000,4.7040,0.6725,4.3120
0.6725,4.3120,0.8293,3.9200
0.8293,3.9200,0.9704,3.5280
0.9704,3.5280,1.0958,3.1360
1.0958,3.1360,1.2056,2.7440
1.2056,2.7440,1.2997,2.3520
1.2997,2.3520,1.3781,1.9600
1.3781,1.9600,1.4408,1.5680
1.4408,1.5680,1.4878,1.1760
1.4878,1.1760,1.5192,0.7840
1.5192,0.7840,1.5349,0.3920
1.5349,0.3920,1.5349,0.0000
1.5349,0.0000,1.5192,-0.3920
1.5192,-0.3920,1.4878,-0.7840
1.4878,-0.7840,1.4408,-1.1760
1.4408,-1.1760,1.3781,-1.5680
1.3781,-1.5680,1.2997,-1.9600
1.2997,-1.9600,1.2056,-2.3520
1.2056,-2.3520,1.0958,-2.7440
1.0958,-2.7440,0.9704,-3.1360
0.9704,-3.1360,0.8293,-3.5280
0.8293,-3.5280,0.6725,-3.9200
0.6725,-3.9200,0.5000,-4.3120
0.5000,-4.3120,0.5000,2.8224
0.5000,2.8224,0.5972,2.4304
0.5972,2.4304,0.6788,2.0384
0.6788,2.0384,0.7446,1.6464
0.7446,1.6464,0.7948,1.2544
0.7948,1.2544,0.8293,0.8624
0.8293,0.8624,0.8481,0.4704
0.8481,0.4704,0.8512,0.0784
0.8512,0.0784,0.8387,-0.3136
0.8387,-0.3136,0.8105,-0.7056
0.8105,-0.7056,0.7666,-1.0976
0.7666,-1.0976,0.7070,-1.4896
0.7070,-1.4896,0.6317,-1.8816
0.6317,-1.8816,0.5408,-2.2736
0.5408,-2.2736,0.5000,1.5994
0.5000,1.5994,0.5483,1.2074
0.5483,1.2074,0.5809,0.8154
0.5809,0.8154,0.5978,0.4234
0.5978,0.4234,0.5991,0.0314
0.5991,0.0314,0.5847,-0.3606
0.5847,-0.3606,0.5546,-0.7526
0.5546,-0.7526,0.5088,-1.1446
0.5088,-1.1446,0.5000,0.9220
0.5000,0.9220,0.5212,0.5300
0.5212,0.5300,0.5267,0.1380
0.5267,0.1380,0.5166,-0.2540
0.5166,-0.2540,0.5000,0.0000
0.5000,0.0000,0.5000,0.0000
0.5000,0.0000,0.5000,0.0000
0.5000,0.0000,0.5000,0.0000
0.5000,0.0000,0.5000,0.0000
0.5000,0.0000,0.5000,0.0000
0.5000,0.0000,0.5000,0.0000
0.5000,0.0000,0.5000,0.0000
0.5000,0.0000,0.5000,0.0000
0.5000,0.0000,0.5000,0.0000
0.5000,0.0000,0.5000,0.0000
0.5000,0.0000,0.5000,0.0000
0.5000,0.0000,0.5000,0.0000
0.5000,0.0000,0.5000,0.0000
0.5000,0.0000,0.5000,0.0000
0.5000,0.0000,0.5000,0.0000
0.5000,0.0000,0.5000,0.0000
0.5000,0.0000,0.5000,0.0000
0.5000,0.0000,0.5000,0.0000
0.5000,0.0000,0.5000,0.0000
0.5000,0.0000,0.5000,0.0000
0.5000,0.0000,0.5000,0.0000
0.5000,0.0000,0.5000,0.0000
0.5000,0.0000,0.5000,0.0000
0.5000,0.0000,0.5000,0.0000
0.5000,0.0000,0.5000,0.0000
0.5000,0.0000,0.5000,0.0000
0.5000,0.0000,0.5000,0.0000
0.5000,0.0000,0.5000,0.0000
0.5000,0.0000,0.5000,0.0000
0.5000,0.0000,0.5000,0.0000
0.5000,0.0000,0.5000,0.0000
0.5000,0.0000,0.5000,0.0000
0.5000,0.0000,0.5000,0.0000
0.5000,0.0000,0.5000,0.0000
0.5000,0.0000,0.5000,0.0000
0.5000,0.0000,0.5000,0.0000
0.5000,0.0000,0.5000,0.0000
0.5000,0.0000,0.5000,0.0000
0.5000,0.0000,0.5000,0.0000
0.5000,0.0000,0.5000,0.0000
0.5000,0.0000,0.5000,0.0000
0.5000,0.0000,0.5000,0.0000
0.5000,0.0000,0.5000,0.0000
0.5000,0.0000,0.5000,0.0000
0.5000,0.0000,0.5000,0.0000
0.5000,0.0000,0.5000,0.0000
0.5000,0.0000,0.5000,0.0000
0.5000,0.0000,0.5000,0.0000
0.5000,0.0000,0.5000,0.0000
0.5000,0.0000,0.5000,0.0000
0.5000,0.0000,0.5000,0.0000
0.5000,0.0000,0.5000,0.0000
0.5000,0.0000,0.5000,0.0000
0.5000,0.0000,0.5000,0.0000
0.5000,0.0000,0.5000,0.0000
0.5000,0.0000,0.5000,0.0000
0.5000,0.0000,0.5000,0.0000
0.5000,0.0000,0.5000,0.0000
0.5000,0.0000,0.5000,0.0000
0.5000,0.0000,0.5000,0.0000
0.5000,0.0000,0.5000,0.0000
0.5000,0.0000,0.5000,0.0000
0.5000,0.0000,0.5000,0.0000
0.5000,0.0000,0.5000,0.0000
0.5000,0.0000,0.5000,0.0000
0.5000,0.0000,0.5000,0.0000
0.5000,0.0000,0.5000,0.0000
0.5000,0.0000,0.5000,0.0000
0.5000,0.0000,0.5000,0.0000
0.5000,0.0000,0.5000,0.0000
0.5000,0.0000,0.5000,0.0000
0.5000,0.0000,0.5000,0.0000
0.5000,0.0000,0.5000,0.0000
0.5000,0.0000,0.5000,0.0000
0.5000,0.0000,0.5000,0.0000
0.5000,0.0000,0.5000,0.0000
0.5000,0.0000,0.5000,0.0000
0.5000,0.0000,0.5000,0.0000
0.5000,0.0000,0.5000,0.0000
0.5000,0.0000,0.5000,0.0000
6.2431,0.0000,6.2274,-0.3920
6.2274,-0.3920,6.1960,-0.7840
6.1960,-0.7840,6.1490,-1.1760
6.1490,-1.1760,6.0863,-1.5680
6.0863,-1.5680,6.0079,-1.9600
6.0079,-1.9600,5.9138,-2.3520
5.9138,-2.3520,5.8040,-2.7440
5.8040,-2.7440,5.6786,-3.1360
5.6786,-3.1360,5.5375,-3.5280
5.5375,-3.5280,5.3807,-3.9200
5.3807,-3.9200,5.2082,-4.3120
5.2082,-4.3120,5.0200,-4.7040
5.0200,-4.7040,4.8162,-5.0960
4.8162,-5.0960,4.5967,-5.4880
4.5967,-5.4880,4.3615,-5.8800
4.3615,-5.8800,4.1106,-6.2720
4.1106,-6.2720,3.8440,-6.6640
3.8440,-6.6640,3.5618,-7.0560
3.5618,-7.0560,3.2639,-7.4480
3.2639,-7.4480,2.9503,-7.8400
2.9503,-7.8400,2.6210,-8.2320
2.6210,-8.2320,2.2760,-8.6240
2.2760,-8.6240,1.9154,-9.0160
1.9154,-9.0160,1.5391,-9.4080
1.5391,-9.4080,1.1471,-9.8000
1.1471,-9.8000,0.7394,-10.1920
0.7394,-10.1920,0.5000,6.3504
0.5000,6.3504,0.7383,5.9584
0.7383,5.9584,0.9610,5.5664
0.9610,5.5664,1.1680,5.1744
1.1680,5.1744,1.3593,4.7824
1.3593,4.7824,1.5349,4.3904
1.5349,4.3904,1.6948,3.9984
1.6948,3.9984,1.8391,3.6064
1.8391,3.6064,1.9676,3.2144
1.9676,3.2144,2.0805,2.8224
2.0805,2.8224,2.1778,2.4304
2.1778,2.4304,2.2593,2.0384
2.2593,2.0384,2.3252,1.6464
2.3252,1.6464,2.3753,1.2544
2.3753,1.2544,2.4098,0.8624
2.4098,0.8624,2.4286,0.4704
2.4286,0.4704,2.4318,0.0784
2.4318,0.0784,2.4192,-0.3136
2.4192,-0.3136,2.3910,-0.7056
2.3910,-0.7056,2.3471,-1.0976
2.3471,-1.0976,2.2875,-1.4896
2.2875,-1.4896,2.2123,-1.8816
2.2123,-1.8816,2.1213,-2.2736
2.1213,-2.2736,2.0147,-2.6656
2.0147,-2.6656,1.8924,-3.0576
1.8924,-3.0576,1.7544,-3.4496
1.7544,-3.4496,1.6007,-3.8416
1.6007,-3.8416,1.4314,-4.2336
1.4314,-4.2336,1.2464,-4.6256
1.2464,-4.6256,1.0457,-5.0176
1.0457,-5.0176,0.8293,-5.4096
0.8293,-5.4096,0.5972,-5.8016
0.5972,-5.8016,0.5000,3.7162
0.5000,3.7162,0.6330,3.3242
0.6330,3.3242,0.7503,2.9322
0.7503,2.9322,0.8519,2.5402
0.8519,2.5402,0.9378,2.1482
0.9378,2.1482,1.0080,1.7562
1.0080,1.7562,1.0626,1.3642
1.0626,1.3642,1.1015,0.9722
1.1015,0.9722,1.1247,0.5802
1.1247,0.5802,1.1322,0.1882
1.1322,0.1882,1.1241,-0.2038
1.1241,-0.2038,1.1002,-0.5958
1.1002,-0.5958,1.0607,-0.9878
1.0607,-0.9878,1.0055,-1.3798
1.0055,-1.3798,0.9346,-1.7718
0.9346,-1.7718,0.8481,-2.1638
0.8481,-2.1638,0.7459,-2.5558
0.7459,-2.5558,0.6279,-2.9478
0.6279,-2.9478,0.5000,2.0039
0.5000,2.0039,0.5645,1.6119
0.5645,1.6119,0.6133,1.2199
0.6133,1.2199,0.6464,0.8279
0.6464,0.8279,0.6638,0.4359
0.6638,0.4359,0.6656,0.0439
0.6656,0.0439,0.6517,-0.3481
0.6517,-0.3481,0.6221,-0.7401
0.6221,-0.7401,0.5768,-1.1321
0.5768,-1.1321,0.5158,-1.5241
0.5158,-1.5241,0.5000,1.1497
0.5000,1.1497,0.5303,0.7577
0.5303,0.7577,0.5449,0.3657
0.5449,0.3657,0.5439,-0.0263
0.5439,-0.0263,0.5271,-0.4183
0.5271,-0.4183,0.5000,0.4862
0.5000,0.4862,0.5038,0.0942
0.5038,0.0942,0.5000,0.0000
0.5000,0.0000,0.5000,0.0000
0.5000,0.0000,0.5000,0.0000
0.5000,0.0000,0.5000,0.0000
0.5000,0.0000,0.5000,0.0000
0.5000,0.0000,0.5000,0.0000
0.5000,0.0000,0.5000,0.0000
0.5000,0.0000,0.5000,0.0000
0.5000,0.0000,0.5000,0.0000
0.5000,0.0000,0.5000,0.0000
0.5000,0.0000,0.5000,0.0000
0.5000,0.0000,0.5000,0.0000
0.5000,0.0000,0.5000,0.0000
0.5000,0.0000,0.5000,0.0000
0.5000,0.0000,0.5000,0.0000
0.5000,0.0000,0.5000,0.0000
0.5000,0.0000,0.5000,0.0000
0.5000,0.0000,0.5000,0.0000
0.5000,0.0000,0.5000,0.0000
0.5000,0.0000,0.5000,0.0000
0.5000,0.0000,0.5000,0.0000
0.5000,0.0000,0.5000,0.0000
0.5000,0.0000,0.5000,0.0000
0.5000,0.0000,0.5000,0.0000
0.5000,0.0000,0.5000,0.0000
0.5000,0.0000,0.5000,0.0000
0.5000,0.0000,0.5000,0.0000
0.5000,0.0000,0.5000,0.0000
0.5000,0.0000,0.5000,0.0000
0.5000,0.0000,0.5000,0.0000
0.5000,0.0000,0.5000,0.0000
0.5000,0.0000,0.5000,0.0000
0.5000,0.0000,0.5000,0.0000
0.5000,0.0000,0.5000,0.0000
0.5000,0.0000,0.5000,0.0000
0.5000,0.0000,0.5000,0.0000
0.5000,0.0000,0.5000,0.0000
0.5000,0.0000,0.5000,0.0000
0.5000,0.0000,0.5000,0.0000
0.5000,0.0000,0.5000,0.0000
0.5000,0.0000,0.5000,0.0000
0.5000,0.0000,0.5000,0.0000
0.5000,0.0000,0.5000,0.0000
0.5000,0.0000,0.5000,0.0000
0.5000,0.0000,0.5000,0.0000
0.5000,0.0000,0.5000,0.0000
0.5000,0.0000,0.5000,0.0000
0.5000,0.0000,0.5000,0.0000
0.5000,0.0000,0.5000,0.0000
0.5000,0.0000,0.5000,0.0000
0.5000,0.0000,0.5000,0.0000
0.5000,0.0000,0.5000,0.0000
0.5000,0.0000,0.5000,0.0000
0.5000,0.0000,0.5000,0.0000
0.5000,0.0000,0.5000,0.0000
0.5000,0.0000,0.5000,0.0000
0.5000,0.0000,0.5000,0.0000
4.1600,0.0000,4.1444,-0.3920
4.1444,-0.3920,4.1130,-0.7840
4.1130,-0.7840,4.0660,-1.1760
4.0660,-1.1760,4.0032,-1.5680
4.0032,-1.5680,3.9248,-1.9600
3.9248,-1.9600,3.8308,-2.3520
3.8308,-2.3520,3.7210,-2.7440
3.7210,-2.7440,3.5956,-3.1360
3.5956,-3.1360,3.4544,-3.5280
3.4544,-3.5280,3.2976,-3.9200
3.2976,-3.9200,3.1252,-4.3120
3.1252,-4.3120,2.9370,-4.7040
2.9370,-4.7040,2.7332,-5.0960
2.7332,-5.0960,2.5136,-5.4880
2.5136,-5.4880,2.2784,-5.8800
2.2784,-5.8800,2.0276,-6.2720
2.0276,-6.2720,1.7610,-6.6640
1.7610,-6.6640,1.4788,-7.0560
1.4788,-7.0560,1.1808,-7.4480
1.1808,-7.4480,0.8672,-7.8400
0.8672,-7.8400,0.5380,-8.2320
0.5380,-8.2320,0.5000,5.1744
0.5000,5.1744,0.6913,4.7824
0.6913,4.7824,0.8669,4.3904
0.8669,4.3904,1.0268,3.9984
1.0268,3.9984,1.1711,3.6064
1.1711,3.6064,1.2997,3.2144
1.2997,3.2144,1.4126,2.8224
1.4126,2.8224,1.5098,2.4304
1.5098,2.4304,1.5913,2.0384
1.5913,2.0384,1.6572,1.6464
1.6572,1.6464,1.7074,1.2544
1.7074,1.2544,1.7419,0.8624
1.7419,0.8624,1.7607,0.4704
1.7607,0.4704,1.7638,0.0784
1.7638,0.0784,1.7513,-0.3136
1.7513,-0.3136,1.7230,-0.7056
1.7230,-0.7056,1.6791,-1.0976
1.6791,-1.0976,1.6196,-1.4896
1.6196,-1.4896,1.5443,-1.8816
1.5443,-1.8816,1.4533,-2.2736
1.4533,-2.2736,1.3467,-2.6656
1.3467,-2.6656,1.2244,-3.0576
1.2244,-3.0576,1.0864,-3.4496
1.0864,-3.4496,0.9328,-3.8416
0.9328,-3.8416,0.7634,-4.2336
0.7634,-4.2336,0.5784,-4.6256
0.5784,-4.6256,0.5000,3.0106
0.5000,3.0106,0.6047,2.6186
0.6047,2.6186,0.6938,2.2266
0.6938,2.2266,0.7672,1.8346
0.7672,1.8346,0.8249,1.4426
0.8249,1.4426,0.8669,1.0506
0.8669,1.0506,0.8933,0.6586
0.8933,0.6586,0.9039,0.2666
0.9039,0.2666,0.8989,-0.1254
0.8989,-0.1254,0.8782,-0.5174
0.8782,-0.5174,0.8418,-0.9094
0.8418,-0.9094,0.7898,-1.3014
0.7898,-1.3014,0.7220,-1.6934
0.7220,-1.6934,0.6386,-2.0854
0.6386,-2.0854,0.5395,-2.4774
0.5395,-2.4774,0.5000,1.7217
0.5000,1.7217,0.5532,1.3297
0.5532,1.3297,0.5907,0.9377
0.5907,0.9377,0.6125,0.5457
0.6125,0.5457,0.6187,0.1537
0.6187,0.1537,0.6091,-0.2383
0.6091,-0.2383,0.5839,-0.6303
0.5839,-0.6303,0.5430,-1.0223
0.5430,-1.0223,0.5000,0.8486
0.5000,0.8486,0.5183,0.4566
0.5183,0.4566,0.5208,0.0646
0.5208,0.0646,0.5078,-0.3274
0.5078,-0.3274,0.5000,0.4316
0.5000,0.4316,0.5016,0.0396
0.5016,0.0396,0.5000,0.0000
0.5000,0.0000,0.5000,0.0000
0.5000,0.0000,0.5000,0.0000
0.5000,0.0000,0.5000,0.0000
0.5000,0.0000,0.5000,0.0000
0.5000,0.0000,0.5000,0.0000
0.5000,0.0000,0.5000,0.0000
0.5000,0.0000,0.5000,0.0000
0.5000,0.0000,0.5000,0.0000
0.5000,0.0000,0.5000,0.0000
0.5000,0.0000,0.5000,0.0000
0.5000,0.0000,0.5000,0.0000
0.5000,0.0000,0.5000,0.0000
0.5000,0.0000,0.5000,0.0000
0.5000,0.0000,0.5000,0.0000
0.5000,0.0000,0.5000,0.0000
0.5000,0.0000,0.5000,0.0000
0.5000,0.0000,0.5000,0.0000
0.5000,0.0000,0.5000,0.0000
0.5000,0.0000,0.5000,0.0000
0.5000,0.0000,0.5000,0.0000
0.5000,0.0000,0.5000,0.0000
0.5000,0.0000,0.5000,0.0000
0.5000,0.0000,0.5000,0.0000
0.5000,0.0000,0.5000,0.0000
0.5000,0.0000,0.5000,0.0000
0.5000,0.0000,0.5000,0.0000
0.5000,0.0000,0.5000,0.0000
0.5000,0.0000,0.5000,0.0000
0.5000,0.0000,0.5000,0.0000
0.5000,0.0000,0.5000,0.0000
0.5000,0.0000,0.5000,0.0000
0.5000,0.0000,0.5000,0.0000
0.5000,0.0000,0.5000,0.0000
0.5000,0.0000,0.5000,0.0000
0.5000,0.0000,0.5000,0.0000
0.5000,0.0000,0.5000,0.0000
0.5000,0.0000,0.5000,0.0000
0.5000,0.0000,0.5000,0.0000
0.5000,0.0000,0.5000,0.0000
0.5000,0.0000,0.5000,0.0000
0.5000,0.0000,0.5000,0.0000
0.5000,0.0000,0.5000,0.0000
0.5000,0.0000,0.5000,0.0000
0.5000,0.0000,0.5000,0.0000
0.5000,0.0000,0.5000,0.0000
0.5000,0.0000,0.5000,0.0000
0.5000,0.0000,0.5000,0.0000
0.5000,0.0000,0.5000,0.0000
0.5000,0.0000,0.5000,0.0000
0.5000,0.0000,0.5000,0.0000
0.5000,0.0000,0.5000,0.0000
0.5000,0.0000,0.5000,0.0000
0.5000,0.0000,0.5000,0.0000
0.5000,0.0000,0.5000,0.0000
0.5000,0.0000,0.5000,0.0000
0.5000,0.0000,0.5000,0.0000
0.5000,0.0000,0.5000,0.0000
0.5000,0.0000,0.5000,0.0000
0.5000,0.0000,0.5000,0.0000
0.5000,0.0000,0.5000,0.0000
0.5000,0.0000,0.5000,0.0000
0.5000,0.0000,0.5000,0.0000
0.5000,0.0000,0.5000,0.0000
0.5000,0.0000,0.5000,0.0000
0.5000,0.0000,0.5000,0.0000
0.5000,0.0000,0.5000,0.0000
0.5000,0.0000,0.5000,0.0000
0.5000,0.0000,0.5000,0.0000
0.5000,0.0000,0.5000,0.0000
0.5000,0.0000,0.5000,0.0000
0.5000,0.0000,0.5000,0.0000
0.5000,0.0000,0.5000,0.0000
0.5000,0.0000,0.5000,0.0000
3.1911,0.0000,3.1754,-0.3920
3.1754,-0.3920,3.1440,-0.7840
3.1440,-0.7840,3.0970,-1.1760
3.0970,-1.1760,3.0343,-1.5680
3.0343,-1.5680,2.9559,-1.9600
2.9559,-1.9600,2.8618,-2.3520
2.8618,-2.3520,2.7520,-2.7440
2.7520,-2.7440,2.6266,-3.1360
2.6266,-3.1360,2.4855,-3.5280
2.4855,-3.5280,2.3287,-3.9200
2.3287,-3.9200,2.1562,-4.3120
2.1562,-4.3120,1.9680,-4.7040
1.9680,-4.7040,1.7642,-5.0960
1.7642,-5.0960,1.5447,-5.4880
1.5447,-5.4880,1.3095,-5.8800
1.3095,-5.8800,1.0586,-6.2720
1.0586,-6.2720,0.7920,-6.6640
0.7920,-6.6640,0.5098,-7.0560
0.5098,-7.0560,0.5000,4.4688
0.5000,4.4688,0.6631,4.0768
0.6631,4.0768,0.8105,3.6848
0.8105,3.6848,0.9422,3.2928
0.9422,3.2928,1.0582,2.9008
1.0582,2.9008,1.1586,2.5088
1.1586,2.5088,1.2432,2.1168
1.2432,2.1168,1.3122,1.7248
1.3122,1.7248,1.3655,1.3328
1.3655,1.3328,1.4032,0.9408
1.4032,0.9408,1.4251,0.5488
1.4251,0.5488,1.4314,0.1568
1.4314,0.1568,1.4220,-0.2352
1.4220,-0.2352,1.3969,-0.6272
1.3969,-0.6272,1.3561,-1.0192
1.3561,-1.0192,1.2997,-1.4112
1.2997,-1.4112,1.2276,-1.8032
1.2276,-1.8032,1.1397,-2.1952
1.1397,-2.1952,1.0363,-2.5872
1.0363,-2.5872,0.9171,-2.9792
0.9171,-2.9792,0.7822,-3.3712
0.7822,-3.3712,0.6317,-3.7632
0.6317,-3.7632,0.5000,2.4931
0.5000,2.4931,0.5840,2.1011
0.5840,2.1011,0.6524,1.7091
0.6524,1.7091,0.7051,1.3171
0.7051,1.3171,0.7421,0.9251
0.7421,0.9251,0.7634,0.5331
0.7634,0.5331,0.7691,0.1411
0.7691,0.1411,0.7590,-0.2509
0.7590,-0.2509,0.7333,-0.6429
0.7333,-0.6429,0.6919,-1.0349
0.6919,-1.0349,0.6348,-1.4269
0.6348,-1.4269,0.5621,-1.8189
0.5621,-1.8189,0.5000,1.3265
0.5000,1.3265,0.5374,0.9345
0.5374,0.9345,0.5591,0.5425
0.5591,0.5425,0.5651,0.1505
0.5651,0.1505,0.5554,-0.2415
0.5554,-0.2415,0.5301,-0.6335
0.5301,-0.6335,0.5000,0.6153
0.5000,0.6153,0.5089,0.2233
0.5089,0.2233,0.5022,-0.1687
0.5022,-0.1687,0.5000,0.0000
0.5000,0.0000,0.5000,0.0000
0.5000,0.0000,0.5000,0.0000
0.5000,0.0000,0.5000,0.0000
0.5000,0.0000,0.5000,0.0000
0.5000,0.0000,0.5000,0.0000
0.5000,0.0000,0.5000,0.0000
0.5000,0.0000,0.5000,0.0000
0.5000,0.0000,0.5000,0.0000
0.5000,0.0000,0.5000,0.0000
0.5000,0.0000,0.5000,0.0000
0.5000,0.0000,0.5000,0.0000
0.5000,0.0000,0.5000,0.0000
0.5000,0.0000,0.5000,0.0000
0.5000,0.0000,0.5000,0.0000
0.5000,0.0000,0.5000,0.0000
0.5000,0.0000,0.5000,0.0000
0.5000,0.0000,0.5000,0.0000
0.5000,0.0000,0.5000,0.0000
0.5000,0.0000,0.5000,0.0000
0.5000,0.0000,0.5000,0.0000
0.5000,0.0000,0.5000,0.0000
0.5000,0.0000,0.5000,0.0000
0.5000,0.0000,0.5000,0.0000
0.5000,0.0000,0.5000,0.0000
0.5000,0.0000,0.5000,0.0000
0.5000,0.0000,0.5000,0.0000
0.5000,0.0000,0.5000,0.0000
0.5000,0.0000,0.5000,0.0000
0.5000,0.0000,0.5000,0.0000
0.5000,0.0000,0.5000,0.0000
0.5000,0.0000,0.5000,0.0000
0.5000,0.0000,0.5000,0.0000
0.5000,0.0000,0.5000,0.0000
0.5000,0.0000,0.5000,0.0000
0.5000,0.0000,0.5000,0.0000
0.5000,0.0000,0.5000,0.0000
0.5000,0.0000,0.5000,0.0000
0.5000,0.0000,0.5000,0.0000
0.5000,0.0000,0.5000,0.0000
0.5000,0.0000,0.5000,0.0000
0.5000,0.0000,0.5000,0.0000
0.5000,0.0000,0.5000,0.0000
0.5000,0.0000,0.5000,0.0000
0.5000,0.0000,0.5000,0.0000
0.5000,0.0000,0.5000,0.0000
0.5000,0.0000,0.5000,0.0000
0.5000,0.0000,0.5000,0.0000
0.5000,0.0000,0.5000,0.0000
0.5000,0.0000,0.5000,0.0000
0.5000,0.0000,0.5000,0.0000
0.5000,0.0000,0.5000,0.0000
0.5000,0.0000,0.5000,0.0000
0.5000,0.0000,0.5000,0.0000
0.5000,0.0000,0.5000,0.0000
0.5000,0.0000,0.5000,0.0000
0.5000,0.0000,0.5000,0.0000
0.5000,0.0000,0.5000,0.0000
0.5000,0.0000,0.5000,0.0000
0.5000,0.0000,0.5000,0.0000
0.5000,0.0000,0.5000,0.0000
0.5000,0.0000,0.5000,0.0000
0.5000,0.0000,0.5000,0.0000
0.5000,0.0000,0.5000,0.0000
0.5000,0.0000,0.5000,0.0000
0.5000,0.0000,0.5000,0.0000
0.5000,0.0000,0.5000,0.0000
0.5000,0.0000,0.5000,0.0000
0.5000,0.0000,0.5000,0.0000
0.5000,0.0000,0.5000,0.0000
0.5000,0.0000,0.5000,0.0000
0.5000,0.0000,0.5000,0.0000
0.5000,0.0000,0.5000,0.0000
0.5000,0.0000,0.5000,0.0000
0.5000,0.0000,0.5000,0.0000
0.5000,0.0000,0.5000,0.0000
0.5000,0.0000,0.5000,0.0000
0.5000,0.0000,0.5000,0.0000
0.5000,0.0000,0.5000,0.0000
0.5000,0.0000,0.5000,0.0000
0.5000,0.0000,0.5000,0.0000
0.5000,0.0000,0.5000,0.0000
0.5000,0.0000,0.5000,0.0000
0.5000,0.0000,0.5000,0.0000
0.5000,0.0000,0.5000,0.0000
0.5000,0.0000,0.5000,0.0000
0.5000,0.0000,0.5000,0.0000
0.5000,0.0000,0.5000,0.0000
0.5000,0.0000,0.5000,0.0000
6.8018,0.0000,6.7861,-0.3920
6.7861,-0.3920,6.7548,-0.7840
6.7548,-0.7840,6.7077,-1.1760
6.7077,-1.1760,6.6450,-1.5680
6.6450,-1.5680,6.5666,-1.9600
6.5666,-1.9600,6.4725,-2.3520
6.4725,-2.3520,6.3628,-2.7440
6.3628,-2.7440,6.2373,-3.1360
6.2373,-3.1360,6.0962,-3.5280
6.0962,-3.5280,5.9394,-3.9200
5.9394,-3.9200,5.7669,-4.3120
5.7669,-4.3120,5.5788,-4.7040
5.5788,-4.7040,5.3749,-5.0960
5.3749,-5.0960,5.1554,-5.4880
5.1554,-5.4880,4.9202,-5.8800
4.9202,-5.8800,4.6693,-6.2720
4.6693,-6.2720,4.4028,-6.6640
4.4028,-6.6640,4.1205,-7.0560
4.1205,-7.0560,3.8226,-7.4480
3.8226,-7.4480,3.5090,-7.8400
3.5090,-7.8400,3.1797,-8.2320
3.1797,-8.2320,2.8348,-8.6240
2.8348,-8.6240,2.4741,-9.0160
2.4741,-9.0160,2.0978,-9.4080
2.0978,-9.4080,1.7058,-9.8000
1.7058,-9.8000,1.2981,-10.1920
1.2981,-10.1920,0.8748,-10.5840
0.8748,-10.5840,0.5000,6.5856
0.5000,6.5856,0.7477,6.1936
0.7477,6.1936,0.9798,5.8016
0.9798,5.8016,1.1962,5.4096
1.1962,5.4096,1.3969,5.0176
1.3969,5.0176,1.5819,4.6256
1.5819,4.6256,1.7513,4.2336
1.7513,4.2336,1.9049,3.8416
1.9049,3.8416,2.0429,3.4496
2.0429,3.4496,2.1652,3.0576
2.1652,3.0576,2.2718,2.6656
2.2718,2.6656,2.3628,2.2736
2.3628,2.2736,2.4380,1.8816
2.4380,1.8816,2.4976,1.4896
2.4976,1.4896,2.5415,1.0976
2.5415,1.0976,2.5698,0.7056
2.5698,0.7056,2.5823,0.3136
2.5823,0.3136,2.5792,-0.0784
2.5792,-0.0784,2.5604,-0.4704
2.5604,-0.4704,2.5259,-0.8624
2.5259,-0.8624,2.4757,-1.2544
2.4757,-1.2544,2.4098,-1.6464
2.4098,-1.6464,2.3283,-2.0384
2.3283,-2.0384,2.2311,-2.4304
2.2311,-2.4304,2.1182,-2.8224
2.1182,-2.8224,1.9896,-3.2144
1.9896,-3.2144,1.8453,-3.6064
1.8453,-3.6064,1.6854,-3.9984
1.6854,-3.9984,1.5098,-4.3904
1.5098,-4.3904,1.3185,-4.7824
1.3185,-4.7824,1.1115,-5.1744
1.1115,-5.1744,0.8889,-5.5664
0.8889,-5.5664,0.6505,-5.9584
0.6505,-5.9584,0.5000,3.8102
0.5000,3.8102,0.6367,3.4182
0.6367,3.4182,0.7578,3.0262
0.7578,3.0262,0.8631,2.6342
0.8631,2.6342,0.9528,2.2422
0.9528,2.2422,1.0268,1.8502
1.0268,1.8502,1.0852,1.4582
1.0852,1.4582,1.1278,1.0662
1.1278,1.0662,1.1548,0.6742
1.1548,0.6742,1.1661,0.2822
1.1661,0.2822,1.1617,-0.1098
1.1617,-0.1098,1.1416,-0.5018
1.1416,-0.5018,1.1059,-0.8938
1.1059,-0.8938,1.0544,-1.2858
1.0544,-1.2858,0.9873,-1.6778
0.9873,-1.6778,0.9045,-2.0698
0.9045,-2.0698,0.8061,-2.4618
0.8061,-2.4618,0.6919,-2.8538
0.6919,-2.8538,0.5621,-3.2458
0.5621,-3.2458,0.5000,2.1827
0.5000,2.1827,0.5716,1.7907
0.5716,1.7907,0.6276,1.3987
0.6276,1.3987,0.6678,1.0067
0.6678,1.0067,0.6924,0.6147
0.6924,0.6147,0.7013,0.2227
0.7013,0.2227,0.6946,-0.1693
0.6946,-0.1693,0.6721,-0.5613
0.6721,-0.5613,0.6340,-0.9533
0.6340,-0.9533,0.5802,-1.3453
0.5802,-1.3453,0.5107,-1.7373
0.5107,-1.7373,0.5000,1.2776
0.5000,1.2776,0.5354,0.8856
0.5354,0.8856,0.5552,0.4936
0.5552,0.4936,0.5592,0.1016
0.5592,0.1016,0.5476,-0.2904
0.5476,-0.2904,0.5203,-0.6824
0.5203,-0.6824,0.5000,0.6446
0.5000,0.6446,0.5101,0.2526
0.5101,0.2526,0.5045,-0.1394
0.5045,-0.1394,0.5000,0.0000
0.5000,0.0000,0.5000,0.0000
0.5000,0.0000,0.5000,0.0000
0.5000,0.0000,0.5000,0.0000
0.5000,0.0000,0.5000,0.0000
0.5000,0.0000,0.5000,0.0000
0.5000,0.0000,0.5000,0.0000
0.5000,0.0000,0.5000,0.0000
0.5000,0.0000,0.5000,0.0000
0.5000,0.0000,0.5000,0.0000
0.5000,0.0000,0.5000,0.0000
0.5000,0.0000,0.5000,0.0000
0.5000,0.0000,0.5000,0.0000
0.5000,0.0000,0.5000,0.0000
0.5000,0.0000,0.5000,0.0000
0.5000,0.0000,0.5000,0.0000
0.5000,0.0000,0.5000,0.0000
0.5000,0.0000,0.5000,0.0000
0.5000,0.0000,0.5000,0.0000
0.5000,0.0000,0.5000,0.0000
0.5000,0.0000,0.5000,0.0000
0.5000,0.0000,0.5000,0.0000
0.5000,0.0000,0.5000,0.0000
0.5000,0.0000,0.5000,0.0000
0.5000,0.0000,0.5000,0.0000
0.5000,0.0000,0.5000,0.0000
0.5000,0.0000,0.5000,0.0000
0.5000,0.0000,0.5000,0.0000
0.5000,0.0000,0.5000,0.0000
0.5000,0.0000,0.5000,0.0000
0.5000,0.0000,0.5000,0.0000
0.5000,0.0000,0.5000,0.0000
0.5000,0.0000,0.5000,0.0000
0.5000,0.0000,0.5000,0.0000
0.5000,0.0000,0.5000,0.0000
0.5000,0.0000,0.5000,0.0000
0.5000,0.0000,0.5000,0.0000
0.5000,0.0000,0.5000,0.0000
0.5000,0.0000,0.5000,0.0000
0.5000,0.0000,0.5000,0.0000
0.5000,0.0000,0.5000,0.0000
0.5000,0.0000,0.5000,0.0000
0.5000,0.0000,0.5000,0.0000
0.5000,0.0000,0.5000,0.0000
0.5000,0.0000,0.5000,0.0000
0.5000,0.0000,0.5000,0.0000
0.5000,0.0000,0.5000,0.0000
0.5000,0.0000,0.5000,0.0000
0.5000,0.0000,0.5000,0.0000
0.5000,0.0000,0.5000,0.0000
0.5000,0.0000,0.5000,0.0000
9.6305,0.0000,9.6149,-0.3920
9.6149,-0.3920,9.5835,-0.7840
9.5835,-0.7840,9.5365,-1.1760
9.5365,-1.1760,9.4737,-1.5680
9.4737,-1.5680,9.3953,-1.9600
9.3953,-1.9600,9.3013,-2.3520
9.3013,-2.3520,9.1915,-2.7440
9.1915,-2.7440,9.0661,-3.1360
9.0661,-3.1360,8.9249,-3.5280
8.9249,-3.5280,8.7681,-3.9200
8.7681,-3.9200,8.5957,-4.3120
8.5957,-4.3120,8.4075,-4.7040
8.4075,-4.7040,8.2037,-5.0960
8.2037,-5.0960,7.9841,-5.4880
7.9841,-5.4880,7.7489,-5.8800
7.7489,-5.8800,7.4981,-6.2720
7.4981,-6.2720,7.2315,-6.6640
7.2315,-6.6640,6.9493,-7.0560
6.9493,-7.0560,6.6513,-7.4480
6.6513,-7.4480,6.3377,-7.8400
6.3377,-7.8400,6.0085,-8.2320
6.0085,-8.2320,5.6635,-8.6240
5.6635,-8.6240,5.3029,-9.0160
5.3029,-9.0160,4.9265,-9.4080
4.9265,-9.4080,4.5345,-9.8000
4.5345,-9.8000,4.1269,-10.1920
4.1269,-10.1920,3.7035,-10.5840
3.7035,-10.5840,3.2645,-10.9760
3.2645,-10.9760,2.8097,-11.3680
2.8097,-11.3680,2.3393,-11.7600
2.3393,-11.7600,1.8533,-12.1520
1.8533,-12.1520,1.3515,-12.5440
1.3515,-12.5440,0.8341,-12.9360
0.8341,-12.9360,0.5000,7.9968
0.5000,7.9968,0.8042,7.6048
0.8042,7.6048,1.0927,7.2128
1.0927,7.2128,1.3655,6.8208
1.3655,6.8208,1.6227,6.4288
1.6227,6.4288,1.8642,6.0368
1.8642,6.0368,2.0900,5.6448
2.0900,5.6448,2.3001,5.2528
2.3001,5.2528,2.4945,4.8608
2.4945,4.8608,2.6732,4.4688
2.6732,4.4688,2.8363,4.0768
2.8363,4.0768,2.9837,3.6848
2.9837,3.6848,3.1154,3.2928
3.1154,3.2928,3.2315,2.9008
3.2315,2.9008,3.3318,2.5088
3.3318,2.5088,3.4165,2.1168
3.4165,2.1168,3.4855,1.7248
3.4855,1.7248,3.5388,1.3328
3.5388,1.3328,3.5764,0.9408
3.5764,0.9408,3.5984,0.5488
3.5984,0.5488,3.6046,0.1568
3.6046,0.1568,3.5952,-0.2352
3.5952,-0.2352,3.5701,-0.6272
3.5701,-0.6272,3.5294,-1.0192
3.5294,-1.0192,3.4729,-1.4112
3.4729,-1.4112,3.4008,-1.8032
3.4008,-1.8032,3.3130,-2.1952
3.3130,-2.1952,3.2095,-2.5872
3.2095,-2.5872,3.0903,-2.9792
3.0903,-2.9792,2.9555,-3.3712
2.9555,-3.3712,2.8050,-3.7632
2.8050,-3.7632,2.6388,-4.1552
2.6388,-4.1552,2.4569,-4.5472
2.4569,-4.5472,2.2593,-4.9392
2.2593,-4.9392,2.0460,-5.3312
2.0460,-5.3312,1.8171,-5.7232
1.8171,-5.7232,1.5725,-6.1152
1.5725,-6.1152,1.3122,-6.5072
1.3122,-6.5072,1.0363,-6.8992
1.0363,-6.8992,0.7446,-7.2912
0.7446,-7.2912,0.5000,4.6099
0.5000,4.6099,0.6687,4.2179
0.6687,4.2179,0.8218,3.8259
0.8218,3.8259,0.9591,3.4339
0.9591,3.4339,1.0808,3.0419
1.0808,3.0419,1.1868,2.6499
1.1868,2.6499,1.2771,2.2579
1.2771,2.2579,1.3517,1.8659
1.3517,1.8659,1.4107,1.4739
1.4107,1.4739,1.4540,1.0819
1.4540,1.0819,1.4816,0.6899
1.4816,0.6899,1.4935,0.2979
1.4935,0.2979,1.4897,-0.0941
1.4897,-0.0941,1.4703,-0.4861
1.4703,-0.4861,1.4352,-0.8781
1.4352,-0.8781,1.3844,-1.2701
1.3844,-1.2701,1.3179,-1.6621
1.3179,-1.6621,1.2357,-2.0541
1.2357,-2.0541,1.1379,-2.4461
1.1379,-2.4461,1.0243,-2.8381
1.0243,-2.8381,0.8951,-3.2301
0.8951,-3.2301,0.7503,-3.6221
0.7503,-3.6221,0.5897,-4.0141
0.5897,-4.0141,0.5000,2.6436
0.5000,2.6436,0.5901,2.2516
0.5901,2.2516,0.6645,1.8596
0.6645,1.8596,0.7232,1.4676
0.7232,1.4676,0.7662,1.0756
0.7662,1.0756,0.7935,0.6836
0.7935,0.6836,0.8052,0.2916
0.8052,0.2916,0.8012,-0.1004
0.8012,-0.1004,0.7815,-0.4924
0.7815,-0.4924,0.7461,-0.8844
0.7461,-0.8844,0.6951,-1.2764
0.6951,-1.2764,0.6283,-1.6684
0.6283,-1.6684,0.5459,-2.0604
0.5459,-2.0604,0.5000,1.4714
0.5000,1.4714,0.5432,1.0794
0.5432,1.0794,0.5707,0.6874
0.5707,0.6874,0.5825,0.2954
0.5825,0.2954,0.5786,-0.0966
0.5786,-0.0966,0.5591,-0.4886
0.5591,-0.4886,0.5239,-0.8806
0.5239,-0.8806,0.5000,0.7636
0.5000,0.7636,0.5149,0.3716
0.5149,0.3716,0.5140,-0.0204
0.5140,-0.0204,0.5000,0.0000
0.5000,0.0000,0.5000,0.0000
0.5000,0.0000,0.5000,0.0000
0.5000,0.0000,0.5000,0.0000
0.5000,0.0000,0.5000,0.0000
0.5000,0.0000,0.5000,0.0000
0.5000,0.0000,0.5000,0.0000
0.5000,0.0000,0.5000,0.0000
0.5000,0.0000,0.5000,0.0000
0.5000,0.0000,0.5000,0.0000
0.5000,0.0000,0.5000,0.0000
0.5000,0.0000,0.5000,0.0000
0.5000,0.0000,0.5000,0.0000
0.5000,0.0000,0.5000,0.0000
0.5000,0.0000,0.5000,0.0000
0.5000,0.0000,0.5000,0.0000
0.5000,0.0000,0.5000,0.0000
0.5000,0.0000,0.5000,0.0000
0.5000,0.0000,0.5000,0.0000
0.5000,0.0000,0.5000,0.0000
0.5000,0.0000,0.5000,0.0000
0.5000,0.0000,0.5000,0.0000
0.5000,0.0000,0.5000,0.0000
0.5000,0.0000,0.5000,0.0000
0.5000,0.0000,0.5000,0.0000
0.5000,0.0000,0.5000,0.0000
0.5000,0.0000,0.5000,0.0000
0.5000,0.0000,0.5000,0.0000
0.5000,0.0000,0.5000,0.0000
0.5000,0.0000,0.5000,0.0000
0.5000,0.0000,0.5000,0.0000
7.1056,0.0000,7.0899,-0.3920
7.0899,-0.3920,7.0585,-0.7840
7.0585,-0.7840,7.0115,-1.1760
7.0115,-1.1760,6.9488,-1.5680
6.9488,-1.5680,6.8704,-1.9600
6.8704,-1.9600,6.7763,-2.3520
6.7763,-2.3520,6.6665,-2.7440
6.6665,-2.7440,6.5411,-3.1360
6.5411,-3.1360,6.4000,-3.5280
6.4000,-3.5280,6.2432,-3.9200
6.2432,-3.9200,6.0707,-4.3120
6.0707,-4.3120,5.8825,-4.7040
5.8825,-4.7040,5.6787,-5.0960
5.6787,-5.0960,5.4592,-5.4880
5.4592,-5.4880,5.2240,-5.8800
5.2240,-5.8800,4.9731,-6.2720
4.9731,-6.2720,4.7065,-6.6640
4.7065,-6.6640,4.4243,-7.0560
4.4243,-7.0560,4.1264,-7.4480
4.1264,-7.4480,3.8128,-7.8400
3.8128,-7.8400,3.4835,-8.2320
3.4835,-8.2320,3.1385,-8.6240
3.1385,-8.6240,2.7779,-9.0160
2.7779,-9.0160,2.4016,-9.4080
2.4016,-9.4080,2.0096,-9.8000
2.0096,-9.8000,1.6019,-10.1920
1.6019,-10.1920,1.1785,-10.5840
1.1785,-10.5840,0.7395,-10.9760
0.7395,-10.9760,0.5000,6.8208
0.5000,6.8208,0.7572,6.4288
0.7572,6.4288,0.9986,6.0368
0.9986,6.0368,1.2244,5.6448
1.2244,5.6448,1.4345,5.2528
1.4345,5.2528,1.6290,4.8608
1.6290,4.8608,1.8077,4.4688
1.8077,4.4688,1.9708,4.0768
1.9708,4.0768,2.1182,3.6848
2.1182,3.6848,2.2499,3.2928
2.2499,3.2928,2.3659,2.9008
2.3659,2.9008,2.4663,2.5088
2.4663,2.5088,2.5509,2.1168
2.5509,2.1168,2.6199,1.7248
2.6199,1.7248,2.6732,1.3328
2.6732,1.3328,2.7109,0.9408
2.7109,0.9408,2.7328,0.5488
2.7328,0.5488,2.7391,0.1568
2.7391,0.1568,2.7297,-0.2352
2.7297,-0.2352,2.7046,-0.6272
2.7046,-0.6272,2.6638,-1.0192
2.6638,-1.0192,2.6074,-1.4112
2.6074,-1.4112,2.5353,-1.8032
2.5353,-1.8032,2.4475,-2.1952
2.4475,-2.1952,2.3440,-2.5872
2.3440,-2.5872,2.2248,-2.9792
2.2248,-2.9792,2.0900,-3.3712
2.0900,-3.3712,1.9394,-3.7632
1.9394,-3.7632,1.7732,-4.1552
1.7732,-4.1552,1.5913,-4.5472
1.5913,-4.5472,1.3938,-4.9392
1.3938,-4.9392,1.1805,-5.3312
1.1805,-5.3312,0.9516,-5.7232
0.9516,-5.7232,0.7070,-6.1152
0.7070,-6.1152,0.5000,3.9043
0.5000,3.9043,0.6405,3.5123
0.6405,3.5123,0.7653,3.1203
0.7653,3.1203,0.8744,2.7283
0.8744,2.7283,0.9679,2.3363
0.9679,2.3363,1.0457,1.9443
1.0457,1.9443,1.1078,1.5523
1.1078,1.5523,1.1542,1.1603
1.1542,1.1603,1.1849,0.7683
1.1849,0.7683,1.2000,0.3763
1.2000,0.3763,1.1993,-0.0157
1.1993,-0.0157,1.1830,-0.4077
1.1830,-0.4077,1.1510,-0.7997
1.1510,-0.7997,1.1034,-1.1917
1.1034,-1.1917,1.0400,-1.5837
1.0400,-1.5837,0.9610,-1.9757
0.9610,-1.9757,0.8663,-2.3677
0.8663,-2.3677,0.7559,-2.7597
0.7559,-2.7597,0.6298,-3.1517
0.6298,-3.1517,0.5000,2.1262
0.5000,2.1262,0.5694,1.7342
0.5694,1.7342,0.6231,1.3422
0.6231,1.3422,0.6611,0.9502
0.6611,0.9502,0.6834,0.5582
0.6834,0.5582,0.6900,0.1662
0.6900,0.1662,0.6810,-0.2258
0.6810,-0.2258,0.6563,-0.6178
0.6563,-0.6178,0.6159,-1.0098
0.6159,-1.0098,0.5598,-1.4018
0.5598,-1.4018,0.5000,1.0763
0.5000,1.0763,0.5274,0.6843
0.5274,0.6843,0.5391,0.2923
0.5391,0.2923,0.5351,-0.0997
0.5351,-0.0997,0.5154,-0.4917
0.5154,-0.4917,0.5000,0.5302
0.5000,0.5302,0.5055,0.1382
0.5055,0.1382,0.5000,0.0000
0.5000,0.0000,0.5000,0.0000
0.5000,0.0000,0.5000,0.0000
0.5000,0.0000,0.5000,0.0000
0.5000,0.0000,0.5000,0.0000
0.5000,0.0000,0.5000,0.0000
0.5000,0.0000,0.5000,0.0000
0.5000,0.0000,0.5000,0.0000
0.5000,0.0000,0.5000,0.0000
0.5000,0.0000,0.5000,0.0000
0.5000,0.0000,0.5000,0.0000
0.5000,0.0000,0.5000,0.0000
0.5000,0.0000,0.5000,0.0000
0.5000,0.0000,0.5000,0.0000
0.5000,0.0000,0.5000,0.0000
0.5000,0.0000,0.5000,0.0000
0.5000,0.0000,0.5000,0.0000
0.5000,0.0000,0.5000,0.0000
0.5000,0.0000,0.5000,0.0000
0.5000,0.0000,0.5000,0.0000
0.5000,0.0000,0.5000,0.0000
0.5000,0.0000,0.5000,0.0000
0.5000,0.0000,0.5000,0.0000
0.5000,0.0000,0.5000,0.0000
0.5000,0.0000,0.5000,0.0000
0.5000,0.0000,0.5000,0.0000
0.5000,0.0000,0.5000,0.0000
0.5000,0.0000,0.5000,0.0000
0.5000,0.0000,0.5000,0.0000
0.5000,0.0000,0.5000,0.0000
0.5000,0.0000,0.5000,0.0000
0.5000,0.0000,0.5000,0.0000
0.5000,0.0000,0.5000,0.0000
0.5000,0.0000,0.5000,0.0000
0.5000,0.0000,0.5000,0.0000
0.5000,0.0000,0.5000,0.0000
0.5000,0.0000,0.5000,0.0000
0.5000,0.0000,0.5000,0.0000
0.5000,0.0000,0.5000,0.0000
0.5000,0.0000,0.5000,0.0000
0.5000,0.0000,0.5000,0.0000
0.5000,0.0000,0.5000,0.0000
0.5000,0.0000,0.5000,0.0000
0.5000,0.0000,0.5000,0.0000
0.5000,0.0000,0.5000,0.0000
0.5000,0.0000,0.5000,0.0000
0.5000,0.0000,0.5000,0.0000
0.5000,0.0000,0.5000,0.0000
0.5000,0.0000,0.5000,0.0000
0.5000,0.0000,0.5000,0.0000
0.5000,0.0000,0.5000,0.0000
0.5000,0.0000,0.5000,0.0000
6.4613,0.0000,6.4456,-0.3920
6.4456,-0.3920,6.4142,-0.7840
6.4142,-0.7840,6.3672,-1.1760
6.3672,-1.1760,6.3045,-1.5680
6.3045,-1.5680,6.2261,-1.9600
6.2261,-1.9600,6.1320,-2.3520
6.1320,-2.3520,6.0222,-2.7440
6.0222,-2.7440,5.8968,-3.1360
5.8968,-3.1360,5.7557,-3.5280
5.7557,-3.5280,5.5989,-3.9200
5.5989,-3.9200,5.4264,-4.3120
5.4264,-4.3120,5.2382,-4.7040
5.2382,-4.7040,5.0344,-5.0960
5.0344,-5.0960,4.8149,-5.4880
4.8149,-5.4880,4.5797,-5.8800
4.5797,-5.8800,4.3288,-6.2720
4.3288,-6.2720,4.0622,-6.6640
4.0622,-6.6640,3.7800,-7.0560
3.7800,-7.0560,3.4821,-7.4480
3.4821,-7.4480,3.1685,-7.8400
3.1685,-7.8400,2.8392,-8.2320
2.8392,-8.2320,2.4942,-8.6240
2.4942,-8.6240,2.1336,-9.0160
2.1336,-9.0160,1.7573,-9.4080
1.7573,-9.4080,1.3653,-9.8000
1.3653,-9.8000,0.9576,-10.1920
0.9576,-10.1920,0.5342,-10.5840
0.5342,-10.5840,0.5000,6.5856
0.5000,6.5856,0.7477,6.1936
0.7477,6.1936,0.9798,5.8016
0.9798,5.8016,1.1962,5.4096
1.1962,5.4096,1.3969,5.0176
1.3969,5.0176,1.5819,4.6256
1.5819,4.6256,1.7513,4.2336
1.7513,4.2336,1.9049,3.8416
1.9049,3.8416,2.0429,3.4496
2.0429,3.4496,2.1652,3.0576
2.1652,3.0576,2.2718,2.6656
2.2718,2.6656,2.3628,2.2736
2.3628,2.2736,2.4380,1.8816
2.4380,1.8816,2.4976,1.4896
2.4976,1.4896,2.5415,1.0976
2.5415,1.0976,2.5698,0.7056
2.5698,0.7056,2.5823,0.3136
2.5823,0.3136,2.5792,-0.0784
2.5792,-0.0784,2.5604,-0.4704
2.5604,-0.4704,2.5259,-0.8624
2.5259,-0.8624,2.4757,-1.2544
2.4757,-1.2544,2.4098,-1.6464
2.4098,-1.6464,2.3283,-2.0384
2.3283,-2.0384,2.2311,-2.4304
2.2311,-2.4304,2.1182,-2.8224
2.1182,-2.8224,1.9896,-3.2144
1.9896,-3.2144,1.8453,-3.6064
1.8453,-3.6064,1.6854,-3.9984
1.6854,-3.9984,1.5098,-4.3904
1.5098,-4.3904,1.3185,-4.7824
1.3185,-4.7824,1.1115,-5.1744
1.1115,-5.1744,0.8889,-5.5664
0.8889,-5.5664,0.6505,-5.9584
0.6505,-5.9584,0.5000,3.8102
0.5000,3.8102,0.6367,3.4182
0.6367,3.4182,0.7578,3.0262
0.7578,3.0262,0.8631,2.6342
0.8631,2.6342,0.9528,2.2422
0.9528,2.2422,1.0268,1.8502
1.0268,1.8502,1.0852,1.4582
1.0852,1.4582,1.1278,1.0662
1.1278,1.0662,1.1548,0.6742
1.1548,0.6742,1.1661,0.2822
1.1661,0.2822,1.1617,-0.1098
1.1617,-0.1098,1.1416,-0.5018
1.1416,-0.5018,1.1059,-0.8938
1.1059,-0.8938,1.0544,-1.2858
1.0544,-1.2858,0.9873,-1.6778
0.9873,-1.6778,0.9045,-2.0698
0.9045,-2.0698,0.8061,-2.4618
0.8061,-2.4618,0.6919,-2.8538
0.6919,-2.8538,0.5621,-3.2458
0.5621,-3.2458,0.5000,2.1827
0.5000,2.1827,0.5716,1.7907
0.5716,1.7907,0.6276,1.3987
0.6276,1.3987,0.6678,1.0067
0.6678,1.0067,0.6924,0.6147
0.6924,0.6147,0.7013,0.2227
0.7013,0.2227,0.6946,-0.1693
0.6946,-0.1693,0.6721,-0.5613
0.6721,-0.5613,0.6340,-0.9533
0.6340,-0.9533,0.5802,-1.3453
0.5802,-1.3453,0.5107,-1.7373
0.5107,-1.7373,0.5000,1.2776
0.5000,1.2776,0.5354,0.8856
0.5354,0.8856,0.5552,0.4936
0.5552,0.4936,0.5592,0.1016
0.5592,0.1016,0.5476,-0.2904
0.5476,-0.2904,0.5203,-0.6824
0.5203,-0.6824,0.5000,0.6446
0.5000,0.6446,0.5101,0.2526
0.5101,0.2526,0.5045,-0.1394
0.5045,-0.1394,0.5000,0.0000
0.5000,0.0000,0.5000,0.0000
0.5000,0.0000,0.5000,0.0000
0.5000,0.0000,0.5000,0.0000
0.5000,0.0000,0.5000,0.0000
0.5000,0.0000,0.5000,0.0000
0.5000,0.0000,0.5000,0.0000
0.5000,0.0000,0.5000,0.0000
0.5000,0.0000,0.5000,0.0000
0.5000,0.0000,0.5000,0.0000
0.5000,0.0000,0.5000,0.0000
0.5000,0.0000,0.5000,0.0000
0.5000,0.0000,0.5000,0.0000
0.5000,0.0000,0.5000,0.0000
0.5000,0.0000,0.5000,0.0000
0.5000,0.0000,0.5000,0.0000
0.5000,0.0000,0.5000,0.0000
0.5000,0.0000,0.5000,0.0000
0.5000,0.0000,0.5000,0.0000
0.5000,0.0000,0.5000,0.0000
0.5000,0.0000,0.5000,0.0000
0.5000,0.0000,0.5000,0.0000
0.5000,0.0000,0.5000,0.0000
0.5000,0.0000,0.5000,0.0000
0.5000,0.0000,0.5000,0.0000
0.5000,0.0000,0.5000,0.0000
0.5000,0.0000,0.5000,0.0000
0.5000,0.0000,0.5000,0.0000
0.5000,0.0000,0.5000,0.0000
0.5000,0.0000,0.5000,0.0000
0.5000,0.0000,0.5000,0.0000
0.5000,0.0000,0.5000,0.0000
0.5000,0.0000,0.5000,0.0000
0.5000,0.0000,0.5000,0.0000
0.5000,0.0000,0.5000,0.0000
0.5000,0.0000,0.5000,0.0000
0.5000,0.0000,0.5000,0.0000
0.5000,0.0000,0.5000,0.0000
0.5000,0.0000,0.5000,0.0000
0.5000,0.0000,0.5000,0.0000
0.5000,0.0000,0.5000,0.0000
0.5000,0.0000,0.5000,0.0000
0.5000,0.0000,0.5000,0.0000
0.5000,0.0000,0.5000,0.0000
0.5000,0.0000,0.5000,0.0000
0.5000,0.0000,0.5000,0.0000
0.5000,0.0000,0.5000,0.0000
0.5000,0.0000,0.5000,0.0000
0.5000,0.0000,0.5000,0.0000
0.5000,0.0000,0.5000,0.0000
0.5000,0.0000,0.5000,0.0000
6.4931,0.0000,6.4774,-0.3920
6.4774,-0.3920,6.4461,-0.7840
6.4461,-0.7840,6.3990,-1.1760
6.3990,-1.1760,6.3363,-1.5680
6.3363,-1.5680,6.2579,-1.9600
6.2579,-1.9600,6.1638,-2.3520
6.1638,-2.3520,6.0541,-2.7440
6.0541,-2.7440,5.9286,-3.1360
5.9286,-3.1360,5.7875,-3.5280
5.7875,-3.5280,5.6307,-3.9200
5.6307,-3.9200,5.4582,-4.3120
5.4582,-4.3120,5.2701,-4.7040
5.2701,-4.7040,5.0662,-5.0960
5.0662,-5.0960,4.8467,-5.4880
4.8467,-5.4880,4.6115,-5.8800
4.6115,-5.8800,4.3606,-6.2720
4.3606,-6.2720,4.0941,-6.6640
4.0941,-6.6640,3.8118,-7.0560
3.8118,-7.0560,3.5139,-7.4480
3.5139,-7.4480,3.2003,-7.8400
3.2003,-7.8400,2.8710,-8.2320
2.8710,-8.2320,2.5261,-8.6240
2.5261,-8.6240,2.1654,-9.0160
2.1654,-9.0160,1.7891,-9.4080
1.7891,-9.4080,1.3971,-9.8000
1.3971,-9.8000,0.9894,-10.1920
0.9894,-10.1920,0.5661,-10.5840
0.5661,-10.5840,0.5000,6.5856
0.5000,6.5856,0.7477,6.1936
0.7477,6.1936,0.9798,5.8016
0.9798,5.8016,1.1962,5.4096
1.1962,5.4096,1.3969,5.0176
1.3969,5.0176,1.5819,4.6256
1.5819,4.6256,1.7513,4.2336
1.7513,4.2336,1.9049,3.8416
1.9049,3.8416,2.0429,3.4496
2.0429,3.4496,2.1652,3.0576
2.1652,3.0576,2.2718,2.6656
2.2718,2.6656,2.3628,2.2736
2.3628,2.2736,2.4380,1.8816
2.4380,1.8816,2.4976,1.4896
2.4976,1.4896,2.5415,1.0976
2.5415,1.0976,2.5698,0.7056
2.5698,0.7056,2.5823,0.3136
2.5823,0.3136,2.5792,-0.0784
2.5792,-0.0784,2.5604,-0.4704
2.5604,-0.4704,2.5259,-0.8624
2.5259,-0.8624,2.4757,-1.2544
2.4757,-1.2544,2.4098,-1.6464
2.4098,-1.6464,2.3283,-2.0384
2.3283,-2.0384,2.2311,-2.4304
2.2311,-2.4304,2.1182,-2.8224
2.1182,-2.8224,1.9896,-3.2144
1.9896,-3.2144,1.8453,-3.6064
1.8453,-3.6064,1.6854,-3.9984
1.6854,-3.9984,1.5098,-4.3904
1.5098,-4.3904,1.3185,-4.7824
1.3185,-4.7824,1.1115,-5.1744
1.1115,-5.1744,0.8889,-5.5664
0.8889,-5.5664,0.6505,-5.9584
0.6505,-5.9584,0.5000,3.8102
0.5000,3.8102,0.6367,3.4182
0.6367,3.4182,0.7578,3.0262
0.7578,3.0262,0.8631,2.6342
0.8631,2.6342,0.9528,2.2422
0.9528,2.2422,1.0268,1.8502
1.0268,1.8502,1.0852,1.4582
1.0852,1.4582,1.1278,1.0662
1.1278,1.0662,1.1548,0.6742
1.1548,0.6742,1.1661,0.2822
1.1661,0.2822,1.1617,-0.1098
1.1617,-0.1098,1.1416,-0.5018
1.1416,-0.5018,1.1059,-0.8938
1.1059,-0.8938,1.0544,-1.2858
1.0544,-1.2858,0.9873,-1.6778
0.9873,-1.6778,0.9045,-2.0698
0.9045,-2.0698,0.8061,-2.4618
0.8061,-2.4618,0.6919,-2.8538
0.6919,-2.8538,0.5621,-3.2458
0.5621,-3.2458,0.5000,2.1827
0.5000,2.1827,0.5716,1.7907
0.5716,1.7907,0.6276,1.3987
0.6276,1.3987,0.6678,1.0067
0.6678,1.0067,0.6924,0.6147
0.6924,0.6147,0.7013,0.2227
0.7013,0.2227,0.6946,-0.1693
0.6946,-0.1693,0.6721,-0.5613
0.6721,-0.5613,0.6340,-0.9533
0.6340,-0.9533,0.5802,-1.3453
0.5802,-1.3453,0.5107,-1.7373
0.5107,-1.7373,0.5000,1.2776
0.5000,1.2776,0.5354,0.8856
0.5354,0.8856,0.5552,0.4936
0.5552,0.4936,0.5592,0.1016
0.5592,0.1016,0.5476,-0.2904
0.5476,-0.2904,0.5203,-0.6824
0.5203,-0.6824,0.5000,0.6446
0.5000,0.6446,0.5101,0.2526
0.5101,0.2526,0.5045,-0.1394
0.5045,-0.1394,0.5000,0.0000
0.5000,0.0000,0.5000,0.0000
0.5000,0.0000,0.5000,0.0000
0.5000,0.0000,0.5000,0.0000
0.5000,0.0000,0.5000,0.0000
0.5000,0.0000,0.5000,0.0000
0.5000,0.0000,0.5000,0.0000
0.5000,0.0000,0.5000,0.0000
0.5000,0.0000,0.5000,0.0000
0.5000,0.0000,0.5000,0.0000
0.5000,0.0000,0.5000,0.0000
0.5000,0.0000,0.5000,0.0000
0.5000,0.0000,0.5000,0.0000
0.5000,0.0000,0.5000,0.0000
0.5000,0.0000,0.5000,0.0000
0.5000,0.0000,0.5000,0.0000
0.5000,0.0000,0.5000,0.0000
0.5000,0.0000,0.5000,0.0000
0.5000,0.0000,0.5000,0.0000
0.5000,0.0000,0.5000,0.0000
0.5000,0.0000,0.5000,0.0000
0.5000,0.0000,0.5000,0.0000
0.5000,0.0000,0.5000,0.0000
0.5000,0.0000,0.5000,0.0000
0.5000,0.0000,0.5000,0.0000
0.5000,0.0000,0.5000,0.0000
0.5000,0.0000,0.5000,0.0000
0.5000,0.0000,0.5000,0.0000
0.5000,0.0000,0.5000,0.0000
0.5000,0.0000,0.5000,0.0000
0.5000,0.0000,0.5000,0.0000
0.5000,0.0000,0.5000,0.0000
0.5000,0.0000,0.5000,0.0000
0.5000,0.0000,0.5000,0.0000
0.5000,0.0000,0.5000,0.0000
0.5000,0.0000,0.5000,0.0000
0.5000,0.0000,0.5000,0.0000
0.5000,0.0000,0.5000,0.0000
0.5000,0.0000,0.5000,0.0000
0.5000,0.0000,0.5000,0.0000
0.5000,0.0000,0.5000,0.0000
0.5000,0.0000,0.5000,0.0000
0.5000,0.0000,0.5000,0.0000
0.5000,0.0000,0.5000,0.0000
0.5000,0.0000,0.5000,0.0000
0.5000,0.0000,0.5000,0.0000
0.5000,0.0000,0.5000,0.0000
0.5000,0.0000,0.5000,0.0000
0.5000,0.0000,0.5000,0.0000
0.5000,0.0000,0.5000,0.0000
0.5000,0.0000,0.5000,0.0000
6.8194,0.0000,6.8037,-0.3920
6.8037,-0.3920,6.7723,-0.7840
6.7723,-0.7840,6.7253,-1.1760
6.7253,-1.1760,6.6626,-1.5680
6.6626,-1.5680,6.5842,-1.9600
6.5842,-1.9600,6.4901,-2.3520
6.4901,-2.3520,6.3803,-2.7440
6.3803,-2.7440,6.2549,-3.1360
6.2549,-3.1360,6.1138,-3.5280
6.1138,-3.5280,5.9570,-3.9200
5.9570,-3.9200,5.7845,-4.3120
5.7845,-4.3120,5.5963,-4.7040
5.5963,-4.7040,5.3925,-5.0960
5.3925,-5.0960,5.1730,-5.4880
5.1730,-5.4880,4.9378,-5.8800
4.9378,-5.8800,4.6869,-6.2720
4.6869,-6.2720,4.4203,-6.6640
4.4203,-6.6640,4.1381,-7.0560
4.1381,-7.0560,3.8402,-7.4480
3.8402,-7.4480,3.5266,-7.8400
3.5266,-7.8400,3.1973,-8.2320
3.1973,-8.2320,2.8523,-8.6240
2.8523,-8.6240,2.4917,-9.0160
2.4917,-9.0160,2.1154,-9.4080
2.1154,-9.4080,1.7234,-9.8000
1.7234,-9.8000,1.3157,-10.1920
1.3157,-10.1920,0.8923,-10.5840
0.8923,-10.5840,0.5000,6.5856
0.5000,6.5856,0.7477,6.1936
0.7477,6.1936,0.9798,5.8016
0.9798,5.8016,1.1962,5.4096
1.1962,5.4096,1.3969,5.0176
1.3969,5.0176,1.5819,4.6256
1.5819,4.6256,1.7513,4.2336
1.7513,4.2336,1.9049,3.8416
1.9049,3.8416,2.0429,3.4496
2.0429,3.4496,2.1652,3.0576
2.1652,3.0576,2.2718,2.6656
2.2718,2.6656,2.3628,2.2736
2.3628,2.2736,2.4380,1.8816
2.4380,1.8816,2.4976,1.4896
2.4976,1.4896,2.5415,1.0976
2.5415,1.0976,2.5698,0.7056
2.5698,0.7056,2.5823,0.3136
2.5823,0.3136,2.5792,-0.0784
2.5792,-0.0784,2.5604,-0.4704
2.5604,-0.4704,2.5259,-0.8624
2.5259,-0.8624,2.4757,-1.2544
2.4757,-1.2544,2.4098,-1.6464
2.4098,-1.6464,2.3283,-2.0384
2.3283,-2.0384,2.2311,-2.4304
2.2311,-2.4304,2.1182,-2.8224
2.1182,-2.8224,1.9896,-3.2144
1.9896,-3.2144,1.8453,-3.6064
1.8453,-3.6064,1.6854,-3.9984
1.6854,-3.9984,1.5098,-4.3904
1.5098,-4.3904,1.3185,-4.7824
1.3185,-4.7824,1.1115,-5.1744
1.1115,-5.1744,0.8889,-5.5664
0.8889,-5.5664,0.6505,-5.9584
0.6505,-5.9584,0.5000,3.8102
0.5000,3.8102,0.6367,3.4182
0.6367,3.4182,0.7578,3.0262
0.7578,3.0262,0.8631,2.6342
0.8631,2.6342,0.9528,2.2422
0.9528,2.2422,1.0268,1.8502
1.0268,1.8502,1.0852,1.4582
1.0852,1.4582,1.1278,1.0662
1.1278,1.0662,1.1548,0.6742
1.1548,0.6742,1.1661,0.2822
1.1661,0.2822,1.1617,-0.1098
1.1617,-0.1098,1.1416,-0.5018
1.1416,-0.5018,1.1059,-0.8938
1.1059,-0.8938,1.0544,-1.2858
1.0544,-1.2858,0.9873,-1.6778
0.9873,-1.6778,0.9045,-2.0698
0.9045,-2.0698,0.8061,-2.4618
0.8061,-2.4618,0.6919,-2.8538
0.6919,-2.8538,0.5621,-3.2458
0.5621,-3.2458,0.5000,2.1827
0.5000,2.1827,0.5716,1.7907
0.5716,1.7907,0.6276,1.3987
0.6276,1.3987,0.6678,1.0067
0.6678,1.0067,0.6924,0.6147
0.6924,0.6147,0.7013,0.2227
0.7013,0.2227,0.6946,-0.1693
0.6946,-0.1693,0.6721,-0.5613
0.6721,-0.5613,0.6340,-0.9533
0.6340,-0.9533,0.5802,-1.3453
0.5802,-1.3453,0.5107,-1.7373
0.5107,-1.7373,0.5000,1.2776
0.5000,1.2776,0.5354,0.8856
0.5354,0.8856,0.5552,0.4936
0.5552,0.4936,0.5592,0.1016
0.5592,0.1016,0.5476,-0.2904
0.5476,-0.2904,0.5203,-0.6824
0.5203,-0.6824,0.5000,0.6446
0.5000,0.6446,0.5101,0.2526
0.5101,0.2526,0.5045,-0.1394
0.5045,-0.1394,0.5000,0.0000
0.5000,0.0000,0.5000,0.0000
0.5000,0.0000,0.5000,0.0000
0.5000,0.0000,0.5000,0.0000
0.5000,0.0000,0.5000,0.0000
0.5000,0.0000,0.5000,0.0000
0.5000,0.0000,0.5000,0.0000
0.5000,0.0000,0.5000,0.0000
0.5000,0.0000,0.5000,0.0000
0.5000,0.0000,0.5000,0.0000
0.5000,0.0000,0.5000,0.0000
0.5000,0.0000,0.5000,0.0000
0.5000,0.0000,0.5000,0.0000
0.5000,0.0000,0.5000,0.0000
0.5000,0.0000,0.5000,0.0000
0.5000,0.0000,0.5000,0.0000
0.5000,0.0000,0.5000,0.0000
0.5000,0.0000,0.5000,0.0000
0.5000,0.0000,0.5000,0.0000
0.5000,0.0000,0.5000,0.0000
0.5000,0.0000,0.5000,0.0000
0.5000,0.0000,0.5000,0.0000
0.5000,0.0000,0.5000,0.0000
0.5000,0.0000,0.5000,0.0000
0.5000,0.0000,0.5000,0.0000
0.5000,0.0000,0.5000,0.0000
0.5000,0.0000,0.5000,0.0000
0.5000,0.0000,0.5000,0.0000
0.5000,0.0000,0.5000,0.0000
0.5000,0.0000,0.5000,0.0000
0.5000,0.0000,0.5000,0.0000
0.5000,0.0000,0.5000,0.0000
0.5000,0.0000,0.5000,0.0000
0.5000,0.0000,0.5000,0.0000
0.5000,0.0000,0.5000,0.0000
0.5000,0.0000,0.5000,0.0000
0.5000,0.0000,0.5000,0.0000
0.5000,0.0000,0.5000,0.0000
0.5000,0.0000,0.5000,0.0000
0.5000,0.0000,0.5000,0.0000
0.5000,0.0000,0.5000,0.0000
0.5000,0.0000,0.5000,0.0000
0.5000,0.0000,0.5000,0.0000
0.5000,0.0000,0.5000,0.0000
0.5000,0.0000,0.5000,0.0000
0.5000,0.0000,0.5000,0.0000
0.5000,0.0000,0.5000,0.0000
0.5000,0.0000,0.5000,0.0000
0.5000,0.0000,0.5000,0.0000
0.5000,0.0000,0.5000,0.0000
0.5000,0.0000,0.5000,0.0000
7.8108,0.0000,7.7951,-0.3920
7.7951,-0.3920,7.7638,-0.7840
7.7638,-0.7840,7.7167,-1.1760
7.7167,-1.1760,7.6540,-1.5680
7.6540,-1.5680,7.5756,-1.9600
7.5756,-1.9600,7.4815,-2.3520
7.4815,-2.3520,7.3718,-2.7440
7.3718,-2.7440,7.2463,-3.1360
7.2463,-3.1360,7.1052,-3.5280
7.1052,-3.5280,6.9484,-3.9200
6.9484,-3.9200,6.7759,-4.3120
6.7759,-4.3120,6.5878,-4.7040
6.5878,-4.7040,6.3839,-5.0960
6.3839,-5.0960,6.1644,-5.4880
6.1644,-5.4880,5.9292,-5.8800
5.9292,-5.8800,5.6783,-6.2720
5.6783,-6.2720,5.4118,-6.6640
5.4118,-6.6640,5.1295,-7.0560
5.1295,-7.0560,4.8316,-7.4480
4.8316,-7.4480,4.5180,-7.8400
4.5180,-7.8400,4.1887,-8.2320
4.1887,-8.2320,3.8438,-8.6240
3.8438,-8.6240,3.4831,-9.0160
3.4831,-9.0160,3.1068,-9.4080
3.1068,-9.4080,2.7148,-9.8000
2.7148,-9.8000,2.3071,-10.1920
2.3071,-10.1920,1.8838,-10.5840
1.8838,-10.5840,1.4447,-10.9760
1.4447,-10.9760,0.9900,-11.3680
0.9900,-11.3680,0.5196,-11.7600
0.5196,-11.7600,0.5000,7.2912
0.5000,7.2912,0.7760,6.8992
0.7760,6.8992,1.0363,6.5072
1.0363,6.5072,1.2809,6.1152
1.2809,6.1152,1.5098,5.7232
1.5098,5.7232,1.7230,5.3312
1.7230,5.3312,1.9206,4.9392
1.9206,4.9392,2.1025,4.5472
2.1025,4.5472,2.2687,4.1552
2.2687,4.1552,2.4192,3.7632
2.4192,3.7632,2.5541,3.3712
2.5541,3.3712,2.6732,2.9792
2.6732,2.9792,2.7767,2.5872
2.7767,2.5872,2.8645,2.1952
2.8645,2.1952,2.9367,1.8032
2.9367,1.8032,2.9931,1.4112
2.9931,1.4112,3.0339,1.0192
3.0339,1.0192,3.0590,0.6272
3.0590,0.6272,3.0684,0.2352
3.0684,0.2352,3.0621,-0.1568
3.0621,-0.1568,3.0402,-0.5488
3.0402,-0.5488,3.0025,-0.9408
3.0025,-0.9408,2.9492,-1.3328
2.9492,-1.3328,2.8802,-1.7248
2.8802,-1.7248,2.7956,-2.1168
2.7956,-2.1168,2.6952,-2.5088
2.6952,-2.5088,2.5792,-2.9008
2.5792,-2.9008,2.4475,-3.2928
2.4475,-3.2928,2.3001,-3.6848
2.3001,-3.6848,2.1370,-4.0768
2.1370,-4.0768,1.9582,-4.4688
1.9582,-4.4688,1.7638,-4.8608
1.7638,-4.8608,1.5537,-5.2528
1.5537,-5.2528,1.3279,-5.6448
1.3279,-5.6448,1.0864,-6.0368
1.0864,-6.0368,0.8293,-6.4288
0.8293,-6.4288,0.5564,-6.8208
0.5564,-6.8208,0.5000,4.3277
0.5000,4.3277,0.6574,3.9357
0.6574,3.9357,0.7992,3.5437
0.7992,3.5437,0.9252,3.1517
0.9252,3.1517,1.0356,2.7597
1.0356,2.7597,1.1303,2.3677
1.1303,2.3677,1.2094,1.9757
1.2094,1.9757,1.2727,1.5837
1.2727,1.5837,1.3204,1.1917
1.3204,1.1917,1.3524,0.7997
1.3524,0.7997,1.3687,0.4077
1.3687,0.4077,1.3693,0.0157
1.3693,0.0157,1.3542,-0.3763
1.3542,-0.3763,1.3235,-0.7683
1.3235,-0.7683,1.2771,-1.1603
1.2771,-1.1603,1.2150,-1.5523
1.2150,-1.5523,1.1372,-1.9443
1.1372,-1.9443,1.0438,-2.3363
1.0438,-2.3363,0.9346,-2.7283
0.9346,-2.7283,0.8098,-3.1203
0.8098,-3.1203,0.6693,-3.5123
0.6693,-3.5123,0.5132,-3.9043
0.5132,-3.9043,0.5000,2.5778
0.5000,2.5778,0.5874,2.1858
0.5874,2.1858,0.6592,1.7938
0.6592,1.7938,0.7153,1.4018
0.7153,1.4018,0.7556,1.0098
0.7556,1.0098,0.7804,0.6178
0.7804,0.6178,0.7894,0.2258
0.7894,0.2258,0.7827,-0.1662
0.7827,-0.1662,0.7604,-0.5582
0.7604,-0.5582,0.7224,-0.9502
0.7224,-0.9502,0.6687,-1.3422
0.6687,-1.3422,0.5993,-1.7342
0.5993,-1.7342,0.5143,-2.1262
0.5143,-2.1262,0.5000,1.5109
0.5000,1.5109,0.5448,1.1189
0.5448,1.1189,0.5738,0.7269
0.5738,0.7269,0.5872,0.3349
0.5872,0.3349,0.5849,-0.0571
0.5849,-0.0571,0.5670,-0.4491
0.5670,-0.4491,0.5333,-0.8411
0.5333,-0.8411,0.5000,0.7398
0.5000,0.7398,0.5139,0.3478
0.5139,0.3478,0.5121,-0.0442
0.5121,-0.0442,0.5000,0.0000
0.5000,0.0000,0.5000,0.0000
0.5000,0.0000,0.5000,0.0000
0.5000,0.0000,0.5000,0.0000
0.5000,0.0000,0.5000,0.0000
0.5000,0.0000,0.5000,0.0000
0.5000,0.0000,0.5000,0.0000
0.5000,0.0000,0.5000,0.0000
0.5000,0.0000,0.5000,0.0000
0.5000,0.0000,0.5000,0.0000
0.5000,0.0000,0.5000,0.0000
0.5000,0.0000,0.5000,0.0000
0.5000,0.0000,0.5000,0.0000
0.5000,0.0000,0.5000,0.0000
0.5000,0.0000,0.5000,0.0000
0.5000,0.0000,0.5000,0.0000
0.5000,0.0000,0.5000,0.0000
0.5000,0.0000,0.5000,0.0000
0.5000,0.0000,0.5000,0.0000
0.5000,0.0000,0.5000,0.0000
0.5000,0.0000,0.5000,0.0000
0.5000,0.0000,0.5000,0.0000
0.5000,0.0000,0.5000,0.0000
0.5000,0.0000,0.5000,0.0000
0.5000,0.0000,0.5000,0.0000
0.5000,0.0000,0.5000,0.0000
0.5000,0.0000,0.5000,0.0000
0.5000,0.0000,0.5000,0.0000
0.5000,0.0000,0.5000,0.0000
0.5000,0.0000,0.5000,0.0000
0.5000,0.0000,0.5000,0.0000
0.5000,0.0000,0.5000,0.0000
0.5000,0.0000,0.5000,0.0000
0.5000,0.0000,0.5000,0.0000
0.5000,0.0000,0.5000,0.0000
0.5000,0.0000,0.5000,0.0000
0.5000,0.0000,0.5000,0.0000
0.5000,0.0000,0.5000,0.0000
9.8745,0.0000,9.8588,-0.3920
9.8588,-0.3920,9.8274,-0.7840
9.8274,-0.7840,9.7804,-1.1760
9.7804,-1.1760,9.7177,-1.5680
9.7177,-1.5680,9.6393,-1.9600
9.6393,-1.9600,9.5452,-2.3520
9.5452,-2.3520,9.4354,-2.7440
9.4354,-2.7440,9.3100,-3.1360
9.3100,-3.1360,9.1689,-3.5280
9.1689,-3.5280,9.0121,-3.9200
9.0121,-3.9200,8.8396,-4.3120
8.8396,-4.3120,8.6514,-4.7040
8.6514,-4.7040,8.4476,-5.0960
8.4476,-5.0960,8.2281,-5.4880
8.2281,-5.4880,7.9929,-5.8800
7.9929,-5.8800,7.7420,-6.2720
7.7420,-6.2720,7.4754,-6.6640
7.4754,-6.6640,7.1932,-7.0560
7.1932,-7.0560,6.8953,-7.4480
6.8953,-7.4480,6.5817,-7.8400
6.5817,-7.8400,6.2524,-8.2320
6.2524,-8.2320,5.9074,-8.6240
5.9074,-8.6240,5.5468,-9.0160
5.5468,-9.0160,5.1705,-9.4080
5.1705,-9.4080,4.7785,-9.8000
4.7785,-9.8000,4.3708,-10.1920
4.3708,-10.1920,3.9474,-10.5840
3.9474,-10.5840,3.5084,-10.9760
3.5084,-10.9760,3.0537,-11.3680
3.0537,-11.3680,2.5833,-11.7600
2.5833,-11.7600,2.0972,-12.1520
2.0972,-12.1520,1.5954,-12.5440
1.5954,-12.5440,1.0780,-12.9360
1.0780,-12.9360,0.5449,-13.3280
0.5449,-13.3280,0.5000,8.2320
0.5000,8.2320,0.8136,7.8400
0.8136,7.8400,1.1115,7.4480
1.1115,7.4480,1.3938,7.0560
1.3938,7.0560,1.6603,6.6640
1.6603,6.6640,1.9112,6.2720
1.9112,6.2720,2.1464,5.8800
2.1464,5.8800,2.3659,5.4880
2.3659,5.4880,2.5698,5.0960
2.5698,5.0960,2.7579,4.7040
2.7579,4.7040,2.9304,4.3120
2.9304,4.3120,3.0872,3.9200
3.0872,3.9200,3.2283,3.5280
3.2283,3.5280,3.3538,3.1360
3.3538,3.1360,3.4635,2.7440
3.4635,2.7440,3.5576,2.3520
3.5576,2.3520,3.6360,1.9600
3.6360,1.9600,3.6987,1.5680
3.6987,1.5680,3.7458,1.1760
3.7458,1.1760,3.7771,0.7840
3.7771,0.7840,3.7928,0.3920
3.7928,0.3920,3.7928,-0.0000
3.7928,-0.0000,3.7771,-0.3920
3.7771,-0.3920,3.7458,-0.7840
3.7458,-0.7840,3.6987,-1.1760
3.6987,-1.1760,3.6360,-1.5680
3.6360,-1.5680,3.5576,-1.9600
3.5576,-1.9600,3.4635,-2.3520
3.4635,-2.3520,3.3538,-2.7440
3.3538,-2.7440,3.2283,-3.1360
3.2283,-3.1360,3.0872,-3.5280
3.0872,-3.5280,2.9304,-3.9200
2.9304,-3.9200,2.7579,-4.3120
2.7579,-4.3120,2.5698,-4.7040
2.5698,-4.7040,2.3659,-5.0960
2.3659,-5.0960,2.1464,-5.4880
2.1464,-5.4880,1.9112,-5.8800
1.9112,-5.8800,1.6603,-6.2720
1.6603,-6.2720,1.3938,-6.6640
1.3938,-6.6640,1.1115,-7.0560
1.1115,-7.0560,0.8136,-7.4480
0.8136,-7.4480,0.5000,4.7040
0.5000,4.7040,0.6725,4.3120
0.6725,4.3120,0.8293,3.9200
0.8293,3.9200,0.9704,3.5280
0.9704,3.5280,1.0958,3.1360
1.0958,3.1360,1.2056,2.7440
1.2056,2.7440,1.2997,2.3520
1.2997,2.3520,1.3781,1.9600
1.3781,1.9600,1.4408,1.5680
1.4408,1.5680,1.4878,1.1760
1.4878,1.1760,1.5192,0.7840
1.5192,0.7840,1.5349,0.3920
1.5349,0.3920,1.5349,0.0000
1.5349,0.0000,1.5192,-0.3920
1.5192,-0.3920,1.4878,-0.7840
1.4878,-0.7840,1.4408,-1.1760
1.4408,-1.1760,1.3781,-1.5680
1.3781,-1.5680,1.2997,-1.9600
1.2997,-1.9600,1.2056,-2.3520
1.2056,-2.3520,1.0958,-2.7440
1.0958,-2.7440,0.9704,-3.1360
0.9704,-3.1360,0.8293,-3.5280
0.8293,-3.5280,0.6725,-3.9200
0.6725,-3.9200,0.5000,-4.3120
0.5000,-4.3120,0.5000,2.8224
0.5000,2.8224,0.5972,2.4304
0.5972,2.4304,0.6788,2.0384
0.6788,2.0384,0.7446,1.6464
0.7446,1.6464,0.7948,1.2544
0.7948,1.2544,0.8293,0.8624
0.8293,0.8624,0.8481,0.4704
0.8481,0.4704,0.8512,0.0784
0.8512,0.0784,0.8387,-0.3136
0.8387,-0.3136,0.8105,-0.7056
0.8105,-0.7056,0.7666,-1.0976
0.7666,-1.0976,0.7070,-1.4896
0.7070,-1.4896,0.6317,-1.8816
0.6317,-1.8816,0.5408,-2.2736
0.5408,-2.2736,0.5000,1.5994
0.5000,1.5994,0.5483,1.2074
0.5483,1.2074,0.5809,0.8154
0.5809,0.8154,0.5978,0.4234
0.5978,0.4234,0.5991,0.0314
0.5991,0.0314,0.5847,-0.3606
0.5847,-0.3606,0.5546,-0.7526
0.5546,-0.7526,0.5088,-1.1446
0.5088,-1.1446,0.5000,0.9220
0.5000,0.9220,0.5212,0.5300
0.5212,0.5300,0.5267,0.1380
0.5267,0.1380,0.5166,-0.2540
0.5166,-0.2540,0.5000,0.0000
0.5000,0.0000,0.5000,0.0000
0.5000,0.0000,0.5000,0.0000
0.5000,0.0000,0.5000,0.0000
0.5000,0.0000,0.5000,0.0000
0.5000,0.0000,0.5000,0.0000
0.5000,0.0000,0.5000,0.0000
0.5000,0.0000,0.5000,0.0000
0.5000,0.0000,0.5000,0.0000
0.5000,0.0000,0.5000,0.0000
0.5000,0.0000,0.5000,0.0000
0.5000,0.0000,0.5000,0.0000
0.5000,0.0000,0.5000,0.0000
0.5000,0.0000,0.5000,0.0000
0.5000,0.0000,0.5000,0.0000
0.5000,0.0000,0.5000,0.0000
0.5000,0.0000,0.5000,0.0000
0.5000,0.0000,0.5000,0.0000
0.5000,0.0000,0.5000,0.0000
0.5000,0.0000,0.5000,0.0000
0.5000,0.0000,0.5000,0.0000
0.5000,0.0000,0.5000,0.0000
0.5000,0.0000,0.5000,0.0000
0.5000,0.0000,0.5000,0.0000
0.5000,0.0000,0.5000,0.0000
3.5357,0.0000,3.5201,-0.3920
3.5201,-0.3920,3.4887,-0.7840
3.4887,-0.7840,3.4417,-1.1760
3.4417,-1.1760,3.3789,-1.5680
3.3789,-1.5680,3.3005,-1.9600
3.3005,-1.9600,3.2065,-2.3520
3.2065,-2.3520,3.0967,-2.7440
3.0967,-2.7440,2.9713,-3.1360
2.9713,-3.1360,2.8301,-3.5280
2.8301,-3.5280,2.6733,-3.9200
2.6733,-3.9200,2.5009,-4.3120
2.5009,-4.3120,2.3127,-4.7040
2.3127,-4.7040,2.1089,-5.0960
2.1089,-5.0960,1.8893,-5.4880
1.8893,-5.4880,1.6541,-5.8800
1.6541,-5.8800,1.4033,-6.2720
1.4033,-6.2720,1.1367,-6.6640
1.1367,-6.6640,0.8545,-7.0560
0.8545,-7.0560,0.5565,-7.4480
0.5565,-7.4480,0.5000,4.7040
0.5000,4.7040,0.6725,4.3120
0.6725,4.3120,0.8293,3.9200
0.8293,3.9200,0.9704,3.5280
0.9704,3.5280,1.0958,3.1360
1.0958,3.1360,1.2056,2.7440
1.2056,2.7440,1.2997,2.3520
1.2997,2.3520,1.3781,1.9600
1.3781,1.9600,1.4408,1.5680
1.4408,1.5680,1.4878,1.1760
1.4878,1.1760,1.5192,0.7840
1.5192,0.7840,1.5349,0.3920
1.5349,0.3920,1.5349,0.0000
1.5349,0.0000,1.5192,-0.3920
1.5192,-0.3920,1.4878,-0.7840
1.4878,-0.7840,1.4408,-1.1760
1.4408,-1.1760,1.3781,-1.5680
1.3781,-1.5680,1.2997,-1.9600
1.2997,-1.9600,1.2056,-2.3520
1.2056,-2.3520,1.0958,-2.7440
1.0958,-2.7440,0.9704,-3.1360
0.9704,-3.1360,0.8293,-3.5280
0.8293,-3.5280,0.6725,-3.9200
0.6725,-3.9200,0.5000,-4.3120
0.5000,-4.3120,0.5000,2.8224
0.5000,2.8224,0.5972,2.4304
0.5972,2.4304,0.6788,2.0384
0.6788,2.0384,0.7446,1.6464
0.7446,1.6464,0.7948,1.2544
0.7948,1.2544,0.8293,0.8624
0.8293,0.8624,0.8481,0.4704
0.8481,0.4704,0.8512,0.0784
0.8512,0.0784,0.8387,-0.3136
0.8387,-0.3136,0.8105,-0.7056
0.8105,-0.7056,0.7666,-1.0976
0.7666,-1.0976,0.7070,-1.4896
0.7070,-1.4896,0.6317,-1.8816
0.6317,-1.8816,0.5408,-2.2736
0.5408,-2.2736,0.5000,1.5994
0.5000,1.5994,0.5483,1.2074
0.5483,1.2074,0.5809,0.8154
0.5809,0.8154,0.5978,0.4234
0.5978,0.4234,0.5991,0.0314
0.5991,0.0314,0.5847,-0.3606
0.5847,-0.3606,0.5546,-0.7526
0.5546,-0.7526,0.5088,-1.1446
0.5088,-1.1446,0.5000,0.9220
0.5000,0.9220,0.5212,0.5300
0.5212,0.5300,0.5267,0.1380
0.5267,0.1380,0.5166,-0.2540
0.5166,-0.2540,0.5000,0.0000
0.5000,0.0000,0.5000,0.0000
0.5000,0.0000,0.5000,0.0000
0.5000,0.0000,0.5000,0.0000
0.5000,0.0000,0.5000,0.0000
0.5000,0.0000,0.5000,0.0000
0.5000,0.0000,0.5000,0.0000
0.5000,0.0000,0.5000,0.0000
0.5000,0.0000,0.5000,0.0000
0.5000,0.0000,0.5000,0.0000
0.5000,0.0000,0.5000,0.0000
0.5000,0.0000,0.5000,0.0000
0.5000,0.0000,0.5000,0.0000
0.5000,0.0000,0.5000,0.0000
0.5000,0.0000,0.5000,0.0000
0.5000,0.0000,0.5000,0.0000
0.5000,0.0000,0.5000,0.0000
0.5000,0.0000,0.5000,0.0000
0.5000,0.0000,0.5000,0.0000
0.5000,0.0000,0.5000,0.0000
0.5000,0.0000,0.5000,0.0000
0.5000,0.0000,0.5000,0.0000
0.5000,0.0000,0.5000,0.0000
0.5000,0.0000,0.5000,0.0000
0.5000,0.0000,0.5000,0.0000
0.5000,0.0000,0.5000,0.0000
0.5000,0.0000,0.5000,0.0000
0.5000,0.0000,0.5000,0.0000
0.5000,0.0000,0.5000,0.0000
0.5000,0.0000,0.5000,0.0000
0.5000,0.0000,0.5000,0.0000
0.5000,0.0000,0.5000,0.0000
0.5000,0.0000,0.5000,0.0000
0.5000,0.0000,0.5000,0.0000
0.5000,0.0000,0.5000,0.0000
0.5000,0.0000,0.5000,0.0000
0.5000,0.0000,0.5000,0.0000
0.5000,0.0000,0.5000,0.0000
0.5000,0.0000,0.5000,0.0000
0.5000,0.0000,0.5000,0.0000
0.5000,0.0000,0.5000,0.0000
0.5000,0.0000,0.5000,0.0000
0.5000,0.0000,0.5000,0.0000
0.5000,0.0000,0.5000,0.0000
0.5000,0.0000,0.5000,0.0000
0.5000,0.0000,0.5000,0.0000
0.5000,0.0000,0.5000,0.0000
0.5000,0.0000,0.5000,0.0000
0.5000,0.0000,0.5000,0.0000
0.5000,0.0000,0.5000,0.0000
0.5000,0.0000,0.5000,0.0000
0.5000,0.0000,0.5000,0.0000
0.5000,0.0000,0.5000,0.0000
0.5000,0.0000,0.5000,0.0000
0.5000,0.0000,0.5000,0.0000
0.5000,0.0000,0.5000,0.0000
0.5000,0.0000,0.5000,0.0000
0.5000,0.0000,0.5000,0.0000
0.5000,0.0000,0.5000,0.0000
0.5000,0.0000,0.5000,0.0000
0.5000,0.0000,0.5000,0.0000
0.5000,0.0000,0.5000,0.0000
0.5000,0.0000,0.5000,0.0000
0.5000,0.0000,0.5000,0.0000
0.5000,0.0000,0.5000,0.0000
0.5000,0.0000,0.5000,0.0000
0.5000,0.0000,0.5000,0.0000
0.5000,0.0000,0.5000,0.0000
0.5000,0.0000,0.5000,0.0000
0.5000,0.0000,0.5000,0.0000
0.5000,0.0000,0.5000,0.0000
0.5000,0.0000,0.5000,0.0000
0.5000,0.0000,0.5000,0.0000
0.5000,0.0000,0.5000,0.0000
0.5000,0.0000,0.5000,0.0000
0.5000,0.0000,0.5000,0.0000
0.5000,0.0000,0.5000,0.0000
0.5000,0.0000,0.5000,0.0000
0.5000,0.0000,0.5000,0.0000
0.5000,0.0000,0.5000,0.0000
0.5000,0.0000,0.5000,0.0000
