b0x, b0y, b0vx, b0vy,b1x, b1y, b1vx, b1vy,b2x, b2y, b2vx, b2vy
0.033198,0.054937,-0.000085,0.000310,-4.645538,1.038084,0.001056,-0.000179,5.020264,0.933735,-0.000970,-0.000131
0.033197,0.054943,-0.000171,0.000621,-4.645517,1.038080,0.002111,-0.000359,5.020244,0.933733,-0.001940,-0.000262
0.033194,0.054952,-0.000256,0.000931,-4.645485,1.038075,0.003167,-0.000538,5.020215,0.933729,-0.002911,-0.000393
0.033191,0.054965,-0.000342,0.001242,-4.645443,1.038068,0.004223,-0.000717,5.020176,0.933724,-0.003881,-0.000524
0.033186,0.054980,-0.000427,0.001552,-4.645390,1.038059,0.005278,-0.000897,5.020128,0.933717,-0.004851,-0.000655
0.033181,0.054999,-0.000513,0.001863,-4.645327,1.038048,0.006334,-0.001076,5.020070,0.933709,-0.005821,-0.000787
0.033175,0.055020,-0.000598,0.002173,-4.645253,1.038036,0.007390,-0.001255,5.020002,0.933700,-0.006791,-0.000918
0.033168,0.055045,-0.000684,0.002483,-4.645168,1.038021,0.008445,-0.001435,5.019924,0.933690,-0.007762,-0.001049
0.033161,0.055073,-0.000769,0.002794,-4.645073,1.038005,0.009501,-0.001614,5.019837,0.933678,-0.008732,-0.001180
0.033152,0.055104,-0.000855,0.003104,-4.644968,1.037987,0.010557,-0.001793,5.019740,0.933665,-0.009702,-0.001311
0.033143,0.055138,-0.000940,0.003415,-4.644852,1.037968,0.011613,-0.001973,5.019633,0.933650,-0.010673,-0.001442
0.033133,0.055176,-0.001026,0.003725,-4.644725,1.037946,0.012669,-0.002152,5.019517,0.933634,-0.011643,-0.001573
0.033121,0.055216,-0.001111,0.004036,-4.644588,1.037923,0.013725,-0.002331,5.019391,0.933617,-0.012614,-0.001704
0.033109,0.055259,-0.001197,0.004346,-4.644440,1.037898,0.014781,-0.002511,5.019255,0.933599,-0.013584,-0.001835
0.033097,0.055306,-0.001282,0.004657,-4.644281,1.037871,0.015837,-0.002690,5.019109,0.933579,-0.014555,-0.001966
0.033083,0.055356,-0.001368,0.004967,-4.644113,1.037842,0.016893,-0.002869,5.018954,0.933558,-0.015525,-0.002097
0.033068,0.055408,-0.001454,0.005278,-4.643933,1.037811,0.017950,-0.003049,5.018789,0.933536,-0.016496,-0.002229
0.033053,0.055464,-0.001539,0.005588,-4.643743,1.037779,0.019006,-0.003228,5.018614,0.933512,-0.017467,-0.002360
0.033037,0.055523,-0.001625,0.005899,-4.643542,1.037745,0.020063,-0.003408,5.018430,0.933488,-0.018438,-0.002491
0.033020,0.055585,-0.001711,0.006209,-4.643331,1.037709,0.021119,-0.003587,5.018236,0.933461,-0.019409,-0.002622
0.033002,0.055651,-0.001796,0.006520,-4.643109,1.037671,0.022176,-0.003766,5.018032,0.933434,-0.020380,-0.002753
0.032983,0.055719,-0.001882,0.006830,-4.642877,1.037632,0.023233,-0.003946,5.017818,0.933405,-0.021351,-0.002884
0.032963,0.055790,-0.001968,0.007141,-4.642634,1.037591,0.024290,-0.004125,5.017595,0.933375,-0.022322,-0.003015
0.032943,0.055865,-0.002054,0.007451,-4.642381,1.037548,0.025347,-0.004305,5.017363,0.933343,-0.023293,-0.003146
0.032921,0.055942,-0.002140,0.007762,-4.642117,1.037503,0.026404,-0.004484,5.017120,0.933311,-0.024264,-0.003277
0.032899,0.056023,-0.002226,0.008072,-4.641842,1.037456,0.027461,-0.004664,5.016868,0.933276,-0.025236,-0.003408
0.032876,0.056107,-0.002311,0.008383,-4.641557,1.037408,0.028519,-0.004843,5.016605,0.933241,-0.026207,-0.003540
0.032852,0.056194,-0.002397,0.008694,-4.641261,1.037358,0.029576,-0.005023,5.016334,0.933204,-0.027179,-0.003671
0.032827,0.056284,-0.002483,0.009004,-4.640955,1.037306,0.030634,-0.005202,5.016052,0.933166,-0.028151,-0.003802
0.032801,0.056377,-0.002570,0.009315,-4.640638,1.037252,0.031692,-0.005382,5.015761,0.933127,-0.029122,-0.003933
0.032775,0.056473,-0.002656,0.009626,-4.640310,1.037196,0.032750,-0.005561,5.015460,0.933086,-0.030094,-0.004064
0.032747,0.056573,-0.002742,0.009936,-4.639972,1.037139,0.033808,-0.005741,5.015149,0.933044,-0.031066,-0.004195
0.032719,0.056675,-0.002828,0.010247,-4.639624,1.037080,0.034867,-0.005920,5.014829,0.933001,-0.032039,-0.004326
0.032690,0.056781,-0.002914,0.010558,-4.639265,1.037019,0.035925,-0.006100,5.014499,0.932957,-0.033011,-0.004457
0.032660,0.056889,-0.003001,0.010868,-4.638895,1.036956,0.036984,-0.006279,5.014159,0.932911,-0.033983,-0.004589
0.032629,0.057001,-0.003087,0.011179,-4.638514,1.036891,0.038043,-0.006459,5.013809,0.932863,-0.034956,-0.004720
0.032597,0.057116,-0.003173,0.011490,-4.638123,1.036825,0.039102,-0.006639,5.013450,0.932815,-0.035929,-0.004851
0.032565,0.057234,-0.003260,0.011801,-4.637722,1.036757,0.040161,-0.006818,5.013081,0.932765,-0.036901,-0.004982
0.032531,0.057355,-0.003346,0.012112,-4.637310,1.036687,0.041221,-0.006998,5.012702,0.932714,-0.037874,-0.005113
0.032497,0.057480,-0.003433,0.012422,-4.636887,1.036615,0.042280,-0.007178,5.012314,0.932661,-0.038848,-0.005244
0.032462,0.057607,-0.003519,0.012733,-4.636453,1.036541,0.043340,-0.007357,5.011916,0.932608,-0.039821,-0.005375
0.032426,0.057737,-0.003606,0.013044,-4.636009,1.036466,0.044401,-0.007537,5.011508,0.932553,-0.040794,-0.005506
0.032389,0.057871,-0.003693,0.013355,-4.635555,1.036389,0.045461,-0.007717,5.011090,0.932496,-0.041768,-0.005638
0.032351,0.058008,-0.003780,0.013666,-4.635089,1.036310,0.046521,-0.007896,5.010663,0.932439,-0.042742,-0.005769
0.032312,0.058147,-0.003867,0.013977,-4.634614,1.036229,0.047582,-0.008076,5.010225,0.932380,-0.043716,-0.005900
0.032273,0.058290,-0.003953,0.014288,-4.634127,1.036147,0.048643,-0.008256,5.009778,0.932319,-0.044690,-0.006031
0.032232,0.058436,-0.004040,0.014599,-4.633630,1.036062,0.049705,-0.008436,5.009322,0.932258,-0.045664,-0.006162
0.032191,0.058585,-0.004128,0.014910,-4.633122,1.035976,0.050766,-0.008616,5.008855,0.932195,-0.046638,-0.006293
0.032149,0.058737,-0.004215,0.015221,-4.632604,1.035888,0.051828,-0.008795,5.008379,0.932130,-0.047613,-0.006424
0.032106,0.058893,-0.004302,0.015532,-4.632075,1.035798,0.052890,-0.008975,5.007893,0.932065,-0.048588,-0.006556
0.032062,0.059051,-0.004389,0.015843,-4.631536,1.035707,0.053952,-0.009155,5.007398,0.931998,-0.049563,-0.006687
0.032017,0.059213,-0.004477,0.016154,-4.630986,1.035613,0.055015,-0.009335,5.006892,0.931930,-0.050538,-0.006818
0.031972,0.059377,-0.004564,0.016465,-4.630425,1.035518,0.056078,-0.009515,5.006377,0.931860,-0.051513,-0.006949
0.031925,0.059545,-0.004652,0.016776,-4.629854,1.035421,0.057141,-0.009695,5.005852,0.931789,-0.052489,-0.007080
0.031878,0.059716,-0.004739,0.017088,-4.629272,1.035323,0.058204,-0.009875,5.005318,0.931717,-0.053465,-0.007211
0.031829,0.059890,-0.004827,0.017399,-4.628679,1.035222,0.059268,-0.010055,5.004773,0.931644,-0.054441,-0.007343
0.031780,0.060067,-0.004915,0.017710,-4.628076,1.035120,0.060332,-0.010235,5.004219,0.931569,-0.055417,-0.007474
0.031730,0.060247,-0.005002,0.018021,-4.627461,1.035015,0.061396,-0.010415,5.003655,0.931493,-0.056394,-0.007605
0.031679,0.060431,-0.005090,0.018333,-4.626837,1.034909,0.062461,-0.010595,5.003081,0.931416,-0.057370,-0.007736
0.031628,0.060617,-0.005178,0.018644,-4.626202,1.034802,0.063526,-0.010775,5.002498,0.931337,-0.058347,-0.007867
0.031575,0.060807,-0.005267,0.018955,-4.625556,1.034692,0.064591,-0.010955,5.001904,0.931257,-0.059324,-0.007998
0.031521,0.060999,-0.005355,0.019267,-4.624899,1.034581,0.065657,-0.011136,5.001301,0.931176,-0.060302,-0.008130
0.031467,0.061195,-0.005443,0.019578,-4.624232,1.034468,0.066723,-0.011316,5.000689,0.931093,-0.061279,-0.008261
0.031412,0.061394,-0.005531,0.019890,-4.623554,1.034353,0.067789,-0.011496,5.000066,0.931009,-0.062257,-0.008392
0.031355,0.061596,-0.005620,0.020201,-4.622865,1.034236,0.068855,-0.011676,4.999434,0.930924,-0.063235,-0.008523
0.031298,0.061801,-0.005708,0.020513,-4.622166,1.034117,0.069922,-0.011857,4.998791,0.930837,-0.064213,-0.008654
0.031240,0.062009,-0.005797,0.020824,-4.621456,1.033997,0.070990,-0.012037,4.998139,0.930750,-0.065192,-0.008786
0.031182,0.062221,-0.005886,0.021136,-4.620736,1.033875,0.072057,-0.012217,4.997478,0.930660,-0.066171,-0.008917
0.031122,0.062435,-0.005975,0.021448,-4.620004,1.033751,0.073125,-0.012398,4.996806,0.930570,-0.067150,-0.009048
0.031061,0.062653,-0.006064,0.021759,-4.619262,1.033625,0.074194,-0.012578,4.996125,0.930478,-0.068129,-0.009179
0.031000,0.062874,-0.006153,0.022071,-4.618510,1.033498,0.075262,-0.012758,4.995434,0.930385,-0.069109,-0.009310
0.030937,0.063097,-0.006242,0.022383,-4.617746,1.033368,0.076331,-0.012939,4.994733,0.930291,-0.070089,-0.009442
0.030874,0.063324,-0.006331,0.022695,-4.616972,1.033237,0.077401,-0.013119,4.994022,0.930195,-0.071069,-0.009573
0.030810,0.063554,-0.006421,0.023007,-4.616188,1.033104,0.078471,-0.013300,4.993302,0.930098,-0.072049,-0.009704
0.030745,0.063788,-0.006510,0.023318,-4.615392,1.032969,0.079541,-0.013481,4.992571,0.930000,-0.073030,-0.009835
0.030679,0.064024,-0.006600,0.023630,-4.614586,1.032833,0.080612,-0.013661,4.991831,0.929900,-0.074011,-0.009967
0.030612,0.064263,-0.006690,0.023942,-4.613769,1.032694,0.081683,-0.013842,4.991081,0.929799,-0.074993,-0.010098
0.030544,0.064506,-0.006780,0.024254,-4.612942,1.032554,0.082754,-0.014022,4.990322,0.929697,-0.075974,-0.010229
0.030475,0.064751,-0.006870,0.024566,-4.612103,1.032412,0.083826,-0.014203,4.989552,0.929593,-0.076956,-0.010360
0.030406,0.065000,-0.006960,0.024878,-4.611255,1.032268,0.084899,-0.014384,4.988773,0.929488,-0.077938,-0.010492
0.030335,0.065252,-0.007050,0.025191,-4.610395,1.032122,0.085971,-0.014565,4.987984,0.929382,-0.078921,-0.010623
0.030264,0.065507,-0.007140,0.025503,-4.609525,1.031975,0.087044,-0.014746,4.987185,0.929274,-0.079904,-0.010754
0.030191,0.065765,-0.007231,0.025815,-4.608644,1.031826,0.088118,-0.014926,4.986376,0.929166,-0.080887,-0.010886
0.030118,0.066027,-0.007321,0.026127,-4.607752,1.031675,0.089192,-0.015107,4.985557,0.929055,-0.081870,-0.011017
0.030044,0.066291,-0.007412,0.026440,-4.606849,1.031522,0.090267,-0.015288,4.984728,0.928944,-0.082854,-0.011148
0.029969,0.066559,-0.007503,0.026752,-4.605936,1.031367,0.091342,-0.015469,4.983890,0.928831,-0.083838,-0.011279
0.029893,0.066829,-0.007594,0.027064,-4.605011,1.031211,0.092417,-0.015650,4.983042,0.928717,-0.084823,-0.011411
0.029816,0.067103,-0.007685,0.027377,-4.604076,1.031052,0.093493,-0.015831,4.982183,0.928602,-0.085807,-0.011542
0.029738,0.067380,-0.007776,0.027689,-4.603131,1.030892,0.094570,-0.016012,4.981316,0.928485,-0.086793,-0.011673
0.029660,0.067660,-0.007868,0.028002,-4.602174,1.030730,0.095646,-0.016194,4.980438,0.928367,-0.087778,-0.011805
0.029580,0.067943,-0.007959,0.028314,-4.601207,1.030566,0.096724,-0.016375,4.979550,0.928248,-0.088764,-0.011936
0.029500,0.068229,-0.008051,0.028627,-4.600229,1.030401,0.097802,-0.016556,4.978652,0.928127,-0.089750,-0.012067
0.029418,0.068519,-0.008143,0.028940,-4.599240,1.030234,0.098880,-0.016737,4.977745,0.928005,-0.090737,-0.012199
0.029336,0.068811,-0.008235,0.029252,-4.598241,1.030064,0.099959,-0.016919,4.976828,0.927882,-0.091723,-0.012330
0.029253,0.069107,-0.008327,0.029565,-4.597230,1.029893,0.101038,-0.017100,4.975901,0.927757,-0.092711,-0.012461
0.029168,0.069406,-0.008419,0.029878,-4.596209,1.029721,0.102118,-0.017281,4.974964,0.927631,-0.093698,-0.012593
0.029083,0.069708,-0.008511,0.030191,-4.595177,1.029546,0.103199,-0.017463,4.974017,0.927504,-0.094686,-0.012724
0.028997,0.070013,-0.008604,0.030504,-4.594134,1.029369,0.104279,-0.017644,4.973060,0.927375,-0.095675,-0.012855
0.028910,0.070321,-0.008697,0.030817,-4.593081,1.029191,0.105361,-0.017826,4.972094,0.927245,-0.096663,-0.012987
0.028822,0.070632,-0.008790,0.031130,-4.592016,1.029011,0.106443,-0.018007,4.971117,0.927114,-0.097652,-0.013118
0.028734,0.070946,-0.008883,0.031443,-4.590941,1.028829,0.107526,-0.018189,4.970130,0.926982,-0.098642,-0.013249
0.028644,0.071264,-0.008976,0.031756,-4.589855,1.028646,0.108609,-0.018371,4.969134,0.926848,-0.099632,-0.013381
0.028553,0.071585,-0.009069,0.032069,-4.588758,1.028460,0.109692,-0.018552,4.968128,0.926713,-0.100622,-0.013512
0.028462,0.071909,-0.009163,0.032382,-4.587650,1.028273,0.110776,-0.018734,4.967112,0.926576,-0.101613,-0.013643
0.028369,0.072235,-0.009256,0.032696,-4.586532,1.028083,0.111861,-0.018916,4.966086,0.926438,-0.102604,-0.013775
0.028275,0.072566,-0.009350,0.033009,-4.585402,1.027892,0.112947,-0.019098,4.965050,0.926299,-0.103596,-0.013906
0.028181,0.072899,-0.009444,0.033322,-4.584262,1.027700,0.114033,-0.019280,4.964004,0.926159,-0.104588,-0.014038
0.028086,0.073235,-0.009538,0.033636,-4.583111,1.027505,0.115119,-0.019462,4.962948,0.926017,-0.105580,-0.014169
0.027989,0.073575,-0.009633,0.033949,-4.581949,1.027309,0.116206,-0.019644,4.961883,0.925874,-0.106573,-0.014300
0.027892,0.073917,-0.009727,0.034263,-4.580776,1.027110,0.117294,-0.019826,4.960807,0.925730,-0.107566,-0.014432
0.027794,0.074263,-0.009822,0.034577,-4.579592,1.026910,0.118382,-0.020008,4.959721,0.925584,-0.108560,-0.014563
0.027695,0.074612,-0.009917,0.034890,-4.578397,1.026708,0.119471,-0.020190,4.958625,0.925438,-0.109554,-0.014695
0.027595,0.074964,-0.010012,0.035204,-4.577192,1.026505,0.120561,-0.020372,4.957520,0.925289,-0.110548,-0.014826
0.027494,0.075319,-0.010107,0.035518,-4.575975,1.026299,0.121651,-0.020555,4.956405,0.925140,-0.111543,-0.014958
0.027391,0.075678,-0.010202,0.035832,-4.574748,1.026092,0.122742,-0.020737,4.955279,0.924989,-0.112538,-0.015089
0.027289,0.076039,-0.010298,0.036146,-4.573510,1.025882,0.123833,-0.020919,4.954144,0.924837,-0.113534,-0.015220
0.027185,0.076404,-0.010394,0.036460,-4.572260,1.025671,0.124925,-0.021102,4.952999,0.924683,-0.114531,-0.015352
0.027080,0.076771,-0.010490,0.036774,-4.571000,1.025459,0.126018,-0.021284,4.951843,0.924528,-0.115527,-0.015483
0.026974,0.077142,-0.010586,0.037088,-4.569729,1.025244,0.127112,-0.021467,4.950678,0.924372,-0.116525,-0.015615
0.026867,0.077516,-0.010682,0.037402,-4.568447,1.025028,0.128206,-0.021649,4.949502,0.924215,-0.117522,-0.015746
0.026759,0.077893,-0.010779,0.037716,-4.567153,1.024809,0.129300,-0.021832,4.948317,0.924056,-0.118521,-0.015878
0.026650,0.078274,-0.010875,0.038031,-4.565849,1.024589,0.130396,-0.022015,4.947122,0.923896,-0.119519,-0.016009
0.026541,0.078657,-0.010972,0.038345,-4.564534,1.024367,0.131492,-0.022198,4.945917,0.923734,-0.120518,-0.016141
0.026430,0.079044,-0.011069,0.038660,-4.563208,1.024143,0.132589,-0.022380,4.944702,0.923572,-0.121518,-0.016272
0.026318,0.079433,-0.011167,0.038974,-4.561871,1.023918,0.133686,-0.022563,4.943477,0.923407,-0.122518,-0.016404
0.026206,0.079826,-0.011264,0.039289,-4.560523,1.023690,0.134784,-0.022746,4.942242,0.923242,-0.123519,-0.016535
0.026092,0.080222,-0.011362,0.039603,-4.559164,1.023461,0.135883,-0.022929,4.940997,0.923075,-0.124520,-0.016667
0.025978,0.080622,-0.011460,0.039918,-4.557794,1.023230,0.136983,-0.023112,4.939742,0.922908,-0.125521,-0.016798
0.025862,0.081024,-0.011558,0.040233,-4.556413,1.022997,0.138083,-0.023295,4.938477,0.922738,-0.126524,-0.016930
0.025745,0.081429,-0.011656,0.040548,-4.555021,1.022762,0.139184,-0.023479,4.937202,0.922568,-0.127526,-0.017061
0.025628,0.081838,-0.011755,0.040862,-4.553618,1.022525,0.140286,-0.023662,4.935917,0.922396,-0.128529,-0.017193
0.025509,0.082250,-0.011854,0.041177,-4.552205,1.022287,0.141388,-0.023845,4.934621,0.922222,-0.129533,-0.017325
0.025390,0.082665,-0.011953,0.041493,-4.550780,1.022047,0.142491,-0.024028,4.933316,0.922048,-0.130537,-0.017456
0.025269,0.083083,-0.012052,0.041808,-4.549344,1.021805,0.143595,-0.024212,4.932000,0.921872,-0.131542,-0.017588
0.025148,0.083504,-0.012151,0.042123,-4.547897,1.021561,0.144700,-0.024395,4.930675,0.921695,-0.132547,-0.017719
0.025025,0.083928,-0.012251,0.042438,-4.546439,1.021315,0.145806,-0.024579,4.929339,0.921516,-0.133553,-0.017851
0.024902,0.084356,-0.012351,0.042753,-4.544970,1.021067,0.146912,-0.024763,4.927993,0.921336,-0.134559,-0.017982
0.024777,0.084787,-0.012451,0.043069,-4.543489,1.020818,0.148019,-0.024946,4.926638,0.921155,-0.135566,-0.018114
0.024652,0.085220,-0.012551,0.043384,-4.541998,1.020566,0.149127,-0.025130,4.925272,0.920973,-0.136574,-0.018246
0.024525,0.085657,-0.012652,0.043700,-4.540496,1.020313,0.150235,-0.025314,4.923896,0.920789,-0.137582,-0.018377
0.024398,0.086098,-0.012753,0.044015,-4.538982,1.020058,0.151345,-0.025498,4.922511,0.920604,-0.138590,-0.018509
0.024269,0.086541,-0.012854,0.044331,-4.537458,1.019802,0.152455,-0.025682,4.921114,0.920418,-0.139599,-0.018640
0.024140,0.086987,-0.012955,0.044647,-4.535922,1.019543,0.153566,-0.025866,4.919708,0.920230,-0.140609,-0.018772
0.024009,0.087437,-0.013057,0.044963,-4.534375,1.019282,0.154678,-0.026050,4.918292,0.920041,-0.141619,-0.018904
0.023877,0.087890,-0.013159,0.045279,-4.532817,1.019020,0.155791,-0.026234,4.916866,0.919851,-0.142630,-0.019035
0.023745,0.088346,-0.013261,0.045595,-4.531248,1.018756,0.156904,-0.026418,4.915430,0.919659,-0.143642,-0.019167
0.023611,0.088805,-0.013363,0.045911,-4.529668,1.018490,0.158019,-0.026603,4.913983,0.919466,-0.144654,-0.019299
0.023477,0.089267,-0.013465,0.046227,-4.528077,1.018222,0.159134,-0.026787,4.912526,0.919272,-0.145666,-0.019430
0.023341,0.089733,-0.013568,0.046543,-4.526474,1.017952,0.160250,-0.026971,4.911059,0.919076,-0.146680,-0.019562
0.023204,0.090201,-0.013671,0.046860,-4.524860,1.017681,0.161367,-0.027156,4.909583,0.918879,-0.147694,-0.019693
0.023066,0.090673,-0.013775,0.047176,-4.523235,1.017407,0.162485,-0.027340,4.908095,0.918681,-0.148708,-0.019825
0.022928,0.091148,-0.013878,0.047492,-4.521599,1.017132,0.163603,-0.027525,4.906598,0.918481,-0.149723,-0.019957
0.022788,0.091626,-0.013982,0.047809,-4.519952,1.016855,0.164723,-0.027710,4.905091,0.918280,-0.150739,-0.020089
0.022647,0.092107,-0.014086,0.048126,-4.518294,1.016576,0.165843,-0.027895,4.903573,0.918078,-0.151755,-0.020220
0.022505,0.092592,-0.014190,0.048442,-4.516624,1.016295,0.166964,-0.028079,4.902045,0.917875,-0.152772,-0.020352
0.022362,0.093079,-0.014295,0.048759,-4.514944,1.016013,0.168087,-0.028264,4.900507,0.917670,-0.153789,-0.020484
0.022218,0.093570,-0.014400,0.049076,-4.513251,1.015728,0.169210,-0.028449,4.898959,0.917464,-0.154808,-0.020615
0.022073,0.094064,-0.014505,0.049393,-4.511548,1.015442,0.170334,-0.028635,4.897401,0.917256,-0.155827,-0.020747
0.021927,0.094561,-0.014611,0.049710,-4.509833,1.015154,0.171459,-0.028820,4.895833,0.917047,-0.156846,-0.020879
0.021780,0.095061,-0.014716,0.050027,-4.508108,1.014863,0.172585,-0.029005,4.894254,0.916837,-0.157866,-0.021010
0.021632,0.095565,-0.014822,0.050344,-4.506371,1.014572,0.173712,-0.029190,4.892665,0.916626,-0.158887,-0.021142
0.021482,0.096071,-0.014929,0.050662,-4.504622,1.014278,0.174839,-0.029376,4.891066,0.916413,-0.159908,-0.021274
0.021332,0.096581,-0.015035,0.050979,-4.502862,1.013982,0.175968,-0.029561,4.889456,0.916199,-0.160930,-0.021406
0.021180,0.097094,-0.015142,0.051296,-4.501091,1.013685,0.177098,-0.029747,4.887837,0.915984,-0.161953,-0.021537
0.021028,0.097610,-0.015249,0.051614,-4.499309,1.013385,0.178228,-0.029932,4.886207,0.915767,-0.162977,-0.021669
0.020874,0.098129,-0.015357,0.051932,-4.497516,1.013084,0.179360,-0.030118,4.884567,0.915549,-0.164001,-0.021801
0.020720,0.098652,-0.015464,0.052249,-4.495711,1.012781,0.180493,-0.030304,4.882917,0.915330,-0.165026,-0.021933
0.020564,0.099178,-0.015572,0.052567,-4.493895,1.012476,0.181626,-0.030490,4.881257,0.915109,-0.166051,-0.022064
0.020407,0.099706,-0.015681,0.052885,-4.492067,1.012170,0.182761,-0.030676,4.879586,0.914887,-0.167077,-0.022196
0.020249,0.100239,-0.015789,0.053203,-4.490228,1.011861,0.183896,-0.030862,4.877905,0.914664,-0.168104,-0.022328
0.020090,0.100774,-0.015898,0.053521,-4.488378,1.011551,0.185033,-0.031048,4.876214,0.914439,-0.169132,-0.022460
0.019930,0.101312,-0.016008,0.053839,-4.486516,1.011238,0.186171,-0.031234,4.874512,0.914213,-0.170160,-0.022592
0.019769,0.101854,-0.016117,0.054158,-4.484643,1.010924,0.187309,-0.031420,4.872800,0.913986,-0.171189,-0.022723
0.019607,0.102399,-0.016227,0.054476,-4.482759,1.010608,0.188449,-0.031607,4.871078,0.913757,-0.172219,-0.022855
0.019443,0.102946,-0.016337,0.054794,-4.480863,1.010290,0.189590,-0.031793,4.869345,0.913528,-0.173249,-0.022987
0.019279,0.103498,-0.016448,0.055113,-4.478955,1.009970,0.190732,-0.031980,4.867602,0.913296,-0.174281,-0.023119
0.019113,0.104052,-0.016559,0.055431,-4.477036,1.009649,0.191874,-0.032166,4.865849,0.913064,-0.175313,-0.023251
0.018947,0.104609,-0.016670,0.055750,-4.475106,1.009325,0.193018,-0.032353,4.864086,0.912830,-0.176345,-0.023383
0.018779,0.105170,-0.016782,0.056069,-4.473165,1.009000,0.194163,-0.032540,4.862312,0.912595,-0.177379,-0.023514
0.018610,0.105734,-0.016893,0.056388,-4.471211,1.008672,0.195309,-0.032727,4.860528,0.912358,-0.178413,-0.023646
0.018440,0.106301,-0.017006,0.056707,-4.469247,1.008343,0.196457,-0.032914,4.858733,0.912121,-0.179448,-0.023778
0.018269,0.106871,-0.017118,0.057026,-4.467271,1.008012,0.197605,-0.033101,4.856928,0.911882,-0.180484,-0.023910
0.018096,0.107445,-0.017231,0.057345,-4.465283,1.007679,0.198754,-0.033288,4.855113,0.911641,-0.181520,-0.024042
0.017923,0.108021,-0.017344,0.057664,-4.463284,1.007345,0.199905,-0.033475,4.853287,0.911399,-0.182557,-0.024174
0.017748,0.108601,-0.017458,0.057984,-4.461274,1.007008,0.201056,-0.033662,4.851451,0.911156,-0.183595,-0.024306
0.017573,0.109184,-0.017572,0.058303,-4.459252,1.006669,0.202209,-0.033850,4.849605,0.910912,-0.184634,-0.024437
0.017396,0.109770,-0.017686,0.058623,-4.457218,1.006329,0.203363,-0.034037,4.847748,0.910666,-0.185674,-0.024569
0.017218,0.110360,-0.017801,0.058943,-4.455173,1.005987,0.204518,-0.034225,4.845881,0.910419,-0.186714,-0.024701
0.017039,0.110953,-0.017916,0.059262,-4.453116,1.005643,0.205674,-0.034413,4.844003,0.910171,-0.187755,-0.024833
0.016858,0.111548,-0.018031,0.059582,-4.451048,1.005297,0.206831,-0.034600,4.842115,0.909921,-0.188797,-0.024965
0.016677,0.112147,-0.018147,0.059902,-4.448968,1.004949,0.207990,-0.034788,4.840217,0.909670,-0.189840,-0.025097
0.016494,0.112750,-0.018263,0.060222,-4.446877,1.004599,0.209150,-0.034976,4.838308,0.909418,-0.190883,-0.025229
0.016310,0.113355,-0.018379,0.060542,-4.444773,1.004247,0.210311,-0.035164,4.836389,0.909164,-0.191928,-0.025361
0.016125,0.113964,-0.018496,0.060863,-4.442658,1.003894,0.211473,-0.035353,4.834459,0.908909,-0.192973,-0.025493
0.015939,0.114576,-0.018613,0.061183,-4.440532,1.003538,0.212636,-0.035541,4.832519,0.908653,-0.194019,-0.025625
0.015752,0.115191,-0.018731,0.061504,-4.438394,1.003181,0.213800,-0.035729,4.830568,0.908396,-0.195066,-0.025757
0.015564,0.115809,-0.018849,0.061824,-4.436244,1.002822,0.214966,-0.035918,4.828607,0.908137,-0.196114,-0.025888
0.015374,0.116430,-0.018967,0.062145,-4.434083,1.002461,0.216133,-0.036106,4.826635,0.907877,-0.197162,-0.026020
0.015183,0.117055,-0.019086,0.062466,-4.431910,1.002098,0.217301,-0.036295,4.824653,0.907615,-0.198212,-0.026152
0.014991,0.117683,-0.019205,0.062786,-4.429725,1.001733,0.218471,-0.036484,4.822660,0.907352,-0.199262,-0.026284
0.014798,0.118314,-0.019324,0.063107,-4.427529,1.001366,0.219641,-0.036672,4.820657,0.907088,-0.200313,-0.026416
0.014603,0.118948,-0.019444,0.063429,-4.425321,1.000998,0.220813,-0.036861,4.818644,0.906823,-0.201365,-0.026548
0.014408,0.119586,-0.019565,0.063750,-4.423101,1.000627,0.221986,-0.037050,4.816619,0.906556,-0.202418,-0.026680
0.014211,0.120226,-0.019685,0.064071,-4.420869,1.000255,0.223161,-0.037239,4.814585,0.906288,-0.203472,-0.026812
0.014013,0.120870,-0.019806,0.064393,-4.418626,0.999881,0.224337,-0.037429,4.812540,0.906018,-0.204526,-0.026944
0.013813,0.121517,-0.019928,0.064714,-4.416371,0.999505,0.225514,-0.037618,4.810484,0.905748,-0.205582,-0.027076
0.013613,0.122168,-0.020050,0.065036,-4.414104,0.999127,0.226692,-0.037807,4.808417,0.905475,-0.206638,-0.027208
0.013411,0.122821,-0.020172,0.065357,-4.411825,0.998747,0.227872,-0.037997,4.806340,0.905202,-0.207695,-0.027340
0.013208,0.123478,-0.020295,0.065679,-4.409534,0.998365,0.229053,-0.038187,4.804253,0.904927,-0.208754,-0.027472
0.013004,0.124138,-0.020418,0.066001,-4.407232,0.997981,0.230235,-0.038376,4.802155,0.904651,-0.209813,-0.027604
0.012799,0.124801,-0.020542,0.066323,-4.404918,0.997595,0.231419,-0.038566,4.800046,0.904374,-0.210873,-0.027736
0.012592,0.125468,-0.020666,0.066645,-4.402592,0.997208,0.232604,-0.038756,4.797926,0.904095,-0.211934,-0.027868
0.012384,0.126137,-0.020790,0.066968,-4.400254,0.996818,0.233791,-0.038946,4.795796,0.903815,-0.212996,-0.028000
0.012175,0.126810,-0.020915,0.067290,-4.397904,0.996427,0.234979,-0.039136,4.793656,0.903534,-0.214058,-0.028132
0.011965,0.127487,-0.021041,0.067613,-4.395543,0.996034,0.236168,-0.039327,4.791505,0.903251,-0.215122,-0.028264
0.011753,0.128166,-0.021167,0.067935,-4.393169,0.995638,0.237358,-0.039517,4.789343,0.902967,-0.216187,-0.028396
0.011540,0.128848,-0.021293,0.068258,-4.390783,0.995241,0.238550,-0.039708,4.787170,0.902682,-0.217253,-0.028528
0.011326,0.129534,-0.021420,0.068581,-4.388386,0.994842,0.239744,-0.039898,4.784987,0.902395,-0.218319,-0.028660
0.011110,0.130223,-0.021547,0.068904,-4.385976,0.994441,0.240939,-0.040089,4.782794,0.902108,-0.219387,-0.028792
0.010894,0.130916,-0.021675,0.069227,-4.383555,0.994039,0.242135,-0.040280,4.780589,0.901818,-0.220455,-0.028924
0.010676,0.131611,-0.021803,0.069550,-4.381122,0.993634,0.243333,-0.040471,4.778374,0.901528,-0.221525,-0.029056
0.010456,0.132310,-0.021931,0.069873,-4.378676,0.993227,0.244532,-0.040662,4.776148,0.901236,-0.222595,-0.029188
0.010236,0.133012,-0.022060,0.070197,-4.376219,0.992819,0.245732,-0.040853,4.773911,0.900943,-0.223667,-0.029320
0.010014,0.133717,-0.022190,0.070520,-4.373750,0.992408,0.246935,-0.041044,4.771664,0.900648,-0.224739,-0.029452
0.009791,0.134425,-0.022320,0.070844,-4.371268,0.991996,0.248138,-0.041235,4.769405,0.900352,-0.225813,-0.029584
0.009566,0.135137,-0.022450,0.071168,-4.368775,0.991582,0.249343,-0.041427,4.767137,0.900055,-0.226887,-0.029716
0.009340,0.135852,-0.022581,0.071491,-4.366270,0.991166,0.250550,-0.041619,4.764857,0.899757,-0.227963,-0.029848
0.009113,0.136570,-0.022713,0.071815,-4.363752,0.990748,0.251758,-0.041810,4.762567,0.899457,-0.229039,-0.029980
0.008885,0.137292,-0.022845,0.072140,-4.361222,0.990327,0.252967,-0.042002,4.760265,0.899156,-0.230117,-0.030112
0.008655,0.138016,-0.022977,0.072464,-4.358680,0.989906,0.254179,-0.042194,4.757953,0.898853,-0.231195,-0.030244
0.008424,0.138744,-0.023110,0.072788,-4.356126,0.989482,0.255391,-0.042386,4.755630,0.898549,-0.232275,-0.030376
0.008191,0.139475,-0.023244,0.073113,-4.353560,0.989056,0.256605,-0.042578,4.753297,0.898244,-0.233356,-0.030508
0.007958,0.140210,-0.023378,0.073437,-4.350982,0.988628,0.257821,-0.042771,4.750952,0.897938,-0.234437,-0.030641
0.007722,0.140947,-0.023512,0.073762,-4.348392,0.988199,0.259039,-0.042963,4.748597,0.897630,-0.235520,-0.030773
0.007486,0.141688,-0.023648,0.074087,-4.345789,0.987767,0.260257,-0.043156,4.746231,0.897321,-0.236604,-0.030905
0.007248,0.142432,-0.023783,0.074412,-4.343174,0.987334,0.261478,-0.043348,4.743854,0.897011,-0.237689,-0.031037
0.007009,0.143180,-0.023919,0.074737,-4.340548,0.986898,0.262700,-0.043541,4.741467,0.896699,-0.238775,-0.031169
0.006768,0.143930,-0.024056,0.075062,-4.337908,0.986461,0.263924,-0.043734,4.739068,0.896386,-0.239862,-0.031301
0.006526,0.144684,-0.024193,0.075387,-4.335257,0.986022,0.265149,-0.043927,4.736659,0.896072,-0.240950,-0.031433
0.006283,0.145441,-0.024331,0.075713,-4.332593,0.985580,0.266376,-0.044120,4.734238,0.895756,-0.242039,-0.031565
0.006038,0.146202,-0.024469,0.076038,-4.329917,0.985137,0.267605,-0.044313,4.731807,0.895439,-0.243129,-0.031697
0.005792,0.146965,-0.024608,0.076364,-4.327229,0.984692,0.268835,-0.044507,4.729364,0.895121,-0.244221,-0.031829
0.005545,0.147732,-0.024747,0.076690,-4.324528,0.984245,0.270067,-0.044700,4.726911,0.894801,-0.245313,-0.031961
0.005296,0.148502,-0.024887,0.077016,-4.321815,0.983796,0.271301,-0.044894,4.724447,0.894480,-0.246407,-0.032093
0.005046,0.149276,-0.025028,0.077342,-4.319089,0.983345,0.272536,-0.045088,4.721972,0.894158,-0.247502,-0.032225
0.004794,0.150052,-0.025169,0.077668,-4.316352,0.982893,0.273773,-0.045281,4.719486,0.893835,-0.248597,-0.032357
0.004541,0.150832,-0.025311,0.077994,-4.313602,0.982438,0.275012,-0.045475,4.716990,0.893510,-0.249695,-0.032489
0.004286,0.151615,-0.025453,0.078321,-4.310840,0.981981,0.276252,-0.045670,4.714481,0.893183,-0.250793,-0.032621
0.004030,0.152402,-0.025596,0.078647,-4.308065,0.981522,0.277495,-0.045864,4.711962,0.892856,-0.251892,-0.032753
0.003773,0.153192,-0.025739,0.078974,-4.305277,0.981062,0.278739,-0.046058,4.709432,0.892527,-0.252992,-0.032885
0.003514,0.153985,-0.025883,0.079301,-4.302477,0.980599,0.279984,-0.046253,4.706891,0.892197,-0.254094,-0.033017
0.003254,0.154781,-0.026028,0.079628,-4.299665,0.980135,0.281232,-0.046447,4.704339,0.891865,-0.255197,-0.033149
0.002992,0.155581,-0.026173,0.079955,-4.296840,0.979668,0.282481,-0.046642,4.701776,0.891533,-0.256301,-0.033281
0.002729,0.156383,-0.026319,0.080282,-4.294003,0.979200,0.283732,-0.046837,4.699202,0.891198,-0.257406,-0.033413
0.002464,0.157189,-0.026465,0.080609,-4.291153,0.978730,0.284985,-0.047032,4.696617,0.890863,-0.258512,-0.033545
0.002198,0.157999,-0.026612,0.080937,-4.288291,0.978257,0.286240,-0.047227,4.694021,0.890526,-0.259620,-0.033677
0.001931,0.158811,-0.026760,0.081264,-4.285416,0.977783,0.287496,-0.047422,4.691413,0.890188,-0.260729,-0.033809
0.001662,0.159627,-0.026908,0.081592,-4.282528,0.977307,0.288755,-0.047618,4.688795,0.889849,-0.261839,-0.033941
0.001391,0.160447,-0.027057,0.081920,-4.279628,0.976829,0.290015,-0.047813,4.686166,0.889508,-0.262950,-0.034073
0.001119,0.161269,-0.027207,0.082248,-4.276715,0.976349,0.291277,-0.048009,4.683525,0.889166,-0.264062,-0.034205
0.000845,0.162095,-0.027357,0.082576,-4.273789,0.975867,0.292541,-0.048205,4.680873,0.888823,-0.265176,-0.034337
0.000570,0.162924,-0.027508,0.082904,-4.270851,0.975383,0.293807,-0.048401,4.678210,0.888478,-0.266291,-0.034469
0.000294,0.163756,-0.027659,0.083233,-4.267900,0.974897,0.295075,-0.048597,4.675536,0.888132,-0.267407,-0.034601
0.000016,0.164592,-0.027811,0.083561,-4.264937,0.974409,0.296344,-0.048793,4.672851,0.887785,-0.268524,-0.034733
-0.000264,0.165431,-0.027964,0.083890,-4.261961,0.973919,0.297616,-0.048990,4.670155,0.887436,-0.269643,-0.034865
-0.000545,0.166273,-0.028118,0.084219,-4.258972,0.973427,0.298890,-0.049186,4.667447,0.887086,-0.270763,-0.034997
-0.000828,0.167118,-0.028272,0.084547,-4.255970,0.972933,0.300165,-0.049383,4.664728,0.886735,-0.271884,-0.035129
-0.001112,0.167967,-0.028427,0.084877,-4.252956,0.972437,0.301443,-0.049579,4.661998,0.886382,-0.273007,-0.035261
-0.001398,0.168819,-0.028582,0.085206,-4.249928,0.971940,0.302722,-0.049776,4.659257,0.886028,-0.274131,-0.035393
-0.001685,0.169675,-0.028739,0.085535,-4.246889,0.971440,0.304003,-0.049973,4.656504,0.885673,-0.275256,-0.035525
-0.001974,0.170533,-0.028896,0.085864,-4.243836,0.970938,0.305287,-0.050171,4.653740,0.885316,-0.276382,-0.035657
-0.002265,0.171395,-0.029053,0.086194,-4.240770,0.970435,0.306572,-0.050368,4.650965,0.884958,-0.277510,-0.035789
-0.002557,0.172260,-0.029212,0.086524,-4.237692,0.969929,0.307860,-0.050565,4.648179,0.884599,-0.278639,-0.035921
-0.002851,0.173129,-0.029371,0.086854,-4.234601,0.969421,0.309149,-0.050763,4.645381,0.884239,-0.279769,-0.036053
-0.003146,0.174001,-0.029530,0.087184,-4.231496,0.968912,0.310441,-0.050961,4.642572,0.883877,-0.280901,-0.036185
-0.003443,0.174876,-0.029691,0.087514,-4.228379,0.968400,0.311735,-0.051159,4.639752,0.883514,-0.282034,-0.036317
-0.003741,0.175754,-0.029852,0.087844,-4.225248,0.967887,0.313030,-0.051357,4.636920,0.883149,-0.283168,-0.036449
-0.004042,0.176636,-0.030014,0.088174,-4.222105,0.967371,0.314328,-0.051555,4.634078,0.882783,-0.284304,-0.036580
-0.004343,0.177521,-0.030177,0.088505,-4.218949,0.966853,0.315628,-0.051753,4.631223,0.882416,-0.285441,-0.036712
-0.004647,0.178409,-0.030341,0.088836,-4.215779,0.966334,0.316930,-0.051952,4.628357,0.882048,-0.286580,-0.036844
-0.004952,0.179301,-0.030505,0.089167,-4.212597,0.965812,0.318235,-0.052151,4.625480,0.881678,-0.287719,-0.036976
-0.005259,0.180196,-0.030670,0.089497,-4.209402,0.965289,0.319541,-0.052349,4.622591,0.881307,-0.288861,-0.037108
-0.005567,0.181094,-0.030836,0.089829,-4.206193,0.964764,0.320850,-0.052548,4.619691,0.880934,-0.290003,-0.037240
-0.005877,0.181996,-0.031002,0.090160,-4.202971,0.964236,0.322160,-0.052747,4.616780,0.880561,-0.291147,-0.037372
-0.006189,0.182901,-0.031170,0.090491,-4.199737,0.963707,0.323473,-0.052947,4.613857,0.880186,-0.292293,-0.037503
-0.006502,0.183809,-0.031338,0.090823,-4.196489,0.963175,0.324789,-0.053146,4.610922,0.879809,-0.293440,-0.037635
-0.006817,0.184721,-0.031507,0.091154,-4.193228,0.962642,0.326106,-0.053346,4.607976,0.879432,-0.294588,-0.037767
-0.007134,0.185636,-0.031677,0.091486,-4.189953,0.962106,0.327426,-0.053545,4.605019,0.879053,-0.295738,-0.037899
-0.007452,0.186554,-0.031847,0.091818,-4.186666,0.961569,0.328748,-0.053745,4.602050,0.878672,-0.296889,-0.038030
-0.007772,0.187475,-0.032019,0.092150,-4.183365,0.961029,0.330072,-0.053945,4.599070,0.878291,-0.298041,-0.038162
-0.008094,0.188400,-0.032191,0.092483,-4.180051,0.960488,0.331398,-0.054145,4.596078,0.877908,-0.299196,-0.038294
-0.008418,0.189328,-0.032364,0.092815,-4.176724,0.959944,0.332727,-0.054345,4.593074,0.877524,-0.300351,-0.038426
-0.008743,0.190260,-0.032538,0.093147,-4.173383,0.959399,0.334058,-0.054546,4.590059,0.877138,-0.301508,-0.038557
-0.009071,0.191194,-0.032713,0.093480,-4.170029,0.958852,0.335391,-0.054747,4.587033,0.876751,-0.302667,-0.038689
-0.009399,0.192133,-0.032888,0.093813,-4.166662,0.958302,0.336727,-0.054947,4.583994,0.876363,-0.303827,-0.038821
-0.009730,0.193074,-0.033065,0.094146,-4.163281,0.957751,0.338065,-0.055148,4.580945,0.875973,-0.304988,-0.038952
-0.010063,0.194019,-0.033242,0.094479,-4.159887,0.957197,0.339406,-0.055349,4.577883,0.875583,-0.306151,-0.039084
-0.010397,0.194967,-0.033420,0.094812,-4.156479,0.956642,0.340749,-0.055551,4.574810,0.875190,-0.307316,-0.039216
-0.010733,0.195918,-0.033599,0.095146,-4.153059,0.956084,0.342094,-0.055752,4.571725,0.874797,-0.308482,-0.039347
-0.011071,0.196873,-0.033779,0.095479,-4.149624,0.955524,0.343442,-0.055954,4.568629,0.874402,-0.309649,-0.039479
-1.713431,3.600111,-0.112315,-0.654881,2.105254,0.919760,-0.679633,0.604143,2.316134,3.845831,0.672894,-0.707414
-1.714535,3.593557,-0.110379,-0.655327,2.098452,0.925829,-0.680214,0.606882,2.322850,3.838734,0.671531,-0.709716
-1.715620,3.587000,-0.108442,-0.655775,2.091644,0.931925,-0.680787,0.609639,2.329551,3.831614,0.670161,-0.712036
-1.716685,3.580437,-0.106506,-0.656225,2.084830,0.938049,-0.681352,0.612415,2.336239,3.824470,0.668782,-0.714371
-1.717730,3.573871,-0.104569,-0.656677,2.078011,0.944202,-0.681909,0.615209,2.342913,3.817302,0.667395,-0.716724
-1.718757,3.567299,-0.102631,-0.657132,2.071187,0.950382,-0.682457,0.618022,2.349573,3.810112,0.665999,-0.719092
-1.719764,3.560724,-0.100694,-0.657588,2.064357,0.956590,-0.682997,0.620854,2.356219,3.802897,0.664593,-0.721478
-1.720751,3.554143,-0.098756,-0.658046,2.057522,0.962827,-0.683527,0.623705,2.362851,3.795658,0.663178,-0.723880
-1.721719,3.547558,-0.096817,-0.658507,2.050681,0.969093,-0.684048,0.626574,2.369468,3.788395,0.661752,-0.726300
-1.722668,3.540968,-0.094877,-0.658969,2.043835,0.975388,-0.684560,0.629463,2.376072,3.781108,0.660317,-0.728736
-1.723598,3.534374,-0.092937,-0.659434,2.036985,0.981711,-0.685062,0.632371,2.382660,3.773796,0.658870,-0.731189
-1.724507,3.527775,-0.090996,-0.659900,2.030129,0.988064,-0.685555,0.635298,2.389235,3.766459,0.657413,-0.733660
-1.725398,3.521171,-0.089054,-0.660369,2.023269,0.994447,-0.686036,0.638244,2.395794,3.759098,0.655944,-0.736148
-1.726269,3.514563,-0.087111,-0.660840,2.016404,1.000859,-0.686508,0.641210,2.402339,3.751711,0.654463,-0.738653
-1.727121,3.507950,-0.085166,-0.661313,2.009534,1.007301,-0.686968,0.644195,2.408868,3.744300,0.652970,-0.741175
-1.727953,3.501332,-0.083221,-0.661788,2.002660,1.013773,-0.687417,0.647200,2.415383,3.736862,0.651464,-0.743715
-1.728766,3.494709,-0.081274,-0.662266,1.995782,1.020275,-0.687855,0.650224,2.421882,3.729400,0.649945,-0.746273
-1.729559,3.488082,-0.079325,-0.662745,1.988899,1.026808,-0.688281,0.653268,2.428366,3.721911,0.648413,-0.748848
-1.730333,3.481450,-0.077375,-0.663226,1.982012,1.033371,-0.688696,0.656332,2.434835,3.714397,0.646867,-0.751440
-1.731087,3.474813,-0.075423,-0.663710,1.975121,1.039965,-0.689097,0.659416,2.441288,3.706856,0.645307,-0.754051
-1.731822,3.468171,-0.073470,-0.664196,1.968226,1.046590,-0.689486,0.662519,2.447726,3.699290,0.643733,-0.756679
-1.732537,3.461524,-0.071514,-0.664684,1.961327,1.053247,-0.689863,0.665643,2.454147,3.691696,0.642143,-0.759325
-1.733232,3.454872,-0.069557,-0.665174,1.954425,1.059935,-0.690226,0.668786,2.460552,3.684077,0.640538,-0.761989
-1.733908,3.448215,-0.067598,-0.665666,1.947519,1.066654,-0.690575,0.671950,2.466941,3.676430,0.638916,-0.764671
-1.734565,3.441554,-0.065636,-0.666160,1.940610,1.073406,-0.690910,0.675134,2.473314,3.668756,0.637279,-0.767371
-1.735201,3.434887,-0.063672,-0.666656,1.933698,1.080189,-0.691231,0.678337,2.479670,3.661055,0.635624,-0.770089
-1.735818,3.428216,-0.061706,-0.667155,1.926782,1.087004,-0.691537,0.681561,2.486010,3.653327,0.633952,-0.772824
-1.736416,3.421539,-0.059737,-0.667655,1.919864,1.093853,-0.691828,0.684805,2.492332,3.645571,0.632263,-0.775578
-1.736993,3.414858,-0.057766,-0.668158,1.912943,1.100733,-0.692104,0.688069,2.498638,3.637788,0.630555,-0.778349
-1.737551,3.408171,-0.055792,-0.668663,1.906019,1.107647,-0.692364,0.691353,2.504926,3.629976,0.628829,-0.781139
-1.738089,3.401479,-0.053815,-0.669170,1.899093,1.114593,-0.692608,0.694657,2.511197,3.622137,0.627083,-0.783947
-1.738608,3.394783,-0.051836,-0.669679,1.892165,1.121573,-0.692836,0.697981,2.517450,3.614269,0.625318,-0.786772
-1.739106,3.388081,-0.049853,-0.670190,1.885235,1.128586,-0.693046,0.701325,2.523686,3.606373,0.623532,-0.789615
-1.739585,3.381374,-0.047867,-0.670703,1.878302,1.135633,-0.693239,0.704690,2.529903,3.598448,0.621726,-0.792477
-1.740044,3.374661,-0.045878,-0.671219,1.871368,1.142714,-0.693415,0.708074,2.536102,3.590494,0.619898,-0.795356
-1.740483,3.367944,-0.043886,-0.671736,1.864432,1.149829,-0.693572,0.711478,2.542282,3.582512,0.618049,-0.798253
-1.740901,3.361222,-0.041890,-0.672256,1.857495,1.156978,-0.693711,0.714903,2.548444,3.574500,0.616178,-0.801167
-1.741300,3.354494,-0.039891,-0.672778,1.850557,1.164161,-0.693831,0.718347,2.554587,3.566459,0.614284,-0.804099
-1.741679,3.347761,-0.037888,-0.673302,1.843618,1.171379,-0.693931,0.721810,2.560710,3.558389,0.612366,-0.807049
-1.742038,3.341023,-0.035881,-0.673827,1.836677,1.178632,-0.694012,0.725294,2.566815,3.550289,0.610425,-0.810017
-1.742377,3.334279,-0.033871,-0.674355,1.829737,1.185920,-0.694072,0.728796,2.572899,3.542159,0.608459,-0.813001
-1.742695,3.327530,-0.031856,-0.674886,1.822796,1.193243,-0.694112,0.732319,2.578964,3.533998,0.606468,-0.816003
-1.742994,3.320776,-0.029837,-0.675418,1.815854,1.200602,-0.694131,0.735860,2.585009,3.525808,0.604452,-0.819022
-1.743272,3.314017,-0.027814,-0.675952,1.808913,1.207996,-0.694128,0.739421,2.591033,3.517588,0.602410,-0.822058
-1.743530,3.307252,-0.025787,-0.676488,1.801972,1.215426,-0.694103,0.743001,2.597036,3.509336,0.600341,-0.825111
-1.743767,3.300481,-0.023755,-0.677027,1.795031,1.222892,-0.694056,0.746599,2.603019,3.501055,0.598244,-0.828181
-1.743984,3.293706,-0.021719,-0.677567,1.788091,1.230394,-0.693985,0.750217,2.608980,3.492742,0.596120,-0.831267
-1.744181,3.286925,-0.019678,-0.678110,1.781152,1.237933,-0.693892,0.753852,2.614919,3.484398,0.593968,-0.834369
-1.744357,3.280138,-0.017632,-0.678654,1.774215,1.245508,-0.693774,0.757506,2.620837,3.476023,0.591786,-0.837487
-1.744513,3.273346,-0.015581,-0.679201,1.767278,1.253120,-0.693632,0.761178,2.626733,3.467617,0.589575,-0.840622
-1.744649,3.266548,-0.013525,-0.679749,1.760344,1.260768,-0.693466,0.764868,2.632607,3.459180,0.587334,-0.843772
-1.744763,3.259745,-0.011464,-0.680300,1.753411,1.268454,-0.693274,0.768575,2.638457,3.450710,0.585062,-0.846937
-1.744857,3.252937,-0.009397,-0.680852,1.746480,1.276177,-0.693056,0.772299,2.644285,3.442209,0.582758,-0.850117
-1.744930,3.246123,-0.007325,-0.681406,1.739552,1.283937,-0.692812,0.776040,2.650089,3.433676,0.580422,-0.853312
-1.744983,3.239303,-0.005248,-0.681963,1.732627,1.291735,-0.692541,0.779798,2.655869,3.425111,0.578054,-0.856522
-1.745014,3.232478,-0.003164,-0.682521,1.725704,1.299571,-0.692243,0.783572,2.661626,3.416513,0.575652,-0.859746
-1.745025,3.225647,-0.001075,-0.683081,1.718785,1.307445,-0.691918,0.787363,2.667358,3.407884,0.573217,-0.862984
-1.745015,3.218811,0.001020,-0.683643,1.711870,1.315356,-0.691564,0.791168,2.673066,3.399221,0.570747,-0.866235
-1.744984,3.211969,0.003121,-0.684207,1.704958,1.323306,-0.691181,0.794989,2.678748,3.390526,0.568242,-0.869499
-1.744931,3.205121,0.005228,-0.684773,1.698050,1.331295,-0.690769,0.798825,2.684405,3.381799,0.565701,-0.872776
-1.744858,3.198268,0.007342,-0.685340,1.691147,1.339321,-0.690328,0.802675,2.690036,3.373038,0.563124,-0.876065
-1.744763,3.191409,0.009463,-0.685910,1.684248,1.347387,-0.689856,0.806539,2.695641,3.364244,0.560510,-0.879366
-1.744647,3.184544,0.011590,-0.686481,1.677355,1.355491,-0.689354,0.810416,2.701220,3.355417,0.557858,-0.882679
-1.744510,3.177673,0.013723,-0.687053,1.670467,1.363634,-0.688821,0.814306,2.706771,3.346557,0.555168,-0.886002
-1.744352,3.170797,0.015864,-0.687628,1.663584,1.371816,-0.688256,0.818209,2.712296,3.337664,0.552439,-0.889336
-1.744171,3.163915,0.018012,-0.688204,1.656708,1.380037,-0.687659,0.822123,2.717793,3.328737,0.549671,-0.892679
-1.743970,3.157027,0.020167,-0.688782,1.649837,1.388298,-0.687029,0.826049,2.723261,3.319777,0.546863,-0.896032
-1.743746,3.150134,0.022329,-0.689362,1.642974,1.396598,-0.686367,0.829985,2.728701,3.310783,0.544014,-0.899393
-1.743501,3.143234,0.024499,-0.689943,1.636117,1.404937,-0.685671,0.833932,2.734113,3.301755,0.541124,-0.902763
-1.743235,3.136329,0.026676,-0.690525,1.629267,1.413316,-0.684941,0.837888,2.739494,3.292694,0.538191,-0.906140
-1.742946,3.129418,0.028862,-0.691110,1.622426,1.421734,-0.684177,0.841852,2.744847,3.283599,0.535217,-0.909524
-1.742635,3.122501,0.031055,-0.691695,1.615592,1.430193,-0.683378,0.845825,2.750169,3.274470,0.532200,-0.912915
-1.742303,3.115578,0.033256,-0.692282,1.608766,1.438691,-0.682543,0.849805,2.755460,3.265307,0.529139,-0.916310
-1.741948,3.108649,0.035465,-0.692871,1.601950,1.447229,-0.681674,0.853791,2.760720,3.256110,0.526033,-0.919711
-1.741571,3.101715,0.037683,-0.693461,1.595142,1.455806,-0.680768,0.857783,2.765949,3.246879,0.522884,-0.923115
-1.741172,3.094774,0.039910,-0.694052,1.588344,1.464424,-0.679826,0.861780,2.771146,3.237613,0.519689,-0.926523
-1.740751,3.087828,0.042145,-0.694644,1.581555,1.473082,-0.678847,0.865782,2.776310,3.228314,0.516448,-0.929933
-1.740307,3.080876,0.044389,-0.695238,1.574777,1.481780,-0.677831,0.869786,2.781442,3.218981,0.513162,-0.933345
-1.739841,3.073917,0.046642,-0.695833,1.568009,1.490518,-0.676778,0.873793,2.786540,3.209613,0.509828,-0.936758
-1.739352,3.066953,0.048904,-0.696429,1.561252,1.499296,-0.675686,0.877802,2.791605,3.200212,0.506448,-0.940171
-1.738840,3.059983,0.051175,-0.697026,1.554507,1.508114,-0.674557,0.881811,2.796635,3.190776,0.503020,-0.943582
-1.738305,3.053007,0.053456,-0.697624,1.547773,1.516972,-0.673390,0.885820,2.801630,3.181306,0.499543,-0.946992
-1.737748,3.046025,0.055747,-0.698222,1.541051,1.525870,-0.672184,0.889827,2.806591,3.171802,0.496019,-0.950398
-1.737167,3.039036,0.058047,-0.698822,1.534342,1.534809,-0.670939,0.893832,2.811515,3.162264,0.492445,-0.953801
-1.736564,3.032042,0.060357,-0.699423,1.527645,1.543787,-0.669655,0.897833,2.816403,3.152692,0.488823,-0.957200
-1.735937,3.025042,0.062678,-0.700024,1.520962,1.552805,-0.668332,0.901829,2.821255,3.143086,0.485151,-0.960592
-1.735287,3.018036,0.065008,-0.700626,1.514292,1.561864,-0.666969,0.905820,2.826069,3.133446,0.481429,-0.963977
-1.734613,3.011023,0.067349,-0.701228,1.507636,1.570962,-0.665567,0.909804,2.830846,3.123772,0.477657,-0.967354
-1.733916,3.004005,0.069701,-0.701831,1.500995,1.580099,-0.664125,0.913780,2.835584,3.114065,0.473835,-0.970722
-1.733196,2.996981,0.072064,-0.702435,1.494369,1.589277,-0.662644,0.917747,2.840284,3.104324,0.469963,-0.974080
-1.732451,2.989950,0.074437,-0.703039,1.487757,1.598494,-0.661123,0.921704,2.844944,3.094550,0.466039,-0.977427
-1.731683,2.982914,0.076822,-0.703643,1.481162,1.607750,-0.659562,0.925649,2.849565,3.084743,0.462065,-0.980761
-1.730891,2.975871,0.079217,-0.704247,1.474582,1.617046,-0.657961,0.929581,2.854145,3.074902,0.458039,-0.984081
-1.730075,2.968823,0.081625,-0.704851,1.468019,1.626381,-0.656321,0.933498,2.858685,3.065028,0.453963,-0.987387
-1.729234,2.961768,0.084044,-0.705456,1.461473,1.635755,-0.654641,0.937401,2.863183,3.055121,0.449835,-0.990676
-1.728370,2.954708,0.086474,-0.706060,1.454943,1.645168,-0.652921,0.941286,2.867640,3.045182,0.445656,-0.993948
-1.727481,2.947641,0.088917,-0.706664,1.448432,1.654620,-0.651162,0.945153,2.872054,3.035210,0.441425,-0.997201
-1.726567,2.940568,0.091372,-0.707268,1.441938,1.664110,-0.649365,0.949001,2.876426,3.025205,0.437144,-1.000435
-1.725628,2.933490,0.093839,-0.707871,1.435463,1.673638,-0.647528,0.952828,2.880754,3.015169,0.432812,-1.003647
-1.724665,2.926405,0.096318,-0.708474,1.429006,1.683204,-0.645653,0.956632,2.885038,3.005100,0.428429,-1.006837
-1.723677,2.919314,0.098811,-0.709076,1.422569,1.692808,-0.643739,0.960413,2.889278,2.995000,0.423995,-1.010003
-1.722664,2.912217,0.101316,-0.709678,1.416151,1.702450,-0.641788,0.964169,2.893473,2.984869,0.419510,-1.013144
-1.721626,2.905114,0.103834,-0.710279,1.409753,1.712129,-0.639799,0.967897,2.897623,2.974706,0.414976,-1.016258
-1.720562,2.898006,0.106365,-0.710878,1.403375,1.721845,-0.637774,0.971598,2.901727,2.964513,0.410391,-1.019345
-1.719473,2.890891,0.108909,-0.711477,1.397018,1.731598,-0.635712,0.975270,2.905784,2.954289,0.405757,-1.022403
-1.718358,2.883770,0.111467,-0.712074,1.390682,1.741387,-0.633614,0.978910,2.909795,2.944035,0.401074,-1.025430
-1.717218,2.876643,0.114039,-0.712670,1.384367,1.751212,-0.631481,0.982518,2.913759,2.933750,0.396342,-1.028426
-1.716051,2.869511,0.116624,-0.713264,1.378074,1.761073,-0.629313,0.986092,2.917674,2.923436,0.391563,-1.031389
-1.714859,2.862372,0.119224,-0.713857,1.371803,1.770969,-0.627111,0.989631,2.921541,2.913093,0.386735,-1.034317
-1.713641,2.855228,0.121837,-0.714448,1.365554,1.780900,-0.624876,0.993133,2.925360,2.902721,0.381861,-1.037210
-1.712396,2.848078,0.124465,-0.715037,1.359328,1.790866,-0.622609,0.996596,2.929129,2.892321,0.376940,-1.040065
-1.711125,2.840921,0.127108,-0.715623,1.353125,1.800867,-0.620310,1.000020,2.932849,2.881892,0.371974,-1.042883
-1.709828,2.833759,0.129765,-0.716208,1.346945,1.810901,-0.617981,1.003402,2.936519,2.871435,0.366963,-1.045660
-1.708503,2.826591,0.132437,-0.716790,1.340789,1.820968,-0.615622,1.006742,2.940138,2.860951,0.361908,-1.048397
-1.707152,2.819418,0.135124,-0.717369,1.334657,1.831069,-0.613234,1.010037,2.943706,2.850440,0.356810,-1.051092
-1.705774,2.812238,0.137826,-0.717946,1.328549,1.841201,-0.610819,1.013287,2.947223,2.839903,0.351670,-1.053743
-1.704368,2.805053,0.140543,-0.718520,1.322465,1.851366,-0.608377,1.016490,2.950688,2.829339,0.346488,-1.056350
-1.702935,2.797862,0.143276,-0.719090,1.316406,1.861563,-0.605909,1.019644,2.954101,2.818750,0.341266,-1.058910
-1.701475,2.790665,0.146024,-0.719657,1.310372,1.871790,-0.603418,1.022749,2.957461,2.808136,0.336005,-1.061424
-1.699987,2.783463,0.148789,-0.720221,1.304363,1.882048,-0.600903,1.025802,2.960768,2.797497,0.330706,-1.063890
-1.698472,2.776255,0.151569,-0.720781,1.298379,1.892336,-0.598367,1.028803,2.964021,2.786834,0.325370,-1.066307
-1.696928,2.769042,0.154365,-0.721337,1.292421,1.902654,-0.595810,1.031750,2.967221,2.776147,0.319997,-1.068673
-1.695356,2.761823,0.157177,-0.721889,1.286489,1.913000,-0.593234,1.034642,2.970367,2.765437,0.314591,-1.070989
-1.693756,2.754599,0.160006,-0.722436,1.280582,1.923375,-0.590640,1.037478,2.973459,2.754705,0.309150,-1.073251
-1.692128,2.747369,0.162851,-0.722979,1.274702,1.933777,-0.588030,1.040257,2.976496,2.743950,0.303678,-1.075461
-1.690471,2.740134,0.165713,-0.723517,1.268848,1.944207,-0.585405,1.042976,2.979477,2.733174,0.298175,-1.077616
-1.688785,2.732893,0.168592,-0.724050,1.263020,1.954664,-0.582767,1.045636,2.982404,2.722377,0.292643,-1.079716
-1.687070,2.725647,0.171487,-0.724578,1.257219,1.965146,-0.580117,1.048235,2.985275,2.711560,0.287083,-1.081760
-1.685326,2.718396,0.174400,-0.725100,1.251444,1.975654,-0.577456,1.050772,2.988090,2.700722,0.281496,-1.083747
-1.683553,2.711140,0.177330,-0.725617,1.245697,1.986186,-0.574787,1.053246,2.990848,2.689865,0.275884,-1.085677
-1.681750,2.703879,0.180277,-0.726128,1.239975,1.996743,-0.572110,1.055657,2.993551,2.678990,0.270249,-1.087549
-1.679917,2.696613,0.183241,-0.726632,1.234281,2.007323,-0.569429,1.058002,2.996197,2.668096,0.264592,-1.089362
-1.678055,2.689341,0.186223,-0.727130,1.228614,2.017925,-0.566743,1.060281,2.998786,2.657185,0.258914,-1.091115
-1.676163,2.682065,0.189222,-0.727622,1.222973,2.028550,-0.564055,1.062494,3.001318,2.646257,0.253217,-1.092808
-1.674241,2.674784,0.192239,-0.728106,1.217360,2.039196,-0.561367,1.064640,3.003793,2.635312,0.247503,-1.094441
-1.672288,2.667498,0.195274,-0.728583,1.211773,2.049864,-0.558679,1.066717,3.006211,2.624352,0.241773,-1.096013
-1.670305,2.660208,0.198327,-0.729053,1.206213,2.060551,-0.555995,1.068726,3.008571,2.613377,0.236030,-1.097524
-1.668291,2.652912,0.201397,-0.729515,1.200680,2.071258,-0.553315,1.070665,3.010874,2.602387,0.230273,-1.098973
-1.666246,2.645613,0.204486,-0.729969,1.195173,2.081983,-0.550642,1.072534,3.013119,2.591384,0.224506,-1.100360
-1.664170,2.638309,0.207593,-0.730415,1.189694,2.092726,-0.547976,1.074332,3.015306,2.580367,0.218730,-1.101685
-1.662063,2.631000,0.210718,-0.730851,1.184240,2.103487,-0.545320,1.076060,3.017436,2.569338,0.212946,-1.102947
-1.659924,2.623687,0.213861,-0.731279,1.178814,2.114264,-0.542676,1.077716,3.019507,2.558296,0.207156,-1.104148
-1.657754,2.616370,0.217023,-0.731698,1.173413,2.125057,-0.540044,1.079300,3.021521,2.547243,0.201362,-1.105285
-1.655552,2.609049,0.220202,-0.732107,1.168039,2.135865,-0.537428,1.080812,3.023477,2.536180,0.195565,-1.106361
-1.653318,2.601724,0.223401,-0.732507,1.162691,2.146688,-0.534828,1.082252,3.025374,2.525106,0.189767,-1.107373
-1.651052,2.594395,0.226617,-0.732896,1.157368,2.157524,-0.532246,1.083618,3.027214,2.514023,0.183969,-1.108324
-1.648753,2.587062,0.229852,-0.733275,1.152071,2.168373,-0.529683,1.084912,3.028996,2.502931,0.178174,-1.109212
-1.646422,2.579726,0.233106,-0.733644,1.146800,2.179235,-0.527142,1.086133,3.030720,2.491830,0.172383,-1.110039
-1.644058,2.572386,0.236378,-0.734001,1.141554,2.190107,-0.524624,1.087281,3.032386,2.480722,0.166596,-1.110804
-1.641662,2.565042,0.239668,-0.734347,1.136332,2.200991,-0.522131,1.088356,3.033994,2.469607,0.160817,-1.111508
-1.639232,2.557695,0.242977,-0.734681,1.131136,2.211884,-0.519663,1.089358,3.035544,2.458486,0.155046,-1.112150
-1.636769,2.550345,0.246305,-0.735003,1.125963,2.222787,-0.517223,1.090287,3.037037,2.447359,0.149285,-1.112733
-1.634272,2.542992,0.249651,-0.735313,1.120815,2.233699,-0.514812,1.091143,3.038472,2.436226,0.143535,-1.113255
-1.631742,2.535636,0.253015,-0.735610,1.115691,2.244618,-0.512432,1.091927,3.039850,2.425089,0.137798,-1.113718
-1.629178,2.528277,0.256398,-0.735894,1.110590,2.255545,-0.510083,1.092638,3.041171,2.413948,0.132075,-1.114122
-1.626580,2.520916,0.259799,-0.736165,1.105512,2.266477,-0.507768,1.093276,3.042435,2.402803,0.126367,-1.114467
-1.623948,2.513551,0.263219,-0.736423,1.100458,2.277416,-0.505487,1.093843,3.043642,2.391655,0.120677,-1.114755
-1.621282,2.506185,0.266656,-0.736666,1.095425,2.288359,-0.503242,1.094338,3.044792,2.380506,0.115005,-1.114985
-1.618580,2.498816,0.270112,-0.736895,1.090415,2.299307,-0.501033,1.094762,3.045885,2.369354,0.109352,-1.115160
-1.615844,2.491444,0.273586,-0.737110,1.085426,2.310258,-0.498864,1.095115,3.046922,2.358201,0.103720,-1.115279
-1.613074,2.484071,0.277079,-0.737309,1.080459,2.321212,-0.496733,1.095398,3.047904,2.347048,0.098110,-1.115343
-1.610268,2.476696,0.280589,-0.737493,1.075512,2.332168,-0.494643,1.095611,3.048829,2.335894,0.092523,-1.115353
-1.607427,2.469320,0.284116,-0.737662,1.070586,2.343125,-0.492594,1.095754,3.049698,2.324741,0.086960,-1.115310
-1.604550,2.461941,0.287662,-0.737814,1.065680,2.354084,-0.490588,1.095828,3.050513,2.313589,0.081422,-1.115215
-1.601638,2.454562,0.291225,-0.737950,1.060794,2.365042,-0.488625,1.095834,3.051272,2.302439,0.075911,-1.115068
-1.598690,2.447181,0.294806,-0.738070,1.055927,2.376000,-0.486707,1.095772,3.051976,2.291290,0.070427,-1.114871
-1.595706,2.439800,0.298404,-0.738173,1.051079,2.386956,-0.484834,1.095643,3.052626,2.280144,0.064972,-1.114625
-1.592686,2.432417,0.302019,-0.738258,1.046249,2.397911,-0.483006,1.095447,3.053221,2.269001,0.059545,-1.114330
-1.589629,2.425034,0.305652,-0.738325,1.041436,2.408862,-0.481226,1.095186,3.053763,2.257861,0.054149,-1.113987
-1.586536,2.417650,0.309301,-0.738375,1.036641,2.419811,-0.479492,1.094859,3.054250,2.246725,0.048783,-1.113598
-1.583406,2.410266,0.312967,-0.738406,1.031863,2.430756,-0.477807,1.094468,3.054685,2.235593,0.043449,-1.113164
-1.580240,2.402881,0.316649,-0.738419,1.027102,2.441696,-0.476170,1.094012,3.055066,2.224466,0.038148,-1.112685
-1.577036,2.395497,0.320348,-0.738412,1.022356,2.452631,-0.474582,1.093493,3.055395,2.213345,0.032879,-1.112162
-1.573796,2.388113,0.324063,-0.738387,1.017625,2.463560,-0.473044,1.092912,3.055671,2.202229,0.027644,-1.111597
-1.570518,2.380730,0.327794,-0.738342,1.012910,2.474482,-0.471556,1.092269,3.055896,2.191119,0.022444,-1.110991
-1.567202,2.373347,0.331540,-0.738276,1.008209,2.485398,-0.470118,1.091565,3.056069,2.180016,0.017278,-1.110344
-1.563849,2.365965,0.335302,-0.738191,1.003521,2.496306,-0.468730,1.090801,3.056190,2.168919,0.012148,-1.109658
-1.560459,2.358584,0.339079,-0.738085,0.998847,2.507206,-0.467394,1.089977,3.056261,2.157830,0.007054,-1.108934
-1.557030,2.351205,0.342871,-0.737958,0.994186,2.518097,-0.466108,1.089094,3.056281,2.146748,0.001996,-1.108173
-1.553563,2.343827,0.346678,-0.737810,0.989538,2.528978,-0.464874,1.088153,3.056251,2.135674,-0.003026,-1.107375
-1.550058,2.336450,0.350499,-0.737641,0.984901,2.539850,-0.463691,1.087155,3.056170,2.124609,-0.008010,-1.106543
-1.546515,2.329076,0.354335,-0.737450,0.980275,2.550711,-0.462559,1.086100,3.056041,2.113552,-0.012957,-1.105676
-1.542933,2.321703,0.358184,-0.737236,0.975660,2.561561,-0.461479,1.084990,3.055862,2.102504,-0.017866,-1.104776
-1.539312,2.314333,0.362047,-0.737001,0.971056,2.572399,-0.460450,1.083824,3.055635,2.091466,-0.022738,-1.103845
-1.535653,2.306966,0.365923,-0.736743,0.966461,2.583225,-0.459473,1.082604,3.055359,2.080437,-0.027571,-1.102882
-1.531955,2.299602,0.369812,-0.736462,0.961876,2.594038,-0.458546,1.081331,3.055036,2.069418,-0.032366,-1.101889
-1.528218,2.292240,0.373713,-0.736157,0.957299,2.604838,-0.457671,1.080005,3.054664,2.058409,-0.037122,-1.100868
-1.524442,2.284882,0.377627,-0.735830,0.952730,2.615625,-0.456847,1.078626,3.054246,2.047411,-0.041840,-1.099819
-1.520626,2.277527,0.381553,-0.735479,0.948170,2.626397,-0.456073,1.077197,3.053781,2.036423,-0.046519,-1.098742
-1.516771,2.270176,0.385491,-0.735104,0.943616,2.637154,-0.455349,1.075717,3.053269,2.025447,-0.051160,-1.097640
-1.512877,2.262829,0.389440,-0.734705,0.939069,2.647896,-0.454676,1.074187,3.052711,2.014482,-0.055762,-1.096513
-1.508943,2.255486,0.393400,-0.734281,0.934529,2.658622,-0.454052,1.072608,3.052108,2.003528,-0.060325,-1.095361
-1.504969,2.248148,0.397370,-0.733833,0.929994,2.669332,-0.453477,1.070981,3.051460,1.992586,-0.064850,-1.094187
-1.500956,2.240814,0.401351,-0.733360,0.925465,2.680025,-0.452951,1.069306,3.050766,1.981657,-0.069336,-1.092990
-1.496902,2.233486,0.405341,-0.732863,0.920940,2.690701,-0.452473,1.067584,3.050029,1.970739,-0.073784,-1.091772
-1.492809,2.226162,0.409341,-0.732340,0.916420,2.701359,-0.452043,1.065815,3.049247,1.959834,-0.078193,-1.090533
-1.488675,2.218844,0.413350,-0.731791,0.911903,2.711999,-0.451661,1.064001,3.048421,1.948941,-0.082564,-1.089275
-1.484502,2.211532,0.417367,-0.731217,0.907390,2.722620,-0.451325,1.062142,3.047552,1.938061,-0.086897,-1.087998
-1.480288,2.204226,0.421393,-0.730618,0.902879,2.733222,-0.451036,1.060239,3.046640,1.927194,-0.091192,-1.086702
-1.476034,2.196926,0.425427,-0.729992,0.898371,2.743805,-0.450792,1.058293,3.045686,1.916340,-0.095449,-1.085390
-1.471739,2.189633,0.429468,-0.729341,0.893866,2.754369,-0.450593,1.056303,3.044689,1.905499,-0.099669,-1.084062
-1.467404,2.182346,0.433516,-0.728663,0.889361,2.764911,-0.450438,1.054271,3.043650,1.894672,-0.103851,-1.082717
-1.463028,2.175066,0.437570,-0.727959,0.884858,2.775433,-0.450327,1.052198,3.042570,1.883858,-0.107997,-1.081358
-1.458612,2.167794,0.441631,-0.727229,0.880355,2.785934,-0.450259,1.050083,3.041449,1.873059,-0.112106,-1.079985
-1.454155,2.160530,0.445697,-0.726472,0.875853,2.796413,-0.450233,1.047928,3.040287,1.862273,-0.116178,-1.078599
-1.449657,2.153273,0.449768,-0.725689,0.871350,2.806870,-0.450249,1.045733,3.039085,1.851501,-0.120215,-1.077200
-1.445119,2.146024,0.453845,-0.724878,0.866847,2.817306,-0.450305,1.043499,3.037843,1.840743,-0.124215,-1.075789
-1.440539,2.138783,0.457925,-0.724041,0.862343,2.827718,-0.450401,1.041227,3.036561,1.829999,-0.128180,-1.074366
-1.435919,2.131552,0.462010,-0.723177,0.857838,2.838107,-0.450537,1.038916,3.035240,1.819270,-0.132110,-1.072933
-1.431258,2.124329,0.466098,-0.722286,0.853331,2.848473,-0.450711,1.036569,3.033880,1.808555,-0.136006,-1.071490
-1.426556,2.117115,0.470189,-0.721368,0.848822,2.858814,-0.450922,1.034184,3.032482,1.797855,-0.139866,-1.070038
-1.421814,2.109911,0.474283,-0.720424,0.844310,2.869132,-0.451170,1.031763,3.031045,1.787169,-0.143693,-1.068576
-1.417030,2.102716,0.478379,-0.719452,0.839795,2.879425,-0.451454,1.029306,3.029570,1.776498,-0.147486,-1.067106
-1.412205,2.095532,0.482476,-0.718453,0.835278,2.889693,-0.451774,1.026814,3.028058,1.765841,-0.151246,-1.065629
-1.407339,2.088358,0.486575,-0.717426,0.830756,2.899936,-0.452127,1.024288,3.026508,1.755200,-0.154973,-1.064144
-1.402433,2.081194,0.490674,-0.716373,0.826231,2.910153,-0.452514,1.021727,3.024921,1.744573,-0.158667,-1.062653
-1.397485,2.074041,0.494774,-0.715293,0.821702,2.920345,-0.452933,1.019133,3.023298,1.733962,-0.162330,-1.061155
-1.392496,2.066899,0.498873,-0.714186,0.817168,2.930510,-0.453383,1.016506,3.021638,1.723365,-0.165960,-1.059652
-1.387466,2.059768,0.502972,-0.713052,0.812630,2.940648,-0.453865,1.013846,3.019943,1.712784,-0.169560,-1.058144
-1.382396,2.052649,0.507070,-0.711891,0.808086,2.950760,-0.454376,1.011155,3.018211,1.702218,-0.173129,-1.056630
-1.377284,2.045542,0.511166,-0.710703,0.803537,2.960844,-0.454917,1.008432,3.016444,1.691666,-0.176667,-1.055113
-1.372131,2.038448,0.515260,-0.709488,0.798982,2.970901,-0.455485,1.005678,3.014643,1.681131,-0.180175,-1.053591
-1.366938,2.031365,0.519351,-0.708246,0.794421,2.980930,-0.456080,1.002893,3.012806,1.670610,-0.183654,-1.052067
-1.361704,2.024295,0.523440,-0.706978,0.789854,2.990931,-0.456702,1.000079,3.010935,1.660104,-0.187104,-1.050539
-1.356428,2.017238,0.527525,-0.705683,0.785280,3.000903,-0.457349,0.997235,3.009030,1.649614,-0.190525,-1.049008
-1.351112,2.010195,0.531607,-0.704362,0.780700,3.010847,-0.458021,0.994362,3.007091,1.639140,-0.193917,-1.047475
-1.345755,2.003165,0.535684,-0.703015,0.776113,3.020761,-0.458717,0.991461,3.005118,1.628680,-0.197282,-1.045939
-1.340358,1.996148,0.539756,-0.701642,0.771519,3.030647,-0.459435,0.988532,3.003112,1.618236,-0.200620,-1.044403
-1.334920,1.989146,0.543823,-0.700242,0.766917,3.040502,-0.460175,0.985575,3.001072,1.607807,-0.203931,-1.042864
-1.329441,1.982157,0.547885,-0.698817,0.762308,3.050328,-0.460935,0.982591,2.999000,1.597394,-0.207215,-1.041325
-1.323921,1.975184,0.551941,-0.697366,0.757690,3.060124,-0.461716,0.979581,2.996896,1.586996,-0.210473,-1.039785
-1.318362,1.968225,0.555990,-0.695890,0.753065,3.069890,-0.462517,0.976544,2.994759,1.576614,-0.213706,-1.038244
-1.312761,1.961281,0.560032,-0.694388,0.748432,3.079624,-0.463335,0.973482,2.992589,1.566247,-0.216914,-1.036704
-1.307121,1.954352,0.564067,-0.692862,0.743790,3.089328,-0.464171,0.970395,2.990388,1.555895,-0.220097,-1.035163
-1.301440,1.947439,0.568094,-0.691310,0.739140,3.099001,-0.465024,0.967283,2.988156,1.545559,-0.223255,-1.033623
-1.295719,1.940542,0.572113,-0.689734,0.734481,3.108643,-0.465893,0.964147,2.985892,1.535238,-0.226390,-1.032082
-1.289957,1.933661,0.576124,-0.688133,0.729813,3.118253,-0.466776,0.960987,2.983597,1.524933,-0.229501,-1.030543
-1.284156,1.926796,0.580125,-0.686508,0.725137,3.127831,-0.467674,0.957804,2.981271,1.514643,-0.232590,-1.029005
-1.278315,1.919947,0.584117,-0.684860,0.720451,3.137377,-0.468585,0.954598,2.978914,1.504368,-0.235656,-1.027468
-1.272434,1.913115,0.588100,-0.683187,0.715756,3.146890,-0.469508,0.951370,2.976527,1.494109,-0.238700,-1.025932
-1.266513,1.906300,0.592073,-0.681491,0.711051,3.156371,-0.470443,0.948120,2.974110,1.483865,-0.241722,-1.024398
-1.260553,1.899503,0.596035,-0.679772,0.706337,3.165820,-0.471389,0.944848,2.971663,1.473636,-0.244723,-1.022865
-1.254553,1.892722,0.599986,-0.678031,0.701614,3.175236,-0.472346,0.941555,2.969186,1.463423,-0.247703,-1.021334
-1.248514,1.885960,0.603926,-0.676266,0.696881,3.184618,-0.473311,0.938242,2.966679,1.453225,-0.250662,-1.019805
-1.242435,1.879215,0.607855,-0.674480,0.692138,3.193967,-0.474285,0.934909,2.964143,1.443042,-0.253602,-1.018279
-1.236318,1.872488,0.611771,-0.672671,0.687385,3.203283,-0.475267,0.931556,2.961578,1.432874,-0.256522,-1.016754
-1.230161,1.865780,0.615676,-0.670841,0.682623,3.212564,-0.476256,0.928183,2.958984,1.422722,-0.259423,-1.015233
-1.223965,1.859090,0.619568,-0.668989,0.677850,3.221812,-0.477252,0.924793,2.956361,1.412585,-0.262305,-1.013713
-1.217731,1.852419,0.623447,-0.667117,0.673068,3.231026,-0.478253,0.921383,2.953709,1.402463,-0.265169,-1.012196
-1.211457,1.845767,0.627313,-0.665223,0.668275,3.240206,-0.479259,0.917956,2.951029,1.392356,-0.268014,-1.010682
-1.205146,1.839134,0.631166,-0.663310,0.663472,3.249351,-0.480269,0.914511,2.948321,1.382265,-0.270842,-1.009171
-1.198796,1.832520,0.635005,-0.661377,0.658660,3.258461,-0.481283,0.911050,2.945584,1.372188,-0.273653,-1.007663
-1.192407,1.825926,0.638830,-0.659423,0.653836,3.267537,-0.482300,0.907572,2.942820,1.362126,-0.276447,-1.006158
-1.185981,1.819351,0.642641,-0.657451,0.649003,3.276578,-0.483319,0.904078,2.940027,1.352080,-0.279225,-1.004655
-1.179517,1.812796,0.646437,-0.655460,0.644160,3.285584,-0.484340,0.900568,2.937207,1.342048,-0.281987,-1.003156
-1.173014,1.806262,0.650218,-0.653450,0.639306,3.294554,-0.485361,0.897043,2.934360,1.332032,-0.284733,-1.001660
-1.166475,1.799748,0.653985,-0.651423,0.634442,3.303489,-0.486383,0.893503,2.931485,1.322030,-0.287463,-1.000168
-1.159897,1.793254,0.657736,-0.649377,0.629568,3.312389,-0.487405,0.889949,2.928584,1.312043,-0.290179,-0.998679
-1.153283,1.786781,0.661471,-0.647314,0.624684,3.321253,-0.488426,0.886382,2.925655,1.302071,-0.292880,-0.997193
-1.146631,1.780329,0.665191,-0.645234,0.619790,3.330081,-0.489445,0.882800,2.922699,1.292114,-0.295567,-0.995710
-1.139942,1.773897,0.668895,-0.643138,0.614885,3.338873,-0.490462,0.879206,2.919717,1.282172,-0.298240,-0.994231
-1.133216,1.767487,0.672583,-0.641025,0.609970,3.347629,-0.491477,0.875599,2.916708,1.272244,-0.300900,-0.992756
-1.126453,1.761098,0.676254,-0.638897,0.605045,3.356348,-0.492489,0.871980,2.913672,1.262331,-0.303546,-0.991284
-1.119654,1.754730,0.679909,-0.636753,0.600110,3.365032,-0.493497,0.868349,2.910610,1.252433,-0.306180,-0.989815
-1.112819,1.748384,0.683547,-0.634594,0.595165,3.373679,-0.494501,0.864707,2.907522,1.242550,-0.308801,-0.988350
-1.105947,1.742060,0.687169,-0.632421,0.590210,3.382289,-0.495500,0.861054,2.904408,1.232681,-0.311410,-0.986888
-1.099039,1.735758,0.690773,-0.630234,0.585246,3.390863,-0.496495,0.857391,2.901268,1.222827,-0.314007,-0.985430
-1.092096,1.729478,0.694361,-0.628033,0.580271,3.399400,-0.497483,0.853718,2.898103,1.212987,-0.316593,-0.983975
-1.085117,1.723219,0.697931,-0.625819,0.575286,3.407901,-0.498466,0.850035,2.894911,1.203162,-0.319168,-0.982524
-1.078102,1.716983,0.701484,-0.623591,0.570292,3.416364,-0.499442,0.846343,2.891694,1.193351,-0.321732,-0.981077
-1.071051,1.710770,0.705019,-0.621352,0.565288,3.424791,-0.500411,0.842642,2.888451,1.183554,-0.324285,-0.979633
-1.063966,1.704579,0.708536,-0.619100,0.560274,3.433180,-0.501373,0.838933,2.885182,1.173772,-0.326829,-0.978192
-1.056846,1.698411,0.712037,-0.616837,0.555251,3.441532,-0.502327,0.835216,2.881889,1.164005,-0.329362,-0.976755
-1.049691,1.692265,0.715519,-0.614563,0.550218,3.449847,-0.503273,0.831491,2.878570,1.154252,-0.331886,-0.975322
-1.042501,1.686142,0.718983,-0.612278,0.545176,3.458124,-0.504211,0.827760,2.875226,1.144513,-0.334401,-0.973892
-1.035276,1.680042,0.722430,-0.609983,0.540124,3.466365,-0.505139,0.824021,2.871857,1.134788,-0.336907,-0.972465
-1.028018,1.673965,0.725858,-0.607678,0.535064,3.474567,-0.506059,0.820277,2.868463,1.125078,-0.339404,-0.971041
-1.020725,1.667912,0.729269,-0.605363,0.529994,3.482733,-0.506968,0.816526,2.865044,1.115381,-0.341893,-0.969621
-1.013399,1.661881,0.732661,-0.603040,0.524915,3.490860,-0.507868,0.812770,2.861600,1.105699,-0.344374,-0.968204
-1.006038,1.655874,0.736036,-0.600708,0.519828,3.498950,-0.508758,0.809009,2.858132,1.096032,-0.346847,-0.966791
-0.998644,1.649891,0.739392,-0.598367,0.514731,3.507003,-0.509637,0.805243,2.854639,1.086378,-0.349313,-0.965380
-0.991217,1.643930,0.742731,-0.596019,0.509626,3.515018,-0.510505,0.801473,2.851121,1.076738,-0.351771,-0.963973
-0.983757,1.637994,0.746051,-0.593664,0.504513,3.522995,-0.511362,0.797699,2.847579,1.067112,-0.354223,-0.962568
-0.976263,1.632081,0.749353,-0.591303,0.499391,3.530934,-0.512208,0.793921,2.844012,1.057501,-0.356668,-0.961167
-0.968737,1.626191,0.752637,-0.588934,0.494260,3.538835,-0.513041,0.790140,2.840421,1.047903,-0.359107,-0.959769
-0.961178,1.620326,0.755903,-0.586560,0.489122,3.546699,-0.513863,0.786357,2.836806,1.038319,-0.361540,-0.958374
-0.953586,1.614484,0.759151,-0.584180,0.483975,3.554524,-0.514673,0.782570,2.833166,1.028749,-0.363967,-0.956981
-0.945962,1.608666,0.762381,-0.581795,0.478820,3.562312,-0.515471,0.778782,2.829502,1.019194,-0.366389,-0.955591
-0.938306,1.602872,0.765594,-0.579406,0.473658,3.570062,-0.516256,0.774992,2.825814,1.009652,-0.368806,-0.954205
-0.930619,1.597102,0.768788,-0.577012,0.468487,3.577774,-0.517028,0.771201,2.822102,1.000123,-0.371217,-0.952820
-0.922899,1.591356,0.771964,-0.574614,0.463309,3.585448,-0.517787,0.767409,2.818366,0.990609,-0.373624,-0.951439
-0.915148,1.585634,0.775123,-0.572213,0.458124,3.593084,-0.518533,0.763616,2.814605,0.981108,-0.376027,-0.950059
-0.907365,1.579935,0.778265,-0.569809,0.452931,3.600682,-0.519265,0.759822,2.810821,0.971622,-0.378425,-0.948683
-0.899551,1.574261,0.781388,-0.567403,0.447732,3.608243,-0.519984,0.756029,2.807013,0.962149,-0.380820,-0.947308
-0.891706,1.568612,0.784495,-0.564994,0.442525,3.615765,-0.520689,0.752236,2.803181,0.952689,-0.383211,-0.945936
-0.883830,1.562986,0.787584,-0.562583,0.437311,3.623249,-0.521381,0.748444,2.799325,0.943243,-0.385599,-0.944566
-0.875924,1.557384,0.790655,-0.560172,0.432090,3.630696,-0.522058,0.744653,2.795445,0.933812,-0.387983,-0.943198
-0.867987,1.551806,0.793710,-0.557759,0.426863,3.638104,-0.522722,0.740863,2.791541,0.924393,-0.390365,-0.941832
-0.860019,1.546253,0.796748,-0.555346,0.421629,3.645475,-0.523371,0.737075,2.787614,0.914989,-0.392744,-0.940469
-0.852022,1.540724,0.799769,-0.552932,0.416389,3.652808,-0.524006,0.733289,2.783663,0.905597,-0.395120,-0.939106
2.480791,-2.787382,-0.862776,-0.072012,-0.725316,1.397018,0.438701,0.198500,4.678961,1.636422,0.747921,0.908012
2.472163,-2.788089,-0.862848,-0.070726,-0.720918,1.398998,0.439807,0.197965,4.686430,1.645494,0.746886,0.907261
2.463533,-2.788784,-0.862922,-0.069442,-0.716509,1.400972,0.440911,0.197428,4.693889,1.654560,0.745853,0.906515
2.454903,-2.789465,-0.862995,-0.068162,-0.712089,1.402941,0.442015,0.196890,4.701337,1.663617,0.744822,0.905773
2.446273,-2.790134,-0.863069,-0.066884,-0.707658,1.404904,0.443117,0.196350,4.708775,1.672668,0.743792,0.905035
2.437641,-2.790790,-0.863144,-0.065610,-0.703216,1.406862,0.444218,0.195809,4.716202,1.681711,0.742764,0.904302
2.429009,-2.791434,-0.863219,-0.064338,-0.698763,1.408815,0.445318,0.195267,4.723619,1.690746,0.741737,0.903573
2.420376,-2.792064,-0.863294,-0.063069,-0.694298,1.410762,0.446417,0.194723,4.731027,1.699775,0.740713,0.902848
2.411742,-2.792682,-0.863370,-0.061803,-0.689823,1.412704,0.447514,0.194178,4.738423,1.708796,0.739690,0.902128
2.403108,-2.793288,-0.863447,-0.060540,-0.685337,1.414640,0.448610,0.193631,4.745810,1.717810,0.738669,0.901411
2.394473,-2.793880,-0.863523,-0.059279,-0.680840,1.416571,0.449705,0.193083,4.753187,1.726817,0.737649,0.900699
2.385837,-2.794461,-0.863601,-0.058021,-0.676332,1.418497,0.450798,0.192533,4.760553,1.735817,0.736631,0.899990
2.377200,-2.795028,-0.863678,-0.056765,-0.671813,1.420416,0.451891,0.191982,4.767909,1.744810,0.735615,0.899286
2.368562,-2.795583,-0.863756,-0.055512,-0.667283,1.422331,0.452981,0.191430,4.775255,1.753796,0.734601,0.898585
2.359924,-2.796126,-0.863835,-0.054261,-0.662743,1.424240,0.454071,0.190876,4.782591,1.762775,0.733588,0.897889
2.351285,-2.796656,-0.863914,-0.053012,-0.658191,1.426143,0.455159,0.190320,4.789917,1.771747,0.732577,0.897196
2.342645,-2.797174,-0.863993,-0.051766,-0.653629,1.428040,0.456247,0.189763,4.797232,1.780712,0.731568,0.896507
2.334004,-2.797679,-0.864073,-0.050522,-0.649055,1.429932,0.457332,0.189204,4.804538,1.789670,0.730561,0.895822
2.325362,-2.798172,-0.864153,-0.049281,-0.644471,1.431819,0.458417,0.188644,4.811833,1.798621,0.729555,0.895140
2.316720,-2.798652,-0.864234,-0.048041,-0.639876,1.433700,0.459500,0.188083,4.819119,1.807566,0.728551,0.894462
2.308077,-2.799120,-0.864315,-0.046803,-0.635270,1.435575,0.460582,0.187519,4.826395,1.816504,0.727548,0.893788
2.299433,-2.799576,-0.864396,-0.045568,-0.630654,1.437444,0.461662,0.186955,4.833660,1.825435,0.726548,0.893117
2.290788,-2.800019,-0.864478,-0.044335,-0.626026,1.439308,0.462741,0.186389,4.840916,1.834360,0.725549,0.892450
2.282143,-2.800450,-0.864560,-0.043103,-0.621388,1.441167,0.463819,0.185821,4.848161,1.843277,0.724552,0.891786
2.273496,-2.800869,-0.864642,-0.041874,-0.616739,1.443019,0.464895,0.185251,4.855397,1.852189,0.723556,0.891126
2.264849,-2.801275,-0.864725,-0.040646,-0.612079,1.444866,0.465970,0.184680,4.862622,1.861093,0.722562,0.890469
2.256201,-2.801670,-0.864808,-0.039420,-0.607409,1.446707,0.467044,0.184108,4.869838,1.869991,0.721570,0.889816
2.247552,-2.802052,-0.864892,-0.038196,-0.602728,1.448542,0.468116,0.183534,4.877044,1.878883,0.720580,0.889166
2.238902,-2.802421,-0.864976,-0.036974,-0.598036,1.450372,0.469187,0.182958,4.884240,1.887768,0.719591,0.888519
2.230252,-2.802779,-0.865060,-0.035753,-0.593333,1.452196,0.470257,0.182381,4.891426,1.896647,0.718604,0.887875
2.221600,-2.803124,-0.865144,-0.034534,-0.588620,1.454014,0.471325,0.181802,4.898602,1.905519,0.717619,0.887235
2.212948,-2.803457,-0.865229,-0.033316,-0.583896,1.455826,0.472392,0.181221,4.905768,1.914385,0.716636,0.886598
2.204295,-2.803778,-0.865314,-0.032100,-0.579162,1.457632,0.473457,0.180639,4.912925,1.923245,0.715654,0.885964
2.195641,-2.804087,-0.865399,-0.030886,-0.574417,1.459433,0.474521,0.180055,4.920072,1.932098,0.714674,0.885333
2.186986,-2.804384,-0.865485,-0.029673,-0.569661,1.461228,0.475583,0.179469,4.927208,1.940945,0.713695,0.884706
2.178330,-2.804668,-0.865571,-0.028461,-0.564894,1.463016,0.476644,0.178882,4.934336,1.949786,0.712718,0.884081
2.169674,-2.804941,-0.865657,-0.027251,-0.560117,1.464799,0.477704,0.178293,4.941453,1.958621,0.711743,0.883459
2.161016,-2.805201,-0.865743,-0.026043,-0.555330,1.466576,0.478762,0.177703,4.948561,1.967449,0.710770,0.882841
2.152358,-2.805450,-0.865830,-0.024835,-0.550531,1.468347,0.479819,0.177111,4.955659,1.976271,0.709798,0.882225
2.143699,-2.805686,-0.865916,-0.023629,-0.545723,1.470113,0.480874,0.176517,4.962747,1.985087,0.708828,0.881612
2.135039,-2.805910,-0.866003,-0.022424,-0.540903,1.471872,0.481927,0.175921,4.969826,1.993897,0.707860,0.881003
2.126378,-2.806123,-0.866090,-0.021220,-0.536074,1.473625,0.482980,0.175324,4.976895,2.002701,0.706893,0.880395
2.117716,-2.806323,-0.866178,-0.020017,-0.531233,1.475372,0.484030,0.174725,4.983954,2.011499,0.705928,0.879791
2.109053,-2.806511,-0.866265,-0.018816,-0.526382,1.477113,0.485080,0.174125,4.991004,2.020291,0.704965,0.879190
2.100390,-2.806687,-0.866353,-0.017615,-0.521521,1.478849,0.486127,0.173522,4.998044,2.029077,0.704003,0.878591
2.091726,-2.806851,-0.866441,-0.016416,-0.516649,1.480578,0.487173,0.172918,5.005074,2.037857,0.703043,0.877995
2.083060,-2.807003,-0.866529,-0.015217,-0.511767,1.482301,0.488218,0.172313,5.012095,2.046631,0.702085,0.877402
2.074394,-2.807144,-0.866617,-0.014019,-0.506875,1.484018,0.489261,0.171705,5.019106,2.055399,0.701128,0.876812
2.065727,-2.807272,-0.866705,-0.012823,-0.501972,1.485729,0.490303,0.171096,5.026108,2.064161,0.700173,0.876224
2.057059,-2.807388,-0.866793,-0.011627,-0.497058,1.487434,0.491343,0.170485,5.033101,2.072918,0.699219,0.875639
2.048390,-2.807493,-0.866881,-0.010432,-0.492134,1.489133,0.492381,0.169872,5.040083,2.081668,0.698268,0.875056
2.039721,-2.807585,-0.866970,-0.009238,-0.487200,1.490825,0.493418,0.169258,5.047057,2.090413,0.697317,0.874476
2.031050,-2.807665,-0.867058,-0.008045,-0.482256,1.492512,0.494453,0.168641,5.054020,2.099152,0.696369,0.873898
2.022378,-2.807734,-0.867146,-0.006852,-0.477301,1.494192,0.495487,0.168023,5.060975,2.107885,0.695422,0.873323
2.013706,-2.807790,-0.867235,-0.005660,-0.472336,1.495866,0.496519,0.167404,5.067919,2.116613,0.694477,0.872750
2.005033,-2.807835,-0.867323,-0.004469,-0.467360,1.497534,0.497549,0.166782,5.074854,2.125335,0.693533,0.872180
1.996359,-2.807868,-0.867412,-0.003279,-0.462374,1.499195,0.498578,0.166159,5.081780,2.134051,0.692591,0.871612
1.987684,-2.807889,-0.867500,-0.002089,-0.457378,1.500851,0.499605,0.165534,5.088697,2.142761,0.691651,0.871047
1.979008,-2.807898,-0.867589,-0.000900,-0.452372,1.502500,0.500631,0.164907,5.095604,2.151466,0.690712,0.870484
1.970331,-2.807895,-0.867677,0.000289,-0.447355,1.504143,0.501655,0.164278,5.102502,2.160165,0.689775,0.869923
1.961654,-2.807880,-0.867765,0.001477,-0.442329,1.505779,0.502677,0.163647,5.109390,2.168859,0.688839,0.869365
1.952975,-2.807853,-0.867853,0.002665,-0.437292,1.507409,0.503697,0.163015,5.116269,2.177547,0.687905,0.868809
1.944296,-2.807815,-0.867941,0.003852,-0.432245,1.509033,0.504716,0.162381,5.123139,2.186229,0.686973,0.868255
1.935615,-2.807765,-0.868029,0.005039,-0.427187,1.510650,0.505733,0.161745,5.129999,2.194906,0.686042,0.867703
1.926934,-2.807702,-0.868117,0.006226,-0.422120,1.512262,0.506748,0.161107,5.136850,2.203578,0.685113,0.867154
1.918252,-2.807628,-0.868205,0.007412,-0.417042,1.513866,0.507762,0.160468,5.143692,2.212244,0.684185,0.866607
1.909569,-2.807542,-0.868292,0.008597,-0.411954,1.515464,0.508774,0.159826,5.150525,2.220905,0.683259,0.866062
1.900885,-2.807444,-0.868380,0.009783,-0.406856,1.517056,0.509784,0.159183,5.157348,2.229560,0.682334,0.865519
1.892201,-2.807335,-0.868467,0.010968,-0.401749,1.518642,0.510792,0.158538,5.164162,2.238209,0.681411,0.864978
1.883515,-2.807213,-0.868554,0.012153,-0.396631,1.520221,0.511799,0.157891,5.170967,2.246854,0.680490,0.864439
1.874829,-2.807080,-0.868640,0.013337,-0.391503,1.521793,0.512804,0.157242,5.177763,2.255493,0.679570,0.863903
1.866141,-2.806935,-0.868727,0.014522,-0.386365,1.523359,0.513807,0.156591,5.184549,2.264127,0.678652,0.863368
1.857453,-2.806777,-0.868813,0.015706,-0.381216,1.524918,0.514808,0.155939,5.191327,2.272755,0.677735,0.862836
1.848764,-2.806609,-0.868899,0.016890,-0.376058,1.526471,0.515807,0.155285,5.198095,2.281378,0.676820,0.862305
1.840074,-2.806428,-0.868985,0.018074,-0.370890,1.528017,0.516805,0.154628,5.204854,2.289996,0.675906,0.861777
1.831384,-2.806235,-0.869070,0.019258,-0.365712,1.529557,0.517800,0.153970,5.211604,2.298608,0.674994,0.861250
1.822692,-2.806031,-0.869155,0.020441,-0.360524,1.531090,0.518794,0.153310,5.218345,2.307215,0.674083,0.860725
1.814000,-2.805815,-0.869240,0.021625,-0.355327,1.532617,0.519786,0.152649,5.225077,2.315818,0.673174,0.860203
1.805307,-2.805587,-0.869324,0.022809,-0.350119,1.534136,0.520776,0.151985,5.231799,2.324414,0.672267,0.859682
1.796613,-2.805347,-0.869408,0.023992,-0.344901,1.535650,0.521764,0.151319,5.238513,2.333006,0.671361,0.859163
1.787918,-2.805095,-0.869491,0.025176,-0.339674,1.537156,0.522751,0.150652,5.245217,2.341593,0.670456,0.858646
1.779222,-2.804831,-0.869574,0.026359,-0.334436,1.538656,0.523735,0.149983,5.251913,2.350174,0.669553,0.858130
1.770525,-2.804556,-0.869657,0.027543,-0.329189,1.540149,0.524717,0.149311,5.258599,2.358750,0.668651,0.857617
1.761828,-2.804269,-0.869739,0.028727,-0.323932,1.541636,0.525698,0.148638,5.265277,2.367321,0.667751,0.857105
1.753130,-2.803969,-0.869821,0.029911,-0.318665,1.543115,0.526676,0.147963,5.271945,2.375887,0.666853,0.856595
1.744431,-2.803658,-0.869902,0.031095,-0.313389,1.544588,0.527653,0.147287,5.278605,2.384448,0.665956,0.856087
1.735731,-2.803336,-0.869983,0.032279,-0.308103,1.546054,0.528627,0.146608,5.285255,2.393004,0.665060,0.855580
1.727030,-2.803001,-0.870063,0.033463,-0.302807,1.547513,0.529599,0.145927,5.291897,2.401555,0.664166,0.855076
1.718329,-2.802655,-0.870143,0.034648,-0.297501,1.548966,0.530570,0.145245,5.298530,2.410100,0.663273,0.854573
1.709627,-2.802296,-0.870222,0.035833,-0.292185,1.550411,0.531538,0.144561,5.305154,2.418641,0.662382,0.854071
1.700924,-2.801926,-0.870301,0.037018,-0.286860,1.551850,0.532505,0.143874,5.311769,2.427176,0.661492,0.853571
1.692220,-2.801544,-0.870379,0.038203,-0.281526,1.553282,0.533469,0.143186,5.318375,2.435707,0.660604,0.853073
1.683515,-2.801150,-0.870456,0.039388,-0.276181,1.554707,0.534431,0.142496,5.324972,2.444233,0.659717,0.852577
1.674810,-2.800744,-0.870533,0.040574,-0.270827,1.556125,0.535391,0.141804,5.331560,2.452754,0.658831,0.852082
1.666104,-2.800327,-0.870609,0.041760,-0.265464,1.557536,0.536350,0.141110,5.338140,2.461270,0.657947,0.851589
1.657397,-2.799897,-0.870684,0.042947,-0.260091,1.558940,0.537306,0.140414,5.344710,2.469781,0.657065,0.851097
1.648689,-2.799456,-0.870759,0.044133,-0.254708,1.560337,0.538259,0.139717,5.351272,2.478287,0.656184,0.850607
1.639981,-2.799003,-0.870833,0.045320,-0.249316,1.561727,0.539211,0.139017,5.357825,2.486788,0.655304,0.850118
1.631272,-2.798537,-0.870906,0.046508,-0.243915,1.563111,0.540161,0.138316,5.364369,2.495284,0.654426,0.849631
1.622562,-2.798060,-0.870978,0.047696,-0.238504,1.564487,0.541108,0.137612,5.370905,2.503776,0.653549,0.849145
1.613852,-2.797572,-0.871050,0.048884,-0.233083,1.565856,0.542053,0.136907,5.377432,2.512262,0.652674,0.848661
1.605140,-2.797071,-0.871121,0.050073,-0.227653,1.567218,0.542996,0.136200,5.383950,2.520744,0.651799,0.848178
1.596428,-2.796558,-0.871191,0.051262,-0.222214,1.568573,0.543937,0.135491,5.390459,2.529221,0.650927,0.847697
1.587716,-2.796034,-0.871260,0.052451,-0.216765,1.569921,0.544875,0.134780,5.396960,2.537693,0.650056,0.847217
1.579002,-2.795497,-0.871329,0.053641,-0.211307,1.571261,0.545811,0.134067,5.403451,2.546161,0.649186,0.846739
1.570289,-2.794949,-0.871396,0.054832,-0.205839,1.572595,0.546745,0.133353,5.409935,2.554623,0.648317,0.846262
1.561574,-2.794389,-0.871463,0.056023,-0.200363,1.573921,0.547677,0.132636,5.416409,2.563081,0.647450,0.845786
1.552859,-2.793817,-0.871528,0.057215,-0.194877,1.575240,0.548606,0.131917,5.422875,2.571534,0.646584,0.845312
1.544143,-2.793232,-0.871593,0.058407,-0.189381,1.576552,0.549533,0.131197,5.429332,2.579983,0.645720,0.844839
1.535426,-2.792636,-0.871657,0.059599,-0.183877,1.577857,0.550458,0.130475,5.435781,2.588426,0.644857,0.844368
1.526709,-2.792028,-0.871720,0.060792,-0.178363,1.579154,0.551380,0.129751,5.442221,2.596865,0.643995,0.843897
1.517991,-2.791409,-0.871782,0.061986,-0.172840,1.580445,0.552301,0.129025,5.448653,2.605300,0.643135,0.843428
1.509273,-2.790777,-0.871843,0.063181,-0.167308,1.581728,0.553218,0.128297,5.455076,2.613729,0.642276,0.842961
1.500554,-2.790133,-0.871903,0.064375,-0.161766,1.583003,0.554133,0.127567,5.461490,2.622154,0.641419,0.842494
1.491834,-2.789477,-0.871961,0.065571,-0.156216,1.584272,0.555046,0.126835,5.467896,2.630574,0.640562,0.842029
1.483114,-2.788810,-0.872019,0.066767,-0.150656,1.585533,0.555957,0.126102,5.474293,2.638990,0.639708,0.841565
1.474393,-2.788130,-0.872076,0.067964,-0.145088,1.586786,0.556865,0.125366,5.480682,2.647401,0.638854,0.841103
1.465672,-2.787438,-0.872131,0.069161,-0.139510,1.588032,0.557770,0.124629,5.487062,2.655807,0.638002,0.840641
1.456950,-2.786735,-0.872185,0.070359,-0.133923,1.589271,0.558673,0.123890,5.493433,2.664209,0.637151,0.840181
1.448228,-2.786019,-0.872239,0.071558,-0.128327,1.590503,0.559574,0.123149,5.499796,2.672606,0.636301,0.839722
1.439505,-2.785292,-0.872291,0.072758,-0.122723,1.591727,0.560472,0.122406,5.506151,2.680999,0.635453,0.839264
1.430781,-2.784552,-0.872342,0.073958,-0.117109,1.592944,0.561367,0.121661,5.512497,2.689387,0.634606,0.838807
1.422058,-2.783801,-0.872391,0.075158,-0.111486,1.594153,0.562260,0.120915,5.518835,2.697771,0.633761,0.838352
1.413333,-2.783037,-0.872439,0.076360,-0.105855,1.595354,0.563151,0.120166,5.525164,2.706150,0.632916,0.837897
1.404608,-2.782261,-0.872487,0.077562,-0.100215,1.596548,0.564039,0.119416,5.531485,2.714524,0.632073,0.837444
1.395883,-2.781474,-0.872532,0.078765,-0.094565,1.597735,0.564924,0.118664,5.537797,2.722894,0.631231,0.836992
1.387157,-2.780674,-0.872577,0.079969,-0.088907,1.598914,0.565807,0.117910,5.544101,2.731259,0.630391,0.836541
1.378431,-2.779862,-0.872620,0.081173,-0.083240,1.600086,0.566687,0.117154,5.550396,2.739620,0.629552,0.836091
1.369704,-2.779038,-0.872662,0.082378,-0.077565,1.601250,0.567564,0.116397,5.556684,2.747977,0.628714,0.835642
1.360977,-2.778203,-0.872702,0.083584,-0.071880,1.602406,0.568439,0.115637,5.562963,2.756329,0.627877,0.835194
1.352250,-2.777355,-0.872741,0.084791,-0.066187,1.603555,0.569311,0.114876,5.569233,2.764676,0.627042,0.834747
1.343522,-2.776495,-0.872779,0.085998,-0.060485,1.604696,0.570181,0.114113,5.575495,2.773019,0.626208,0.834302
1.334794,-2.775623,-0.872815,0.087206,-0.054775,1.605829,0.571047,0.113348,5.581749,2.781358,0.625375,0.833857
1.326065,-2.774739,-0.872850,0.088415,-0.049056,1.606955,0.571911,0.112582,5.587995,2.789692,0.624544,0.833413
1.317337,-2.773842,-0.872883,0.089625,-0.043328,1.608073,0.572772,0.111814,5.594232,2.798021,0.623713,0.832971
1.308607,-2.772934,-0.872915,0.090835,-0.037592,1.609184,0.573631,0.111043,5.600461,2.806347,0.622884,0.832529
1.299878,-2.772013,-0.872946,0.092046,-0.031847,1.610287,0.574487,0.110272,5.606681,2.814667,0.622057,0.832088
1.291148,-2.771081,-0.872974,0.093258,-0.026094,1.611382,0.575340,0.109498,5.612893,2.822984,0.621230,0.831648
1.282418,-2.770136,-0.873002,0.094471,-0.020332,1.612469,0.576190,0.108722,5.619097,2.831296,0.620405,0.831209
1.273688,-2.769179,-0.873027,0.095685,-0.014561,1.613548,0.577037,0.107945,5.625293,2.839604,0.619581,0.830771
1.264957,-2.768210,-0.873051,0.096900,-0.008782,1.614620,0.577881,0.107166,5.631481,2.847907,0.618758,0.830334
1.256227,-2.767229,-0.873074,0.098115,-0.002995,1.615684,0.578723,0.106386,5.637660,2.856206,0.617936,0.829898
1.247496,-2.766236,-0.873094,0.099331,0.002800,1.616740,0.579562,0.105603,5.643831,2.864501,0.617116,0.829463
1.238765,-2.765231,-0.873113,0.100548,0.008604,1.617788,0.580397,0.104819,5.649994,2.872791,0.616297,0.829029
1.230033,-2.764213,-0.873131,0.101766,0.014417,1.618828,0.581230,0.104034,5.656149,2.881077,0.615479,0.828596
1.221302,-2.763183,-0.873146,0.102984,0.020237,1.619861,0.582060,0.103246,5.662296,2.889359,0.614662,0.828163
1.212570,-2.762141,-0.873160,0.104203,0.026066,1.620885,0.582887,0.102457,5.668434,2.897636,0.613847,0.827731
1.203838,-2.761087,-0.873173,0.105424,0.031903,1.621902,0.583711,0.101666,5.674564,2.905909,0.613032,0.827301
1.195107,-2.760020,-0.873183,0.106645,0.037749,1.622911,0.584532,0.100874,5.680686,2.914178,0.612219,0.826871
1.186375,-2.758942,-0.873192,0.107867,0.043602,1.623911,0.585350,0.100079,5.686800,2.922442,0.611407,0.826442
1.177643,-2.757851,-0.873198,0.109089,0.049464,1.624904,0.586165,0.099284,5.692906,2.930702,0.610597,0.826013
1.168911,-2.756748,-0.873203,0.110313,0.055334,1.625889,0.586977,0.098486,5.699004,2.938958,0.609787,0.825586
1.160179,-2.755632,-0.873206,0.111537,0.061211,1.626866,0.587786,0.097687,5.705094,2.947210,0.608979,0.825159
1.151446,-2.754505,-0.873208,0.112762,0.067097,1.627835,0.588592,0.096886,5.711175,2.955457,0.608172,0.824733
1.142714,-2.753365,-0.873207,0.113988,0.072991,1.628796,0.589395,0.096084,5.717249,2.963700,0.607366,0.824308
1.133982,-2.752213,-0.873205,0.115215,0.078893,1.629749,0.590194,0.095280,5.723315,2.971939,0.606561,0.823884
1.125250,-2.751048,-0.873200,0.116443,0.084803,1.630693,0.590991,0.094474,5.729373,2.980174,0.605757,0.823460
1.116518,-2.749872,-0.873193,0.117671,0.090721,1.631630,0.591784,0.093667,5.735422,2.988404,0.604955,0.823038
1.107787,-2.748683,-0.873185,0.118900,0.096647,1.632559,0.592575,0.092859,5.741464,2.996630,0.604154,0.822616
1.099055,-2.747481,-0.873174,0.120130,0.102580,1.633479,0.593362,0.092048,5.747497,3.004852,0.603353,0.822194
1.090323,-2.746268,-0.873162,0.121361,0.108522,1.634392,0.594146,0.091237,5.753522,3.013070,0.602554,0.821774
1.081592,-2.745042,-0.873147,0.122593,0.114471,1.635296,0.594926,0.090423,5.759540,3.021283,0.601757,0.821354
1.072860,-2.743804,-0.873131,0.123826,0.120428,1.636192,0.595704,0.089609,5.765550,3.029493,0.600960,0.820935
1.064129,-2.742553,-0.873112,0.125059,0.126393,1.637080,0.596478,0.088792,5.771551,3.037698,0.600164,0.820516
1.055398,-2.741290,-0.873091,0.126293,0.132365,1.637959,0.597249,0.087974,5.777545,3.045899,0.599370,0.820098
1.046668,-2.740015,-0.873068,0.127528,0.138346,1.638831,0.598016,0.087155,5.783531,3.054096,0.598577,0.819681
1.037937,-2.738727,-0.873043,0.128764,0.144333,1.639694,0.598781,0.086334,5.789508,3.062288,0.597785,0.819265
1.029207,-2.737427,-0.873016,0.130000,0.150329,1.640549,0.599541,0.085512,5.795478,3.070477,0.596994,0.818849
1.020477,-2.736115,-0.872986,0.131238,0.156332,1.641396,0.600299,0.084689,5.801440,3.078661,0.596204,0.818434
1.011748,-2.734790,-0.872954,0.132476,0.162342,1.642235,0.601053,0.083864,5.807395,3.086841,0.595415,0.818020
1.003019,-2.733453,-0.872920,0.133714,0.168360,1.643065,0.601804,0.083037,5.813341,3.095017,0.594627,0.817606
0.994290,-2.732104,-0.872884,0.134954,0.174386,1.643887,0.602552,0.082209,5.819279,3.103189,0.593841,0.817193
0.985561,-2.730742,-0.872846,0.136194,0.180419,1.644701,0.603296,0.081380,5.825210,3.111357,0.593056,0.816780
0.976833,-2.729367,-0.872805,0.137436,0.186459,1.645507,0.604037,0.080549,5.831132,3.119521,0.592271,0.816368
0.968106,-2.727981,-0.872762,0.138677,0.192507,1.646304,0.604774,0.079717,5.837047,3.127680,0.591488,0.815957
0.959379,-2.726581,-0.872716,0.139920,0.198562,1.647093,0.605508,0.078884,5.842954,3.135836,0.590706,0.815546
0.950652,-2.725170,-0.872669,0.141163,0.204624,1.647873,0.606238,0.078050,5.848854,3.143987,0.589925,0.815136
0.941926,-2.723746,-0.872618,0.142407,0.210694,1.648645,0.606965,0.077214,5.854745,3.152134,0.589145,0.814726
0.933200,-2.722309,-0.872566,0.143652,0.216771,1.649409,0.607689,0.076377,5.860629,3.160277,0.588367,0.814317
0.924475,-2.720860,-0.872511,0.144898,0.222855,1.650164,0.608409,0.075538,5.866505,3.168417,0.587589,0.813909
0.915750,-2.719399,-0.872453,0.146144,0.228946,1.650911,0.609125,0.074698,5.872373,3.176552,0.586812,0.813501
0.907027,-2.717925,-0.872393,0.147391,0.235045,1.651650,0.609838,0.073857,5.878233,3.184683,0.586037,0.813093
0.898303,-2.716439,-0.872331,0.148638,0.241150,1.652380,0.610547,0.073015,5.884086,3.192810,0.585262,0.812687
0.889581,-2.714940,-0.872266,0.149887,0.247263,1.653102,0.611252,0.072172,5.889931,3.200933,0.584489,0.812280
0.880859,-2.713428,-0.872199,0.151136,0.253382,1.653815,0.611954,0.071327,5.895768,3.209051,0.583717,0.811875
0.872137,-2.711905,-0.872129,0.152385,0.259509,1.654520,0.612653,0.070482,5.901597,3.217166,0.582946,0.811469
0.863417,-2.710368,-0.872056,0.153635,0.265642,1.655216,0.613347,0.069635,5.907419,3.225276,0.582176,0.811065
0.854697,-2.708819,-0.871981,0.154886,0.271782,1.655904,0.614038,0.068787,5.913233,3.233383,0.581407,0.810660
0.845978,-2.707258,-0.871904,0.156137,0.277930,1.656583,0.614726,0.067938,5.919039,3.241486,0.580639,0.810257
0.837260,-2.705684,-0.871823,0.157390,0.284084,1.657254,0.615410,0.067088,5.924838,3.249584,0.579872,0.809853
0.828542,-2.704098,-0.871741,0.158642,0.290245,1.657917,0.616090,0.066236,5.930629,3.257679,0.579106,0.809451
0.819826,-2.702499,-0.871655,0.159895,0.296412,1.658571,0.616766,0.065384,5.936413,3.265769,0.578341,0.809048
0.811110,-2.700887,-0.871567,0.161149,0.302587,1.659216,0.617439,0.064531,5.942189,3.273856,0.577578,0.808647
0.802395,-2.699263,-0.871476,0.162404,0.308768,1.659853,0.618107,0.063676,5.947957,3.281938,0.576815,0.808245
0.793681,-2.697627,-0.871382,0.163658,0.314956,1.660481,0.618772,0.062821,5.953718,3.290017,0.576053,0.807844
0.784968,-2.695978,-0.871286,0.164914,0.321150,1.661101,0.619434,0.061965,5.959471,3.298091,0.575293,0.807444
0.776257,-2.694316,-0.871187,0.166170,0.327351,1.661712,0.620091,0.061107,5.965216,3.306162,0.574533,0.807044
0.767546,-2.692642,-0.871085,0.167426,0.333558,1.662314,0.620745,0.060249,5.970954,3.314228,0.573775,0.806644
0.758836,-2.690955,-0.870981,0.168683,0.339772,1.662908,0.621395,0.059390,5.976684,3.322290,0.573017,0.806245
0.750127,-2.689255,-0.870873,0.169941,0.345993,1.663493,0.622041,0.058530,5.982407,3.330349,0.572261,0.805847
0.741420,-2.687543,-0.870763,0.171198,0.352219,1.664070,0.622683,0.057669,5.988122,3.338403,0.571506,0.805448
0.732713,-2.685819,-0.870650,0.172457,0.358453,1.664638,0.623321,0.056807,5.993829,3.346454,0.570751,0.805050
0.724008,-2.684082,-0.870534,0.173716,0.364692,1.665197,0.623956,0.055945,5.999529,3.354501,0.569998,0.804653
0.715304,-2.682332,-0.870416,0.174975,0.370938,1.665748,0.624586,0.055081,6.005222,3.362543,0.569246,0.804256
0.706601,-2.680570,-0.870294,0.176234,0.377190,1.666291,0.625213,0.054217,6.010907,3.370582,0.568495,0.803859
0.697899,-2.678795,-0.870170,0.177494,0.383449,1.666824,0.625835,0.053352,6.016584,3.378616,0.567745,0.803463
0.689199,-2.677007,-0.870042,0.178755,0.389713,1.667349,0.626454,0.052486,6.022254,3.386647,0.566995,0.803067
0.680499,-2.675207,-0.869912,0.180015,0.395984,1.667865,0.627069,0.051620,6.027916,3.394674,0.566247,0.802671
0.671802,-2.673394,-0.869779,0.181276,0.402261,1.668373,0.627680,0.050753,6.033571,3.402696,0.565500,0.802276
0.663105,-2.671569,-0.869643,0.182538,0.408543,1.668871,0.628287,0.049885,6.039219,3.410715,0.564754,0.801881
0.654410,-2.669731,-0.869503,0.183799,0.414832,1.669362,0.628890,0.049017,6.044859,3.418730,0.564009,0.801487
0.645717,-2.667880,-0.869361,0.185061,0.421127,1.669843,0.629488,0.048148,6.050492,3.426741,0.563265,0.801093
0.637024,-2.666017,-0.869216,0.186324,0.427428,1.670316,0.630083,0.047278,6.056117,3.434748,0.562522,0.800699
0.628334,-2.664141,-0.869068,0.187586,0.433735,1.670780,0.630674,0.046408,6.061735,3.442751,0.561780,0.800306
0.619645,-2.662253,-0.868917,0.188849,0.440047,1.671235,0.631261,0.045537,6.067345,3.450750,0.561039,0.799912
0.610957,-2.660352,-0.868763,0.190112,0.446366,1.671682,0.631844,0.044666,6.072948,3.458745,0.560299,0.799520
0.602271,-2.658438,-0.868606,0.191375,0.452690,1.672120,0.632422,0.043794,6.078544,3.466737,0.559560,0.799127
0.593586,-2.656511,-0.868445,0.192638,0.459020,1.672549,0.632997,0.042921,6.084132,3.474724,0.558822,0.798735
0.584904,-2.654572,-0.868282,0.193901,0.465356,1.672970,0.633568,0.042049,6.089713,3.482707,0.558085,0.798343
0.576222,-2.652621,-0.868115,0.195165,0.471697,1.673381,0.634134,0.041176,6.095286,3.490687,0.557349,0.797952
0.567543,-2.650656,-0.867946,0.196429,0.478044,1.673784,0.634696,0.040302,6.100852,3.498662,0.556613,0.797560
0.558865,-2.648679,-0.867773,0.197692,0.484397,1.674179,0.635254,0.039428,6.106411,3.506634,0.555879,0.797169
0.550189,-2.646690,-0.867597,0.198956,0.490755,1.674564,0.635808,0.038554,6.111962,3.514602,0.555146,0.796779
0.541515,-2.644687,-0.867418,0.200220,0.497118,1.674941,0.636358,0.037679,6.117507,3.522566,0.554414,0.796388
0.532843,-2.642673,-0.867236,0.201484,0.503487,1.675309,0.636904,0.036804,6.123044,3.530526,0.553683,0.795998
0.524172,-2.640645,-0.867051,0.202748,0.509862,1.675668,0.637446,0.035929,6.128573,3.538482,0.552953,0.795608
0.515504,-2.638605,-0.866862,0.204012,0.516242,1.676019,0.637983,0.035053,6.134095,3.546434,0.552224,0.795219
0.506837,-2.636552,-0.866670,0.205276,0.522627,1.676361,0.638516,0.034177,6.139610,3.554383,0.551496,0.794830
0.498172,-2.634487,-0.866475,0.206540,0.529017,1.676694,0.639045,0.033301,6.145118,3.562327,0.550769,0.794440
0.489509,-2.632409,-0.866277,0.207804,0.535413,1.677018,0.639570,0.032425,6.150618,3.570267,0.550042,0.794052
0.480849,-2.630318,-0.866076,0.209068,0.541814,1.677333,0.640091,0.031549,6.156111,3.578204,0.549317,0.793663
0.472190,-2.628215,-0.865871,0.210331,0.548220,1.677640,0.640607,0.030673,6.161597,3.586137,0.548593,0.793275
0.463533,-2.626099,-0.865663,0.211595,0.554631,1.677938,0.641119,0.029796,6.167076,3.594066,0.547870,0.792887
0.454879,-2.623970,-0.865452,0.212858,0.561047,1.678227,0.641627,0.028920,6.172548,3.601991,0.547147,0.792499
0.446226,-2.621829,-0.865237,0.214121,0.567469,1.678508,0.642131,0.028043,6.178012,3.609912,0.546426,0.792111
0.437576,-2.619675,-0.865020,0.215384,0.573895,1.678779,0.642630,0.027167,6.183469,3.617829,0.545706,0.791724
0.428928,-2.617508,-0.864799,0.216647,0.580326,1.679042,0.643126,0.026290,6.188919,3.625742,0.544986,0.791337
0.420283,-2.615329,-0.864574,0.217909,0.586762,1.679296,0.643616,0.025413,6.194361,3.633652,0.544268,0.790950
0.411639,-2.613137,-0.864347,0.219171,0.593203,1.679542,0.644103,0.024537,6.199797,3.641558,0.543550,0.790563
0.402998,-2.610933,-0.864116,0.220433,0.599649,1.679778,0.644585,0.023661,6.205225,3.649459,0.542834,0.790177
0.394359,-2.608716,-0.863881,0.221695,0.606100,1.680006,0.645063,0.022784,6.210646,3.657357,0.542118,0.789790
0.385723,-2.606487,-0.863644,0.222956,0.612555,1.680225,0.645537,0.021908,6.216060,3.665251,0.541404,0.789404
0.377089,-2.604244,-0.863403,0.224217,0.619015,1.680436,0.646007,0.021032,6.221467,3.673141,0.540690,0.789018
0.368457,-2.601990,-0.863159,0.225478,0.625480,1.680637,0.646472,0.020157,6.226867,3.681028,0.539977,0.788633
0.359828,-2.599722,-0.862911,0.226738,0.631949,1.680830,0.646933,0.019281,6.232259,3.688910,0.539266,0.788247
0.351201,-2.597442,-0.862660,0.227997,0.638423,1.681014,0.647389,0.018406,6.237645,3.696789,0.538555,0.787862
0.342577,-2.595150,-0.862405,0.229257,0.644902,1.681189,0.647841,0.017531,6.243023,3.704664,0.537845,0.787476
0.333956,-2.592844,-0.862148,0.230515,0.651385,1.681356,0.648289,0.016657,6.248394,3.712534,0.537136,0.787091
0.325337,-2.590527,-0.861886,0.231773,0.657872,1.681514,0.648733,0.015782,6.253759,3.720402,0.536428,0.786707
0.316721,-2.588197,-0.861622,0.233031,0.664364,1.681663,0.649172,0.014909,6.259116,3.728265,0.535721,0.786322
0.308107,-2.585854,-0.861354,0.234288,0.670860,1.681803,0.649606,0.014035,6.264466,3.736124,0.535015,0.785937
0.299496,-2.583498,-0.861082,0.235545,0.677360,1.681935,0.650037,0.013162,6.269809,3.743980,0.534310,0.785553
0.290888,-2.581130,-0.860808,0.236800,0.683865,1.682058,0.650463,0.012290,6.275146,3.751831,0.533606,0.785169
0.282283,-2.578750,-0.860529,0.238056,0.690373,1.682172,0.650885,0.011418,6.280475,3.759679,0.532903,0.784785
0.273680,-2.576357,-0.860248,0.239310,0.696886,1.682277,0.651302,0.010546,6.285797,3.767523,0.532201,0.784401
0.265081,-2.573951,-0.859963,0.240564,0.703404,1.682374,0.651715,0.009676,6.291111,3.775363,0.531499,0.784017
0.256484,-2.571533,-0.859674,0.241817,0.709925,1.682462,0.652124,0.008805,6.296420,3.783200,0.530799,0.783633
0.247890,-2.569102,-0.859382,0.243070,0.716450,1.682542,0.652528,0.007936,6.301721,3.791032,0.530100,0.783250
0.239299,-2.566659,-0.859087,0.244321,0.722979,1.682612,0.652928,0.007067,6.307014,3.798861,0.529401,0.782867
0.230712,-2.564203,-0.858788,0.245572,0.729513,1.682674,0.653323,0.006198,6.312302,3.806686,0.528704,0.782483
0.222127,-2.561735,-0.858486,0.246822,0.736050,1.682728,0.653715,0.005331,6.317582,3.814507,0.528007,0.782100
0.213545,-2.559254,-0.858181,0.248071,0.742591,1.682772,0.654101,0.004464,6.322855,3.822324,0.527311,0.781717
0.204966,-2.556761,-0.857871,0.249320,0.749136,1.682808,0.654484,0.003598,6.328121,3.830137,0.526617,0.781334
0.196391,-2.554255,-0.857559,0.250567,0.755684,1.682835,0.654862,0.002732,6.333380,3.837947,0.525923,0.780952
0.187818,-2.551737,-0.857243,0.251814,0.762237,1.682854,0.655236,0.001868,6.338633,3.845752,0.525230,0.780569
0.179249,-2.549206,-0.856924,0.253059,0.768793,1.682864,0.655605,0.001004,6.343878,3.853554,0.524538,0.780187
0.170683,-2.546664,-0.856601,0.254304,0.775352,1.682866,0.655970,0.000141,6.349116,3.861352,0.523847,0.779804
0.162120,-2.544108,-0.856275,0.255547,0.781916,1.682858,0.656330,-0.000720,6.354348,3.869146,0.523157,0.779422
0.153561,-2.541540,-0.855945,0.256790,0.788482,1.682843,0.656686,-0.001581,6.359572,3.876937,0.522468,0.779039
0.145005,-2.538960,-0.855612,0.258031,0.795053,1.682818,0.657038,-0.002441,6.364790,3.884723,0.521780,0.778657
0.136452,-2.536367,-0.855275,0.259271,0.801627,1.682785,0.657386,-0.003300,6.370001,3.892506,0.521092,0.778275
0.127902,-2.533762,-0.854935,0.260511,0.808204,1.682744,0.657729,-0.004158,6.375206,3.900285,0.520406,0.777893
0.119357,-2.531144,-0.854591,0.261749,0.814785,1.682693,0.658067,-0.005015,6.380403,3.908060,0.519721,0.777511
0.110814,-2.528514,-0.854244,0.262986,0.821369,1.682635,0.658402,-0.005870,6.385593,3.915831,0.519036,0.777130
0.102275,-2.525872,-0.853894,0.264221,0.827956,1.682567,0.658732,-0.006725,6.390777,3.923599,0.518352,0.776748
0.093740,-2.523218,-0.853540,0.265456,0.834547,1.682492,0.659057,-0.007578,6.395953,3.931362,0.517670,0.776366
0.085208,-2.520551,-0.853183,0.266689,0.841140,1.682407,0.659378,-0.008430,6.401123,3.939122,0.516988,0.775985
0.076680,-2.517872,-0.852822,0.267921,0.847737,1.682315,0.659695,-0.009281,6.406286,3.946878,0.516307,0.775603
0.068155,-2.515180,-0.852458,0.269152,0.854337,1.682213,0.660008,-0.010131,6.411442,3.954630,0.515627,0.775222
0.059634,-2.512476,-0.852090,0.270381,0.860941,1.682103,0.660316,-0.010980,6.416592,3.962379,0.514948,0.774841
0.051117,-2.509760,-0.851719,0.271609,0.867547,1.681985,0.660620,-0.011827,6.421734,3.970123,0.514270,0.774459
0.042604,-2.507032,-0.851345,0.272836,0.874156,1.681858,0.660919,-0.012672,6.426870,3.977864,0.513593,0.774078
0.034094,-2.504291,-0.850967,0.274061,0.880768,1.681723,0.661214,-0.013517,6.432000,3.985601,0.512917,0.773697
0.025588,-2.501538,-0.850586,0.275285,0.887383,1.681580,0.661505,-0.014360,6.437122,3.993334,0.512242,0.773316
0.017086,-2.498773,-0.850201,0.276507,0.894001,1.681428,0.661792,-0.015202,6.442237,4.001063,0.511567,0.772935
0.008588,-2.495996,-0.849813,0.277728,0.900622,1.681267,0.662074,-0.016042,6.447346,4.008789,0.510894,0.772554
0.000094,-2.493206,-0.849421,0.278947,0.907245,1.681098,0.662352,-0.016880,6.452448,4.016511,0.510221,0.772173
-0.008397,-2.490405,-0.849027,0.280165,0.913872,1.680921,0.662625,-0.017717,6.457544,4.024229,0.509550,0.771792
-0.016883,-2.487591,-0.848628,0.281381,0.920500,1.680736,0.662895,-0.018553,6.462633,4.031943,0.508879,0.771411
-0.025365,-2.484765,-0.848227,0.282596,0.927132,1.680542,0.663159,-0.019387,6.467715,4.039654,0.508209,0.771030
-0.033843,-2.481927,-0.847822,0.283808,0.933766,1.680340,0.663420,-0.020219,6.472790,4.047360,0.507540,0.770649
-0.042317,-2.479076,-0.847413,0.285020,0.940403,1.680129,0.663677,-0.021050,6.477859,4.055063,0.506872,0.770269
-0.050787,-2.476214,-0.847001,0.286229,0.947042,1.679910,0.663929,-0.021879,6.482921,4.062762,0.506205,0.769888
-0.059253,-2.473340,-0.846586,0.287437,0.953684,1.679683,0.664177,-0.022707,6.487977,4.070457,0.505539,0.769507
-0.067715,-2.470453,-0.846168,0.288643,0.960328,1.679448,0.664420,-0.023532,6.493025,4.078149,0.504874,0.769127
-0.076172,-2.467555,-0.845746,0.289848,0.966975,1.679204,0.664660,-0.024356,6.498067,4.085836,0.504209,0.768746
-0.084626,-2.464644,-0.845321,0.291050,0.973624,1.678953,0.664895,-0.025179,6.503103,4.093520,0.503546,0.768365
-0.093075,-2.461722,-0.844892,0.292251,0.980275,1.678693,0.665126,-0.025999,6.508132,4.101200,0.502883,0.767985
-0.101519,-2.458787,-0.844461,0.293450,0.986929,1.678424,0.665352,-0.026817,6.513154,4.108876,0.502222,0.767604
-0.109960,-2.455841,-0.844026,0.294647,0.993584,1.678148,0.665575,-0.027634,6.518169,4.116549,0.501561,0.767224
-1.741962,-4.331529,-0.365909,0.851189,-4.681033,0.150297,0.372596,-0.826099,-4.348312,3.783327,0.169098,-0.702376
-1.745625,-4.323009,-0.366369,0.852025,-4.677302,0.142044,0.373107,-0.825220,-4.346622,3.776286,0.169051,-0.704087
-1.749294,-4.314480,-0.366833,0.852865,-4.673566,0.133801,0.373621,-0.824346,-4.344932,3.769228,0.169006,-0.705797
-1.752967,-4.305943,-0.367300,0.853710,-4.669825,0.125566,0.374136,-0.823476,-4.343243,3.762153,0.168961,-0.707509
-1.756644,-4.297397,-0.367770,0.854559,-4.666078,0.117340,0.374654,-0.822610,-4.341554,3.755061,0.168918,-0.709220
-1.760327,-4.288843,-0.368244,0.855414,-4.662326,0.109123,0.375173,-0.821749,-4.339865,3.747952,0.168876,-0.710932
-1.764014,-4.280281,-0.368721,0.856273,-4.658569,0.100914,0.375695,-0.820892,-4.338176,3.740825,0.168835,-0.712645
-1.767706,-4.271709,-0.369201,0.857137,-4.654807,0.092713,0.376219,-0.820040,-4.336488,3.733682,0.168795,-0.714358
-1.771403,-4.263129,-0.369684,0.858006,-4.651040,0.084521,0.376745,-0.819192,-4.334801,3.726521,0.168757,-0.716071
-1.775105,-4.254540,-0.370171,0.858880,-4.647267,0.076338,0.377273,-0.818349,-4.333114,3.719343,0.168720,-0.717785
-1.778811,-4.245943,-0.370662,0.859758,-4.643489,0.068163,0.377803,-0.817510,-4.331427,3.712148,0.168684,-0.719499
-1.782523,-4.237337,-0.371155,0.860642,-4.639706,0.059996,0.378336,-0.816676,-4.329740,3.704936,0.168649,-0.721214
-1.786239,-4.228721,-0.371653,0.861531,-4.635917,0.051837,0.378870,-0.815846,-4.328054,3.697707,0.168616,-0.722930
-1.789961,-4.220097,-0.372154,0.862425,-4.632123,0.043687,0.379408,-0.815021,-4.326368,3.690460,0.168583,-0.724646
-1.793688,-4.211464,-0.372658,0.863325,-4.628324,0.035545,0.379947,-0.814200,-4.324683,3.683197,0.168553,-0.726362
-1.797419,-4.202822,-0.373166,0.864229,-4.624519,0.027411,0.380489,-0.813385,-4.322998,3.675916,0.168523,-0.728080
-1.801156,-4.194170,-0.373678,0.865139,-4.620708,0.019286,0.381034,-0.812573,-4.321312,3.668618,0.168494,-0.729798
-1.804898,-4.185510,-0.374194,0.866054,-4.616893,0.011168,0.381580,-0.811767,-4.319628,3.661303,0.168467,-0.731517
-1.808645,-4.176840,-0.374713,0.866975,-4.613071,0.003058,0.382130,-0.810965,-4.317944,3.653970,0.168441,-0.733236
-1.812397,-4.168161,-0.375236,0.867901,-4.609245,-0.005043,0.382682,-0.810168,-4.316259,3.646621,0.168417,-0.734956
-1.816155,-4.159473,-0.375763,0.868832,-4.605412,-0.013137,0.383236,-0.809375,-4.314576,3.639254,0.168393,-0.736677
-1.819918,-4.150775,-0.376294,0.869770,-4.601574,-0.021223,0.383794,-0.808587,-4.312892,3.631870,0.168371,-0.738399
-1.823686,-4.142068,-0.376829,0.870712,-4.597731,-0.029301,0.384354,-0.807805,-4.311208,3.624469,0.168350,-0.740122
-1.827460,-4.133352,-0.377368,0.871661,-4.593882,-0.037371,0.384916,-0.807027,-4.309525,3.617050,0.168331,-0.741845
-1.831239,-4.124626,-0.377911,0.872615,-4.590027,-0.045434,0.385482,-0.806253,-4.307842,3.609615,0.168312,-0.743570
-1.835024,-4.115890,-0.378458,0.873575,-4.586167,-0.053489,0.386050,-0.805485,-4.306159,3.602162,0.168295,-0.745295
-1.838814,-4.107145,-0.379009,0.874540,-4.582301,-0.061536,0.386622,-0.804722,-4.304476,3.594692,0.168279,-0.747022
-1.842609,-4.098390,-0.379564,0.875512,-4.578429,-0.069576,0.387196,-0.803964,-4.302794,3.587204,0.168265,-0.748749
-1.846411,-4.089625,-0.380123,0.876490,-4.574551,-0.077608,0.387773,-0.803210,-4.301111,3.579699,0.168252,-0.750477
-1.850217,-4.080850,-0.380687,0.877473,-4.570668,-0.085632,0.388353,-0.802462,-4.299429,3.572177,0.168240,-0.752207
-1.854030,-4.072065,-0.381255,0.878463,-4.566778,-0.093649,0.388936,-0.801718,-4.297747,3.564638,0.168229,-0.753937
-1.857848,-4.063271,-0.381828,0.879459,-4.562883,-0.101659,0.389523,-0.800980,-4.296064,3.557081,0.168219,-0.755669
-1.861672,-4.054466,-0.382404,0.880461,-4.558982,-0.109662,0.390112,-0.800247,-4.294382,3.549507,0.168211,-0.757401
-1.865502,-4.045651,-0.382986,0.881469,-4.555075,-0.117657,0.390705,-0.799519,-4.292700,3.541916,0.168204,-0.759135
-1.869338,-4.036826,-0.383572,0.882484,-4.551162,-0.125645,0.391301,-0.798797,-4.291018,3.534307,0.168199,-0.760870
-1.873179,-4.027991,-0.384162,0.883505,-4.547243,-0.133626,0.391900,-0.798079,-4.289336,3.526681,0.168195,-0.762606
-1.877027,-4.019146,-0.384757,0.884532,-4.543318,-0.141599,0.392503,-0.797367,-4.287654,3.519038,0.168192,-0.764344
-1.880880,-4.010290,-0.385357,0.885566,-4.539387,-0.149566,0.393109,-0.796660,-4.285973,3.511377,0.168190,-0.766082
-1.884740,-4.001424,-0.385962,0.886607,-4.535450,-0.157526,0.393719,-0.795959,-4.284291,3.503699,0.168190,-0.767822
-1.888606,-3.992548,-0.386571,0.887655,-4.531506,-0.165478,0.394332,-0.795263,-4.282609,3.496003,0.168191,-0.769564
-1.892478,-3.983661,-0.387186,0.888709,-4.527556,-0.173424,0.394948,-0.794572,-4.280927,3.488290,0.168193,-0.771306
-1.896356,-3.974763,-0.387805,0.889770,-4.523601,-0.181363,0.395569,-0.793887,-4.279245,3.480559,0.168197,-0.773050
-1.900240,-3.965855,-0.388429,0.890838,-4.519639,-0.189295,0.396193,-0.793207,-4.277564,3.472811,0.168202,-0.774796
-1.904131,-3.956935,-0.389059,0.891912,-4.515670,-0.197220,0.396821,-0.792533,-4.275881,3.465046,0.168208,-0.776543
-1.908028,-3.948005,-0.389693,0.892994,-4.511696,-0.205139,0.397453,-0.791865,-4.274199,3.457263,0.168216,-0.778291
-1.911931,-3.939065,-0.390333,0.894083,-4.507715,-0.213051,0.398088,-0.791202,-4.272517,3.449463,0.168225,-0.780041
-1.915841,-3.930113,-0.390978,0.895180,-4.503727,-0.220956,0.398728,-0.790545,-4.270834,3.441645,0.168235,-0.781792
-1.919757,-3.921150,-0.391628,0.896283,-4.499734,-0.228855,0.399372,-0.789894,-4.269152,3.433809,0.168247,-0.783545
-1.923680,-3.912176,-0.392284,0.897394,-4.495734,-0.236748,0.400019,-0.789249,-4.267469,3.425956,0.168260,-0.785299
-1.927609,-3.903191,-0.392945,0.898512,-4.491727,-0.244634,0.400671,-0.788609,-4.265787,3.418086,0.168274,-0.787055
-1.931545,-3.894194,-0.393612,0.899638,-4.487714,-0.252514,0.401328,-0.787976,-4.264104,3.410198,0.168290,-0.788813
-1.935488,-3.885187,-0.394285,0.900772,-4.483694,-0.260387,0.401988,-0.787348,-4.262421,3.402292,0.168307,-0.790572
-1.939438,-3.876168,-0.394963,0.901913,-4.479668,-0.268254,0.402653,-0.786727,-4.260737,3.394369,0.168325,-0.792333
-1.943394,-3.867137,-0.395647,0.903062,-4.475635,-0.276115,0.403322,-0.786112,-4.259054,3.386428,0.168345,-0.794096
-1.947358,-3.858095,-0.396336,0.904219,-4.471595,-0.283970,0.403996,-0.785503,-4.257370,3.378469,0.168366,-0.795860
-1.951328,-3.849041,-0.397032,0.905384,-4.467548,-0.291819,0.404674,-0.784900,-4.255687,3.370493,0.168389,-0.797626
-1.955305,-3.839975,-0.397734,0.906557,-4.463494,-0.299662,0.405357,-0.784303,-4.254003,3.362499,0.168413,-0.799394
-1.959290,-3.830898,-0.398442,0.907738,-4.459434,-0.307500,0.406045,-0.783713,-4.252318,3.354487,0.168438,-0.801164
-1.963281,-3.821809,-0.399156,0.908927,-4.455367,-0.315331,0.406738,-0.783129,-4.250634,3.346458,0.168465,-0.802936
-1.967280,-3.812707,-0.399876,0.910125,-4.451292,-0.323156,0.407435,-0.782552,-4.248949,3.338411,0.168493,-0.804710
-1.971286,-3.803594,-0.400603,0.911331,-4.447211,-0.330976,0.408137,-0.781982,-4.247263,3.330346,0.168523,-0.806485
-1.975299,-3.794469,-0.401336,0.912546,-4.443122,-0.338790,0.408845,-0.781417,-4.245578,3.322263,0.168554,-0.808263
-1.979320,-3.785331,-0.402075,0.913769,-4.439027,-0.346599,0.409558,-0.780860,-4.243892,3.314163,0.168587,-0.810042
-1.983348,-3.776181,-0.402822,0.915001,-4.434924,-0.354402,0.410276,-0.780310,-4.242206,3.306045,0.168621,-0.811824
-1.987384,-3.767019,-0.403575,0.916242,-4.430814,-0.362200,0.410999,-0.779766,-4.240519,3.297909,0.168656,-0.813608
-1.991427,-3.757844,-0.404334,0.917492,-4.426697,-0.369992,0.411728,-0.779229,-4.238832,3.289755,0.168693,-0.815393
-1.995478,-3.748656,-0.405101,0.918751,-4.422572,-0.377779,0.412462,-0.778699,-4.237144,3.281583,0.168731,-0.817181
-1.999537,-3.739456,-0.405875,0.920019,-4.418440,-0.385561,0.413201,-0.778177,-4.235457,3.273393,0.168771,-0.818971
-2.003604,-3.730243,-0.406656,0.921296,-4.414301,-0.393337,0.413947,-0.777661,-4.233769,3.265186,0.168813,-0.820763
-2.007678,-3.721017,-0.407444,0.922583,-4.410154,-0.401109,0.414698,-0.777153,-4.232080,3.256960,0.168855,-0.822558
-2.011760,-3.711779,-0.408239,0.923880,-4.405999,-0.408875,0.415455,-0.776652,-4.230392,3.248716,0.168900,-0.824354
-2.015851,-3.702527,-0.409042,0.925186,-4.401837,-0.416637,0.416218,-0.776159,-4.228702,3.240455,0.168945,-0.826153
-2.019949,-3.693262,-0.409852,0.926502,-4.397667,-0.424394,0.416987,-0.775673,-4.227012,3.232175,0.168993,-0.827955
-2.024056,-3.683984,-0.410670,0.927827,-4.393489,-0.432146,0.417763,-0.775195,-4.225322,3.223878,0.169041,-0.829758
-2.028171,-3.674692,-0.411496,0.929163,-4.389304,-0.439893,0.418545,-0.774724,-4.223631,3.215562,0.169092,-0.831564
-2.032294,-3.665387,-0.412329,0.930509,-4.385110,-0.447636,0.419333,-0.774261,-4.221940,3.207228,0.169143,-0.833372
-2.036426,-3.656068,-0.413171,0.931865,-4.380909,-0.455374,0.420127,-0.773806,-4.220248,3.198877,0.169197,-0.835183
-2.040566,-3.646736,-0.414020,0.933232,-4.376699,-0.463107,0.420929,-0.773359,-4.218555,3.190507,0.169252,-0.836997
-2.044715,-3.637390,-0.414878,0.934609,-4.372482,-0.470836,0.421737,-0.772921,-4.216862,3.182119,0.169308,-0.838813
-2.048872,-3.628030,-0.415745,0.935997,-4.368257,-0.478561,0.422552,-0.772490,-4.215168,3.173712,0.169366,-0.840631
-2.053038,-3.618656,-0.416620,0.937395,-4.364023,-0.486282,0.423374,-0.772068,-4.213474,3.165288,0.169426,-0.842452
-2.057213,-3.609268,-0.417503,0.938805,-4.359781,-0.493999,0.424203,-0.771654,-4.211780,3.156845,0.169487,-0.844275
-2.061397,-3.599866,-0.418395,0.940226,-4.355530,-0.501711,0.425039,-0.771248,-4.210084,3.148384,0.169550,-0.846102
-2.065590,-3.590449,-0.419296,0.941657,-4.351272,-0.509420,0.425883,-0.770852,-4.208388,3.139905,0.169614,-0.847931
-2.069793,-3.581018,-0.420207,0.943101,-4.347004,-0.517124,0.426734,-0.770464,-4.206691,3.131407,0.169680,-0.849762
-2.074004,-3.571572,-0.421126,0.944556,-4.342729,-0.524825,0.427593,-0.770085,-4.204994,3.122891,0.169748,-0.851597
-2.078224,-3.562112,-0.422055,0.946022,-4.338444,-0.532522,0.428459,-0.769715,-4.203296,3.114357,0.169817,-0.853434
-2.082454,-3.552637,-0.422993,0.947501,-4.334151,-0.540216,0.429334,-0.769354,-4.201597,3.105804,0.169888,-0.855274
-2.086694,-3.543147,-0.423941,0.948991,-4.329849,-0.547906,0.430217,-0.769002,-4.199897,3.097233,0.169960,-0.857117
-2.090943,-3.533642,-0.424898,0.950494,-4.325538,-0.555592,0.431108,-0.768660,-4.198197,3.088643,0.170035,-0.858963
-2.095201,-3.524122,-0.425866,0.952009,-4.321218,-0.563276,0.432007,-0.768327,-4.196496,3.080035,0.170110,-0.860812
-2.099470,-3.514587,-0.426844,0.953537,-4.316888,-0.570956,0.432915,-0.768004,-4.194794,3.071408,0.170188,-0.862663
-2.103748,-3.505036,-0.427832,0.955077,-4.312550,-0.578633,0.433831,-0.767690,-4.193091,3.062763,0.170267,-0.864518
-2.108036,-3.495470,-0.428830,0.956630,-4.308202,-0.586306,0.434757,-0.767387,-4.191388,3.054099,0.170348,-0.866376
-2.112335,-3.485888,-0.429840,0.958197,-4.303845,-0.593977,0.435691,-0.767093,-4.189684,3.045417,0.170431,-0.868237
-2.116643,-3.476290,-0.430859,0.959776,-4.299479,-0.601645,0.436635,-0.766810,-4.187979,3.036716,0.170515,-0.870101
-2.120962,-3.466676,-0.431891,0.961369,-4.295103,-0.609311,0.437588,-0.766537,-4.186273,3.027996,0.170601,-0.871968
-2.125292,-3.457046,-0.432933,0.962976,-4.290718,-0.616974,0.438550,-0.766275,-4.184566,3.019258,0.170689,-0.873838
-2.129632,-3.447400,-0.433986,0.964596,-4.286323,-0.624634,0.439523,-0.766024,-4.182858,3.010501,0.170779,-0.875712
-2.133982,-3.437738,-0.435052,0.966231,-4.281918,-0.632292,0.440505,-0.765783,-4.181149,3.001725,0.170870,-0.877589
-2.138344,-3.428059,-0.436129,0.967880,-4.277503,-0.639947,0.441497,-0.765553,-4.179440,2.992930,0.170963,-0.879469
-2.142716,-3.418364,-0.437218,0.969543,-4.273077,-0.647601,0.442500,-0.765335,-4.177730,2.984116,0.171058,-0.881353
-2.147099,-3.408651,-0.438319,0.971221,-4.268642,-0.655252,0.443513,-0.765128,-4.176018,2.975284,0.171155,-0.883240
-2.151493,-3.398922,-0.439432,0.972913,-4.264197,-0.662901,0.444537,-0.764932,-4.174306,2.966433,0.171254,-0.885131
-2.155899,-3.389176,-0.440559,0.974621,-4.259741,-0.670549,0.445572,-0.764748,-4.172592,2.957562,0.171354,-0.887025
-2.160316,-3.379412,-0.441698,0.976345,-4.255275,-0.678194,0.446618,-0.764577,-4.170877,2.948673,0.171457,-0.888922
-2.164744,-3.369632,-0.442850,0.978084,-4.250799,-0.685839,0.447676,-0.764417,-4.169162,2.939765,0.171561,-0.890823
-2.169184,-3.359833,-0.444016,0.979838,-4.246311,-0.693481,0.448745,-0.764269,-4.167445,2.930837,0.171667,-0.892728
-2.173636,-3.350017,-0.445195,0.981609,-4.241813,-0.701123,0.449826,-0.764135,-4.165728,2.921891,0.171775,-0.894636
-2.178100,-3.340183,-0.446389,0.983396,-4.237304,-0.708763,0.450919,-0.764013,-4.164009,2.912925,0.171885,-0.896548
-2.182576,-3.330331,-0.447596,0.985200,-4.232783,-0.716402,0.452025,-0.763903,-4.162289,2.903941,0.171997,-0.898464
-2.187064,-3.320461,-0.448818,0.987020,-4.228252,-0.724040,0.453143,-0.763808,-4.160568,2.894937,0.172111,-0.900384
-2.191565,-3.310572,-0.450054,0.988858,-4.223709,-0.731677,0.454274,-0.763725,-4.158845,2.885914,0.172226,-0.902307
-2.196078,-3.300665,-0.451305,0.990713,-4.219155,-0.739314,0.455418,-0.763656,-4.157122,2.876872,0.172344,-0.904235
-2.200603,-3.290739,-0.452572,0.992585,-4.214589,-0.746950,0.456575,-0.763601,-4.155397,2.867810,0.172464,-0.906166
-2.205142,-3.280794,-0.453854,0.994476,-4.210011,-0.754585,0.457747,-0.763560,-4.153672,2.858729,0.172585,-0.908101
-2.209693,-3.270831,-0.455152,0.996385,-4.205422,-0.762221,0.458932,-0.763534,-4.151945,2.849628,0.172709,-0.910040
-2.214258,-3.260848,-0.456466,0.998312,-4.200821,-0.769856,0.460131,-0.763522,-4.150216,2.840509,0.172835,-0.911984
-2.218836,-3.250845,-0.457797,1.000258,-4.196208,-0.777491,0.461346,-0.763525,-4.148487,2.831369,0.172963,-0.913931
-2.223428,-3.240823,-0.459144,1.002223,-4.191582,-0.785127,0.462575,-0.763543,-4.146756,2.822211,0.173092,-0.915883
-2.228033,-3.230781,-0.460509,1.004208,-4.186944,-0.792762,0.463819,-0.763576,-4.145023,2.813032,0.173224,-0.917838
-2.232651,-3.220718,-0.461891,1.006213,-4.182293,-0.800399,0.465079,-0.763625,-4.143290,2.803834,0.173359,-0.919798
-2.237284,-3.210636,-0.463291,1.008237,-4.177629,-0.808035,0.466355,-0.763691,-4.141555,2.794616,0.173495,-0.921763
-2.241931,-3.200533,-0.464710,1.010283,-4.172953,-0.815673,0.467648,-0.763772,-4.139819,2.785379,0.173633,-0.923731
-2.246593,-3.190410,-0.466146,1.012348,-4.168263,-0.823312,0.468957,-0.763870,-4.138081,2.776122,0.173774,-0.925704
-2.251269,-3.180265,-0.467602,1.014436,-4.163560,-0.830952,0.470283,-0.763985,-4.136342,2.766845,0.173916,-0.927682
-2.255960,-3.170100,-0.469078,1.016544,-4.158844,-0.838593,0.471626,-0.764118,-4.134602,2.757549,0.174061,-0.929664
-2.260666,-3.159913,-0.470573,1.018675,-4.154114,-0.846236,0.472988,-0.764267,-4.132860,2.748232,0.174208,-0.931651
-2.265387,-3.149705,-0.472088,1.020828,-4.149371,-0.853880,0.474367,-0.764435,-4.131116,2.738896,0.174358,-0.933642
-2.270123,-3.139475,-0.473624,1.023003,-4.144613,-0.861526,0.475766,-0.764621,-4.129371,2.729539,0.174509,-0.935638
-2.274875,-3.129223,-0.475182,1.025202,-4.139841,-0.869174,0.477183,-0.764826,-4.127624,2.720163,0.174663,-0.937638
-2.279642,-3.118948,-0.476761,1.027425,-4.135055,-0.876825,0.478620,-0.765050,-4.125876,2.710767,0.174819,-0.939644
-2.284426,-3.108652,-0.478362,1.029671,-4.130254,-0.884478,0.480078,-0.765293,-4.124126,2.701350,0.174978,-0.941654
-2.289226,-3.098332,-0.479985,1.031942,-4.125439,-0.892133,0.481555,-0.765556,-4.122375,2.691913,0.175139,-0.943669
-2.294042,-3.087990,-0.481632,1.034237,-4.120608,-0.899792,0.483054,-0.765839,-4.120622,2.682456,0.175302,-0.945689
-2.298875,-3.077624,-0.483303,1.036558,-4.115763,-0.907453,0.484575,-0.766142,-4.118867,2.672979,0.175467,-0.947714
-2.303725,-3.067235,-0.484997,1.038905,-4.110901,-0.915118,0.486117,-0.766467,-4.117111,2.663482,0.175635,-0.949744
-2.308592,-3.056823,-0.486717,1.041278,-4.106025,-0.922786,0.487683,-0.766813,-4.115353,2.653964,0.175806,-0.951779
-2.313477,-3.046386,-0.488462,1.043678,-4.101132,-0.930458,0.489271,-0.767181,-4.113593,2.644426,0.175979,-0.953819
-2.318379,-3.035925,-0.490232,1.046106,-4.096223,-0.938134,0.490884,-0.767572,-4.111831,2.634867,0.176154,-0.955865
-2.323299,-3.025439,-0.492030,1.048561,-4.091298,-0.945813,0.492520,-0.767985,-4.110068,2.625288,0.176332,-0.957915
-2.328238,-3.014929,-0.493854,1.051044,-4.086356,-0.953498,0.494182,-0.768421,-4.108303,2.615689,0.176512,-0.959972
-2.333195,-3.004393,-0.495707,1.053557,-4.081397,-0.961186,0.495870,-0.768882,-4.106535,2.606068,0.176695,-0.962033
-2.338171,-2.993832,-0.497588,1.056099,-4.076421,-0.968880,0.497584,-0.769367,-4.104767,2.596427,0.176881,-0.964100
-2.343166,-2.983245,-0.499498,1.058671,-4.071428,-0.976579,0.499325,-0.769876,-4.102996,2.586766,0.177069,-0.966173
-2.348180,-2.972633,-0.501438,1.061274,-4.066417,-0.984283,0.501094,-0.770411,-4.101224,2.577083,0.177260,-0.968251
-2.353214,-2.961993,-0.503409,1.063908,-4.061388,-0.991993,0.502892,-0.770973,-4.099450,2.567380,0.177453,-0.970335
-2.358268,-2.951328,-0.505412,1.066574,-4.056341,-0.999708,0.504718,-0.771560,-4.097673,2.557656,0.177650,-0.972424
-2.363343,-2.940635,-0.507447,1.069273,-4.051275,-1.007430,0.506576,-0.772175,-4.095894,2.547910,0.177848,-0.974519
-2.368438,-2.929915,-0.509516,1.072006,-4.046190,-1.015158,0.508464,-0.772818,-4.094114,2.538144,0.178050,-0.976621
-2.373554,-2.919167,-0.511618,1.074772,-4.041086,-1.022893,0.510384,-0.773490,-4.092331,2.528357,0.178254,-0.978728
-2.378692,-2.908391,-0.513755,1.077573,-4.035963,-1.030635,0.512336,-0.774190,-4.090547,2.518549,0.178462,-0.980841
-2.383851,-2.897587,-0.515929,1.080410,-4.030820,-1.038384,0.514323,-0.774921,-4.088760,2.508719,0.178672,-0.982960
-2.389033,-2.886755,-0.518139,1.083283,-4.025656,-1.046141,0.516344,-0.775682,-4.086971,2.498868,0.178884,-0.985085
-2.394237,-2.875893,-0.520388,1.086193,-4.020472,-1.053906,0.518401,-0.776474,-4.085180,2.488996,0.179100,-0.987217
-2.399463,-2.865001,-0.522675,1.089141,-4.015267,-1.061679,0.520494,-0.777298,-4.083387,2.479103,0.179319,-0.989355
-2.404713,-2.854080,-0.525002,1.092128,-4.010041,-1.069460,0.522625,-0.778155,-4.081592,2.469188,0.179541,-0.991499
-2.409987,-2.843128,-0.527371,1.095155,-4.004793,-1.077251,0.524795,-0.779046,-4.079794,2.459251,0.179765,-0.993649
-2.415285,-2.832146,-0.529782,1.098222,-3.999523,-1.085050,0.527006,-0.779972,-4.077994,2.449293,0.179993,-0.995807
-2.420608,-2.821133,-0.532237,1.101330,-3.994230,-1.092860,0.529257,-0.780932,-4.076191,2.439313,0.180224,-0.997970
-2.425955,-2.810088,-0.534737,1.104481,-3.988914,-1.100679,0.531552,-0.781929,-4.074387,2.429312,0.180458,-1.000141
-2.431328,-2.799011,-0.537283,1.107675,-3.983576,-1.108509,0.533890,-0.782963,-4.072580,2.419289,0.180694,-1.002318
-2.436726,-2.787902,-0.539876,1.110914,-3.978213,-1.116349,0.536273,-0.784035,-4.070771,2.409244,0.180935,-1.004502
-2.442152,-2.776760,-0.542519,1.114198,-3.972826,-1.124200,0.538703,-0.785146,-4.068959,2.399177,0.181178,-1.006693
-2.447604,-2.765585,-0.545212,1.117528,-3.967414,-1.132063,0.541182,-0.786298,-4.067145,2.389088,0.181424,-1.008891
-2.453083,-2.754376,-0.547958,1.120906,-3.961977,-1.139938,0.543710,-0.787490,-4.065328,2.378977,0.181674,-1.011096
-2.458591,-2.743133,-0.550757,1.124333,-3.956514,-1.147825,0.546290,-0.788725,-4.063509,2.368844,0.181927,-1.013308
-2.464127,-2.731854,-0.553611,1.127810,-3.951025,-1.155725,0.548923,-0.790003,-4.061687,2.358689,0.182184,-1.015527
-2.469692,-2.720541,-0.556523,1.131339,-3.945509,-1.163639,0.551611,-0.791325,-4.059863,2.348511,0.182444,-1.017754
-2.475287,-2.709192,-0.559494,1.134919,-3.939965,-1.171566,0.554356,-0.792693,-4.058035,2.338311,0.182707,-1.019988
-2.480912,-2.697806,-0.562527,1.138554,-3.934394,-1.179507,0.557159,-0.794108,-4.056206,2.328089,0.182974,-1.022230
-2.486568,-2.686384,-0.565622,1.142244,-3.928793,-1.187462,0.560023,-0.795572,-4.054373,2.317844,0.183244,-1.024479
-2.492256,-2.674924,-0.568782,1.145990,-3.923164,-1.195433,0.562950,-0.797085,-4.052538,2.307577,0.183518,-1.026736
-2.497976,-2.663426,-0.572010,1.149794,-3.917505,-1.203420,0.565943,-0.798649,-4.050700,2.297287,0.183795,-1.029001
-2.503729,-2.651890,-0.575308,1.153659,-3.911814,-1.211422,0.569003,-0.800266,-4.048860,2.286974,0.184077,-1.031274
-2.509516,-2.640314,-0.578677,1.157584,-3.906093,-1.219442,0.572133,-0.801936,-4.047016,2.276639,0.184361,-1.033555
-2.515337,-2.628698,-0.582122,1.161572,-3.900340,-1.227478,0.575335,-0.803663,-4.045170,2.266281,0.184650,-1.035844
-2.521194,-2.617042,-0.585644,1.165624,-3.894554,-1.235533,0.578612,-0.805446,-4.043320,2.255899,0.184942,-1.038141
-2.527086,-2.605344,-0.589246,1.169743,-3.888734,-1.243606,0.581968,-0.807288,-4.041468,2.245495,0.185238,-1.040447
-2.533015,-2.593605,-0.592932,1.173930,-3.882880,-1.251698,0.585405,-0.809190,-4.039612,2.235067,0.185538,-1.042761
-2.538983,-2.581823,-0.596703,1.178187,-3.876991,-1.259809,0.588926,-0.811155,-4.037754,2.224616,0.185842,-1.045083
-2.544988,-2.569998,-0.600564,1.182515,-3.871065,-1.267941,0.592534,-0.813184,-4.035892,2.214142,0.186150,-1.047415
-2.551033,-2.558129,-0.604519,1.186918,-3.865103,-1.276094,0.596234,-0.815279,-4.034028,2.203644,0.186462,-1.049755
-2.557119,-2.546215,-0.608569,1.191396,-3.859102,-1.284268,0.600028,-0.817443,-4.032160,2.193123,0.186778,-1.052104
-2.563246,-2.534255,-0.612720,1.195953,-3.853063,-1.292465,0.603921,-0.819676,-4.030289,2.182579,0.187099,-1.054462
-2.569416,-2.522249,-0.616976,1.200590,-3.846984,-1.300685,0.607916,-0.821982,-4.028415,2.172010,0.187423,-1.056829
-2.575629,-2.510196,-0.621340,1.205309,-3.840864,-1.308929,0.612018,-0.824362,-4.026537,2.161418,0.187752,-1.059206
-2.581887,-2.498095,-0.625817,1.210114,-3.834702,-1.317197,0.616232,-0.826820,-4.024657,2.150803,0.188085,-1.061592
-2.588192,-2.485945,-0.630412,1.215007,-3.828496,-1.325490,0.620561,-0.829356,-4.022773,2.140163,0.188422,-1.063987
-2.594543,-2.473745,-0.635129,1.219989,-3.822246,-1.333810,0.625012,-0.831975,-4.020885,2.129499,0.188764,-1.066392
-2.600942,-2.461494,-0.639974,1.225065,-3.815950,-1.342157,0.629590,-0.834678,-4.018994,2.118811,0.189110,-1.068807
-2.607392,-2.449192,-0.644953,1.230236,-3.809607,-1.350532,0.634300,-0.837468,-4.017099,2.108098,0.189461,-1.071232
-2.613893,-2.436837,-0.650072,1.235506,-3.803216,-1.358935,0.639148,-0.840348,-4.015201,2.097362,0.189817,-1.073667
-2.620446,-2.424428,-0.655335,1.240877,-3.796774,-1.367368,0.644141,-0.843321,-4.013299,2.086601,0.190177,-1.076113
-2.627053,-2.411965,-0.660752,1.246354,-3.790281,-1.375832,0.649285,-0.846390,-4.011394,2.075815,0.190542,-1.078568
-2.633717,-2.399445,-0.666327,1.251938,-3.783736,-1.384328,0.654588,-0.849557,-4.009485,2.065005,0.190911,-1.081035
-2.640438,-2.386869,-0.672069,1.257633,-3.777135,-1.392856,0.660057,-0.852827,-4.007572,2.054169,0.191286,-1.083512
-2.647218,-2.374234,-0.677986,1.263443,-3.770478,-1.401418,0.665701,-0.856202,-4.005655,2.043309,0.191666,-1.086000
-2.654058,-2.361541,-0.684085,1.269371,-3.763762,-1.410015,0.671528,-0.859686,-4.003734,2.032424,0.192050,-1.088499
-2.660962,-2.348787,-0.690377,1.275421,-3.756987,-1.418648,0.677547,-0.863282,-4.001810,2.021514,0.192440,-1.091009
-2.667931,-2.335971,-0.696870,1.281596,-3.750149,-1.427318,0.683769,-0.866994,-3.999881,2.010579,0.192835,-1.093531
-2.674967,-2.323092,-0.703575,1.287901,-3.743248,-1.436026,0.690203,-0.870826,-3.997949,1.999618,0.193235,-1.096064
-2.682072,-2.310148,-0.710503,1.294339,-3.736279,-1.444774,0.696860,-0.874781,-3.996012,1.988632,0.193640,-1.098609
-2.689249,-2.297139,-0.717665,1.300914,-3.729241,-1.453562,0.703754,-0.878863,-3.994072,1.977621,0.194051,-1.101166
-2.696499,-2.284063,-0.725074,1.307631,-3.722132,-1.462393,0.710896,-0.883076,-3.992127,1.966583,0.194468,-1.103735
-2.703827,-2.270918,-0.732743,1.314493,-3.714949,-1.471267,0.718301,-0.887424,-3.990178,1.955520,0.194890,-1.106317
-2.711234,-2.257703,-0.740685,1.321505,-3.707690,-1.480186,0.725983,-0.891911,-3.988225,1.944431,0.195317,-1.108911
-2.718723,-2.244416,-0.748918,1.328670,-3.700350,-1.489152,0.733957,-0.896541,-3.986268,1.933316,0.195751,-1.111518
-2.726297,-2.231056,-0.757455,1.335994,-3.692928,-1.498165,0.742241,-0.901317,-3.984306,1.922174,0.196190,-1.114138
-2.733961,-2.217621,-0.766316,1.343480,-3.685419,-1.507227,0.750853,-0.906244,-3.982340,1.911007,0.196635,-1.116771
-2.741716,-2.204110,-0.775519,1.351132,-3.677821,-1.516340,0.759812,-0.911325,-3.980369,1.899812,0.197086,-1.119417
-2.749567,-2.190520,-0.785084,1.358954,-3.670130,-1.525506,0.769138,-0.916563,-3.978393,1.888592,0.197543,-1.122078
-2.757517,-2.176851,-0.795032,1.366950,-3.662341,-1.534726,0.778855,-0.921962,-3.976413,1.877344,0.198007,-1.124752
-2.765571,-2.163100,-0.805387,1.375121,-3.654451,-1.544001,0.788986,-0.927523,-3.974428,1.866070,0.198477,-1.127440
-2.773733,-2.149265,-0.816174,1.383473,-3.646456,-1.553334,0.799557,-0.933249,-3.972439,1.854768,0.198953,-1.130143
-2.782007,-2.135345,-0.827419,1.392005,-3.638350,-1.562725,0.810595,-0.939141,-3.970444,1.843440,0.199436,-1.132861
-2.790398,-2.121338,-0.839151,1.400720,-3.630128,-1.572177,0.822130,-0.945200,-3.968445,1.832084,0.199925,-1.135594
-2.798912,-2.107241,-0.851400,1.409618,-3.621786,-1.581691,0.834195,-0.951424,-3.966441,1.820700,0.200421,-1.138342
-2.807554,-2.093054,-0.864200,1.418698,-3.613318,-1.591269,0.846822,-0.957811,-3.964432,1.809289,0.200924,-1.141106
-2.816330,-2.078775,-0.877585,1.427956,-3.604717,-1.600913,0.860049,-0.964356,-3.962418,1.797850,0.201434,-1.143886
-2.825246,-2.064401,-0.891593,1.437389,-3.595978,-1.610623,0.873913,-0.971054,-3.960398,1.786383,0.201950,-1.146682
-2.834309,-2.049931,-0.906264,1.446988,-3.587094,-1.620402,0.888456,-0.977893,-3.958374,1.774888,0.202474,-1.149495
-2.843525,-2.035364,-0.921639,1.456742,-3.578056,-1.630251,0.903720,-0.984862,-3.956343,1.763365,0.203006,-1.152325
-2.852903,-2.020697,-0.937764,1.466639,-3.568859,-1.640170,0.919751,-0.991941,-3.954308,1.751813,0.203544,-1.155172
-2.862449,-2.005931,-0.954685,1.476657,-3.559493,-1.650161,0.936597,-0.999109,-3.952267,1.740233,0.204090,-1.158038
-2.872174,-1.991063,-0.972449,1.486772,-3.549950,-1.660225,0.954305,-1.006335,-3.950221,1.728624,0.204644,-1.160921
-2.882085,-1.976094,-0.991105,1.496951,-3.540221,-1.670360,0.972925,-1.013581,-3.948169,1.716986,0.205206,-1.163823
-2.892192,-1.961022,-1.010704,1.507154,-3.530296,-1.680568,0.992504,-1.020800,-3.946111,1.705318,0.205775,-1.166744
-2.902505,-1.945849,-1.031293,1.517328,-3.520165,-1.690848,1.013091,-1.027933,-3.944047,1.693621,0.206352,-1.169685
-2.913034,-1.930575,-1.052918,1.527408,-3.509817,-1.701197,1.034727,-1.034906,-3.941978,1.681895,0.206938,-1.172645
-2.923790,-1.915202,-1.075619,1.537316,-3.499243,-1.711613,1.057450,-1.041628,-3.939903,1.670138,0.207531,-1.175627
-2.934785,-1.899732,-1.099429,1.546954,-3.488430,-1.722093,1.081284,-1.047992,-3.937821,1.658352,0.208133,-1.178629
-2.946028,-1.884170,-1.124369,1.556203,-3.477368,-1.732632,1.106241,-1.053864,-3.935734,1.646536,0.208743,-1.181653
-2.957533,-1.868521,-1.150441,1.564920,-3.466044,-1.743223,1.132313,-1.059087,-3.933640,1.634689,0.209362,-1.184700
-2.969309,-1.852792,-1.177626,1.572938,-3.454450,-1.753857,1.159462,-1.063476,-3.931540,1.622811,0.209989,-1.187769
-2.981368,-1.836991,-1.205873,1.580057,-3.442574,-1.764526,1.187617,-1.066815,-3.929434,1.610902,0.210626,-1.190862
-2.993718,-1.821131,-1.235090,1.586049,-3.430407,-1.775214,1.216660,-1.068859,-3.927322,1.598963,0.211270,-1.193979
-3.006370,-1.805224,-1.265137,1.590656,-3.417943,-1.785907,1.246420,-1.069335,-3.925202,1.586991,0.211924,-1.197121
-3.019328,-1.789288,-1.295815,1.593594,-3.405176,-1.796587,1.276662,-1.067947,-3.923076,1.574988,0.212587,-1.200289
-3.032596,-1.773342,-1.326856,1.594558,-3.392106,-1.807231,1.307081,-1.064388,-3.920944,1.562954,0.213258,-1.203483
-3.046175,-1.757410,-1.357922,1.593241,-3.378733,-1.817814,1.337297,-1.058354,-3.918804,1.550887,0.213939,-1.206704
-3.060061,-1.741517,-1.388600,1.589346,-3.365064,-1.828310,1.366866,-1.049568,-3.916658,1.538787,0.214628,-1.209954
-3.074246,-1.725690,-1.418415,1.582613,-3.351111,-1.838688,1.395287,-1.037802,-3.914505,1.526655,0.215327,-1.213233
-3.088714,-1.709962,-1.446846,1.572845,-3.336891,-1.848917,1.422027,-1.022909,-3.912345,1.514489,0.216034,-1.216541
-3.103448,-1.694363,-1.473354,1.559937,-3.322425,-1.858965,1.446557,-1.004842,-3.910177,1.502290,0.216750,-1.219880
-3.118422,-1.678924,-1.497422,1.543896,-3.307741,-1.868802,1.468390,-0.983682,-3.908002,1.490058,0.217475,-1.223252
-3.133608,-1.663675,-1.518592,1.524860,-3.292870,-1.878399,1.487123,-0.959633,-3.905820,1.477791,0.218209,-1.226656
-3.148973,-1.648644,-1.536508,1.503090,-3.277845,-1.887729,1.502465,-0.933021,-3.903631,1.465490,0.218951,-1.230093
-3.164482,-1.633855,-1.550942,1.478961,-3.262703,-1.896771,1.514268,-0.904268,-3.901434,1.453155,0.219701,-1.233566
-3.180100,-1.619325,-1.561807,1.452928,-3.247478,-1.905510,1.522522,-0.873860,-3.899229,1.440784,0.220459,-1.237073
-3.195792,-1.605070,-1.569158,1.425496,-3.232204,-1.913933,1.527351,-0.842303,-3.897017,1.428378,0.221226,-1.240618
-3.211524,-1.591099,-1.573172,1.397174,-3.216914,-1.922034,1.528984,-0.810096,-3.894797,1.415936,0.222000,-1.244200
-3.227265,-1.577414,-1.574120,1.368447,-3.201637,-1.929811,1.527728,-0.777694,-3.892569,1.403458,0.222781,-1.247820
-3.242988,-1.564017,-1.572336,1.339747,-3.186398,-1.937266,1.523933,-0.745494,-3.890334,1.390943,0.223570,-1.251480
-3.258670,-1.550902,-1.568182,1.311442,-3.171218,-1.944404,1.517969,-0.713820,-3.888090,1.378391,0.224366,-1.255180
-3.274290,-1.538064,-1.562030,1.283825,-3.156116,-1.951234,1.510194,-0.682926,-3.885838,1.365802,0.225169,-1.258921
-3.289832,-1.525493,-1.554231,1.257122,-3.141107,-1.957763,1.500949,-0.652998,-3.883579,1.353175,0.225978,-1.262705
-3.305284,-1.513178,-1.545113,1.231491,-3.126201,-1.964005,1.490538,-0.624162,-3.881311,1.340510,0.226794,-1.266532
-3.320633,-1.501108,-1.534967,1.207036,-3.111409,-1.969970,1.479232,-0.596496,-3.879035,1.327806,0.227615,-1.270403
-3.335874,-1.489269,-1.524044,1.183818,-3.096736,-1.975670,1.467262,-0.570037,-3.876750,1.315062,0.228442,-1.274319
-3.350999,-1.477651,-1.512560,1.161859,-3.082188,-1.981118,1.454823,-0.544791,-3.874457,1.302279,0.229275,-1.278282
-3.366006,-1.466239,-1.500695,1.141154,-3.067767,-1.986326,1.442078,-0.520741,-3.872156,1.289457,0.230112,-1.282292
-3.380892,-1.455022,-1.488597,1.121682,-3.053476,-1.991304,1.429158,-0.497856,-3.869847,1.276593,0.230954,-1.286350
-3.395656,-1.443988,-1.476386,1.103404,-3.039314,-1.996065,1.416171,-0.476090,-3.867529,1.263689,0.231801,-1.290457
-3.410297,-1.433126,-1.464159,1.086273,-3.025282,-2.000619,1.403203,-0.455392,-3.865202,1.250742,0.232652,-1.294615
-3.424817,-1.422423,-1.451992,1.070239,-3.011379,-2.004976,1.390321,-0.435709,-3.862867,1.237754,0.233507,-1.298825
-3.439217,-1.411871,-1.439944,1.055245,-2.997603,-2.009146,1.377576,-0.416983,-3.860523,1.224723,0.234365,-1.303087
-3.453497,-1.401459,-1.428061,1.041236,-2.983953,-2.013138,1.365010,-0.399157,-3.858171,1.211649,0.235226,-1.307404
-3.467661,-1.391177,-1.416379,1.028158,-2.970426,-2.016960,1.352652,-0.382177,-3.855810,1.198532,0.236089,-1.311775
-3.481710,-1.381017,-1.404921,1.015956,-2.957021,-2.020620,1.340523,-0.365988,-3.853441,1.185369,0.236955,-1.316203
-3.495647,-1.370972,-1.393706,1.004580,-2.943735,-2.024125,1.328638,-0.350541,-3.851063,1.172163,0.237823,-1.320688
-3.509475,-1.361032,-1.382747,0.993981,-2.930565,-2.027483,1.317009,-0.335785,-3.848676,1.158910,0.238692,-1.325233
-3.523196,-1.351191,-1.372049,0.984113,-2.917508,-2.030700,1.305640,-0.321677,-3.846280,1.145612,0.239562,-1.329837
-3.536812,-1.341441,-1.361617,0.974934,-2.904563,-2.033782,1.294533,-0.308172,-3.843876,1.132267,0.240432,-1.334503
-3.550326,-1.331777,-1.351451,0.966403,-2.891726,-2.036734,1.283689,-0.295233,-3.841463,1.118875,0.241303,-1.339233
-3.563742,-1.322193,-1.341549,0.958483,-2.878995,-2.039562,1.273105,-0.282820,-3.839041,1.105434,0.242172,-1.344027
-3.577061,-1.312681,-1.331907,0.951141,-2.866367,-2.042271,1.262778,-0.270901,-3.836611,1.091945,0.243040,-1.348887
-3.590286,-1.303238,-1.322521,0.944344,-2.853840,-2.044865,1.252703,-0.259442,-3.834172,1.078407,0.243906,-1.353814
-3.603420,-1.293857,-1.313384,0.938063,-2.841411,-2.047349,1.242874,-0.248415,-3.831724,1.064819,0.244769,-1.358811
-3.616465,-1.284534,-1.304489,0.932271,-2.829078,-2.049727,1.233284,-0.237792,-3.829268,1.051180,0.245629,-1.363879
-3.629423,-1.275265,-1.295830,0.926943,-2.816839,-2.052003,1.223928,-0.227547,-3.826803,1.037490,0.246485,-1.369020
-3.642297,-1.266044,-1.287398,0.922056,-2.804691,-2.054179,1.214798,-0.217657,-3.824330,1.023748,0.247336,-1.374235
-3.655089,-1.256868,-1.279184,0.917589,-2.792632,-2.056260,1.205886,-0.208100,-3.821848,1.009953,0.248181,-1.379526
-3.667800,-1.247733,-1.271182,0.913523,-2.780660,-2.058249,1.197186,-0.198855,-3.819358,0.996104,0.249019,-1.384895
-3.680434,-1.238635,-1.263382,0.909841,-2.768774,-2.060148,1.188689,-0.189904,-3.816859,0.982200,0.249850,-1.390344
-3.692992,-1.229570,-1.255777,0.906525,-2.756970,-2.061960,1.180390,-0.181229,-3.814353,0.968241,0.250673,-1.395875
-3.705476,-1.220534,-1.248357,0.903561,-2.745247,-2.063688,1.172280,-0.172814,-3.811838,0.954227,0.251485,-1.401490
-3.717887,-1.211525,-1.241115,0.900936,-2.733603,-2.065335,1.164354,-0.164644,-3.809315,0.940155,0.252287,-1.407192
-3.730227,-1.202538,-1.234043,0.898636,-2.722037,-2.066902,1.156603,-0.156704,-3.806784,0.926025,0.253077,-1.412981
-3.742498,-1.193572,-1.227132,0.896651,-2.710547,-2.068392,1.149022,-0.148982,-3.804246,0.911836,0.253853,-1.418861
-3.754702,-1.184622,-1.220374,0.894970,-2.699131,-2.069806,1.141604,-0.141465,-3.801700,0.897588,0.254614,-1.424834
-3.766840,-1.175686,-1.213763,0.893583,-2.687788,-2.071148,1.134342,-0.134143,-3.799146,0.883279,0.255360,-1.430902
-3.778913,-1.166761,-1.207290,0.892483,-2.676515,-2.072418,1.127232,-0.127003,-3.796585,0.868908,0.256087,-1.437067
-3.790922,-1.157845,-1.200947,0.891660,-2.665313,-2.073618,1.120266,-0.120037,-3.794017,0.854475,0.256796,-1.443333
-3.802869,-1.148934,-1.194727,0.891109,-2.654178,-2.074750,1.113440,-0.113235,-3.791442,0.839978,0.257483,-1.449701
-3.814755,-1.140025,-1.188623,0.890822,-2.643111,-2.075816,1.106748,-0.106589,-3.788861,0.825416,0.258147,-1.456175
-3.826581,-1.131117,-1.182627,0.890794,-2.632109,-2.076817,1.100185,-0.100089,-3.786273,0.810789,0.258785,-1.462756
-3.838349,-1.122207,-1.176733,0.891020,-2.621172,-2.077754,1.093745,-0.093729,-3.783679,0.796094,0.259397,-1.469449
-3.850058,-1.113292,-1.170932,0.891496,-2.610297,-2.078629,1.087425,-0.087502,-3.781079,0.781331,0.259979,-1.476255
-3.861710,-1.104370,-1.165219,0.892216,-2.599485,-2.079443,1.081218,-0.081400,-3.778474,0.766500,0.260529,-1.483178
0.120200,-4.824064,-0.272930,0.424753,-5.043400,-2.734212,0.368921,0.462846,1.417087,-1.976792,0.077858,-0.427309
0.117473,-4.819797,-0.272705,0.426782,-5.039700,-2.729585,0.369978,0.462662,1.417853,-1.981084,0.076572,-0.429156
0.114748,-4.815508,-0.272474,0.428818,-5.035990,-2.724960,0.371036,0.462476,1.418605,-1.985394,0.075279,-0.431007
0.112026,-4.811200,-0.272237,0.430859,-5.032269,-2.720337,0.372096,0.462289,1.419345,-1.989722,0.073979,-0.432863
0.109306,-4.806870,-0.271994,0.432906,-5.028537,-2.715716,0.373158,0.462100,1.420072,-1.994070,0.072670,-0.434724
0.106588,-4.802521,-0.271744,0.434960,-5.024795,-2.711097,0.374222,0.461911,1.420786,-1.998435,0.071353,-0.436590
0.103873,-4.798151,-0.271489,0.437020,-5.021042,-2.706480,0.375287,0.461720,1.421486,-2.002820,0.070029,-0.438460
0.101161,-4.793760,-0.271227,0.439086,-5.017279,-2.701865,0.376355,0.461527,1.422173,-2.007223,0.068696,-0.440335
0.098451,-4.789348,-0.270958,0.441158,-5.013505,-2.697251,0.377424,0.461333,1.422846,-2.011646,0.067355,-0.442216
0.095745,-4.784916,-0.270684,0.443237,-5.009719,-2.692640,0.378494,0.461138,1.423506,-2.016087,0.066005,-0.444101
0.093041,-4.780463,-0.270402,0.445322,-5.005924,-2.688030,0.379567,0.460942,1.424153,-2.020546,0.064648,-0.445991
0.090339,-4.775989,-0.270114,0.447413,-5.002117,-2.683423,0.380641,0.460744,1.424786,-2.025025,0.063281,-0.447886
0.087641,-4.771493,-0.269820,0.449511,-4.998300,-2.678818,0.381718,0.460544,1.425405,-2.029523,0.061906,-0.449787
0.084946,-4.766977,-0.269518,0.451615,-4.994472,-2.674214,0.382796,0.460344,1.426010,-2.034040,0.060523,-0.451692
0.082254,-4.762440,-0.269210,0.453726,-4.990633,-2.669613,0.383876,0.460141,1.426601,-2.038576,0.059131,-0.453603
0.079565,-4.757882,-0.268895,0.455844,-4.986784,-2.665013,0.384958,0.459938,1.427179,-2.043131,0.057730,-0.455519
0.076879,-4.753302,-0.268572,0.457968,-4.982924,-2.660416,0.386041,0.459733,1.427742,-2.047705,0.056320,-0.457440
0.074197,-4.748701,-0.268243,0.460099,-4.979052,-2.655821,0.387127,0.459527,1.428291,-2.052299,0.054900,-0.459366
0.071518,-4.744079,-0.267906,0.462236,-4.975170,-2.651227,0.388215,0.459319,1.428825,-2.056912,0.053472,-0.461298
0.068842,-4.739435,-0.267563,0.464381,-4.971277,-2.646636,0.389304,0.459110,1.429346,-2.061544,0.052035,-0.463235
0.066170,-4.734769,-0.267211,0.466532,-4.967373,-2.642047,0.390395,0.458899,1.429852,-2.066196,0.050588,-0.465177
0.063502,-4.730083,-0.266853,0.468690,-4.963459,-2.637460,0.391489,0.458687,1.430343,-2.070867,0.049131,-0.467125
0.060837,-4.725374,-0.266486,0.470855,-4.959533,-2.632876,0.392584,0.458473,1.430820,-2.075558,0.047666,-0.469079
0.058176,-4.720644,-0.266112,0.473027,-4.955596,-2.628293,0.393681,0.458258,1.431281,-2.080269,0.046190,-0.471038
0.055518,-4.715891,-0.265730,0.475207,-4.951648,-2.623713,0.394780,0.458042,1.431728,-2.084999,0.044705,-0.473002
0.052865,-4.711117,-0.265341,0.477393,-4.947690,-2.619134,0.395881,0.457824,1.432161,-2.089748,0.043209,-0.474973
0.050215,-4.706321,-0.264943,0.479586,-4.943720,-2.614558,0.396984,0.457605,1.432578,-2.094518,0.041704,-0.476949
0.047570,-4.701503,-0.264538,0.481787,-4.939739,-2.609984,0.398090,0.457384,1.432979,-2.099307,0.040189,-0.478930
0.044929,-4.696663,-0.264124,0.483995,-4.935747,-2.605413,0.399197,0.457161,1.433366,-2.104116,0.038663,-0.480918
0.042292,-4.691801,-0.263702,0.486210,-4.931744,-2.600843,0.400306,0.456937,1.433737,-2.108946,0.037128,-0.482911
0.039659,-4.686917,-0.263271,0.488432,-4.927730,-2.596276,0.401417,0.456712,1.434093,-2.113795,0.035581,-0.484910
0.037031,-4.682010,-0.262832,0.490662,-4.923704,-2.591712,0.402530,0.456485,1.434433,-2.118664,0.034024,-0.486915
0.034407,-4.677081,-0.262385,0.492900,-4.919668,-2.587149,0.403645,0.456257,1.434758,-2.123553,0.032457,-0.488926
0.031788,-4.672130,-0.261928,0.495144,-4.915620,-2.582589,0.404762,0.456027,1.435067,-2.128463,0.030878,-0.490943
0.029173,-4.667156,-0.261463,0.497397,-4.911561,-2.578031,0.405882,0.455795,1.435360,-2.133392,0.029289,-0.492966
0.026563,-4.662159,-0.260989,0.499657,-4.907492,-2.573475,0.407003,0.455562,1.435637,-2.138342,0.027688,-0.494995
0.023958,-4.657140,-0.260506,0.501925,-4.903410,-2.568922,0.408127,0.455328,1.435897,-2.143313,0.026077,-0.497030
0.021358,-4.652098,-0.260014,0.504200,-4.899318,-2.564371,0.409252,0.455092,1.436142,-2.148304,0.024453,-0.499071
0.018763,-4.647033,-0.259512,0.506483,-4.895214,-2.559822,0.410380,0.454854,1.436370,-2.153315,0.022819,-0.501119
0.016173,-4.641945,-0.259001,0.508774,-4.891099,-2.555276,0.411510,0.454615,1.436582,-2.158346,0.021173,-0.503173
0.013588,-4.636834,-0.258480,0.511073,-4.886972,-2.550732,0.412642,0.454374,1.436777,-2.163399,0.019515,-0.505233
0.011008,-4.631701,-0.257950,0.513380,-4.882834,-2.546191,0.413776,0.454132,1.436955,-2.168472,0.017845,-0.507300
0.008434,-4.626544,-0.257410,0.515695,-4.878685,-2.541652,0.414912,0.453888,1.437117,-2.173566,0.016163,-0.509373
0.005866,-4.621363,-0.256860,0.518018,-4.874525,-2.537116,0.416051,0.453642,1.437262,-2.178680,0.014469,-0.511452
0.003303,-4.616159,-0.256299,0.520349,-4.870353,-2.532582,0.417192,0.453395,1.437389,-2.183815,0.012762,-0.513538
0.000745,-4.610932,-0.255729,0.522688,-4.866170,-2.528050,0.418335,0.453146,1.437500,-2.188972,0.011043,-0.515631
-0.001806,-4.605682,-0.255148,0.525036,-4.861975,-2.523521,0.419480,0.452896,1.437593,-2.194149,0.009312,-0.517730
-0.004352,-4.600408,-0.254557,0.527391,-4.857769,-2.518995,0.420627,0.452644,1.437668,-2.199347,0.007567,-0.519836
-0.006891,-4.595110,-0.253955,0.529756,-4.853551,-2.514471,0.421777,0.452390,1.437726,-2.204567,0.005810,-0.521948
-0.009425,-4.589789,-0.253342,0.532128,-4.849322,-2.509950,0.422929,0.452135,1.437767,-2.209807,0.004039,-0.524068
-0.011952,-4.584444,-0.252718,0.534509,-4.845081,-2.505431,0.424083,0.451878,1.437789,-2.215069,0.002255,-0.526194
-0.014473,-4.579075,-0.252083,0.536898,-4.840829,-2.500915,0.425239,0.451620,1.437794,-2.220353,0.000458,-0.528327
-0.016987,-4.573682,-0.251437,0.539296,-4.836565,-2.496401,0.426398,0.451360,1.437780,-2.225657,-0.001353,-0.530467
-0.019495,-4.568265,-0.250780,0.541703,-4.832289,-2.491890,0.427559,0.451098,1.437749,-2.230983,-0.003178,-0.532614
-0.021996,-4.562824,-0.250110,0.544119,-4.828002,-2.487382,0.428722,0.450834,1.437698,-2.236331,-0.005017,-0.534767
-0.024490,-4.557358,-0.249430,0.546543,-4.823703,-2.482877,0.429888,0.450569,1.437630,-2.241700,-0.006870,-0.536928
-0.026977,-4.551868,-0.248737,0.548976,-4.819393,-2.478374,0.431056,0.450302,1.437542,-2.247091,-0.008737,-0.539097
-0.029458,-4.546354,-0.248032,0.551417,-4.815071,-2.473873,0.432226,0.450034,1.437436,-2.252504,-0.010619,-0.541272
-0.031931,-4.540816,-0.247314,0.553868,-4.810737,-2.469376,0.433399,0.449763,1.437311,-2.257938,-0.012516,-0.543454
-0.034397,-4.535253,-0.246585,0.556328,-4.806391,-2.464881,0.434574,0.449491,1.437167,-2.263395,-0.014427,-0.545644
-0.036855,-4.529665,-0.245842,0.558797,-4.802033,-2.460388,0.435752,0.449217,1.437003,-2.268873,-0.016354,-0.547841
-0.039306,-4.524052,-0.245087,0.561274,-4.797664,-2.455899,0.436932,0.448942,1.436820,-2.274374,-0.018296,-0.550046
-0.041749,-4.518414,-0.244319,0.563761,-4.793283,-2.451412,0.438114,0.448665,1.436618,-2.279896,-0.020253,-0.552258
-0.044185,-4.512752,-0.243537,0.566258,-4.788890,-2.446929,0.439299,0.448386,1.436395,-2.285441,-0.022227,-0.554477
-0.046612,-4.507064,-0.242743,0.568763,-4.784485,-2.442447,0.440486,0.448105,1.436153,-2.291008,-0.024216,-0.556704
-0.049031,-4.501351,-0.241934,0.571278,-4.780068,-2.437969,0.441676,0.447823,1.435891,-2.296597,-0.026222,-0.558938
-0.051443,-4.495613,-0.241112,0.573803,-4.775639,-2.433494,0.442868,0.447538,1.435609,-2.302209,-0.028243,-0.561181
-0.053845,-4.489849,-0.240276,0.576336,-4.771198,-2.429021,0.444063,0.447252,1.435306,-2.307844,-0.030282,-0.563430
-0.056240,-4.484060,-0.239425,0.578880,-4.766746,-2.424552,0.445260,0.446964,1.434982,-2.313501,-0.032337,-0.565688
-0.058625,-4.478246,-0.238560,0.581433,-4.762281,-2.420085,0.446460,0.446675,1.434638,-2.319180,-0.034410,-0.567953
-0.061002,-4.472406,-0.237681,0.583995,-4.757804,-2.415621,0.447662,0.446383,1.434273,-2.324883,-0.036499,-0.570227
-0.063370,-4.466540,-0.236786,0.586567,-4.753316,-2.411160,0.448867,0.446090,1.433887,-2.330608,-0.038607,-0.572508
-0.065729,-4.460649,-0.235876,0.589149,-4.748815,-2.406702,0.450075,0.445795,1.433480,-2.336356,-0.040732,-0.574797
-0.068078,-4.454731,-0.234951,0.591741,-4.744302,-2.402247,0.451285,0.445498,1.433051,-2.342127,-0.042875,-0.577094
-0.070418,-4.448788,-0.234011,0.594343,-4.739777,-2.397795,0.452497,0.445200,1.432601,-2.347921,-0.045036,-0.579399
-0.072749,-4.442819,-0.233055,0.596955,-4.735240,-2.393346,0.453712,0.444899,1.432129,-2.353738,-0.047216,-0.581712
-0.075070,-4.436823,-0.232082,0.599576,-4.730690,-2.388900,0.454930,0.444597,1.431634,-2.359578,-0.049415,-0.584033
-0.077380,-4.430801,-0.231093,0.602208,-4.726129,-2.384457,0.456151,0.444292,1.431118,-2.365442,-0.051633,-0.586362
-0.079681,-4.424752,-0.230088,0.604850,-4.721555,-2.380018,0.457374,0.443986,1.430579,-2.371329,-0.053870,-0.588700
-0.081972,-4.418677,-0.229066,0.607502,-4.716969,-2.375581,0.458600,0.443678,1.430018,-2.377239,-0.056127,-0.591046
-0.084252,-4.412576,-0.228027,0.610164,-4.712371,-2.371147,0.459829,0.443368,1.429434,-2.383173,-0.058404,-0.593400
-0.086522,-4.406447,-0.226970,0.612837,-4.707760,-2.366717,0.461060,0.443057,1.428827,-2.389131,-0.060701,-0.595763
-0.088781,-4.400292,-0.225895,0.615520,-4.703137,-2.362289,0.462294,0.442743,1.428197,-2.395112,-0.063018,-0.598134
-0.091029,-4.394110,-0.224803,0.618213,-4.698502,-2.357865,0.463531,0.442427,1.427543,-2.401117,-0.065357,-0.600514
-0.093266,-4.387901,-0.223693,0.620917,-4.693854,-2.353444,0.464770,0.442110,1.426866,-2.407146,-0.067716,-0.602902
-0.095492,-4.381665,-0.222564,0.623631,-4.689194,-2.349026,0.466013,0.441790,1.426165,-2.413199,-0.070097,-0.605298
-0.097706,-4.375401,-0.221416,0.626356,-4.684522,-2.344611,0.467258,0.441469,1.425440,-2.419276,-0.072500,-0.607703
-0.099908,-4.369110,-0.220249,0.629091,-4.679837,-2.340200,0.468506,0.441145,1.424691,-2.425378,-0.074925,-0.610117
-0.102099,-4.362792,-0.219062,0.631837,-4.675139,-2.335792,0.469757,0.440820,1.423917,-2.431503,-0.077372,-0.612540
-0.104277,-4.356446,-0.217856,0.634594,-4.670429,-2.331387,0.471010,0.440493,1.423119,-2.437653,-0.079842,-0.614971
-0.106444,-4.350072,-0.216630,0.637361,-4.665706,-2.326985,0.472267,0.440163,1.422296,-2.443827,-0.082335,-0.617411
-0.108598,-4.343671,-0.215383,0.640140,-4.660971,-2.322587,0.473526,0.439832,1.421447,-2.450026,-0.084851,-0.619860
-0.110739,-4.337242,-0.214116,0.642929,-4.656223,-2.318192,0.474788,0.439499,1.420573,-2.456249,-0.087392,-0.622317
-0.112867,-4.330784,-0.212827,0.645729,-4.651462,-2.313800,0.476054,0.439163,1.419674,-2.462497,-0.089956,-0.624784
-0.114982,-4.324299,-0.211517,0.648540,-4.646689,-2.309412,0.477322,0.438826,1.418748,-2.468769,-0.092545,-0.627259
-0.117084,-4.317785,-0.210185,0.651362,-4.641903,-2.305027,0.478593,0.438487,1.417796,-2.475066,-0.095159,-0.629744
-0.119172,-4.311244,-0.208831,0.654196,-4.637104,-2.300645,0.479867,0.438145,1.416818,-2.481389,-0.097799,-0.632237
-0.121247,-4.304673,-0.207454,0.657040,-4.632293,-2.296267,0.481144,0.437802,1.415814,-2.487736,-0.100464,-0.634739
-0.123307,-4.298074,-0.206055,0.659895,-4.627469,-2.291893,0.482424,0.437457,1.414782,-2.494109,-0.103155,-0.637251
-0.125354,-4.291447,-0.204632,0.662762,-4.622632,-2.287522,0.483707,0.437109,1.413724,-2.500506,-0.105873,-0.639771
-0.127386,-4.284791,-0.203185,0.665639,-4.617782,-2.283154,0.484993,0.436759,1.412637,-2.506929,-0.108618,-0.642301
-0.129403,-4.278105,-0.201714,0.668528,-4.612919,-2.278790,0.486282,0.436408,1.411523,-2.513378,-0.111390,-0.644839
-0.131405,-4.271391,-0.200219,0.671428,-4.608043,-2.274430,0.487574,0.436054,1.410382,-2.519852,-0.114190,-0.647387
-0.133392,-4.264647,-0.198698,0.674340,-4.603155,-2.270073,0.488870,0.435698,1.409211,-2.526351,-0.117018,-0.649944
-0.135363,-4.257875,-0.197152,0.677262,-4.598253,-2.265719,0.490168,0.435340,1.408013,-2.532876,-0.119875,-0.652510
-0.137319,-4.251073,-0.195581,0.680196,-4.593338,-2.261370,0.491470,0.434980,1.406785,-2.539427,-0.122761,-0.655085
-0.139259,-4.244241,-0.193982,0.683142,-4.588410,-2.257024,0.492774,0.434618,1.405528,-2.546004,-0.125677,-0.657669
-0.141183,-4.237380,-0.192357,0.686099,-4.583469,-2.252681,0.494082,0.434253,1.404242,-2.552606,-0.128623,-0.660263
-0.143090,-4.230489,-0.190705,0.689067,-4.578516,-2.248342,0.495393,0.433887,1.402926,-2.559235,-0.131600,-0.662865
-0.144980,-4.223569,-0.189025,0.692046,-4.573548,-2.244007,0.496708,0.433518,1.401580,-2.565890,-0.134608,-0.665477
-0.146853,-4.216619,-0.187317,0.695037,-4.568568,-2.239675,0.498025,0.433147,1.400203,-2.572571,-0.137648,-0.668098
-0.148709,-4.209638,-0.185580,0.698040,-4.563575,-2.235348,0.499346,0.432774,1.398796,-2.579278,-0.140720,-0.670728
-0.150547,-4.202628,-0.183814,0.701054,-4.558568,-2.231024,0.500670,0.432399,1.397358,-2.586012,-0.143824,-0.673367
-0.152367,-4.195587,-0.182018,0.704079,-4.553548,-2.226703,0.501997,0.432021,1.395888,-2.592772,-0.146962,-0.676016
-0.154169,-4.188516,-0.180191,0.707115,-4.548514,-2.222387,0.503328,0.431642,1.394387,-2.599559,-0.150134,-0.678673
-0.155952,-4.181414,-0.178334,0.710163,-4.543468,-2.218075,0.504662,0.431260,1.392854,-2.606372,-0.153341,-0.681340
-0.157717,-4.174282,-0.176445,0.713223,-4.538407,-2.213766,0.505999,0.430876,1.391288,-2.613212,-0.156582,-0.684015
-0.159462,-4.167119,-0.174524,0.716293,-4.533334,-2.209461,0.507340,0.430489,1.389689,-2.620079,-0.159859,-0.686700
-0.161188,-4.159925,-0.172571,0.719375,-4.528247,-2.205160,0.508684,0.430101,1.388057,-2.626973,-0.163173,-0.689394
-0.162894,-4.152701,-0.170584,0.722469,-4.523147,-2.200863,0.510032,0.429710,1.386392,-2.633894,-0.166523,-0.692096
-0.164579,-4.145445,-0.168563,0.725573,-4.518033,-2.196570,0.511383,0.429317,1.384693,-2.640842,-0.169911,-0.694807
-0.166244,-4.138158,-0.166508,0.728689,-4.512906,-2.192281,0.512737,0.428921,1.382960,-2.647817,-0.173337,-0.697528
-0.167889,-4.130840,-0.164418,0.731816,-4.507765,-2.187995,0.514095,0.428524,1.381192,-2.654820,-0.176802,-0.700257
-0.169511,-4.123491,-0.162292,0.734954,-4.502610,-2.183714,0.515456,0.428124,1.379389,-2.661850,-0.180306,-0.702994
-0.171113,-4.116110,-0.160129,0.738103,-4.497442,-2.179437,0.516821,0.427721,1.377550,-2.668907,-0.183851,-0.705741
-0.172692,-4.108697,-0.157930,0.741263,-4.492260,-2.175164,0.518189,0.427317,1.375676,-2.675992,-0.187437,-0.708495
-0.174249,-4.101253,-0.155692,0.744434,-4.487064,-2.170894,0.519561,0.426910,1.373765,-2.683105,-0.191064,-0.711259
-0.175783,-4.093777,-0.153416,0.747616,-4.481855,-2.166629,0.520937,0.426501,1.371818,-2.690245,-0.194734,-0.714030
-0.177294,-4.086268,-0.151101,0.750808,-4.476632,-2.162369,0.522316,0.426089,1.369833,-2.697413,-0.198448,-0.716810
-0.178782,-4.078728,-0.148745,0.754011,-4.471395,-2.158112,0.523699,0.425675,1.367811,-2.704609,-0.202205,-0.719598
-0.180245,-4.071156,-0.146349,0.757224,-4.466144,-2.153859,0.525085,0.425259,1.365751,-2.711833,-0.206007,-0.722393
-0.181684,-4.063551,-0.143911,0.760448,-4.460879,-2.149611,0.526475,0.424840,1.363653,-2.719085,-0.209854,-0.725197
-0.183098,-4.055914,-0.141431,0.763682,-4.455600,-2.145367,0.527869,0.424419,1.361515,-2.726365,-0.213748,-0.728008
-0.184488,-4.048245,-0.138907,0.766926,-4.450307,-2.141127,0.529266,0.423995,1.359338,-2.733673,-0.217690,-0.730827
-0.185851,-4.040543,-0.136339,0.770180,-4.445001,-2.136891,0.530667,0.423569,1.357122,-2.741010,-0.221679,-0.733653
-0.187188,-4.032809,-0.133727,0.773444,-4.439680,-2.132659,0.532072,0.423141,1.354864,-2.748374,-0.225718,-0.736486
-0.188499,-4.025042,-0.131068,0.776717,-4.434345,-2.128432,0.533481,0.422710,1.352566,-2.755768,-0.229806,-0.739326
-0.189782,-4.017241,-0.128363,0.780000,-4.428996,-2.124209,0.534893,0.422277,1.350227,-2.763190,-0.233946,-0.742172
-0.191039,-4.009408,-0.125610,0.783291,-4.423633,-2.119991,0.536310,0.421842,1.347845,-2.770640,-0.238137,-0.745025
-0.192267,-4.001543,-0.122808,0.786592,-4.418256,-2.115777,0.537730,0.421404,1.345422,-2.778119,-0.242381,-0.747885
-0.193466,-3.993644,-0.119957,0.789901,-4.412864,-2.111567,0.539154,0.420963,1.342955,-2.785626,-0.246679,-0.750750
-0.194637,-3.985711,-0.117056,0.793219,-4.407458,-2.107362,0.540582,0.420520,1.340445,-2.793163,-0.251032,-0.753621
-0.195778,-3.977746,-0.114102,0.796545,-4.402038,-2.103162,0.542014,0.420074,1.337890,-2.800728,-0.255440,-0.756497
-0.196889,-3.969747,-0.111097,0.799878,-4.396604,-2.098965,0.543449,0.419626,1.335291,-2.808321,-0.259906,-0.759378
-0.197969,-3.961715,-0.108037,0.803219,-4.391155,-2.094774,0.544889,0.419176,1.332647,-2.815944,-0.264429,-0.762265
-0.199018,-3.953650,-0.104923,0.806568,-4.385692,-2.090586,0.546333,0.418723,1.329957,-2.823596,-0.269012,-0.765155
-0.200036,-3.945550,-0.101753,0.809923,-4.380214,-2.086404,0.547781,0.418267,1.327220,-2.831276,-0.273655,-0.768049
-0.201021,-3.937417,-0.098526,0.813284,-4.374722,-2.082226,0.549232,0.417809,1.324437,-2.838986,-0.278359,-0.770947
-0.201974,-3.929251,-0.095241,0.816652,-4.369215,-2.078052,0.550688,0.417349,1.321605,-2.846724,-0.283126,-0.773848
-0.202893,-3.921051,-0.091897,0.820025,-4.363693,-2.073883,0.552148,0.416886,1.318726,-2.854492,-0.287957,-0.776752
-0.203777,-3.912817,-0.088492,0.823403,-4.358157,-2.069719,0.553612,0.416420,1.315797,-2.862288,-0.292852,-0.779658
-0.204628,-3.904549,-0.085026,0.826786,-4.352606,-2.065560,0.555080,0.415952,1.312819,-2.870114,-0.297814,-0.782566
-0.205443,-3.896247,-0.081497,0.830173,-4.347041,-2.061405,0.556552,0.415481,1.309791,-2.877969,-0.302844,-0.785475
-0.206222,-3.887911,-0.077903,0.833564,-4.341460,-2.057255,0.558028,0.415007,1.306711,-2.885852,-0.307942,-0.788385
-0.206964,-3.879542,-0.074244,0.836958,-4.335865,-2.053109,0.559509,0.414531,1.303580,-2.893765,-0.313110,-0.791294
-0.207669,-3.871138,-0.070518,0.840354,-4.330255,-2.048969,0.560994,0.414053,1.300397,-2.901707,-0.318350,-0.794203
-0.208337,-3.862700,-0.066724,0.843752,-4.324630,-2.044833,0.562483,0.413571,1.297160,-2.909678,-0.323663,-0.797111
-0.208965,-3.854229,-0.062860,0.847151,-4.318991,-2.040702,0.563976,0.413087,1.293870,-2.917678,-0.329051,-0.800016
-0.209554,-3.845723,-0.058926,0.850551,-4.313336,-2.036576,0.565473,0.412601,1.290524,-2.925708,-0.334514,-0.802919
-0.210104,-3.837184,-0.054919,0.853950,-4.307666,-2.032455,0.566975,0.412112,1.287124,-2.933766,-0.340054,-0.805819
-0.210612,-3.828610,-0.050837,0.857348,-4.301981,-2.028339,0.568481,0.411620,1.283667,-2.941853,-0.345674,-0.808714
-0.211079,-3.820003,-0.046681,0.860744,-4.296281,-2.024227,0.569992,0.411126,1.280154,-2.949969,-0.351373,-0.811603
-0.211503,-3.811362,-0.042447,0.864137,-4.290566,-2.020121,0.571507,0.410629,1.276582,-2.958114,-0.357155,-0.814487
-0.211885,-3.802686,-0.038135,0.867526,-4.284836,-2.016020,0.573026,0.410129,1.272952,-2.966287,-0.363020,-0.817364
-0.212222,-3.793977,-0.033743,0.870911,-4.279091,-2.011924,0.574550,0.409626,1.269262,-2.974490,-0.368970,-0.820232
-0.212515,-3.785234,-0.029269,0.874290,-4.273330,-2.007832,0.576078,0.409121,1.265512,-2.982721,-0.375007,-0.823091
-0.212762,-3.776458,-0.024711,0.877661,-4.267554,-2.003746,0.577610,0.408613,1.261701,-2.990980,-0.381132,-0.825940
-0.212963,-3.767647,-0.020068,0.881025,-4.261763,-1.999665,0.579148,0.408103,1.257827,-2.999268,-0.387348,-0.828778
-0.213116,-3.758803,-0.015339,0.884380,-4.255956,-1.995589,0.580689,0.407590,1.253891,-3.007584,-0.393655,-0.831602
-0.213221,-3.749926,-0.010521,0.887723,-4.250134,-1.991519,0.582235,0.407074,1.249890,-3.015928,-0.400057,-0.834413
-0.213277,-3.741015,-0.005612,0.891055,-4.244296,-1.987453,0.583786,0.406555,1.245825,-3.024300,-0.406553,-0.837208
-0.213283,-3.732072,-0.000612,0.894374,-4.238442,-1.983393,0.585341,0.406034,1.241693,-3.032700,-0.413147,-0.839986
-0.213239,-3.723095,0.004483,0.897678,-4.232574,-1.979338,0.586901,0.405510,1.237495,-3.041127,-0.419841,-0.842745
-0.213142,-3.714085,0.009673,0.900965,-4.226689,-1.975288,0.588466,0.404983,1.233228,-3.049582,-0.426635,-0.845485
-0.212992,-3.705043,0.014962,0.904234,-4.220788,-1.971243,0.590035,0.404453,1.228893,-3.058064,-0.433532,-0.848203
-0.212789,-3.695968,0.020349,0.907484,-4.214872,-1.967204,0.591608,0.403921,1.224488,-3.066573,-0.440534,-0.850897
-0.212530,-3.686861,0.025839,0.910712,-4.208941,-1.963170,0.593187,0.403386,1.220011,-3.075109,-0.447643,-0.853566
-0.212216,-3.677722,0.031432,0.913916,-4.202993,-1.959142,0.594770,0.402848,1.215463,-3.083671,-0.454860,-0.856207
-0.211845,-3.668551,0.037130,0.917095,-4.197029,-1.955119,0.596358,0.402307,1.210841,-3.092259,-0.462189,-0.858819
-0.211415,-3.659348,0.042936,0.920246,-4.191050,-1.951101,0.597950,0.401764,1.206145,-3.100873,-0.469630,-0.861399
-0.210927,-3.650115,0.048851,0.923367,-4.185054,-1.947089,0.599548,0.401218,1.201373,-3.109512,-0.477185,-0.863945
-0.210378,-3.640850,0.054878,0.926456,-4.179043,-1.943082,0.601150,0.400669,1.196524,-3.118177,-0.484858,-0.866455
-0.209768,-3.631555,0.061018,0.929510,-4.173015,-1.939081,0.602757,0.400117,1.191598,-3.126866,-0.492650,-0.868926
-0.209095,-3.622230,0.067273,0.932528,-4.166971,-1.935085,0.604369,0.399563,1.186592,-3.135579,-0.500562,-0.871356
-0.208359,-3.612875,0.073647,0.935505,-4.160912,-1.931095,0.605985,0.399005,1.181506,-3.144317,-0.508597,-0.873741
-0.207557,-3.603491,0.080139,0.938439,-4.154836,-1.927111,0.607607,0.398445,1.176339,-3.153077,-0.516757,-0.876079
-0.206690,-3.594077,0.086754,0.941328,-4.148743,-1.923132,0.609233,0.397882,1.171088,-3.161861,-0.525044,-0.878367
-0.205755,-3.584636,0.093492,0.944167,-4.142634,-1.919159,0.610864,0.397316,1.165754,-3.170667,-0.533460,-0.880602
-0.204751,-3.575166,0.100356,0.946955,-4.136509,-1.915191,0.612500,0.396748,1.160334,-3.179495,-0.542008,-0.882781
-0.203678,-3.565669,0.107348,0.949687,-4.130368,-1.911230,0.614141,0.396176,1.154827,-3.188344,-0.550688,-0.884899
-0.202533,-3.556146,0.114469,0.952360,-4.124210,-1.907274,0.615787,0.395602,1.149232,-3.197213,-0.559503,-0.886954
-0.201316,-3.546596,0.121722,0.954971,-4.118036,-1.903323,0.617438,0.395025,1.143547,-3.206103,-0.568454,-0.888941
-0.200025,-3.537021,0.129108,0.957515,-4.111845,-1.899379,0.619094,0.394445,1.137772,-3.215011,-0.577545,-0.890856
-0.198658,-3.527421,0.136630,0.959988,-4.105638,-1.895440,0.620755,0.393862,1.131904,-3.223938,-0.586776,-0.892696
-0.197216,-3.517797,0.144288,0.962386,-4.099413,-1.891508,0.622421,0.393276,1.125942,-3.232883,-0.596150,-0.894456
-0.195695,-3.508150,0.152086,0.964704,-4.093173,-1.887581,0.624092,0.392688,1.119886,-3.241844,-0.605667,-0.896132
-0.194094,-3.498481,0.160024,0.966939,-4.086915,-1.883660,0.625767,0.392097,1.113732,-3.250821,-0.615330,-0.897718
-0.192413,-3.488790,0.168105,0.969084,-4.080640,-1.879745,0.627448,0.391502,1.107481,-3.259813,-0.625141,-0.899210
-0.190650,-3.479079,0.176329,0.971136,-4.074349,-1.875836,0.629134,0.390905,1.101130,-3.268819,-0.635100,-0.900603
-0.188803,-3.469348,0.184698,0.973088,-4.068041,-1.871933,0.630825,0.390306,1.094678,-3.277838,-0.645209,-0.901892
-0.186871,-3.459599,0.193213,0.974936,-4.061716,-1.868036,0.632521,0.389703,1.088123,-3.286869,-0.655469,-0.903070
-0.184852,-3.449832,0.201876,0.976673,-4.055373,-1.864145,0.634222,0.389097,1.081464,-3.295910,-0.665881,-0.904133
-0.182745,-3.440049,0.210687,0.978294,-4.049014,-1.860260,0.635928,0.388489,1.074700,-3.304961,-0.676446,-0.905074
-0.180549,-3.430251,0.219647,0.979793,-4.042638,-1.856381,0.637639,0.387877,1.067828,-3.314020,-0.687165,-0.905887
-0.178261,-3.420439,0.228758,0.981163,-4.036244,-1.852508,0.639355,0.387263,1.060848,-3.323086,-0.698038,-0.906565
-0.175881,-3.410615,0.238018,0.982398,-4.029834,-1.848642,0.641077,0.386646,1.053757,-3.332157,-0.709066,-0.907102
-0.173407,-3.400780,0.247429,0.983490,-4.023406,-1.844782,0.642803,0.386026,1.046555,-3.341232,-0.720248,-0.907491
-0.170837,-3.390936,0.256990,0.984434,-4.016960,-1.840928,0.644534,0.385403,1.039239,-3.350309,-0.731585,-0.907726
-0.168170,-3.381084,0.266701,0.985221,-4.010498,-1.837080,0.646271,0.384777,1.031808,-3.359387,-0.743076,-0.907797
-0.165404,-3.371225,0.276562,0.985844,-4.004017,-1.833238,0.648012,0.384148,1.024261,-3.368464,-0.754720,-0.907699
-0.162539,-3.361362,0.286571,0.986295,-3.997520,-1.829403,0.649759,0.383517,1.016596,-3.377538,-0.766516,-0.907423
-0.159571,-3.351497,0.296728,0.986567,-3.991005,-1.825574,0.651511,0.382882,1.008811,-3.386608,-0.778464,-0.906961
-0.156501,-3.341630,0.307030,0.986651,-3.984472,-1.821752,0.653267,0.382244,1.000905,-3.395671,-0.790560,-0.906305
-0.153326,-3.331765,0.317477,0.986538,-3.977922,-1.817936,0.655029,0.381604,0.992877,-3.404726,-0.802804,-0.905447
-0.150046,-3.321903,0.328065,0.986222,-3.971354,-1.814126,0.656796,0.380961,0.984726,-3.413769,-0.815191,-0.904378
-0.146658,-3.312046,0.338791,0.985691,-3.964768,-1.810323,0.658568,0.380314,0.976448,-3.422800,-0.827721,-0.903089
-0.143161,-3.302197,0.349653,0.984939,-3.958165,-1.806527,0.660345,0.379665,0.968044,-3.431816,-0.840388,-0.901572
-0.139555,-3.292357,0.360647,0.983955,-3.951543,-1.802736,0.662127,0.379013,0.959513,-3.440814,-0.853188,-0.899817
-0.135837,-3.282530,0.371768,0.982731,-3.944904,-1.798953,0.663914,0.378358,0.950851,-3.449792,-0.866119,-0.897816
-0.132007,-3.272717,0.383011,0.981258,-3.938247,-1.795176,0.665706,0.377700,0.942060,-3.458748,-0.879173,-0.895558
-0.128063,-3.262922,0.394372,0.979525,-3.931572,-1.791405,0.667502,0.377039,0.933136,-3.467678,-0.892346,-0.893036
-0.124005,-3.253147,0.405844,0.977524,-3.924879,-1.787642,0.669304,0.376375,0.924080,-3.476580,-0.905632,-0.890239
-0.119831,-3.243394,0.417420,0.975246,-3.918168,-1.783885,0.671111,0.375708,0.914890,-3.485452,-0.919023,-0.887158
-0.115540,-3.233667,0.429093,0.972681,-3.911439,-1.780134,0.672923,0.375038,0.905565,-3.494290,-0.932512,-0.883785
-0.111131,-3.223969,0.440856,0.969820,-3.904691,-1.776391,0.674739,0.374365,0.896104,-3.503091,-0.946090,-0.880110
-0.106604,-3.214303,0.452700,0.966653,-3.897926,-1.772654,0.676561,0.373689,0.886506,-3.511852,-0.959750,-0.876124
-0.101958,-3.204671,0.464615,0.963173,-3.891142,-1.768924,0.678387,0.373009,0.876771,-3.520570,-0.973480,-0.871818
-0.097192,-3.195077,0.476591,0.959370,-3.884340,-1.765200,0.680219,0.372327,0.866899,-3.529242,-0.987272,-0.867184
-0.092306,-3.185525,0.488617,0.955236,-3.877519,-1.761484,0.682055,0.371642,0.856887,-3.537864,-1.001113,-0.862214
-0.087299,-3.176017,0.500683,0.950763,-3.870680,-1.757774,0.683895,0.370953,0.846738,-3.546433,-1.014992,-0.856900
-0.082171,-3.166558,0.512776,0.945943,-3.863823,-1.754072,0.685741,0.370262,0.836449,-3.554945,-1.028897,-0.851234
-0.076922,-3.157150,0.524882,0.940769,-3.856947,-1.750376,0.687591,0.369567,0.826020,-3.563398,-1.042814,-0.845210
-0.071553,-3.147798,0.536989,0.935235,-3.850052,-1.746687,0.689446,0.368869,0.815453,-3.571786,-1.056730,-0.838821
-0.066062,-3.138504,0.549081,0.929333,-3.843139,-1.743006,0.691306,0.368168,0.804747,-3.580106,-1.070630,-0.832061
-0.060450,-3.129274,0.561144,0.923060,-3.836208,-1.739331,0.693170,0.367464,0.793902,-3.588356,-1.084499,-0.824926
-0.054719,-3.120110,0.573163,0.916410,-3.829257,-1.735663,0.695040,0.366756,0.782919,-3.596530,-1.098320,-0.817411
-0.048867,-3.111016,0.585120,0.909380,-3.822288,-1.732003,0.696913,0.366045,0.771798,-3.604625,-1.112078,-0.809513
-0.042897,-3.101996,0.597000,0.901966,-3.815300,-1.728350,0.698791,0.365331,0.760540,-3.612637,-1.125755,-0.801229
-0.036810,-3.093055,0.608785,0.894167,-3.808294,-1.724704,0.700674,0.364613,0.749147,-3.620563,-1.139335,-0.792558
-0.030605,-3.084195,0.620457,0.885981,-3.801268,-1.721065,0.702561,0.363892,0.737619,-3.628398,-1.152799,-0.783498
-0.024285,-3.075421,0.631998,0.877409,-3.794223,-1.717433,0.704453,0.363168,0.725958,-3.636138,-1.166130,-0.774051
-0.017851,-3.066736,0.643389,0.868452,-3.787160,-1.713809,0.706349,0.362440,0.714165,-3.643780,-1.179309,-0.764218
-0.011305,-3.058145,0.654614,0.859112,-3.780077,-1.710191,0.708249,0.361708,0.702241,-3.651320,-1.192318,-0.754002
-0.004649,-3.049651,0.665652,0.849392,-3.772976,-1.706582,0.710154,0.360973,0.690190,-3.658755,-1.205138,-0.743406
0.002116,-3.041258,0.676485,0.839297,-3.765855,-1.702979,0.712064,0.360234,0.678012,-3.666079,-1.217751,-0.732436
0.008987,-3.032969,0.687095,0.828833,-3.758716,-1.699384,0.713977,0.359492,0.665711,-3.673290,-1.230138,-0.721098
0.015962,-3.024789,0.697463,0.818008,-3.751557,-1.695797,0.715895,0.358746,0.653288,-3.680384,-1.242281,-0.709400
0.023038,-3.016721,0.707571,0.806829,-3.744379,-1.692217,0.717817,0.357996,0.640747,-3.687357,-1.254163,-0.697351
0.030212,-3.008768,0.717402,0.795307,-3.737181,-1.688645,0.719743,0.357242,0.628089,-3.694207,-1.265767,-0.684960
0.037481,-3.000933,0.726939,0.783452,-3.729964,-1.685080,0.721674,0.356484,0.615318,-3.700929,-1.277075,-0.672239
0.044843,-2.993221,0.736166,0.771277,-3.722728,-1.681522,0.723609,0.355722,0.602437,-3.707521,-1.288073,-0.659200
0.052293,-2.985633,0.745066,0.758794,-3.715473,-1.677973,0.725547,0.354957,0.589450,-3.713980,-1.298743,-0.645857
0.059830,-2.978173,0.753625,0.746017,-3.708198,-1.674431,0.727490,0.354187,0.576359,-3.720302,-1.309073,-0.632224
0.067448,-2.970843,0.761830,0.732963,-3.700904,-1.670897,0.729438,0.353412,0.563169,-3.726485,-1.319049,-0.618316
0.075145,-2.963646,0.769666,0.719647,-3.693590,-1.667371,0.731389,0.352634,0.549882,-3.732527,-1.328659,-0.604150
0.082916,-2.956586,0.777123,0.706086,-3.686256,-1.663852,0.733344,0.351851,0.536503,-3.738424,-1.337890,-0.589744
0.090758,-2.949663,0.784190,0.692298,-3.678903,-1.660342,0.735303,0.351064,0.523036,-3.744175,-1.346734,-0.575114
0.098666,-2.942880,0.790857,0.678302,-3.671530,-1.656839,0.737266,0.350272,0.509484,-3.749778,-1.355181,-0.560279
0.106637,-2.936239,0.797117,0.664116,-3.664138,-1.653344,0.739234,0.349476,0.495852,-3.755231,-1.363224,-0.545259
0.114667,-2.929741,0.802962,0.649759,-3.656726,-1.649857,0.741205,0.348674,0.482143,-3.760532,-1.370856,-0.530072
0.122751,-2.923388,0.808387,0.635253,-3.649294,-1.646379,0.743180,0.347869,0.468363,-3.765679,-1.378073,-0.514738
0.130885,-2.917182,0.813388,0.620616,-3.641843,-1.642908,0.745159,0.347058,0.454514,-3.770672,-1.384871,-0.499277
0.139064,-2.911124,0.817963,0.605868,-3.634372,-1.639446,0.747143,0.346242,0.440601,-3.775509,-1.391247,-0.483709
0.147286,-2.905213,0.822109,0.591030,-3.626880,-1.635992,0.749130,0.345421,0.426629,-3.780190,-1.397201,-0.468053
0.155544,-2.899452,0.825826,0.576122,-3.619369,-1.632546,0.751121,0.344595,0.412602,-3.784713,-1.402733,-0.452329
0.163835,-2.893840,0.829115,0.561162,-3.611838,-1.629108,0.753116,0.343763,0.398524,-3.789078,-1.407844,-0.436556
0.172155,-2.888379,0.831980,0.546171,-3.604287,-1.625679,0.755115,0.342926,0.384398,-3.793286,-1.412537,-0.420753
0.180499,-2.883067,0.834422,0.531167,-3.596715,-1.622258,0.757119,0.342084,0.370230,-3.797335,-1.416816,-0.404939
0.188863,-2.877905,0.836447,0.516170,-3.589124,-1.618845,0.759126,0.341236,0.356023,-3.801226,-1.420685,-0.389131
0.197244,-2.872893,0.838059,0.501195,-3.581513,-1.615442,0.761137,0.340382,0.341782,-3.804960,-1.424151,-0.373347
0.205637,-2.868031,0.839267,0.486262,-3.573881,-1.612046,0.763152,0.339523,0.327510,-3.808536,-1.427220,-0.357604
0.214037,-2.863317,0.840076,0.471386,-3.566230,-1.608660,0.765171,0.338657,0.313211,-3.811955,-1.429899,-0.341918
0.222442,-2.858751,0.840495,0.456583,-3.558558,-1.605282,0.767194,0.337786,0.298889,-3.815218,-1.432198,-0.326303
0.230848,-2.854332,0.840534,0.441868,-3.550866,-1.601913,0.769222,0.336908,0.284547,-3.818326,-1.434126,-0.310775
0.239250,-2.850060,0.840201,0.427255,-3.543153,-1.598553,0.771253,0.336024,0.270190,-3.821279,-1.435691,-0.295347
0.247645,-2.845932,0.839506,0.412758,-3.535420,-1.595201,0.773288,0.335133,0.255821,-3.824080,-1.436904,-0.280031
0.256029,-2.841949,0.838461,0.398388,-3.527667,-1.591859,0.775328,0.334236,0.241444,-3.826728,-1.437777,-0.264840
0.264400,-2.838107,0.837076,0.384158,-3.519893,-1.588526,0.777372,0.333332,0.227060,-3.829226,-1.438319,-0.249785
0.272754,-2.834406,0.835363,0.370078,-3.512099,-1.585201,0.779419,0.332421,0.212675,-3.831574,-1.438543,-0.234875
0.281087,-2.830845,0.833334,0.356158,-3.504284,-1.581886,0.781472,0.331503,0.198290,-3.833776,-1.438460,-0.220121
0.289397,-2.827420,0.830999,0.342407,-3.496449,-1.578580,0.783528,0.330579,0.183909,-3.835831,-1.438082,-0.205530
0.297681,-2.824132,0.828371,0.328833,-3.488593,-1.575284,0.785589,0.329647,0.169535,-3.837742,-1.437420,-0.191111
0.305935,-2.820978,0.825462,0.315443,-3.480716,-1.571997,0.787654,0.328707,0.155170,-3.839511,-1.436487,-0.176870
0.314158,-2.817955,0.822285,0.302244,-3.472819,-1.568719,0.789723,0.327760,0.140817,-3.841139,-1.435294,-0.162813
0.322347,-2.815063,0.818850,0.289242,-3.464901,-1.565451,0.791797,0.326806,0.126479,-3.842628,-1.433854,-0.148945
0.330498,-2.812298,0.815170,0.276440,-3.456963,-1.562193,0.793875,0.325844,0.112157,-3.843981,-1.432178,-0.135271
0.338611,-2.809660,0.811257,0.263845,-3.449003,-1.558944,0.795957,0.324873,0.097854,-3.845199,-1.430278,-0.121795
0.346682,-2.807145,0.807121,0.251459,-3.441023,-1.555705,0.798044,0.323895,0.083573,-3.846284,-1.428165,-0.108521
0.354710,-2.804753,0.802775,0.239285,-3.433021,-1.552476,0.800136,0.322909,0.069314,-3.847239,-1.425851,-0.095450
0.362692,-2.802479,0.798230,0.227325,-3.424999,-1.549257,0.802232,0.321914,0.055081,-3.848065,-1.423346,-0.082585
0.370627,-2.800323,0.793497,0.215582,-3.416956,-1.546048,0.804333,0.320911,0.040874,-3.848764,-1.420662,-0.069927
0.378513,-2.798283,0.788585,0.204057,-3.408891,-1.542849,0.806439,0.319899,0.026696,-3.849339,-1.417808,-0.057477
0.386348,-2.796355,0.783507,0.192750,-3.400806,-1.539660,0.808549,0.318878,0.012548,-3.849791,-1.414796,-0.045236
0.394131,-2.794539,0.778270,0.181662,-3.392699,-1.536482,0.810664,0.317849,-0.001568,-3.850123,-1.411634,-0.033204
0.401860,-2.792831,0.772886,0.170793,-3.384571,-1.533314,0.812784,0.316810,-0.015652,-3.850337,-1.408334,-0.021379
0.409533,-2.791229,0.767364,0.160141,-3.376422,-1.530156,0.814909,0.315762,-0.029701,-3.850435,-1.404903,-0.009763
0.417150,-2.789732,0.761712,0.149707,-3.368252,-1.527009,0.817038,0.314705,-0.043714,-3.850418,-1.401350,0.001647
0.424710,-2.788337,0.755940,0.139489,-3.360060,-1.523872,0.819173,0.313638,-0.057691,-3.850290,-1.397685,0.012852
0.432210,-2.787042,0.750055,0.129485,-3.351847,-1.520747,0.821313,0.312562,-0.071630,-3.850051,-1.393916,0.023854
0.439651,-2.785846,0.744066,0.119695,-3.343612,-1.517632,0.823458,0.311476,-0.085531,-3.849704,-1.390050,0.034655
2.703726,-3.042931,0.255520,0.347090,5.294183,0.474286,-0.638388,0.914406,1.603737,5.603095,-0.516266,-0.593417
